ISO-10303-21;
HEADER;
/* Generated by software containing ST-Developer
 * from STEP Tools, Inc. (www.steptools.com) 
 */

FILE_DESCRIPTION(
/* description */ (''),
/* implementation_level */ '2;1');

FILE_NAME(
/* name */ 'PEC09-2015F-S0012 v1.step',
/* time_stamp */ '2024-03-17T09:04:01-07:00',
/* author */ (''),
/* organization */ (''),
/* preprocessor_version */ 'ST-DEVELOPER v20',
/* originating_system */ 'Autodesk Translation Framework v12.20.1.177',

/* authorisation */ '');

FILE_SCHEMA (('AUTOMOTIVE_DESIGN { 1 0 10303 214 3 1 1 }'));
ENDSEC;

DATA;
#10=MECHANICAL_DESIGN_GEOMETRIC_PRESENTATION_REPRESENTATION('',(#15,#16,
#17,#18,#19,#20,#21,#22,#23,#24,#25,#26,#27,#28,#29,#30,#31,#32,#33,#34,
#35,#36,#37,#38,#39,#40,#41,#42,#43,#44,#45,#46,#47,#48,#49,#50,#51,#52,
#53,#54,#55,#56,#57,#58,#59,#60,#61,#62,#63,#64),#6272);
#11=SHAPE_REPRESENTATION_RELATIONSHIP('SRR','None',#6279,#12);
#12=ADVANCED_BREP_SHAPE_REPRESENTATION('',(#65,#66,#67),#6271);
#13=SPHERICAL_SURFACE('',#2583,0.25);
#14=SPHERICAL_SURFACE('',#2587,0.250000000000004);
#15=STYLED_ITEM('',(#6289),#65);
#16=STYLED_ITEM('',(#6290),#66);
#17=STYLED_ITEM('',(#6289),#2420);
#18=STYLED_ITEM('',(#6289),#2421);
#19=STYLED_ITEM('',(#6289),#2422);
#20=STYLED_ITEM('',(#6289),#2428);
#21=STYLED_ITEM('',(#6289),#2429);
#22=STYLED_ITEM('',(#6289),#2430);
#23=STYLED_ITEM('',(#6289),#2431);
#24=STYLED_ITEM('',(#6289),#2432);
#25=STYLED_ITEM('',(#6289),#2433);
#26=STYLED_ITEM('',(#6289),#2434);
#27=STYLED_ITEM('',(#6289),#2435);
#28=STYLED_ITEM('',(#6289),#2436);
#29=STYLED_ITEM('',(#6289),#2437);
#30=STYLED_ITEM('',(#6289),#2438);
#31=STYLED_ITEM('',(#6289),#2439);
#32=STYLED_ITEM('',(#6289),#2440);
#33=STYLED_ITEM('',(#6289),#2441);
#34=STYLED_ITEM('',(#6289),#2442);
#35=STYLED_ITEM('',(#6289),#2443);
#36=STYLED_ITEM('',(#6289),#2444);
#37=STYLED_ITEM('',(#6289),#2445);
#38=STYLED_ITEM('',(#6289),#2446);
#39=STYLED_ITEM('',(#6289),#2447);
#40=STYLED_ITEM('',(#6289),#2448);
#41=STYLED_ITEM('',(#6289),#2449);
#42=STYLED_ITEM('',(#6289),#2450);
#43=STYLED_ITEM('',(#6289),#2451);
#44=STYLED_ITEM('',(#6289),#2454);
#45=STYLED_ITEM('',(#6289),#2455);
#46=STYLED_ITEM('',(#6289),#2456);
#47=STYLED_ITEM('',(#6289),#2457);
#48=STYLED_ITEM('',(#6289),#2458);
#49=STYLED_ITEM('',(#6289),#2459);
#50=STYLED_ITEM('',(#6289),#2460);
#51=STYLED_ITEM('',(#6289),#2461);
#52=STYLED_ITEM('',(#6289),#2462);
#53=STYLED_ITEM('',(#6289),#2463);
#54=STYLED_ITEM('',(#6289),#2464);
#55=STYLED_ITEM('',(#6289),#2465);
#56=STYLED_ITEM('',(#6289),#2466);
#57=STYLED_ITEM('',(#6289),#2467);
#58=STYLED_ITEM('',(#6289),#2468);
#59=STYLED_ITEM('',(#6289),#2469);
#60=STYLED_ITEM('',(#6289),#2470);
#61=STYLED_ITEM('',(#6289),#2471);
#62=STYLED_ITEM('',(#6289),#2472);
#63=STYLED_ITEM('',(#6289),#2473);
#64=STYLED_ITEM('',(#6290),#67);
#65=MANIFOLD_SOLID_BREP('Body1',#2521);
#66=MANIFOLD_SOLID_BREP('Body2',#2522);
#67=MANIFOLD_SOLID_BREP('Body3',#2523);
#68=FACE_BOUND('',#415,.T.);
#69=FACE_BOUND('',#417,.T.);
#70=FACE_BOUND('',#495,.T.);
#71=FACE_BOUND('',#496,.T.);
#72=FACE_BOUND('',#501,.T.);
#73=FACE_BOUND('',#502,.T.);
#74=FACE_BOUND('',#503,.T.);
#75=FACE_BOUND('',#537,.T.);
#76=(
BOUNDED_SURFACE()
B_SPLINE_SURFACE(1,2,((#4112,#4113,#4114,#4115,#4116,#4117,#4118,#4119,
#4120,#4121,#4122,#4123,#4124,#4125,#4126,#4127,#4128,#4129,#4130,#4131,
#4132,#4133,#4134,#4135,#4136,#4137,#4138,#4139,#4140,#4141,#4142,#4143,
#4144,#4145,#4146,#4147,#4148,#4149,#4150,#4151,#4152,#4153,#4154,#4155,
#4156,#4157,#4158,#4159,#4160,#4161,#4162,#4163,#4164,#4165,#4166,#4167,
#4168,#4169,#4170,#4171,#4172,#4173,#4174,#4175,#4176,#4177,#4178,#4179,
#4180,#4181,#4182,#4183,#4184,#4185,#4186,#4187,#4188,#4189,#4190,#4191,
#4192,#4193,#4194,#4195,#4196,#4197,#4198,#4199,#4200,#4201,#4202,#4203,
#4204,#4205,#4206,#4207,#4208,#4209,#4210,#4211,#4212,#4213,#4214,#4215,
#4216),(#4217,#4218,#4219,#4220,#4221,#4222,#4223,#4224,#4225,#4226,#4227,
#4228,#4229,#4230,#4231,#4232,#4233,#4234,#4235,#4236,#4237,#4238,#4239,
#4240,#4241,#4242,#4243,#4244,#4245,#4246,#4247,#4248,#4249,#4250,#4251,
#4252,#4253,#4254,#4255,#4256,#4257,#4258,#4259,#4260,#4261,#4262,#4263,
#4264,#4265,#4266,#4267,#4268,#4269,#4270,#4271,#4272,#4273,#4274,#4275,
#4276,#4277,#4278,#4279,#4280,#4281,#4282,#4283,#4284,#4285,#4286,#4287,
#4288,#4289,#4290,#4291,#4292,#4293,#4294,#4295,#4296,#4297,#4298,#4299,
#4300,#4301,#4302,#4303,#4304,#4305,#4306,#4307,#4308,#4309,#4310,#4311,
#4312,#4313,#4314,#4315,#4316,#4317,#4318,#4319,#4320,#4321),(#4322,#4323,
#4324,#4325,#4326,#4327,#4328,#4329,#4330,#4331,#4332,#4333,#4334,#4335,
#4336,#4337,#4338,#4339,#4340,#4341,#4342,#4343,#4344,#4345,#4346,#4347,
#4348,#4349,#4350,#4351,#4352,#4353,#4354,#4355,#4356,#4357,#4358,#4359,
#4360,#4361,#4362,#4363,#4364,#4365,#4366,#4367,#4368,#4369,#4370,#4371,
#4372,#4373,#4374,#4375,#4376,#4377,#4378,#4379,#4380,#4381,#4382,#4383,
#4384,#4385,#4386,#4387,#4388,#4389,#4390,#4391,#4392,#4393,#4394,#4395,
#4396,#4397,#4398,#4399,#4400,#4401,#4402,#4403,#4404,#4405,#4406,#4407,
#4408,#4409,#4410,#4411,#4412,#4413,#4414,#4415,#4416,#4417,#4418,#4419,
#4420,#4421,#4422,#4423,#4424,#4425,#4426)),.UNSPECIFIED.,.F.,.F.,.F.)
B_SPLINE_SURFACE_WITH_KNOTS((2,1,2),(3,2,2,2,2,2,2,2,2,2,2,2,2,2,2,2,2,
2,2,2,2,2,2,2,2,2,2,2,2,2,2,2,2,2,2,2,2,2,2,2,2,2,2,2,2,2,2,2,2,2,2,2,3),
(-0.0118431434265076,0.,1.),(0.,0.0178571428571429,0.0357142857142857,0.0535714285714286,
0.0714285714285714,0.0892857142857143,0.107142857142857,0.125,0.142857142857143,
0.160714285714286,0.178571428571429,0.196428571428571,0.214285714285714,
0.232142857142857,0.25,0.267857142857143,0.285714285714286,0.303571428571429,
0.321428571428571,0.339285714285714,0.357142857142857,0.375,0.392857142857143,
0.410714285714286,0.428571428571429,0.446428571428571,0.464285714285714,
0.482142857142857,0.5,0.517857142857143,0.535714285714286,0.553571428571429,
0.571428571428571,0.589285714285714,0.607142857142857,0.625,0.642857142857143,
0.660714285714286,0.678571428571429,0.696428571428571,0.714285714285714,
0.732142857142857,0.75,0.767857142857143,0.785714285714286,0.803571428571429,
0.821428571428571,0.839285714285714,0.857142857142857,0.875,0.892857142857143,
0.910714285714286,0.928571428571429),.UNSPECIFIED.)
GEOMETRIC_REPRESENTATION_ITEM()
RATIONAL_B_SPLINE_SURFACE(((1.,0.923879532511287,1.,0.923879532511287,1.,
0.923879532511287,1.,0.923879532511287,1.,0.923879532511287,1.,0.923879532511287,
1.,0.923879532511287,1.,0.923879532511287,1.,0.923879532511287,1.,0.923879532511287,
1.,0.923879532511287,1.,0.923879532511287,1.,0.923879532511287,1.,0.923879532511287,
1.,0.923879532511287,1.,0.923879532511287,1.,0.923879532511287,1.,0.923879532511287,
1.,0.923879532511287,1.,0.923879532511287,1.,0.923879532511287,1.,0.923879532511287,
1.,0.923879532511287,1.,0.923879532511287,1.,0.923879532511287,1.,0.923879532511287,
1.,0.923879532511287,1.,0.923879532511287,1.,0.923879532511287,1.,0.923879532511287,
1.,0.923879532511287,1.,0.923879532511287,1.,0.923879532511287,1.,0.923879532511287,
1.,0.923879532511287,1.,0.923879532511287,1.,0.923879532511287,1.,0.923879532511287,
1.,0.923879532511287,1.,0.923879532511287,1.,0.923879532511287,1.,0.923879532511287,
1.,0.923879532511287,1.,0.923879532511287,1.,0.923879532511287,1.,0.923879532511287,
1.,0.923879532511287,1.,0.923879532511287,1.,0.923879532511287,1.,0.923879532511287,
1.,0.923879532511287,1.,0.923879532511287,1.),(1.,0.923879532511287,1.,
0.923879532511287,1.,0.923879532511287,1.,0.923879532511287,1.,0.923879532511287,
1.,0.923879532511287,1.,0.923879532511287,1.,0.923879532511287,1.,0.923879532511287,
1.,0.923879532511287,1.,0.923879532511287,1.,0.923879532511287,1.,0.923879532511287,
1.,0.923879532511287,1.,0.923879532511287,1.,0.923879532511287,1.,0.923879532511287,
1.,0.923879532511287,1.,0.923879532511287,1.,0.923879532511287,1.,0.923879532511287,
1.,0.923879532511287,1.,0.923879532511287,1.,0.923879532511287,1.,0.923879532511287,
1.,0.923879532511287,1.,0.923879532511287,1.,0.923879532511287,1.,0.923879532511287,
1.,0.923879532511287,1.,0.923879532511287,1.,0.923879532511287,1.,0.923879532511287,
1.,0.923879532511287,1.,0.923879532511287,1.,0.923879532511287,1.,0.923879532511287,
1.,0.923879532511287,1.,0.923879532511287,1.,0.923879532511287,1.,0.923879532511287,
1.,0.923879532511287,1.,0.923879532511287,1.,0.923879532511287,1.,0.923879532511287,
1.,0.923879532511287,1.,0.923879532511287,1.,0.923879532511287,1.,0.923879532511287,
1.,0.923879532511287,1.,0.923879532511287,1.,0.923879532511287,1.),(1.,
0.923879532511287,1.,0.923879532511287,1.,0.923879532511287,1.,0.923879532511287,
1.,0.923879532511287,1.,0.923879532511287,1.,0.923879532511287,1.,0.923879532511287,
1.,0.923879532511287,1.,0.923879532511287,1.,0.923879532511287,1.,0.923879532511287,
1.,0.923879532511287,1.,0.923879532511287,1.,0.923879532511287,1.,0.923879532511287,
1.,0.923879532511287,1.,0.923879532511287,1.,0.923879532511287,1.,0.923879532511287,
1.,0.923879532511287,1.,0.923879532511287,1.,0.923879532511287,1.,0.923879532511287,
1.,0.923879532511287,1.,0.923879532511287,1.,0.923879532511287,1.,0.923879532511287,
1.,0.923879532511287,1.,0.923879532511287,1.,0.923879532511287,1.,0.923879532511287,
1.,0.923879532511287,1.,0.923879532511287,1.,0.923879532511287,1.,0.923879532511287,
1.,0.923879532511287,1.,0.923879532511287,1.,0.923879532511287,1.,0.923879532511287,
1.,0.923879532511287,1.,0.923879532511287,1.,0.923879532511287,1.,0.923879532511287,
1.,0.923879532511287,1.,0.923879532511287,1.,0.923879532511287,1.,0.923879532511287,
1.,0.923879532511287,1.,0.923879532511287,1.,0.923879532511287,1.,0.923879532511287,
1.)))
REPRESENTATION_ITEM('')
SURFACE()
);
#77=(
BOUNDED_SURFACE()
B_SPLINE_SURFACE(1,2,((#4453,#4454,#4455,#4456,#4457,#4458,#4459,#4460,
#4461,#4462,#4463,#4464,#4465,#4466,#4467,#4468,#4469,#4470,#4471,#4472,
#4473,#4474,#4475,#4476,#4477,#4478,#4479,#4480,#4481,#4482,#4483,#4484,
#4485,#4486,#4487,#4488,#4489,#4490,#4491,#4492,#4493,#4494,#4495,#4496,
#4497,#4498,#4499,#4500,#4501,#4502,#4503,#4504,#4505,#4506,#4507,#4508,
#4509,#4510,#4511,#4512,#4513,#4514,#4515,#4516,#4517,#4518,#4519,#4520,
#4521,#4522,#4523,#4524,#4525,#4526,#4527,#4528,#4529,#4530,#4531,#4532,
#4533,#4534,#4535,#4536,#4537,#4538,#4539,#4540,#4541,#4542,#4543,#4544,
#4545,#4546,#4547,#4548,#4549,#4550,#4551,#4552,#4553,#4554,#4555,#4556,
#4557),(#4558,#4559,#4560,#4561,#4562,#4563,#4564,#4565,#4566,#4567,#4568,
#4569,#4570,#4571,#4572,#4573,#4574,#4575,#4576,#4577,#4578,#4579,#4580,
#4581,#4582,#4583,#4584,#4585,#4586,#4587,#4588,#4589,#4590,#4591,#4592,
#4593,#4594,#4595,#4596,#4597,#4598,#4599,#4600,#4601,#4602,#4603,#4604,
#4605,#4606,#4607,#4608,#4609,#4610,#4611,#4612,#4613,#4614,#4615,#4616,
#4617,#4618,#4619,#4620,#4621,#4622,#4623,#4624,#4625,#4626,#4627,#4628,
#4629,#4630,#4631,#4632,#4633,#4634,#4635,#4636,#4637,#4638,#4639,#4640,
#4641,#4642,#4643,#4644,#4645,#4646,#4647,#4648,#4649,#4650,#4651,#4652,
#4653,#4654,#4655,#4656,#4657,#4658,#4659,#4660,#4661,#4662)),
 .UNSPECIFIED.,.F.,.F.,.F.)
B_SPLINE_SURFACE_WITH_KNOTS((2,2),(3,2,2,2,2,2,2,2,2,2,2,2,2,2,2,2,2,2,
2,2,2,2,2,2,2,2,2,2,2,2,2,2,2,2,2,2,2,2,2,2,2,2,2,2,2,2,2,2,2,2,2,2,3),
(0.,1.),(0.,0.0178571428571429,0.0357142857142857,0.0535714285714286,0.0714285714285714,
0.0892857142857143,0.107142857142857,0.125,0.142857142857143,0.160714285714286,
0.178571428571429,0.196428571428571,0.214285714285714,0.232142857142857,
0.25,0.267857142857143,0.285714285714286,0.303571428571429,0.321428571428571,
0.339285714285714,0.357142857142857,0.375,0.392857142857143,0.410714285714286,
0.428571428571429,0.446428571428571,0.464285714285714,0.482142857142857,
0.5,0.517857142857143,0.535714285714286,0.553571428571429,0.571428571428571,
0.589285714285714,0.607142857142857,0.625,0.642857142857143,0.660714285714286,
0.678571428571429,0.696428571428571,0.714285714285714,0.732142857142857,
0.75,0.767857142857143,0.785714285714286,0.803571428571429,0.821428571428571,
0.839285714285714,0.857142857142857,0.875,0.892857142857143,0.910714285714286,
0.928571428571429),.UNSPECIFIED.)
GEOMETRIC_REPRESENTATION_ITEM()
RATIONAL_B_SPLINE_SURFACE(((1.,0.923879532511287,1.,0.923879532511287,1.,
0.923879532511287,1.,0.923879532511287,1.,0.923879532511287,1.,0.923879532511287,
1.,0.923879532511287,1.,0.923879532511287,1.,0.923879532511287,1.,0.923879532511287,
1.,0.923879532511287,1.,0.923879532511287,1.,0.923879532511287,1.,0.923879532511287,
1.,0.923879532511287,1.,0.923879532511287,1.,0.923879532511287,1.,0.923879532511287,
1.,0.923879532511287,1.,0.923879532511287,1.,0.923879532511287,1.,0.923879532511287,
1.,0.923879532511287,1.,0.923879532511287,1.,0.923879532511287,1.,0.923879532511287,
1.,0.923879532511287,1.,0.923879532511287,1.,0.923879532511287,1.,0.923879532511287,
1.,0.923879532511287,1.,0.923879532511287,1.,0.923879532511287,1.,0.923879532511287,
1.,0.923879532511287,1.,0.923879532511287,1.,0.923879532511287,1.,0.923879532511287,
1.,0.923879532511287,1.,0.923879532511287,1.,0.923879532511287,1.,0.923879532511287,
1.,0.923879532511287,1.,0.923879532511287,1.,0.923879532511287,1.,0.923879532511287,
1.,0.923879532511287,1.,0.923879532511287,1.,0.923879532511287,1.,0.923879532511287,
1.,0.923879532511287,1.,0.923879532511287,1.),(1.,0.923879532511287,1.,
0.923879532511287,1.,0.923879532511287,1.,0.923879532511287,1.,0.923879532511287,
1.,0.923879532511287,1.,0.923879532511287,1.,0.923879532511287,1.,0.923879532511287,
1.,0.923879532511287,1.,0.923879532511287,1.,0.923879532511287,1.,0.923879532511287,
1.,0.923879532511287,1.,0.923879532511287,1.,0.923879532511287,1.,0.923879532511287,
1.,0.923879532511287,1.,0.923879532511287,1.,0.923879532511287,1.,0.923879532511287,
1.,0.923879532511287,1.,0.923879532511287,1.,0.923879532511287,1.,0.923879532511287,
1.,0.923879532511287,1.,0.923879532511287,1.,0.923879532511287,1.,0.923879532511287,
1.,0.923879532511287,1.,0.923879532511287,1.,0.923879532511287,1.,0.923879532511287,
1.,0.923879532511287,1.,0.923879532511287,1.,0.923879532511287,1.,0.923879532511287,
1.,0.923879532511287,1.,0.923879532511287,1.,0.923879532511287,1.,0.923879532511287,
1.,0.923879532511287,1.,0.923879532511287,1.,0.923879532511287,1.,0.923879532511287,
1.,0.923879532511287,1.,0.923879532511287,1.,0.923879532511287,1.,0.923879532511287,
1.,0.923879532511287,1.,0.923879532511287,1.,0.923879532511287,1.)))
REPRESENTATION_ITEM('')
SURFACE()
);
#78=(
BOUNDED_SURFACE()
B_SPLINE_SURFACE(1,2,((#4755,#4756,#4757,#4758,#4759,#4760,#4761,#4762,
#4763,#4764,#4765,#4766,#4767,#4768,#4769,#4770,#4771,#4772,#4773,#4774,
#4775,#4776,#4777,#4778,#4779,#4780,#4781,#4782,#4783,#4784,#4785,#4786,
#4787,#4788,#4789,#4790,#4791,#4792,#4793,#4794,#4795,#4796,#4797,#4798,
#4799,#4800,#4801,#4802,#4803,#4804,#4805,#4806,#4807,#4808,#4809,#4810,
#4811,#4812,#4813,#4814,#4815,#4816,#4817,#4818,#4819,#4820,#4821,#4822,
#4823,#4824,#4825,#4826,#4827,#4828,#4829,#4830,#4831,#4832,#4833,#4834,
#4835,#4836,#4837,#4838,#4839,#4840,#4841,#4842,#4843,#4844,#4845,#4846,
#4847,#4848,#4849,#4850,#4851,#4852,#4853,#4854,#4855,#4856,#4857,#4858,
#4859),(#4860,#4861,#4862,#4863,#4864,#4865,#4866,#4867,#4868,#4869,#4870,
#4871,#4872,#4873,#4874,#4875,#4876,#4877,#4878,#4879,#4880,#4881,#4882,
#4883,#4884,#4885,#4886,#4887,#4888,#4889,#4890,#4891,#4892,#4893,#4894,
#4895,#4896,#4897,#4898,#4899,#4900,#4901,#4902,#4903,#4904,#4905,#4906,
#4907,#4908,#4909,#4910,#4911,#4912,#4913,#4914,#4915,#4916,#4917,#4918,
#4919,#4920,#4921,#4922,#4923,#4924,#4925,#4926,#4927,#4928,#4929,#4930,
#4931,#4932,#4933,#4934,#4935,#4936,#4937,#4938,#4939,#4940,#4941,#4942,
#4943,#4944,#4945,#4946,#4947,#4948,#4949,#4950,#4951,#4952,#4953,#4954,
#4955,#4956,#4957,#4958,#4959,#4960,#4961,#4962,#4963,#4964)),
 .UNSPECIFIED.,.F.,.F.,.F.)
B_SPLINE_SURFACE_WITH_KNOTS((2,2),(3,2,2,2,2,2,2,2,2,2,2,2,2,2,2,2,2,2,
2,2,2,2,2,2,2,2,2,2,2,2,2,2,2,2,2,2,2,2,2,2,2,2,2,2,2,2,2,2,2,2,2,2,3),
(0.,1.),(0.,0.0178571428571429,0.0357142857142857,0.0535714285714286,0.0714285714285714,
0.0892857142857143,0.107142857142857,0.125,0.142857142857143,0.160714285714286,
0.178571428571429,0.196428571428571,0.214285714285714,0.232142857142857,
0.25,0.267857142857143,0.285714285714286,0.303571428571429,0.321428571428571,
0.339285714285714,0.357142857142857,0.375,0.392857142857143,0.410714285714286,
0.428571428571429,0.446428571428571,0.464285714285714,0.482142857142857,
0.5,0.517857142857143,0.535714285714286,0.553571428571429,0.571428571428571,
0.589285714285714,0.607142857142857,0.625,0.642857142857143,0.660714285714286,
0.678571428571429,0.696428571428571,0.714285714285714,0.732142857142857,
0.75,0.767857142857143,0.785714285714286,0.803571428571429,0.821428571428571,
0.839285714285714,0.857142857142857,0.875,0.892857142857143,0.910714285714286,
0.928571428571429),.UNSPECIFIED.)
GEOMETRIC_REPRESENTATION_ITEM()
RATIONAL_B_SPLINE_SURFACE(((1.,0.923879532511287,1.,0.923879532511287,1.,
0.923879532511287,1.,0.923879532511287,1.,0.923879532511287,1.,0.923879532511287,
1.,0.923879532511287,1.,0.923879532511287,1.,0.923879532511287,1.,0.923879532511287,
1.,0.923879532511287,1.,0.923879532511287,1.,0.923879532511287,1.,0.923879532511287,
1.,0.923879532511287,1.,0.923879532511287,1.,0.923879532511287,1.,0.923879532511287,
1.,0.923879532511287,1.,0.923879532511287,1.,0.923879532511287,1.,0.923879532511287,
1.,0.923879532511287,1.,0.923879532511287,1.,0.923879532511287,1.,0.923879532511287,
1.,0.923879532511287,1.,0.923879532511287,1.,0.923879532511287,1.,0.923879532511287,
1.,0.923879532511287,1.,0.923879532511287,1.,0.923879532511287,1.,0.923879532511287,
1.,0.923879532511287,1.,0.923879532511287,1.,0.923879532511287,1.,0.923879532511287,
1.,0.923879532511287,1.,0.923879532511287,1.,0.923879532511287,1.,0.923879532511287,
1.,0.923879532511287,1.,0.923879532511287,1.,0.923879532511287,1.,0.923879532511287,
1.,0.923879532511287,1.,0.923879532511287,1.,0.923879532511287,1.,0.923879532511287,
1.,0.923879532511287,1.,0.923879532511287,1.),(1.,0.923879532511287,1.,
0.923879532511287,1.,0.923879532511287,1.,0.923879532511287,1.,0.923879532511287,
1.,0.923879532511287,1.,0.923879532511287,1.,0.923879532511287,1.,0.923879532511287,
1.,0.923879532511287,1.,0.923879532511287,1.,0.923879532511287,1.,0.923879532511287,
1.,0.923879532511287,1.,0.923879532511287,1.,0.923879532511287,1.,0.923879532511287,
1.,0.923879532511287,1.,0.923879532511287,1.,0.923879532511287,1.,0.923879532511287,
1.,0.923879532511287,1.,0.923879532511287,1.,0.923879532511287,1.,0.923879532511287,
1.,0.923879532511287,1.,0.923879532511287,1.,0.923879532511287,1.,0.923879532511287,
1.,0.923879532511287,1.,0.923879532511287,1.,0.923879532511287,1.,0.923879532511287,
1.,0.923879532511287,1.,0.923879532511287,1.,0.923879532511287,1.,0.923879532511287,
1.,0.923879532511287,1.,0.923879532511287,1.,0.923879532511287,1.,0.923879532511287,
1.,0.923879532511287,1.,0.923879532511287,1.,0.923879532511287,1.,0.923879532511287,
1.,0.923879532511287,1.,0.923879532511287,1.,0.923879532511287,1.,0.923879532511287,
1.,0.923879532511287,1.,0.923879532511287,1.,0.923879532511287,1.)))
REPRESENTATION_ITEM('')
SURFACE()
);
#79=(
BOUNDED_SURFACE()
B_SPLINE_SURFACE(1,2,((#5012,#5013,#5014,#5015,#5016,#5017,#5018,#5019,
#5020,#5021,#5022,#5023,#5024,#5025,#5026,#5027,#5028,#5029,#5030,#5031,
#5032,#5033,#5034,#5035,#5036,#5037,#5038,#5039,#5040,#5041,#5042,#5043,
#5044,#5045,#5046,#5047,#5048,#5049,#5050,#5051,#5052,#5053,#5054,#5055,
#5056,#5057,#5058,#5059,#5060,#5061,#5062,#5063,#5064,#5065,#5066,#5067,
#5068,#5069,#5070,#5071,#5072,#5073,#5074,#5075,#5076,#5077,#5078,#5079,
#5080,#5081,#5082,#5083,#5084,#5085,#5086,#5087,#5088,#5089,#5090,#5091,
#5092,#5093,#5094,#5095,#5096,#5097,#5098,#5099,#5100,#5101,#5102,#5103,
#5104,#5105,#5106,#5107,#5108,#5109,#5110,#5111,#5112,#5113,#5114,#5115,
#5116,#5117,#5118),(#5119,#5120,#5121,#5122,#5123,#5124,#5125,#5126,#5127,
#5128,#5129,#5130,#5131,#5132,#5133,#5134,#5135,#5136,#5137,#5138,#5139,
#5140,#5141,#5142,#5143,#5144,#5145,#5146,#5147,#5148,#5149,#5150,#5151,
#5152,#5153,#5154,#5155,#5156,#5157,#5158,#5159,#5160,#5161,#5162,#5163,
#5164,#5165,#5166,#5167,#5168,#5169,#5170,#5171,#5172,#5173,#5174,#5175,
#5176,#5177,#5178,#5179,#5180,#5181,#5182,#5183,#5184,#5185,#5186,#5187,
#5188,#5189,#5190,#5191,#5192,#5193,#5194,#5195,#5196,#5197,#5198,#5199,
#5200,#5201,#5202,#5203,#5204,#5205,#5206,#5207,#5208,#5209,#5210,#5211,
#5212,#5213,#5214,#5215,#5216,#5217,#5218,#5219,#5220,#5221,#5222,#5223,
#5224,#5225),(#5226,#5227,#5228,#5229,#5230,#5231,#5232,#5233,#5234,#5235,
#5236,#5237,#5238,#5239,#5240,#5241,#5242,#5243,#5244,#5245,#5246,#5247,
#5248,#5249,#5250,#5251,#5252,#5253,#5254,#5255,#5256,#5257,#5258,#5259,
#5260,#5261,#5262,#5263,#5264,#5265,#5266,#5267,#5268,#5269,#5270,#5271,
#5272,#5273,#5274,#5275,#5276,#5277,#5278,#5279,#5280,#5281,#5282,#5283,
#5284,#5285,#5286,#5287,#5288,#5289,#5290,#5291,#5292,#5293,#5294,#5295,
#5296,#5297,#5298,#5299,#5300,#5301,#5302,#5303,#5304,#5305,#5306,#5307,
#5308,#5309,#5310,#5311,#5312,#5313,#5314,#5315,#5316,#5317,#5318,#5319,
#5320,#5321,#5322,#5323,#5324,#5325,#5326,#5327,#5328,#5329,#5330,#5331,
#5332)),.UNSPECIFIED.,.F.,.F.,.F.)
B_SPLINE_SURFACE_WITH_KNOTS((2,1,2),(3,2,2,2,2,2,2,2,2,2,2,2,2,2,2,2,2,
2,2,2,2,2,2,2,2,2,2,2,2,2,2,2,2,2,2,2,2,2,2,2,2,2,2,2,2,2,2,2,2,2,2,2,2,
3),(0.,1.,1.1),(-0.00928571428571429,0.,0.0178571428571429,0.0357142857142857,
0.0535714285714286,0.0714285714285714,0.0892857142857143,0.107142857142857,
0.125,0.142857142857143,0.160714285714286,0.178571428571429,0.196428571428571,
0.214285714285714,0.232142857142857,0.25,0.267857142857143,0.285714285714286,
0.303571428571429,0.321428571428571,0.339285714285714,0.357142857142857,
0.375,0.392857142857143,0.410714285714286,0.428571428571429,0.446428571428571,
0.464285714285714,0.482142857142857,0.5,0.517857142857143,0.535714285714286,
0.553571428571429,0.571428571428571,0.589285714285714,0.607142857142857,
0.625,0.642857142857143,0.660714285714286,0.678571428571429,0.696428571428571,
0.714285714285714,0.732142857142857,0.75,0.767857142857143,0.785714285714286,
0.803571428571429,0.821428571428571,0.839285714285714,0.857142857142857,
0.875,0.892857142857143,0.910714285714286,0.928571428571429),
 .UNSPECIFIED.)
GEOMETRIC_REPRESENTATION_ITEM()
RATIONAL_B_SPLINE_SURFACE(((1.,1.,1.,0.923879532511287,1.,0.923879532511287,
1.,0.923879532511287,1.,0.923879532511287,1.,0.923879532511287,1.,0.923879532511287,
1.,0.923879532511287,1.,0.923879532511287,1.,0.923879532511287,1.,0.923879532511287,
1.,0.923879532511287,1.,0.923879532511287,1.,0.923879532511287,1.,0.923879532511287,
1.,0.923879532511287,1.,0.923879532511287,1.,0.923879532511287,1.,0.923879532511287,
1.,0.923879532511287,1.,0.923879532511287,1.,0.923879532511287,1.,0.923879532511287,
1.,0.923879532511287,1.,0.923879532511287,1.,0.923879532511287,1.,0.923879532511287,
1.,0.923879532511287,1.,0.923879532511287,1.,0.923879532511287,1.,0.923879532511287,
1.,0.923879532511287,1.,0.923879532511287,1.,0.923879532511287,1.,0.923879532511287,
1.,0.923879532511287,1.,0.923879532511287,1.,0.923879532511287,1.,0.923879532511287,
1.,0.923879532511287,1.,0.923879532511287,1.,0.923879532511287,1.,0.923879532511287,
1.,0.923879532511287,1.,0.923879532511287,1.,0.923879532511287,1.,0.923879532511287,
1.,0.923879532511287,1.,0.923879532511287,1.,0.923879532511287,1.,0.923879532511287,
1.,0.923879532511287,1.,0.923879532511287,1.),(1.,1.,1.,0.923879532511287,
1.,0.923879532511287,1.,0.923879532511287,1.,0.923879532511287,1.,0.923879532511287,
1.,0.923879532511287,1.,0.923879532511287,1.,0.923879532511287,1.,0.923879532511287,
1.,0.923879532511287,1.,0.923879532511287,1.,0.923879532511287,1.,0.923879532511287,
1.,0.923879532511287,1.,0.923879532511287,1.,0.923879532511287,1.,0.923879532511287,
1.,0.923879532511287,1.,0.923879532511287,1.,0.923879532511287,1.,0.923879532511287,
1.,0.923879532511287,1.,0.923879532511287,1.,0.923879532511287,1.,0.923879532511287,
1.,0.923879532511287,1.,0.923879532511287,1.,0.923879532511287,1.,0.923879532511287,
1.,0.923879532511287,1.,0.923879532511287,1.,0.923879532511287,1.,0.923879532511287,
1.,0.923879532511287,1.,0.923879532511287,1.,0.923879532511287,1.,0.923879532511287,
1.,0.923879532511287,1.,0.923879532511287,1.,0.923879532511287,1.,0.923879532511287,
1.,0.923879532511287,1.,0.923879532511287,1.,0.923879532511287,1.,0.923879532511287,
1.,0.923879532511287,1.,0.923879532511287,1.,0.923879532511287,1.,0.923879532511287,
1.,0.923879532511287,1.,0.923879532511287,1.,0.923879532511287,1.),(1.,
1.,1.,0.923879532511287,1.,0.923879532511287,1.,0.923879532511287,1.,0.923879532511287,
1.,0.923879532511287,1.,0.923879532511287,1.,0.923879532511287,1.,0.923879532511287,
1.,0.923879532511287,1.,0.923879532511287,1.,0.923879532511287,1.,0.923879532511287,
1.,0.923879532511287,1.,0.923879532511287,1.,0.923879532511287,1.,0.923879532511287,
1.,0.923879532511287,1.,0.923879532511287,1.,0.923879532511287,1.,0.923879532511287,
1.,0.923879532511287,1.,0.923879532511287,1.,0.923879532511287,1.,0.923879532511287,
1.,0.923879532511287,1.,0.923879532511287,1.,0.923879532511287,1.,0.923879532511287,
1.,0.923879532511287,1.,0.923879532511287,1.,0.923879532511287,1.,0.923879532511287,
1.,0.923879532511287,1.,0.923879532511287,1.,0.923879532511287,1.,0.923879532511287,
1.,0.923879532511287,1.,0.923879532511287,1.,0.923879532511287,1.,0.923879532511287,
1.,0.923879532511287,1.,0.923879532511287,1.,0.923879532511287,1.,0.923879532511287,
1.,0.923879532511287,1.,0.923879532511287,1.,0.923879532511287,1.,0.923879532511287,
1.,0.923879532511287,1.,0.923879532511287,1.,0.923879532511287,1.,0.923879532511287,
1.)))
REPRESENTATION_ITEM('')
SURFACE()
);
#80=(
BOUNDED_SURFACE()
B_SPLINE_SURFACE(1,2,((#5398,#5399,#5400,#5401,#5402,#5403,#5404,#5405,
#5406,#5407,#5408,#5409,#5410,#5411,#5412,#5413,#5414,#5415,#5416,#5417,
#5418,#5419,#5420,#5421,#5422,#5423,#5424,#5425,#5426,#5427,#5428,#5429,
#5430,#5431,#5432,#5433,#5434,#5435,#5436,#5437,#5438,#5439,#5440,#5441,
#5442,#5443,#5444,#5445,#5446,#5447,#5448,#5449,#5450,#5451,#5452,#5453,
#5454,#5455,#5456,#5457,#5458,#5459,#5460,#5461,#5462,#5463,#5464,#5465,
#5466,#5467,#5468,#5469,#5470,#5471,#5472,#5473,#5474,#5475,#5476,#5477,
#5478,#5479,#5480,#5481,#5482,#5483,#5484,#5485,#5486,#5487,#5488,#5489,
#5490,#5491,#5492,#5493,#5494,#5495,#5496,#5497,#5498,#5499,#5500,#5501,
#5502),(#5503,#5504,#5505,#5506,#5507,#5508,#5509,#5510,#5511,#5512,#5513,
#5514,#5515,#5516,#5517,#5518,#5519,#5520,#5521,#5522,#5523,#5524,#5525,
#5526,#5527,#5528,#5529,#5530,#5531,#5532,#5533,#5534,#5535,#5536,#5537,
#5538,#5539,#5540,#5541,#5542,#5543,#5544,#5545,#5546,#5547,#5548,#5549,
#5550,#5551,#5552,#5553,#5554,#5555,#5556,#5557,#5558,#5559,#5560,#5561,
#5562,#5563,#5564,#5565,#5566,#5567,#5568,#5569,#5570,#5571,#5572,#5573,
#5574,#5575,#5576,#5577,#5578,#5579,#5580,#5581,#5582,#5583,#5584,#5585,
#5586,#5587,#5588,#5589,#5590,#5591,#5592,#5593,#5594,#5595,#5596,#5597,
#5598,#5599,#5600,#5601,#5602,#5603,#5604,#5605,#5606,#5607),(#5608,#5609,
#5610,#5611,#5612,#5613,#5614,#5615,#5616,#5617,#5618,#5619,#5620,#5621,
#5622,#5623,#5624,#5625,#5626,#5627,#5628,#5629,#5630,#5631,#5632,#5633,
#5634,#5635,#5636,#5637,#5638,#5639,#5640,#5641,#5642,#5643,#5644,#5645,
#5646,#5647,#5648,#5649,#5650,#5651,#5652,#5653,#5654,#5655,#5656,#5657,
#5658,#5659,#5660,#5661,#5662,#5663,#5664,#5665,#5666,#5667,#5668,#5669,
#5670,#5671,#5672,#5673,#5674,#5675,#5676,#5677,#5678,#5679,#5680,#5681,
#5682,#5683,#5684,#5685,#5686,#5687,#5688,#5689,#5690,#5691,#5692,#5693,
#5694,#5695,#5696,#5697,#5698,#5699,#5700,#5701,#5702,#5703,#5704,#5705,
#5706,#5707,#5708,#5709,#5710,#5711,#5712)),.UNSPECIFIED.,.F.,.F.,.F.)
B_SPLINE_SURFACE_WITH_KNOTS((2,1,2),(3,2,2,2,2,2,2,2,2,2,2,2,2,2,2,2,2,
2,2,2,2,2,2,2,2,2,2,2,2,2,2,2,2,2,2,2,2,2,2,2,2,2,2,2,2,2,2,2,2,2,2,2,3),
(-0.0118431434265076,0.,1.),(0.,0.0178571428571429,0.0357142857142857,0.0535714285714286,
0.0714285714285714,0.0892857142857143,0.107142857142857,0.125,0.142857142857143,
0.160714285714286,0.178571428571429,0.196428571428571,0.214285714285714,
0.232142857142857,0.25,0.267857142857143,0.285714285714286,0.303571428571429,
0.321428571428571,0.339285714285714,0.357142857142857,0.375,0.392857142857143,
0.410714285714286,0.428571428571429,0.446428571428571,0.464285714285714,
0.482142857142857,0.5,0.517857142857143,0.535714285714286,0.553571428571429,
0.571428571428571,0.589285714285714,0.607142857142857,0.625,0.642857142857143,
0.660714285714286,0.678571428571429,0.696428571428571,0.714285714285714,
0.732142857142857,0.75,0.767857142857143,0.785714285714286,0.803571428571429,
0.821428571428571,0.839285714285714,0.857142857142857,0.875,0.892857142857143,
0.910714285714286,0.928571428571429),.UNSPECIFIED.)
GEOMETRIC_REPRESENTATION_ITEM()
RATIONAL_B_SPLINE_SURFACE(((1.,0.923879532511287,1.,0.923879532511287,1.,
0.923879532511287,1.,0.923879532511287,1.,0.923879532511287,1.,0.923879532511287,
1.,0.923879532511287,1.,0.923879532511287,1.,0.923879532511287,1.,0.923879532511287,
1.,0.923879532511287,1.,0.923879532511287,1.,0.923879532511287,1.,0.923879532511287,
1.,0.923879532511287,1.,0.923879532511287,1.,0.923879532511287,1.,0.923879532511287,
1.,0.923879532511287,1.,0.923879532511287,1.,0.923879532511287,1.,0.923879532511287,
1.,0.923879532511287,1.,0.923879532511287,1.,0.923879532511287,1.,0.923879532511287,
1.,0.923879532511287,1.,0.923879532511287,1.,0.923879532511287,1.,0.923879532511287,
1.,0.923879532511287,1.,0.923879532511287,1.,0.923879532511287,1.,0.923879532511287,
1.,0.923879532511287,1.,0.923879532511287,1.,0.923879532511287,1.,0.923879532511287,
1.,0.923879532511287,1.,0.923879532511287,1.,0.923879532511287,1.,0.923879532511287,
1.,0.923879532511287,1.,0.923879532511287,1.,0.923879532511287,1.,0.923879532511287,
1.,0.923879532511287,1.,0.923879532511287,1.,0.923879532511287,1.,0.923879532511287,
1.,0.923879532511287,1.,0.923879532511287,1.),(1.,0.923879532511287,1.,
0.923879532511287,1.,0.923879532511287,1.,0.923879532511287,1.,0.923879532511287,
1.,0.923879532511287,1.,0.923879532511287,1.,0.923879532511287,1.,0.923879532511287,
1.,0.923879532511287,1.,0.923879532511287,1.,0.923879532511287,1.,0.923879532511287,
1.,0.923879532511287,1.,0.923879532511287,1.,0.923879532511287,1.,0.923879532511287,
1.,0.923879532511287,1.,0.923879532511287,1.,0.923879532511287,1.,0.923879532511287,
1.,0.923879532511287,1.,0.923879532511287,1.,0.923879532511287,1.,0.923879532511287,
1.,0.923879532511287,1.,0.923879532511287,1.,0.923879532511287,1.,0.923879532511287,
1.,0.923879532511287,1.,0.923879532511287,1.,0.923879532511287,1.,0.923879532511287,
1.,0.923879532511287,1.,0.923879532511287,1.,0.923879532511287,1.,0.923879532511287,
1.,0.923879532511287,1.,0.923879532511287,1.,0.923879532511287,1.,0.923879532511287,
1.,0.923879532511287,1.,0.923879532511287,1.,0.923879532511287,1.,0.923879532511287,
1.,0.923879532511287,1.,0.923879532511287,1.,0.923879532511287,1.,0.923879532511287,
1.,0.923879532511287,1.,0.923879532511287,1.,0.923879532511287,1.),(1.,
0.923879532511287,1.,0.923879532511287,1.,0.923879532511287,1.,0.923879532511287,
1.,0.923879532511287,1.,0.923879532511287,1.,0.923879532511287,1.,0.923879532511287,
1.,0.923879532511287,1.,0.923879532511287,1.,0.923879532511287,1.,0.923879532511287,
1.,0.923879532511287,1.,0.923879532511287,1.,0.923879532511287,1.,0.923879532511287,
1.,0.923879532511287,1.,0.923879532511287,1.,0.923879532511287,1.,0.923879532511287,
1.,0.923879532511287,1.,0.923879532511287,1.,0.923879532511287,1.,0.923879532511287,
1.,0.923879532511287,1.,0.923879532511287,1.,0.923879532511287,1.,0.923879532511287,
1.,0.923879532511287,1.,0.923879532511287,1.,0.923879532511287,1.,0.923879532511287,
1.,0.923879532511287,1.,0.923879532511287,1.,0.923879532511287,1.,0.923879532511287,
1.,0.923879532511287,1.,0.923879532511287,1.,0.923879532511287,1.,0.923879532511287,
1.,0.923879532511287,1.,0.923879532511287,1.,0.923879532511287,1.,0.923879532511287,
1.,0.923879532511287,1.,0.923879532511287,1.,0.923879532511287,1.,0.923879532511287,
1.,0.923879532511287,1.,0.923879532511287,1.,0.923879532511287,1.,0.923879532511287,
1.)))
REPRESENTATION_ITEM('')
SURFACE()
);
#81=(
BOUNDED_SURFACE()
B_SPLINE_SURFACE(2,2,((#6176,#6177,#6178),(#6179,#6180,#6181),(#6182,#6183,
#6184)),.UNSPECIFIED.,.F.,.F.,.F.)
B_SPLINE_SURFACE_WITH_KNOTS((3,3),(3,3),(-1.57079321804565,-1.52694751081843E-12),
(-3.08580448386481E-11,1.57079632679416),.UNSPECIFIED.)
GEOMETRIC_REPRESENTATION_ITEM()
RATIONAL_B_SPLINE_SURFACE(((1.,0.707106781175898,1.),(0.707107880295066,
0.500000777179556,0.707107880295066),(1.,0.707106781175898,1.)))
REPRESENTATION_ITEM('')
SURFACE()
);
#82=(
BOUNDED_SURFACE()
B_SPLINE_SURFACE(2,2,((#6210,#6211,#6212),(#6213,#6214,#6215),(#6216,#6217,
#6218)),.UNSPECIFIED.,.F.,.F.,.F.)
B_SPLINE_SURFACE_WITH_KNOTS((3,3),(3,3),(-1.57079477224235,-1.14836145942134E-12),
(1.57079632677404,3.14159265361437),.UNSPECIFIED.)
GEOMETRIC_REPRESENTATION_ITEM()
RATIONAL_B_SPLINE_SURFACE(((1.,0.707106781170485,1.),(0.707107330804067,
0.500000388626916,0.707107330804067),(1.,0.707106781170485,1.)))
REPRESENTATION_ITEM('')
SURFACE()
);
#83=(
BOUNDED_SURFACE()
B_SPLINE_SURFACE(2,2,((#6232,#6233,#6234),(#6235,#6236,#6237),(#6238,#6239,
#6240)),.UNSPECIFIED.,.F.,.F.,.F.)
B_SPLINE_SURFACE_WITH_KNOTS((3,3),(3,3),(-2.73402494825908E-12,1.57079554898232),
(-3.14159265372382,-1.57079632537536),.UNSPECIFIED.)
GEOMETRIC_REPRESENTATION_ITEM()
RATIONAL_B_SPLINE_SURFACE(((1.,0.707106780637277,1.),(0.707107056183803,
0.500000194064031,0.707107056183803),(1.,0.707106780637277,1.)))
REPRESENTATION_ITEM('')
SURFACE()
);
#84=(
BOUNDED_SURFACE()
B_SPLINE_SURFACE(2,2,((#6246,#6247,#6248),(#6249,#6250,#6251),(#6252,#6253,
#6254)),.UNSPECIFIED.,.F.,.F.,.F.)
B_SPLINE_SURFACE_WITH_KNOTS((3,3),(3,3),(3.87001180701076E-12,1.57079438838906),
(-4.71238898091762,-3.14159265313455),.UNSPECIFIED.)
GEOMETRIC_REPRESENTATION_ITEM()
RATIONAL_B_SPLINE_SURFACE(((1.,0.707106780837174,1.),(0.70710746651754,
0.500000484355148,0.70710746651754),(1.,0.707106780837174,1.)))
REPRESENTATION_ITEM('')
SURFACE()
);
#85=PLANE('',#2559);
#86=PLANE('',#2561);
#87=PLANE('',#2563);
#88=PLANE('',#2564);
#89=PLANE('',#2566);
#90=PLANE('',#2568);
#91=PLANE('',#2574);
#92=PLANE('',#2575);
#93=PLANE('',#2578);
#94=PLANE('',#2589);
#95=PLANE('',#2600);
#96=PLANE('',#2609);
#97=PLANE('',#2613);
#98=PLANE('',#2614);
#99=PLANE('',#2618);
#100=PLANE('',#2619);
#101=PLANE('',#2620);
#102=PLANE('',#2621);
#103=PLANE('',#2622);
#104=PLANE('',#2623);
#105=PLANE('',#2624);
#106=PLANE('',#2625);
#107=PLANE('',#2626);
#108=PLANE('',#2627);
#109=PLANE('',#2628);
#110=PLANE('',#2629);
#111=PLANE('',#2630);
#112=PLANE('',#2631);
#113=PLANE('',#2632);
#114=PLANE('',#2633);
#115=PLANE('',#2634);
#116=PLANE('',#2635);
#117=PLANE('',#2636);
#118=PLANE('',#2637);
#119=PLANE('',#2638);
#120=PLANE('',#2639);
#121=PLANE('',#2640);
#122=PLANE('',#2641);
#123=PLANE('',#2642);
#124=PLANE('',#2643);
#125=PLANE('',#2644);
#126=PLANE('',#2645);
#127=PLANE('',#2646);
#128=PLANE('',#2647);
#129=PLANE('',#2648);
#130=PLANE('',#2649);
#131=PLANE('',#2650);
#132=PLANE('',#2651);
#133=PLANE('',#2652);
#134=PLANE('',#2653);
#135=PLANE('',#2654);
#136=PLANE('',#2655);
#137=PLANE('',#2656);
#138=PLANE('',#2657);
#139=PLANE('',#2658);
#140=PLANE('',#2659);
#141=PLANE('',#2660);
#142=PLANE('',#2661);
#143=PLANE('',#2662);
#144=PLANE('',#2663);
#145=PLANE('',#2666);
#146=PLANE('',#2667);
#147=PLANE('',#2668);
#148=PLANE('',#2669);
#149=PLANE('',#2670);
#150=PLANE('',#2671);
#151=PLANE('',#2672);
#152=PLANE('',#2673);
#153=PLANE('',#2674);
#154=PLANE('',#2675);
#155=PLANE('',#2676);
#156=PLANE('',#2677);
#157=PLANE('',#2678);
#158=PLANE('',#2679);
#159=PLANE('',#2690);
#160=PLANE('',#2693);
#161=PLANE('',#2698);
#162=PLANE('',#2707);
#163=PLANE('',#2709);
#164=PLANE('',#2714);
#165=PLANE('',#2716);
#166=PLANE('',#2723);
#167=PLANE('',#2727);
#168=CONICAL_SURFACE('',#2554,3.50000000003092,0.785398163397448);
#169=CONICAL_SURFACE('',#2572,3.00000000004275,0.785398163397448);
#170=CIRCLE('',#2544,3.5);
#171=CIRCLE('',#2546,3.5);
#172=CIRCLE('',#2553,3.5);
#173=CIRCLE('',#2555,2.9999999999859);
#174=CIRCLE('',#2557,1.5);
#175=CIRCLE('',#2558,1.5);
#176=CIRCLE('',#2560,2.958734125);
#177=CIRCLE('',#2565,3.);
#178=CIRCLE('',#2567,3.);
#179=CIRCLE('',#2570,3.);
#180=CIRCLE('',#2571,3.);
#181=CIRCLE('',#2573,2.50000000005457);
#182=CIRCLE('',#2576,0.110099535919151);
#183=CIRCLE('',#2577,0.110099535919142);
#184=CIRCLE('',#2579,0.25);
#185=CIRCLE('',#2580,0.25);
#186=CIRCLE('',#2582,0.25);
#187=CIRCLE('',#2584,0.25);
#188=CIRCLE('',#2586,0.25);
#189=CIRCLE('',#2588,0.25);
#190=CIRCLE('',#2592,0.3);
#191=CIRCLE('',#2593,0.3);
#192=CIRCLE('',#2595,0.5);
#193=CIRCLE('',#2596,0.5);
#194=CIRCLE('',#2598,0.3);
#195=CIRCLE('',#2599,0.3);
#196=CIRCLE('',#2602,2.958734125);
#197=CIRCLE('',#2604,0.3);
#198=CIRCLE('',#2605,0.3);
#199=CIRCLE('',#2607,0.3);
#200=CIRCLE('',#2608,0.3);
#201=CIRCLE('',#2611,0.3);
#202=CIRCLE('',#2612,0.3);
#203=CIRCLE('',#2616,0.3);
#204=CIRCLE('',#2617,0.3);
#205=CIRCLE('',#2664,0.5);
#206=CIRCLE('',#2665,0.5);
#207=CIRCLE('',#2680,0.5);
#208=CIRCLE('',#2681,0.5);
#209=CIRCLE('',#2683,0.500000000000162);
#210=CIRCLE('',#2685,0.5);
#211=CIRCLE('',#2687,0.499999999999723);
#212=CIRCLE('',#2689,0.5);
#213=CIRCLE('',#2691,0.25);
#214=CIRCLE('',#2692,0.25);
#215=CIRCLE('',#2695,0.25);
#216=CIRCLE('',#2697,0.25);
#217=CIRCLE('',#2699,0.5244506453331);
#218=CIRCLE('',#2701,0.25);
#219=CIRCLE('',#2702,0.0244522002413056);
#220=CIRCLE('',#2703,0.500000000000092);
#221=CIRCLE('',#2704,0.5244506453331);
#222=CIRCLE('',#2706,0.25);
#223=CIRCLE('',#2708,0.5244506453331);
#224=CIRCLE('',#2710,0.0244522002406213);
#225=CIRCLE('',#2711,0.524450645332874);
#226=CIRCLE('',#2712,0.5);
#227=CIRCLE('',#2717,0.0244500444294919);
#228=CIRCLE('',#2718,0.5);
#229=CIRCLE('',#2719,0.5244506453331);
#230=CIRCLE('',#2720,0.0244519614629266);
#231=CIRCLE('',#2721,0.5244506453331);
#232=CIRCLE('',#2722,0.500000000000063);
#233=B_SPLINE_CURVE_WITH_KNOTS('',3,(#3582,#3583,#3584,#3585,#3586,#3587,
#3588,#3589,#3590,#3591,#3592,#3593,#3594,#3595,#3596,#3597,#3598,#3599,
#3600,#3601),.UNSPECIFIED.,.F.,.F.,(4,2,2,2,2,2,2,2,2,4),(-1.10362120999479,
-1.09113194245472,-0.951159706965141,-0.816422293336634,-0.676363553244219,
-0.541558507268279,-0.401414152446699,-0.266540278540754,-0.126311141415207,
0.),.UNSPECIFIED.);
#234=B_SPLINE_CURVE_WITH_KNOTS('',3,(#3607,#3608,#3609,#3610,#3611,#3612,
#3613,#3614,#3615,#3616,#3617,#3618,#3619,#3620,#3621,#3622,#3623,#3624,
#3625,#3626,#3627,#3628,#3629,#3630,#3631,#3632,#3633,#3634,#3635,#3636,
#3637,#3638,#3639,#3640,#3641,#3642),.UNSPECIFIED.,.F.,.F.,(4,2,2,2,2,2,
2,2,2,2,2,2,2,2,2,2,2,4),(-3.30738315677204,-3.28336311018886,-3.1441221873726,
-3.00985017750798,-2.87051346485111,-2.7361938276527,-2.59676268879665,
-2.46239161254099,-2.32286735819781,-2.18844147104539,-2.04882535497042,
-1.91434169253862,-1.77463490885115,-1.64009088106328,-1.50029456271706,
-1.36568792068342,-1.22580313890239,-1.10362120999479),.UNSPECIFIED.);
#235=B_SPLINE_CURVE_WITH_KNOTS('',3,(#3646,#3647,#3648,#3649,#3650,#3651,
#3652,#3653,#3654,#3655,#3656,#3657,#3658,#3659,#3660,#3661,#3662,#3663,
#3664,#3665),.UNSPECIFIED.,.F.,.F.,(4,2,2,2,2,2,2,2,2,4),(-12.1866289295381,
-12.1138732660949,-12.03968516666,-11.9004052634798,-11.7648750010158,-11.6254493412895,
-11.4899107016615,-11.3503429676716,-11.2147921054875,-11.0831750396835),
 .UNSPECIFIED.);
#236=B_SPLINE_CURVE_WITH_KNOTS('',3,(#3670,#3671,#3672,#3673,#3674,#3675,
#3676,#3677,#3678,#3679,#3680,#3681,#3682,#3683,#3684,#3685,#3686,#3687,
#3688,#3689,#3690,#3691,#3692,#3693,#3694,#3695,#3696,#3697,#3698,#3699,
#3700,#3701,#3702,#3703,#3704,#3705),.UNSPECIFIED.,.F.,.F.,(4,2,2,2,2,2,
2,2,2,2,2,2,2,2,2,2,2,4),(-5.50798466811316,-5.46675225815885,-5.32833035059648,
-5.19424094771437,-5.0557115236291,-4.92162366736411,-4.78298814157103,
-4.64889376394858,-4.51015360218615,-4.37604518040885,-4.23720187805688,
-4.10307244758455,-3.96412751089189,-3.82997066862355,-3.69092559845109,
-3.5567354971261,-3.41759177513855,-3.30738315677204),.UNSPECIFIED.);
#237=B_SPLINE_CURVE_WITH_KNOTS('',3,(#3706,#3707,#3708,#3709,#3710,#3711,
#3712,#3713,#3714,#3715,#3716,#3717,#3718,#3719,#3720,#3721,#3722,#3723,
#3724,#3725,#3726,#3727,#3728,#3729,#3730,#3731,#3732,#3733,#3734,#3735,
#3736,#3737,#3738,#3739,#3740,#3741),.UNSPECIFIED.,.F.,.F.,(4,2,2,2,2,2,
2,2,2,2,2,2,2,2,2,2,2,4),(-11.0831750396835,-11.0750859095035,-10.9395191584898,
-10.7996780252512,-10.664091897455,-10.524119249923,-10.3885104336672,-10.2484095817382,
-10.1127749385215,-9.97254907039731,-9.83688563091414,-9.6965378068277,
-9.56084276627189,-9.42037591428023,-9.28464662707884,-9.14406354065043,
-9.00829751475996,-8.87081963573919),.UNSPECIFIED.);
#238=B_SPLINE_CURVE_WITH_KNOTS('',3,(#3746,#3747,#3748,#3749,#3750,#3751,
#3752,#3753,#3754,#3755,#3756,#3757,#3758,#3759,#3760,#3761,#3762,#3763,
#3764,#3765,#3766,#3767,#3768,#3769,#3770,#3771,#3772,#3773,#3774,#3775,
#3776,#3777,#3778,#3779,#3780,#3781),.UNSPECIFIED.,.F.,.F.,(4,2,2,2,2,2,
2,2,2,2,2,2,2,2,2,2,2,4),(-7.70726352903205,-7.64401379600543,-7.50648817455319,
-7.37204376463461,-7.23440435108163,-7.10004036967785,-6.96228718437214,
-6.82799302190689,-6.69012636296201,-6.55589145085846,-6.41791186519308,
-6.28372577308548,-6.14563402623766,-6.01148655191937,-5.87328359743868,
-5.73916484774605,-5.60085179689968,-5.50798466811316),.UNSPECIFIED.);
#239=B_SPLINE_CURVE_WITH_KNOTS('',3,(#3782,#3783,#3784,#3785,#3786,#3787,
#3788,#3789,#3790,#3791,#3792,#3793,#3794,#3795,#3796,#3797,#3798,#3799,
#3800,#3801,#3802,#3803,#3804,#3805,#3806,#3807,#3808,#3809,#3810,#3811,
#3812,#3813,#3814,#3815,#3816,#3817),.UNSPECIFIED.,.F.,.F.,(4,2,2,2,2,2,
2,2,2,2,2,2,2,2,2,2,2,4),(-8.87081963573919,-8.86760085190227,-8.73179574278435,
-8.59098802647776,-8.45514163085663,-8.31422525058185,-8.1783355000728,
-8.0373127142401,-7.90137766892509,-7.76025060803428,-7.62426845004942,
-7.48303912042945,-7.34700814761841,-7.20567843561394,-7.0695970552919,
-6.92816873178176,-6.79203545464602,-6.6509790171987),.UNSPECIFIED.);
#240=B_SPLINE_CURVE_WITH_KNOTS('',3,(#3822,#3823,#3824,#3825,#3826,#3827,
#3828,#3829,#3830,#3831,#3832,#3833,#3834,#3835,#3836,#3837,#3838,#3839,
#3840,#3841,#3842,#3843,#3844,#3845,#3846,#3847,#3848,#3849,#3850,#3851,
#3852,#3853,#3854,#3855,#3856,#3857),.UNSPECIFIED.,.F.,.F.,(4,2,2,2,2,2,
2,2,2,2,2,2,2,2,2,2,2,4),(-9.90638505392674,-9.82063225824455,-9.68262594866592,
-9.54840357592867,-9.41051002983661,-9.27623090099033,-9.13845072000972,
-9.0041042907499,-8.86643783479246,-8.73201349617008,-8.59446085410761,
-8.45994803383575,-8.32250899603703,-8.18789726264307,-8.05059804191489,
-7.91596129637724,-7.77854918271224,-7.70726352903205),.UNSPECIFIED.);
#241=B_SPLINE_CURVE_WITH_KNOTS('',3,(#3858,#3859,#3860,#3861,#3862,#3863,
#3864,#3865,#3866,#3867,#3868,#3869,#3870,#3871,#3872,#3873,#3874,#3875,
#3876,#3877,#3878,#3879,#3880,#3881,#3882,#3883,#3884,#3885,#3886,#3887,
#3888,#3889,#3890,#3891,#3892,#3893,#3894,#3895),.UNSPECIFIED.,.F.,.F.,
(4,2,2,2,2,2,2,2,2,2,2,2,2,2,2,2,2,2,4),(-6.6509790171987,-6.65051017979431,
-6.51432361401015,-6.37270294216535,-6.23646178764939,-6.09474717231988,
-5.95299855393352,-5.81669298659698,-5.67500535857468,-5.53875440577869,
-5.39716221985177,-5.26096458089828,-5.1194693921501,-4.98332367454636,
-4.84192714392592,-4.70583185766512,-4.56453575688849,-4.4284893085328,
-4.4268448163455),.UNSPECIFIED.);
#242=B_SPLINE_CURVE_WITH_KNOTS('',3,(#3900,#3901,#3902,#3903,#3904,#3905,
#3906,#3907,#3908,#3909,#3910,#3911,#3912,#3913,#3914,#3915,#3916,#3917,
#3918,#3919,#3920,#3921,#3922,#3923,#3924,#3925,#3926,#3927,#3928,#3929,
#3930,#3931,#3932,#3933,#3934,#3935),.UNSPECIFIED.,.F.,.F.,(4,2,2,2,2,2,
2,2,2,2,2,2,2,2,2,2,2,4),(-12.1063535397586,-12.0015262528037,-11.8626586681064,
-11.7285458667086,-11.5897810650527,-11.4556840134102,-11.3170234943637,
-11.1829348015224,-11.0443800397011,-10.9102917654722,-10.7718441898491,
-10.6377478660739,-10.4994088368409,-10.365295500028,-10.2270662831797,
-10.0929265189468,-9.95480825886288,-9.90638505392674),.UNSPECIFIED.);
#243=B_SPLINE_CURVE_WITH_KNOTS('',3,(#3936,#3937,#3938,#3939,#3940,#3941,
#3942,#3943,#3944,#3945,#3946,#3947,#3948,#3949,#3950,#3951,#3952,#3953,
#3954,#3955,#3956,#3957,#3958,#3959,#3960,#3961,#3962,#3963,#3964,#3965,
#3966,#3967,#3968,#3969,#3970,#3971),.UNSPECIFIED.,.F.,.F.,(4,2,2,2,2,2,
2,2,2,2,2,2,2,2,2,2,2,4),(-4.4268448163455,-4.28729552483649,-4.15129621142484,
-4.01020675208636,-3.87425275489539,-3.73326975142183,-3.59735912961633,
-3.45648484148568,-3.32061552570305,-3.17985234352574,-3.04402212944853,
-2.90337257739776,-2.76757911937913,-2.62704585671905,-2.49128666153732,
-2.35087248305712,-2.21514490388855,-2.20982515124654),.UNSPECIFIED.);
#244=B_SPLINE_CURVE_WITH_KNOTS('',3,(#3976,#3977,#3978,#3979,#3980,#3981,
#3982,#3983,#3984,#3985,#3986,#3987,#3988,#3989,#3990,#3991,#3992,#3993,
#3994,#3995,#3996,#3997,#3998,#3999,#4000,#4001,#4002,#4003,#4004,#4005,
#4006,#4007,#4008,#4009,#4010,#4011),.UNSPECIFIED.,.F.,.F.,(4,2,2,2,2,2,
2,2,2,2,2,2,2,2,2,2,2,4),(-14.308645370278,-14.1798887945963,-14.0505279523906,
-13.9160885940957,-13.7765424044852,-13.6421585970905,-13.5027052197958,
-13.3683736912507,-13.229014423762,-13.0947314697258,-12.9554676635526,
-12.8212291161113,-12.6820621715884,-12.5478633703538,-12.4087947297312,
-12.2746304964312,-12.1356616350406,-12.1063535397586),.UNSPECIFIED.);
#245=B_SPLINE_CURVE_WITH_KNOTS('',3,(#4012,#4013,#4014,#4015,#4016,#4017,
#4018,#4019,#4020,#4021,#4022,#4023,#4024,#4025,#4026,#4027,#4028,#4029,
#4030,#4031,#4032,#4033,#4034,#4035,#4036,#4037,#4038,#4039,#4040,#4041,
#4042,#4043,#4044,#4045,#4046,#4047),.UNSPECIFIED.,.F.,.F.,(4,2,2,2,2,2,
2,2,2,2,2,2,2,2,2,2,2,4),(-2.20982515124654,-2.07485280010792,-1.93915409222728,
-1.7989870660984,-1.6633141973776,-1.52327543620081,-1.38762526665603,-1.24771808189115,
-1.11208729828124,-0.972315114506149,-0.836700227230625,-0.697066570849805,
-0.561463911903536,-0.42197239689257,-0.286378119067114,-0.147032429447783,
-0.0728087719613236,-1.00000003477874E-6),.UNSPECIFIED.);
#246=B_SPLINE_CURVE_WITH_KNOTS('',3,(#4050,#4051,#4052,#4053,#4054,#4055),
 .UNSPECIFIED.,.F.,.F.,(4,2,4),(-0.271943608703878,-0.136074053618643,0.),
 .UNSPECIFIED.);
#247=B_SPLINE_CURVE_WITH_KNOTS('',3,(#4069,#4070,#4071,#4072,#4073,#4074),
 .UNSPECIFIED.,.F.,.F.,(4,2,4),(0.000219616087420263,0.00220025176731057,
0.00429395401962059),.UNSPECIFIED.);
#248=B_SPLINE_CURVE_WITH_KNOTS('',3,(#4076,#4077,#4078,#4079,#4080,#4081,
#4082,#4083,#4084,#4085,#4086,#4087,#4088,#4089,#4090,#4091,#4092,#4093),
 .UNSPECIFIED.,.F.,.F.,(4,2,2,2,2,2,2,2,4),(9.99985458105535E-7,0.0454055670227205,
0.0781700399521921,0.139984877062248,0.160040231468721,0.189159750905421,
0.200784962357183,0.218252743166399,0.234488050221092),.UNSPECIFIED.);
#249=B_SPLINE_CURVE_WITH_KNOTS('',3,(#4096,#4097,#4098,#4099,#4100,#4101,
#4102,#4103,#4104,#4105,#4106,#4107,#4108,#4109,#4110,#4111),
 .UNSPECIFIED.,.F.,.F.,(4,2,2,2,2,2,2,4),(0.,0.0720947415801171,0.146094367599919,
0.192106463808889,0.300218785173735,0.43846090571632,0.566941145024483,
0.702583757571317),.UNSPECIFIED.);
#250=B_SPLINE_CURVE_WITH_KNOTS('',3,(#4975,#4976,#4977,#4978,#4979,#4980,
#4981,#4982,#4983,#4984,#4985,#4986,#4987,#4988,#4989,#4990),
 .UNSPECIFIED.,.F.,.F.,(4,2,2,2,2,2,2,4),(0.,0.0720947415801171,0.146094367599919,
0.192106463808889,0.300218785173735,0.43846090571632,0.566941145024483,
0.702583757571317),.UNSPECIFIED.);
#251=B_SPLINE_CURVE_WITH_KNOTS('',3,(#5334,#5335,#5336,#5337,#5338,#5339,
#5340,#5341,#5342,#5343,#5344,#5345,#5346,#5347,#5348,#5349,#5350,#5351,
#5352,#5353,#5354,#5355,#5356,#5357,#5358,#5359,#5360,#5361,#5362,#5363),
 .UNSPECIFIED.,.F.,.F.,(4,2,2,2,2,2,2,2,2,2,2,2,2,2,4),(-1.92868060544594,
-1.79086806101471,-1.65096728379365,-1.51542321535917,-1.37539413762849,
-1.23982440115838,-1.09967021563007,-0.964071835188139,-0.82867711378307,
-0.687908557977415,-0.552569005555988,-0.411894102987229,-0.276608494443649,
-0.136028711686821,0.),.UNSPECIFIED.);
#252=B_SPLINE_CURVE_WITH_KNOTS('',3,(#5364,#5365,#5366,#5367,#5368,#5369,
#5370,#5371,#5372,#5373,#5374,#5375,#5376,#5377,#5378,#5379,#5380,#5381,
#5382,#5383,#5384,#5385,#5386,#5387,#5388,#5389,#5390,#5391,#5392,#5393,
#5394,#5395,#5396,#5397),.UNSPECIFIED.,.F.,.F.,(4,2,2,2,2,2,2,2,2,2,2,2,
2,2,2,2,4),(-1.92437965592642,-1.81889329255455,-1.71583318745525,-1.57674621820391,
-1.44214752547884,-1.30306119493105,-1.16832071178923,-1.10220499385909,
-0.962092973363257,-0.894144071904099,-0.754089048081716,-0.618825971337822,
-0.478734810761491,-0.343502359893004,-0.203375917662836,-0.103156378710166,
0.),.UNSPECIFIED.);
#253=B_SPLINE_CURVE_WITH_KNOTS('',3,(#5713,#5714,#5715,#5716,#5717,#5718,
#5719,#5720,#5721,#5722,#5723,#5724,#5725,#5726,#5727,#5728),
 .UNSPECIFIED.,.F.,.F.,(4,2,2,2,2,2,2,4),(0.,0.0963751017204962,0.187990542986347,
0.288432838959775,0.367023200209765,0.400028795771279,0.453455161882063,
0.505923105958882),.UNSPECIFIED.);
#254=B_SPLINE_CURVE_WITH_KNOTS('',3,(#6167,#6168,#6169,#6170,#6171,#6172,
#6173,#6174),.UNSPECIFIED.,.F.,.F.,(4,2,2,4),(0.0109157260124474,0.0189037869880703,
0.0286703020046658,0.0384368170212613),.UNSPECIFIED.);
#255=B_SPLINE_CURVE_WITH_KNOTS('',3,(#6196,#6197,#6198,#6199,#6200,#6201,
#6202,#6203),.UNSPECIFIED.,.F.,.F.,(4,2,2,4),(-0.157696266263948,-0.149708205288326,
-0.13994169027173,-0.130175175255135),.UNSPECIFIED.);
#256=FACE_OUTER_BOUND('',#393,.T.);
#257=FACE_OUTER_BOUND('',#394,.T.);
#258=FACE_OUTER_BOUND('',#395,.T.);
#259=FACE_OUTER_BOUND('',#396,.T.);
#260=FACE_OUTER_BOUND('',#397,.T.);
#261=FACE_OUTER_BOUND('',#398,.T.);
#262=FACE_OUTER_BOUND('',#399,.T.);
#263=FACE_OUTER_BOUND('',#400,.T.);
#264=FACE_OUTER_BOUND('',#401,.T.);
#265=FACE_OUTER_BOUND('',#402,.T.);
#266=FACE_OUTER_BOUND('',#403,.T.);
#267=FACE_OUTER_BOUND('',#404,.T.);
#268=FACE_OUTER_BOUND('',#405,.T.);
#269=FACE_OUTER_BOUND('',#406,.T.);
#270=FACE_OUTER_BOUND('',#407,.T.);
#271=FACE_OUTER_BOUND('',#408,.T.);
#272=FACE_OUTER_BOUND('',#409,.T.);
#273=FACE_OUTER_BOUND('',#410,.T.);
#274=FACE_OUTER_BOUND('',#411,.T.);
#275=FACE_OUTER_BOUND('',#412,.T.);
#276=FACE_OUTER_BOUND('',#413,.T.);
#277=FACE_OUTER_BOUND('',#414,.T.);
#278=FACE_OUTER_BOUND('',#416,.T.);
#279=FACE_OUTER_BOUND('',#418,.T.);
#280=FACE_OUTER_BOUND('',#419,.T.);
#281=FACE_OUTER_BOUND('',#420,.T.);
#282=FACE_OUTER_BOUND('',#421,.T.);
#283=FACE_OUTER_BOUND('',#422,.T.);
#284=FACE_OUTER_BOUND('',#423,.T.);
#285=FACE_OUTER_BOUND('',#424,.T.);
#286=FACE_OUTER_BOUND('',#425,.T.);
#287=FACE_OUTER_BOUND('',#426,.T.);
#288=FACE_OUTER_BOUND('',#427,.T.);
#289=FACE_OUTER_BOUND('',#428,.T.);
#290=FACE_OUTER_BOUND('',#429,.T.);
#291=FACE_OUTER_BOUND('',#430,.T.);
#292=FACE_OUTER_BOUND('',#431,.T.);
#293=FACE_OUTER_BOUND('',#432,.T.);
#294=FACE_OUTER_BOUND('',#433,.T.);
#295=FACE_OUTER_BOUND('',#434,.T.);
#296=FACE_OUTER_BOUND('',#435,.T.);
#297=FACE_OUTER_BOUND('',#436,.T.);
#298=FACE_OUTER_BOUND('',#437,.T.);
#299=FACE_OUTER_BOUND('',#438,.T.);
#300=FACE_OUTER_BOUND('',#439,.T.);
#301=FACE_OUTER_BOUND('',#440,.T.);
#302=FACE_OUTER_BOUND('',#441,.T.);
#303=FACE_OUTER_BOUND('',#442,.T.);
#304=FACE_OUTER_BOUND('',#443,.T.);
#305=FACE_OUTER_BOUND('',#444,.T.);
#306=FACE_OUTER_BOUND('',#445,.T.);
#307=FACE_OUTER_BOUND('',#446,.T.);
#308=FACE_OUTER_BOUND('',#447,.T.);
#309=FACE_OUTER_BOUND('',#448,.T.);
#310=FACE_OUTER_BOUND('',#449,.T.);
#311=FACE_OUTER_BOUND('',#450,.T.);
#312=FACE_OUTER_BOUND('',#451,.T.);
#313=FACE_OUTER_BOUND('',#452,.T.);
#314=FACE_OUTER_BOUND('',#453,.T.);
#315=FACE_OUTER_BOUND('',#454,.T.);
#316=FACE_OUTER_BOUND('',#455,.T.);
#317=FACE_OUTER_BOUND('',#456,.T.);
#318=FACE_OUTER_BOUND('',#457,.T.);
#319=FACE_OUTER_BOUND('',#458,.T.);
#320=FACE_OUTER_BOUND('',#459,.T.);
#321=FACE_OUTER_BOUND('',#460,.T.);
#322=FACE_OUTER_BOUND('',#461,.T.);
#323=FACE_OUTER_BOUND('',#462,.T.);
#324=FACE_OUTER_BOUND('',#463,.T.);
#325=FACE_OUTER_BOUND('',#464,.T.);
#326=FACE_OUTER_BOUND('',#465,.T.);
#327=FACE_OUTER_BOUND('',#466,.T.);
#328=FACE_OUTER_BOUND('',#467,.T.);
#329=FACE_OUTER_BOUND('',#468,.T.);
#330=FACE_OUTER_BOUND('',#469,.T.);
#331=FACE_OUTER_BOUND('',#470,.T.);
#332=FACE_OUTER_BOUND('',#471,.T.);
#333=FACE_OUTER_BOUND('',#472,.T.);
#334=FACE_OUTER_BOUND('',#473,.T.);
#335=FACE_OUTER_BOUND('',#474,.T.);
#336=FACE_OUTER_BOUND('',#475,.T.);
#337=FACE_OUTER_BOUND('',#476,.T.);
#338=FACE_OUTER_BOUND('',#477,.T.);
#339=FACE_OUTER_BOUND('',#478,.T.);
#340=FACE_OUTER_BOUND('',#479,.T.);
#341=FACE_OUTER_BOUND('',#480,.T.);
#342=FACE_OUTER_BOUND('',#481,.T.);
#343=FACE_OUTER_BOUND('',#482,.T.);
#344=FACE_OUTER_BOUND('',#483,.T.);
#345=FACE_OUTER_BOUND('',#484,.T.);
#346=FACE_OUTER_BOUND('',#485,.T.);
#347=FACE_OUTER_BOUND('',#486,.T.);
#348=FACE_OUTER_BOUND('',#487,.T.);
#349=FACE_OUTER_BOUND('',#488,.T.);
#350=FACE_OUTER_BOUND('',#489,.T.);
#351=FACE_OUTER_BOUND('',#490,.T.);
#352=FACE_OUTER_BOUND('',#491,.T.);
#353=FACE_OUTER_BOUND('',#492,.T.);
#354=FACE_OUTER_BOUND('',#493,.T.);
#355=FACE_OUTER_BOUND('',#494,.T.);
#356=FACE_OUTER_BOUND('',#497,.T.);
#357=FACE_OUTER_BOUND('',#498,.T.);
#358=FACE_OUTER_BOUND('',#499,.T.);
#359=FACE_OUTER_BOUND('',#500,.T.);
#360=FACE_OUTER_BOUND('',#504,.T.);
#361=FACE_OUTER_BOUND('',#505,.T.);
#362=FACE_OUTER_BOUND('',#506,.T.);
#363=FACE_OUTER_BOUND('',#507,.T.);
#364=FACE_OUTER_BOUND('',#508,.T.);
#365=FACE_OUTER_BOUND('',#509,.T.);
#366=FACE_OUTER_BOUND('',#510,.T.);
#367=FACE_OUTER_BOUND('',#511,.T.);
#368=FACE_OUTER_BOUND('',#512,.T.);
#369=FACE_OUTER_BOUND('',#513,.T.);
#370=FACE_OUTER_BOUND('',#514,.T.);
#371=FACE_OUTER_BOUND('',#515,.T.);
#372=FACE_OUTER_BOUND('',#516,.T.);
#373=FACE_OUTER_BOUND('',#517,.T.);
#374=FACE_OUTER_BOUND('',#518,.T.);
#375=FACE_OUTER_BOUND('',#519,.T.);
#376=FACE_OUTER_BOUND('',#520,.T.);
#377=FACE_OUTER_BOUND('',#521,.T.);
#378=FACE_OUTER_BOUND('',#522,.T.);
#379=FACE_OUTER_BOUND('',#523,.T.);
#380=FACE_OUTER_BOUND('',#524,.T.);
#381=FACE_OUTER_BOUND('',#525,.T.);
#382=FACE_OUTER_BOUND('',#526,.T.);
#383=FACE_OUTER_BOUND('',#527,.T.);
#384=FACE_OUTER_BOUND('',#528,.T.);
#385=FACE_OUTER_BOUND('',#529,.T.);
#386=FACE_OUTER_BOUND('',#530,.T.);
#387=FACE_OUTER_BOUND('',#531,.T.);
#388=FACE_OUTER_BOUND('',#532,.T.);
#389=FACE_OUTER_BOUND('',#533,.T.);
#390=FACE_OUTER_BOUND('',#534,.T.);
#391=FACE_OUTER_BOUND('',#535,.T.);
#392=FACE_OUTER_BOUND('',#536,.T.);
#393=EDGE_LOOP('',(#1637,#1638,#1639,#1640));
#394=EDGE_LOOP('',(#1641,#1642,#1643,#1644));
#395=EDGE_LOOP('',(#1645,#1646,#1647,#1648));
#396=EDGE_LOOP('',(#1649,#1650,#1651,#1652));
#397=EDGE_LOOP('',(#1653,#1654,#1655,#1656));
#398=EDGE_LOOP('',(#1657,#1658,#1659,#1660));
#399=EDGE_LOOP('',(#1661,#1662,#1663));
#400=EDGE_LOOP('',(#1664,#1665,#1666,#1667,#1668,#1669));
#401=EDGE_LOOP('',(#1670,#1671,#1672,#1673));
#402=EDGE_LOOP('',(#1674,#1675,#1676,#1677));
#403=EDGE_LOOP('',(#1678,#1679,#1680,#1681));
#404=EDGE_LOOP('',(#1682,#1683,#1684,#1685));
#405=EDGE_LOOP('',(#1686,#1687,#1688,#1689));
#406=EDGE_LOOP('',(#1690,#1691,#1692));
#407=EDGE_LOOP('',(#1693,#1694,#1695,#1696,#1697));
#408=EDGE_LOOP('',(#1698,#1699,#1700,#1701));
#409=EDGE_LOOP('',(#1702,#1703,#1704,#1705,#1706));
#410=EDGE_LOOP('',(#1707,#1708,#1709,#1710,#1711,#1712,#1713,#1714,#1715,
#1716,#1717,#1718,#1719,#1720,#1721,#1722,#1723));
#411=EDGE_LOOP('',(#1724,#1725,#1726,#1727));
#412=EDGE_LOOP('',(#1728,#1729,#1730,#1731));
#413=EDGE_LOOP('',(#1732,#1733,#1734,#1735,#1736,#1737,#1738,#1739,#1740,
#1741,#1742,#1743,#1744,#1745,#1746,#1747));
#414=EDGE_LOOP('',(#1748));
#415=EDGE_LOOP('',(#1749));
#416=EDGE_LOOP('',(#1750));
#417=EDGE_LOOP('',(#1751));
#418=EDGE_LOOP('',(#1752,#1753));
#419=EDGE_LOOP('',(#1754,#1755,#1756,#1757,#1758,#1759));
#420=EDGE_LOOP('',(#1760,#1761,#1762,#1763,#1764,#1765,#1766,#1767));
#421=EDGE_LOOP('',(#1768,#1769,#1770,#1771,#1772));
#422=EDGE_LOOP('',(#1773,#1774));
#423=EDGE_LOOP('',(#1775,#1776,#1777,#1778,#1779,#1780));
#424=EDGE_LOOP('',(#1781,#1782,#1783,#1784));
#425=EDGE_LOOP('',(#1785,#1786,#1787,#1788));
#426=EDGE_LOOP('',(#1789,#1790,#1791));
#427=EDGE_LOOP('',(#1792,#1793,#1794,#1795));
#428=EDGE_LOOP('',(#1796,#1797,#1798));
#429=EDGE_LOOP('',(#1799,#1800,#1801,#1802));
#430=EDGE_LOOP('',(#1803,#1804,#1805,#1806));
#431=EDGE_LOOP('',(#1807,#1808,#1809,#1810));
#432=EDGE_LOOP('',(#1811,#1812,#1813,#1814));
#433=EDGE_LOOP('',(#1815,#1816,#1817,#1818));
#434=EDGE_LOOP('',(#1819,#1820,#1821));
#435=EDGE_LOOP('',(#1822,#1823,#1824,#1825));
#436=EDGE_LOOP('',(#1826,#1827,#1828,#1829));
#437=EDGE_LOOP('',(#1830,#1831,#1832));
#438=EDGE_LOOP('',(#1833,#1834,#1835,#1836));
#439=EDGE_LOOP('',(#1837,#1838,#1839,#1840));
#440=EDGE_LOOP('',(#1841,#1842,#1843,#1844));
#441=EDGE_LOOP('',(#1845,#1846,#1847,#1848));
#442=EDGE_LOOP('',(#1849,#1850,#1851,#1852));
#443=EDGE_LOOP('',(#1853,#1854,#1855,#1856));
#444=EDGE_LOOP('',(#1857,#1858,#1859,#1860));
#445=EDGE_LOOP('',(#1861,#1862,#1863,#1864));
#446=EDGE_LOOP('',(#1865,#1866,#1867,#1868));
#447=EDGE_LOOP('',(#1869,#1870,#1871,#1872));
#448=EDGE_LOOP('',(#1873,#1874,#1875,#1876,#1877,#1878));
#449=EDGE_LOOP('',(#1879,#1880,#1881,#1882));
#450=EDGE_LOOP('',(#1883,#1884,#1885,#1886,#1887,#1888));
#451=EDGE_LOOP('',(#1889,#1890,#1891,#1892));
#452=EDGE_LOOP('',(#1893,#1894,#1895,#1896,#1897,#1898));
#453=EDGE_LOOP('',(#1899,#1900,#1901,#1902));
#454=EDGE_LOOP('',(#1903,#1904,#1905,#1906,#1907,#1908));
#455=EDGE_LOOP('',(#1909,#1910,#1911,#1912));
#456=EDGE_LOOP('',(#1913,#1914,#1915,#1916,#1917,#1918));
#457=EDGE_LOOP('',(#1919,#1920,#1921,#1922));
#458=EDGE_LOOP('',(#1923,#1924,#1925,#1926,#1927,#1928));
#459=EDGE_LOOP('',(#1929,#1930,#1931,#1932));
#460=EDGE_LOOP('',(#1933,#1934,#1935,#1936));
#461=EDGE_LOOP('',(#1937,#1938,#1939,#1940));
#462=EDGE_LOOP('',(#1941,#1942,#1943,#1944));
#463=EDGE_LOOP('',(#1945,#1946,#1947,#1948));
#464=EDGE_LOOP('',(#1949,#1950,#1951,#1952));
#465=EDGE_LOOP('',(#1953,#1954,#1955,#1956));
#466=EDGE_LOOP('',(#1957,#1958,#1959,#1960,#1961,#1962));
#467=EDGE_LOOP('',(#1963,#1964,#1965,#1966));
#468=EDGE_LOOP('',(#1967,#1968,#1969,#1970,#1971,#1972));
#469=EDGE_LOOP('',(#1973,#1974,#1975,#1976));
#470=EDGE_LOOP('',(#1977,#1978,#1979,#1980,#1981,#1982));
#471=EDGE_LOOP('',(#1983,#1984,#1985,#1986));
#472=EDGE_LOOP('',(#1987,#1988,#1989,#1990,#1991,#1992));
#473=EDGE_LOOP('',(#1993,#1994,#1995,#1996,#1997,#1998));
#474=EDGE_LOOP('',(#1999,#2000,#2001,#2002));
#475=EDGE_LOOP('',(#2003,#2004,#2005,#2006,#2007,#2008));
#476=EDGE_LOOP('',(#2009,#2010,#2011,#2012));
#477=EDGE_LOOP('',(#2013,#2014,#2015,#2016,#2017,#2018));
#478=EDGE_LOOP('',(#2019,#2020,#2021,#2022));
#479=EDGE_LOOP('',(#2023,#2024,#2025,#2026,#2027,#2028));
#480=EDGE_LOOP('',(#2029,#2030,#2031,#2032));
#481=EDGE_LOOP('',(#2033,#2034,#2035,#2036,#2037,#2038,#2039,#2040,#2041,
#2042,#2043,#2044));
#482=EDGE_LOOP('',(#2045,#2046,#2047,#2048));
#483=EDGE_LOOP('',(#2049,#2050,#2051,#2052,#2053,#2054,#2055,#2056,#2057,
#2058,#2059,#2060));
#484=EDGE_LOOP('',(#2061,#2062,#2063,#2064));
#485=EDGE_LOOP('',(#2065,#2066,#2067,#2068));
#486=EDGE_LOOP('',(#2069,#2070,#2071,#2072));
#487=EDGE_LOOP('',(#2073,#2074,#2075,#2076));
#488=EDGE_LOOP('',(#2077,#2078,#2079,#2080));
#489=EDGE_LOOP('',(#2081,#2082,#2083,#2084));
#490=EDGE_LOOP('',(#2085,#2086,#2087,#2088));
#491=EDGE_LOOP('',(#2089,#2090,#2091,#2092,#2093,#2094,#2095,#2096,#2097,
#2098));
#492=EDGE_LOOP('',(#2099,#2100,#2101,#2102));
#493=EDGE_LOOP('',(#2103,#2104,#2105,#2106));
#494=EDGE_LOOP('',(#2107,#2108,#2109,#2110,#2111,#2112,#2113,#2114));
#495=EDGE_LOOP('',(#2115,#2116,#2117,#2118));
#496=EDGE_LOOP('',(#2119,#2120,#2121,#2122));
#497=EDGE_LOOP('',(#2123,#2124,#2125,#2126));
#498=EDGE_LOOP('',(#2127,#2128,#2129,#2130));
#499=EDGE_LOOP('',(#2131,#2132,#2133,#2134));
#500=EDGE_LOOP('',(#2135,#2136,#2137,#2138,#2139,#2140,#2141,#2142));
#501=EDGE_LOOP('',(#2143,#2144,#2145,#2146));
#502=EDGE_LOOP('',(#2147,#2148,#2149,#2150));
#503=EDGE_LOOP('',(#2151,#2152,#2153,#2154));
#504=EDGE_LOOP('',(#2155,#2156,#2157,#2158));
#505=EDGE_LOOP('',(#2159,#2160,#2161,#2162));
#506=EDGE_LOOP('',(#2163,#2164,#2165,#2166,#2167,#2168,#2169,#2170));
#507=EDGE_LOOP('',(#2171,#2172,#2173,#2174));
#508=EDGE_LOOP('',(#2175,#2176,#2177,#2178));
#509=EDGE_LOOP('',(#2179,#2180,#2181,#2182));
#510=EDGE_LOOP('',(#2183,#2184,#2185,#2186,#2187,#2188));
#511=EDGE_LOOP('',(#2189,#2190,#2191,#2192));
#512=EDGE_LOOP('',(#2193,#2194,#2195,#2196));
#513=EDGE_LOOP('',(#2197,#2198,#2199,#2200));
#514=EDGE_LOOP('',(#2201,#2202,#2203,#2204));
#515=EDGE_LOOP('',(#2205,#2206,#2207,#2208));
#516=EDGE_LOOP('',(#2209,#2210,#2211,#2212));
#517=EDGE_LOOP('',(#2213,#2214,#2215,#2216,#2217));
#518=EDGE_LOOP('',(#2218,#2219,#2220,#2221,#2222));
#519=EDGE_LOOP('',(#2223,#2224,#2225,#2226));
#520=EDGE_LOOP('',(#2227,#2228,#2229));
#521=EDGE_LOOP('',(#2230,#2231,#2232,#2233));
#522=EDGE_LOOP('',(#2234,#2235,#2236));
#523=EDGE_LOOP('',(#2237,#2238,#2239,#2240));
#524=EDGE_LOOP('',(#2241,#2242,#2243,#2244,#2245,#2246,#2247,#2248));
#525=EDGE_LOOP('',(#2249,#2250,#2251,#2252));
#526=EDGE_LOOP('',(#2253,#2254,#2255,#2256,#2257));
#527=EDGE_LOOP('',(#2258,#2259,#2260,#2261,#2262,#2263,#2264,#2265,#2266,
#2267,#2268,#2269,#2270,#2271,#2272,#2273,#2274,#2275,#2276,#2277));
#528=EDGE_LOOP('',(#2278,#2279,#2280,#2281));
#529=EDGE_LOOP('',(#2282,#2283,#2284,#2285));
#530=EDGE_LOOP('',(#2286,#2287,#2288,#2289));
#531=EDGE_LOOP('',(#2290,#2291,#2292,#2293));
#532=EDGE_LOOP('',(#2294,#2295,#2296,#2297,#2298,#2299,#2300,#2301,#2302,
#2303,#2304,#2305,#2306,#2307,#2308,#2309,#2310,#2311,#2312,#2313));
#533=EDGE_LOOP('',(#2314,#2315,#2316,#2317));
#534=EDGE_LOOP('',(#2318,#2319,#2320,#2321));
#535=EDGE_LOOP('',(#2322,#2323,#2324,#2325,#2326));
#536=EDGE_LOOP('',(#2327,#2328,#2329,#2330,#2331,#2332,#2333,#2334,#2335,
#2336,#2337,#2338));
#537=EDGE_LOOP('',(#2339,#2340,#2341,#2342));
#538=(
BOUNDED_CURVE()
B_SPLINE_CURVE(2,(#3367,#3368,#3369,#3370,#3371,#3372,#3373,#3374,#3375),
 .UNSPECIFIED.,.F.,.F.)
B_SPLINE_CURVE_WITH_KNOTS((3,2,2,2,3),(0.,0.0178571428571429,0.0357142857142857,
0.0535714285714286,0.0714285714285714),.UNSPECIFIED.)
CURVE()
GEOMETRIC_REPRESENTATION_ITEM()
RATIONAL_B_SPLINE_CURVE((1.,0.923879532511287,1.,0.923879532511287,1.,0.923879532511287,
1.,0.923879532511287,1.))
REPRESENTATION_ITEM('')
);
#539=(
BOUNDED_CURVE()
B_SPLINE_CURVE(2,(#3378,#3379,#3380,#3381,#3382,#3383,#3384,#3385,#3386),
 .UNSPECIFIED.,.F.,.F.)
B_SPLINE_CURVE_WITH_KNOTS((3,2,2,2,3),(0.,0.0178571428571429,0.0357142857142857,
0.0535714285714286,0.0714285714285714),.UNSPECIFIED.)
CURVE()
GEOMETRIC_REPRESENTATION_ITEM()
RATIONAL_B_SPLINE_CURVE((1.,0.923879532511287,1.,0.923879532511287,1.,0.923879532511287,
1.,0.923879532511287,1.))
REPRESENTATION_ITEM('')
);
#540=(
BOUNDED_CURVE()
B_SPLINE_CURVE(2,(#3391,#3392,#3393,#3394,#3395,#3396,#3397,#3398,#3399,
#3400,#3401,#3402,#3403,#3404,#3405,#3406,#3407),.UNSPECIFIED.,.F.,.F.)
B_SPLINE_CURVE_WITH_KNOTS((3,2,2,2,2,2,2,2,3),(0.0714285714285714,0.0892857142857143,
0.107142857142857,0.125,0.142857142857143,0.160714285714286,0.178571428571429,
0.196428571428571,0.214285714285714),.UNSPECIFIED.)
CURVE()
GEOMETRIC_REPRESENTATION_ITEM()
RATIONAL_B_SPLINE_CURVE((1.,0.923879532511287,1.,0.923879532511287,1.,0.923879532511287,
1.,0.923879532511287,1.,0.923879532511287,1.,0.923879532511287,1.,0.923879532511287,
1.,0.923879532511287,1.))
REPRESENTATION_ITEM('')
);
#541=(
BOUNDED_CURVE()
B_SPLINE_CURVE(2,(#3408,#3409,#3410,#3411,#3412,#3413,#3414,#3415,#3416,
#3417,#3418,#3419,#3420,#3421,#3422,#3423,#3424),.UNSPECIFIED.,.F.,.F.)
B_SPLINE_CURVE_WITH_KNOTS((3,2,2,2,2,2,2,2,3),(0.0714285714285714,0.0892857142857143,
0.107142857142857,0.125,0.142857142857143,0.160714285714286,0.178571428571429,
0.196428571428571,0.214285714285714),.UNSPECIFIED.)
CURVE()
GEOMETRIC_REPRESENTATION_ITEM()
RATIONAL_B_SPLINE_CURVE((1.,0.923879532511287,1.,0.923879532511287,1.,0.923879532511287,
1.,0.923879532511287,1.,0.923879532511287,1.,0.923879532511287,1.,0.923879532511287,
1.,0.923879532511287,1.))
REPRESENTATION_ITEM('')
);
#542=(
BOUNDED_CURVE()
B_SPLINE_CURVE(2,(#3429,#3430,#3431,#3432,#3433,#3434,#3435,#3436,#3437,
#3438,#3439,#3440,#3441,#3442,#3443,#3444,#3445),.UNSPECIFIED.,.F.,.F.)
B_SPLINE_CURVE_WITH_KNOTS((3,2,2,2,2,2,2,2,3),(0.214285714285714,0.232142857142857,
0.25,0.267857142857143,0.285714285714286,0.303571428571429,0.321428571428571,
0.339285714285714,0.357142857142857),.UNSPECIFIED.)
CURVE()
GEOMETRIC_REPRESENTATION_ITEM()
RATIONAL_B_SPLINE_CURVE((1.,0.923879532511287,1.,0.923879532511287,1.,0.923879532511287,
1.,0.923879532511287,1.,0.923879532511287,1.,0.923879532511287,1.,0.923879532511287,
1.,0.923879532511287,1.))
REPRESENTATION_ITEM('')
);
#543=(
BOUNDED_CURVE()
B_SPLINE_CURVE(2,(#3446,#3447,#3448,#3449,#3450,#3451,#3452,#3453,#3454,
#3455,#3456,#3457,#3458,#3459,#3460,#3461,#3462),.UNSPECIFIED.,.F.,.F.)
B_SPLINE_CURVE_WITH_KNOTS((3,2,2,2,2,2,2,2,3),(0.214285714285714,0.232142857142857,
0.25,0.267857142857143,0.285714285714286,0.303571428571429,0.321428571428571,
0.339285714285714,0.357142857142857),.UNSPECIFIED.)
CURVE()
GEOMETRIC_REPRESENTATION_ITEM()
RATIONAL_B_SPLINE_CURVE((1.,0.923879532511287,1.,0.923879532511287,1.,0.923879532511287,
1.,0.923879532511287,1.,0.923879532511287,1.,0.923879532511287,1.,0.923879532511287,
1.,0.923879532511287,1.))
REPRESENTATION_ITEM('')
);
#544=(
BOUNDED_CURVE()
B_SPLINE_CURVE(2,(#3467,#3468,#3469,#3470,#3471,#3472,#3473,#3474,#3475,
#3476,#3477,#3478,#3479,#3480,#3481,#3482,#3483),.UNSPECIFIED.,.F.,.F.)
B_SPLINE_CURVE_WITH_KNOTS((3,2,2,2,2,2,2,2,3),(0.357142857142857,0.375,
0.392857142857143,0.410714285714286,0.428571428571429,0.446428571428571,
0.464285714285714,0.482142857142857,0.5),.UNSPECIFIED.)
CURVE()
GEOMETRIC_REPRESENTATION_ITEM()
RATIONAL_B_SPLINE_CURVE((1.,0.923879532511287,1.,0.923879532511287,1.,0.923879532511287,
1.,0.923879532511287,1.,0.923879532511287,1.,0.923879532511287,1.,0.923879532511287,
1.,0.923879532511287,1.))
REPRESENTATION_ITEM('')
);
#545=(
BOUNDED_CURVE()
B_SPLINE_CURVE(2,(#3484,#3485,#3486,#3487,#3488,#3489,#3490,#3491,#3492,
#3493,#3494,#3495,#3496,#3497,#3498,#3499,#3500),.UNSPECIFIED.,.F.,.F.)
B_SPLINE_CURVE_WITH_KNOTS((3,2,2,2,2,2,2,2,3),(0.357142857142857,0.375,
0.392857142857143,0.410714285714286,0.428571428571429,0.446428571428571,
0.464285714285714,0.482142857142857,0.5),.UNSPECIFIED.)
CURVE()
GEOMETRIC_REPRESENTATION_ITEM()
RATIONAL_B_SPLINE_CURVE((1.,0.923879532511287,1.,0.923879532511287,1.,0.923879532511287,
1.,0.923879532511287,1.,0.923879532511287,1.,0.923879532511287,1.,0.923879532511287,
1.,0.923879532511287,1.))
REPRESENTATION_ITEM('')
);
#546=(
BOUNDED_CURVE()
B_SPLINE_CURVE(2,(#3505,#3506,#3507,#3508,#3509,#3510,#3511,#3512,#3513,
#3514,#3515,#3516,#3517,#3518,#3519,#3520,#3521),.UNSPECIFIED.,.F.,.F.)
B_SPLINE_CURVE_WITH_KNOTS((3,2,2,2,2,2,2,2,3),(0.5,0.517857142857143,0.535714285714286,
0.553571428571429,0.571428571428571,0.589285714285714,0.607142857142857,
0.625,0.642857142857143),.UNSPECIFIED.)
CURVE()
GEOMETRIC_REPRESENTATION_ITEM()
RATIONAL_B_SPLINE_CURVE((1.,0.923879532511287,1.,0.923879532511287,1.,0.923879532511287,
1.,0.923879532511287,1.,0.923879532511287,1.,0.923879532511287,1.,0.923879532511287,
1.,0.923879532511287,1.))
REPRESENTATION_ITEM('')
);
#547=(
BOUNDED_CURVE()
B_SPLINE_CURVE(2,(#3522,#3523,#3524,#3525,#3526,#3527,#3528,#3529,#3530,
#3531,#3532,#3533,#3534,#3535,#3536,#3537,#3538),.UNSPECIFIED.,.F.,.F.)
B_SPLINE_CURVE_WITH_KNOTS((3,2,2,2,2,2,2,2,3),(0.5,0.517857142857143,0.535714285714286,
0.553571428571429,0.571428571428571,0.589285714285714,0.607142857142857,
0.625,0.642857142857143),.UNSPECIFIED.)
CURVE()
GEOMETRIC_REPRESENTATION_ITEM()
RATIONAL_B_SPLINE_CURVE((1.,0.923879532511287,1.,0.923879532511287,1.,0.923879532511287,
1.,0.923879532511287,1.,0.923879532511287,1.,0.923879532511287,1.,0.923879532511287,
1.,0.923879532511287,1.))
REPRESENTATION_ITEM('')
);
#548=(
BOUNDED_CURVE()
B_SPLINE_CURVE(2,(#3543,#3544,#3545,#3546,#3547,#3548,#3549,#3550,#3551,
#3552,#3553,#3554,#3555,#3556,#3557,#3558,#3559),.UNSPECIFIED.,.F.,.F.)
B_SPLINE_CURVE_WITH_KNOTS((3,2,2,2,2,2,2,2,3),(0.642857142857143,0.660714285714286,
0.678571428571429,0.696428571428571,0.714285714285714,0.732142857142857,
0.75,0.767857142857143,0.785714285714286),.UNSPECIFIED.)
CURVE()
GEOMETRIC_REPRESENTATION_ITEM()
RATIONAL_B_SPLINE_CURVE((1.,0.923879532511287,1.,0.923879532511287,1.,0.923879532511287,
1.,0.923879532511287,1.,0.923879532511287,1.,0.923879532511287,1.,0.923879532511287,
1.,0.923879532511287,1.))
REPRESENTATION_ITEM('')
);
#549=(
BOUNDED_CURVE()
B_SPLINE_CURVE(2,(#3560,#3561,#3562,#3563,#3564,#3565,#3566,#3567,#3568,
#3569,#3570,#3571,#3572,#3573,#3574,#3575,#3576),.UNSPECIFIED.,.F.,.F.)
B_SPLINE_CURVE_WITH_KNOTS((3,2,2,2,2,2,2,2,3),(0.642857142857143,0.660714285714286,
0.678571428571429,0.696428571428571,0.714285714285714,0.732142857142857,
0.75,0.767857142857143,0.785714285714286),.UNSPECIFIED.)
CURVE()
GEOMETRIC_REPRESENTATION_ITEM()
RATIONAL_B_SPLINE_CURVE((1.,0.923879532511287,1.,0.923879532511287,1.,0.923879532511287,
1.,0.923879532511287,1.,0.923879532511287,1.,0.923879532511287,1.,0.923879532511287,
1.,0.923879532511287,1.))
REPRESENTATION_ITEM('')
);
#550=(
BOUNDED_CURVE()
B_SPLINE_CURVE(2,(#4428,#4429,#4430,#4431,#4432,#4433,#4434,#4435,#4436),
 .UNSPECIFIED.,.F.,.F.)
B_SPLINE_CURVE_WITH_KNOTS((3,2,2,2,3),(0.785714285714286,0.803571428571429,
0.821428571428571,0.839285714285714,0.848214285901952),.UNSPECIFIED.)
CURVE()
GEOMETRIC_REPRESENTATION_ITEM()
RATIONAL_B_SPLINE_CURVE((1.,0.923879532511287,1.,0.923879532511287,1.,0.923879532511287,
1.,0.961939765455668,0.961939766255643))
REPRESENTATION_ITEM('')
);
#551=(
BOUNDED_CURVE()
B_SPLINE_CURVE(2,(#4440,#4441,#4442,#4443,#4444,#4445,#4446,#4447,#4448,
#4449,#4450,#4451,#4452),.UNSPECIFIED.,.F.,.F.)
B_SPLINE_CURVE_WITH_KNOTS((3,2,2,2,2,2,3),(0.785714285714286,0.803571428571428,
0.821428571428571,0.839285714285714,0.857142857142857,0.875,0.883928571616238),
 .UNSPECIFIED.)
CURVE()
GEOMETRIC_REPRESENTATION_ITEM()
RATIONAL_B_SPLINE_CURVE((1.,0.923879532511287,1.,0.923879532511287,1.,0.923879532511287,
1.,0.923879532511287,1.,0.923879532511287,1.,0.961939765455668,0.961939766255643))
REPRESENTATION_ITEM('')
);
#552=(
BOUNDED_CURVE()
B_SPLINE_CURVE(2,(#4676,#4677,#4678),.UNSPECIFIED.,.F.,.F.)
B_SPLINE_CURVE_WITH_KNOTS((3,3),(-1.15307546834156,-0.99584504166933),
 .UNSPECIFIED.)
CURVE()
GEOMETRIC_REPRESENTATION_ITEM()
RATIONAL_B_SPLINE_CURVE((1.57082039325719,1.60055095124695,1.61156007806601))
REPRESENTATION_ITEM('')
);
#553=(
BOUNDED_CURVE()
B_SPLINE_CURVE(2,(#4682,#4683,#4684),.UNSPECIFIED.,.F.,.F.)
B_SPLINE_CURVE_WITH_KNOTS((3,3),(-2.61769807755582,-2.46046765089244),
 .UNSPECIFIED.)
CURVE()
GEOMETRIC_REPRESENTATION_ITEM()
RATIONAL_B_SPLINE_CURVE((1.61156007806566,1.60055095124691,1.57082039325957))
REPRESENTATION_ITEM('')
);
#554=(
BOUNDED_CURVE()
B_SPLINE_CURVE(2,(#4967,#4968,#4969,#4970,#4971,#4972,#4973),
 .UNSPECIFIED.,.F.,.F.)
B_SPLINE_CURVE_WITH_KNOTS((3,2,2,3),(0.883928571616238,0.892857142857143,
0.910714285714286,0.928571428571429),.UNSPECIFIED.)
CURVE()
GEOMETRIC_REPRESENTATION_ITEM()
RATIONAL_B_SPLINE_CURVE((0.961939766255643,0.961939767055618,1.,0.923879532511287,
1.,0.923879532511287,1.))
REPRESENTATION_ITEM('')
);
#555=(
BOUNDED_CURVE()
B_SPLINE_CURVE(2,(#5000,#5001,#5002,#5003,#5004,#5005,#5006,#5007,#5008,
#5009,#5010),.UNSPECIFIED.,.F.,.F.)
B_SPLINE_CURVE_WITH_KNOTS((3,2,2,2,2,3),(0.848214285901952,0.857142857142857,
0.875,0.892857142857143,0.910714285714286,0.928571428571429),
 .UNSPECIFIED.)
CURVE()
GEOMETRIC_REPRESENTATION_ITEM()
RATIONAL_B_SPLINE_CURVE((0.961939766255643,0.961939767055619,1.,0.923879532511287,
1.,0.923879532511287,1.,0.923879532511287,1.,0.923879532511287,1.))
REPRESENTATION_ITEM('')
);
#556=LINE('',#3365,#805);
#557=LINE('',#3377,#806);
#558=LINE('',#3390,#807);
#559=LINE('',#3428,#808);
#560=LINE('',#3466,#809);
#561=LINE('',#3504,#810);
#562=LINE('',#3542,#811);
#563=LINE('',#3580,#812);
#564=LINE('',#3606,#813);
#565=LINE('',#3645,#814);
#566=LINE('',#3669,#815);
#567=LINE('',#3745,#816);
#568=LINE('',#3821,#817);
#569=LINE('',#3899,#818);
#570=LINE('',#3975,#819);
#571=LINE('',#4059,#820);
#572=LINE('',#4065,#821);
#573=LINE('',#4427,#822);
#574=LINE('',#4438,#823);
#575=LINE('',#4670,#824);
#576=LINE('',#4674,#825);
#577=LINE('',#4680,#826);
#578=LINE('',#4685,#827);
#579=LINE('',#4689,#828);
#580=LINE('',#4697,#829);
#581=LINE('',#4701,#830);
#582=LINE('',#4705,#831);
#583=LINE('',#4706,#832);
#584=LINE('',#4711,#833);
#585=LINE('',#4716,#834);
#586=LINE('',#4722,#835);
#587=LINE('',#4726,#836);
#588=LINE('',#4733,#837);
#589=LINE('',#4736,#838);
#590=LINE('',#4742,#839);
#591=LINE('',#4745,#840);
#592=LINE('',#4751,#841);
#593=LINE('',#4754,#842);
#594=LINE('',#4991,#843);
#595=LINE('',#4994,#844);
#596=LINE('',#4996,#845);
#597=LINE('',#4997,#846);
#598=LINE('',#5732,#847);
#599=LINE('',#5736,#848);
#600=LINE('',#5741,#849);
#601=LINE('',#5745,#850);
#602=LINE('',#5750,#851);
#603=LINE('',#5752,#852);
#604=LINE('',#5754,#853);
#605=LINE('',#5755,#854);
#606=LINE('',#5760,#855);
#607=LINE('',#5764,#856);
#608=LINE('',#5766,#857);
#609=LINE('',#5767,#858);
#610=LINE('',#5771,#859);
#611=LINE('',#5773,#860);
#612=LINE('',#5775,#861);
#613=LINE('',#5776,#862);
#614=LINE('',#5781,#863);
#615=LINE('',#5785,#864);
#616=LINE('',#5787,#865);
#617=LINE('',#5788,#866);
#618=LINE('',#5791,#867);
#619=LINE('',#5793,#868);
#620=LINE('',#5794,#869);
#621=LINE('',#5798,#870);
#622=LINE('',#5800,#871);
#623=LINE('',#5801,#872);
#624=LINE('',#5802,#873);
#625=LINE('',#5805,#874);
#626=LINE('',#5806,#875);
#627=LINE('',#5809,#876);
#628=LINE('',#5811,#877);
#629=LINE('',#5812,#878);
#630=LINE('',#5815,#879);
#631=LINE('',#5817,#880);
#632=LINE('',#5818,#881);
#633=LINE('',#5822,#882);
#634=LINE('',#5824,#883);
#635=LINE('',#5825,#884);
#636=LINE('',#5826,#885);
#637=LINE('',#5829,#886);
#638=LINE('',#5830,#887);
#639=LINE('',#5833,#888);
#640=LINE('',#5835,#889);
#641=LINE('',#5836,#890);
#642=LINE('',#5839,#891);
#643=LINE('',#5841,#892);
#644=LINE('',#5842,#893);
#645=LINE('',#5844,#894);
#646=LINE('',#5846,#895);
#647=LINE('',#5847,#896);
#648=LINE('',#5850,#897);
#649=LINE('',#5851,#898);
#650=LINE('',#5853,#899);
#651=LINE('',#5854,#900);
#652=LINE('',#5858,#901);
#653=LINE('',#5859,#902);
#654=LINE('',#5860,#903);
#655=LINE('',#5864,#904);
#656=LINE('',#5866,#905);
#657=LINE('',#5868,#906);
#658=LINE('',#5869,#907);
#659=LINE('',#5871,#908);
#660=LINE('',#5872,#909);
#661=LINE('',#5876,#910);
#662=LINE('',#5877,#911);
#663=LINE('',#5878,#912);
#664=LINE('',#5882,#913);
#665=LINE('',#5884,#914);
#666=LINE('',#5886,#915);
#667=LINE('',#5887,#916);
#668=LINE('',#5891,#917);
#669=LINE('',#5893,#918);
#670=LINE('',#5895,#919);
#671=LINE('',#5896,#920);
#672=LINE('',#5899,#921);
#673=LINE('',#5901,#922);
#674=LINE('',#5902,#923);
#675=LINE('',#5905,#924);
#676=LINE('',#5906,#925);
#677=LINE('',#5909,#926);
#678=LINE('',#5910,#927);
#679=LINE('',#5912,#928);
#680=LINE('',#5915,#929);
#681=LINE('',#5917,#930);
#682=LINE('',#5918,#931);
#683=LINE('',#5921,#932);
#684=LINE('',#5922,#933);
#685=LINE('',#5925,#934);
#686=LINE('',#5926,#935);
#687=LINE('',#5928,#936);
#688=LINE('',#5932,#937);
#689=LINE('',#5933,#938);
#690=LINE('',#5934,#939);
#691=LINE('',#5937,#940);
#692=LINE('',#5938,#941);
#693=LINE('',#5941,#942);
#694=LINE('',#5942,#943);
#695=LINE('',#5944,#944);
#696=LINE('',#5948,#945);
#697=LINE('',#5949,#946);
#698=LINE('',#5950,#947);
#699=LINE('',#5953,#948);
#700=LINE('',#5954,#949);
#701=LINE('',#5957,#950);
#702=LINE('',#5958,#951);
#703=LINE('',#5960,#952);
#704=LINE('',#5963,#953);
#705=LINE('',#5965,#954);
#706=LINE('',#5966,#955);
#707=LINE('',#5969,#956);
#708=LINE('',#5970,#957);
#709=LINE('',#5973,#958);
#710=LINE('',#5974,#959);
#711=LINE('',#5976,#960);
#712=LINE('',#5980,#961);
#713=LINE('',#5982,#962);
#714=LINE('',#5984,#963);
#715=LINE('',#5985,#964);
#716=LINE('',#5989,#965);
#717=LINE('',#5991,#966);
#718=LINE('',#5993,#967);
#719=LINE('',#5994,#968);
#720=LINE('',#5997,#969);
#721=LINE('',#5999,#970);
#722=LINE('',#6000,#971);
#723=LINE('',#6003,#972);
#724=LINE('',#6005,#973);
#725=LINE('',#6006,#974);
#726=LINE('',#6009,#975);
#727=LINE('',#6010,#976);
#728=LINE('',#6013,#977);
#729=LINE('',#6014,#978);
#730=LINE('',#6016,#979);
#731=LINE('',#6018,#980);
#732=LINE('',#6022,#981);
#733=LINE('',#6026,#982);
#734=LINE('',#6027,#983);
#735=LINE('',#6030,#984);
#736=LINE('',#6031,#985);
#737=LINE('',#6034,#986);
#738=LINE('',#6035,#987);
#739=LINE('',#6038,#988);
#740=LINE('',#6040,#989);
#741=LINE('',#6041,#990);
#742=LINE('',#6045,#991);
#743=LINE('',#6046,#992);
#744=LINE('',#6047,#993);
#745=LINE('',#6051,#994);
#746=LINE('',#6052,#995);
#747=LINE('',#6053,#996);
#748=LINE('',#6057,#997);
#749=LINE('',#6058,#998);
#750=LINE('',#6059,#999);
#751=LINE('',#6061,#1000);
#752=LINE('',#6063,#1001);
#753=LINE('',#6064,#1002);
#754=LINE('',#6065,#1003);
#755=LINE('',#6068,#1004);
#756=LINE('',#6069,#1005);
#757=LINE('',#6072,#1006);
#758=LINE('',#6073,#1007);
#759=LINE('',#6076,#1008);
#760=LINE('',#6078,#1009);
#761=LINE('',#6079,#1010);
#762=LINE('',#6083,#1011);
#763=LINE('',#6084,#1012);
#764=LINE('',#6085,#1013);
#765=LINE('',#6089,#1014);
#766=LINE('',#6090,#1015);
#767=LINE('',#6091,#1016);
#768=LINE('',#6095,#1017);
#769=LINE('',#6096,#1018);
#770=LINE('',#6097,#1019);
#771=LINE('',#6100,#1020);
#772=LINE('',#6104,#1021);
#773=LINE('',#6107,#1022);
#774=LINE('',#6110,#1023);
#775=LINE('',#6112,#1024);
#776=LINE('',#6116,#1025);
#777=LINE('',#6118,#1026);
#778=LINE('',#6122,#1027);
#779=LINE('',#6124,#1028);
#780=LINE('',#6128,#1029);
#781=LINE('',#6130,#1030);
#782=LINE('',#6137,#1031);
#783=LINE('',#6140,#1032);
#784=LINE('',#6143,#1033);
#785=LINE('',#6145,#1034);
#786=LINE('',#6146,#1035);
#787=LINE('',#6151,#1036);
#788=LINE('',#6152,#1037);
#789=LINE('',#6156,#1038);
#790=LINE('',#6158,#1039);
#791=LINE('',#6162,#1040);
#792=LINE('',#6163,#1041);
#793=LINE('',#6193,#1042);
#794=LINE('',#6205,#1043);
#795=LINE('',#6208,#1044);
#796=LINE('',#6209,#1045);
#797=LINE('',#6225,#1046);
#798=LINE('',#6227,#1047);
#799=LINE('',#6229,#1048);
#800=LINE('',#6231,#1049);
#801=LINE('',#6261,#1050);
#802=LINE('',#6263,#1051);
#803=LINE('',#6265,#1052);
#804=LINE('',#6267,#1053);
#805=VECTOR('',#2732,2.95873412499999);
#806=VECTOR('',#2733,1000.);
#807=VECTOR('',#2736,2.95873412499999);
#808=VECTOR('',#2739,2.95873412499999);
#809=VECTOR('',#2742,2.95873412499999);
#810=VECTOR('',#2745,2.95873412499999);
#811=VECTOR('',#2748,2.95873412499999);
#812=VECTOR('',#2751,3.5);
#813=VECTOR('',#2756,3.5);
#814=VECTOR('',#2759,1000.);
#815=VECTOR('',#2762,3.5);
#816=VECTOR('',#2765,3.5);
#817=VECTOR('',#2768,3.5);
#818=VECTOR('',#2771,3.5);
#819=VECTOR('',#2774,3.5);
#820=VECTOR('',#2781,3.50000000003092);
#821=VECTOR('',#2788,1.5);
#822=VECTOR('',#2795,1000.);
#823=VECTOR('',#2798,1000.);
#824=VECTOR('',#2809,10.);
#825=VECTOR('',#2814,1000.);
#826=VECTOR('',#2815,1000.);
#827=VECTOR('',#2816,1000.);
#828=VECTOR('',#2821,3.);
#829=VECTOR('',#2832,10.);
#830=VECTOR('',#2835,10.);
#831=VECTOR('',#2838,10.);
#832=VECTOR('',#2839,10.);
#833=VECTOR('',#2844,1000.);
#834=VECTOR('',#2851,1000.);
#835=VECTOR('',#2860,1000.);
#836=VECTOR('',#2867,1000.);
#837=VECTOR('',#2874,1000.);
#838=VECTOR('',#2877,1000.);
#839=VECTOR('',#2882,1000.);
#840=VECTOR('',#2885,1000.);
#841=VECTOR('',#2890,1000.);
#842=VECTOR('',#2893,1000.);
#843=VECTOR('',#2894,10.);
#844=VECTOR('',#2897,1000.);
#845=VECTOR('',#2898,10.);
#846=VECTOR('',#2899,10.);
#847=VECTOR('',#2906,1000.);
#848=VECTOR('',#2909,1000.);
#849=VECTOR('',#2914,1000.);
#850=VECTOR('',#2917,1000.);
#851=VECTOR('',#2922,1000.);
#852=VECTOR('',#2923,1000.);
#853=VECTOR('',#2924,1000.);
#854=VECTOR('',#2925,1000.);
#855=VECTOR('',#2930,1000.);
#856=VECTOR('',#2935,1000.);
#857=VECTOR('',#2936,1000.);
#858=VECTOR('',#2937,1000.);
#859=VECTOR('',#2940,1000.);
#860=VECTOR('',#2941,1000.);
#861=VECTOR('',#2942,1000.);
#862=VECTOR('',#2943,1000.);
#863=VECTOR('',#2948,1000.);
#864=VECTOR('',#2953,1000.);
#865=VECTOR('',#2954,1000.);
#866=VECTOR('',#2955,1000.);
#867=VECTOR('',#2958,1000.);
#868=VECTOR('',#2959,1000.);
#869=VECTOR('',#2960,1000.);
#870=VECTOR('',#2963,1000.);
#871=VECTOR('',#2964,1000.);
#872=VECTOR('',#2965,1000.);
#873=VECTOR('',#2966,1000.);
#874=VECTOR('',#2969,1000.);
#875=VECTOR('',#2970,1000.);
#876=VECTOR('',#2973,1000.);
#877=VECTOR('',#2974,1000.);
#878=VECTOR('',#2975,1000.);
#879=VECTOR('',#2978,1000.);
#880=VECTOR('',#2979,1000.);
#881=VECTOR('',#2980,1000.);
#882=VECTOR('',#2983,1000.);
#883=VECTOR('',#2984,1000.);
#884=VECTOR('',#2985,1000.);
#885=VECTOR('',#2986,1000.);
#886=VECTOR('',#2989,1000.);
#887=VECTOR('',#2990,1000.);
#888=VECTOR('',#2993,1000.);
#889=VECTOR('',#2994,1000.);
#890=VECTOR('',#2995,1000.);
#891=VECTOR('',#2998,1000.);
#892=VECTOR('',#2999,1000.);
#893=VECTOR('',#3000,1000.);
#894=VECTOR('',#3003,1000.);
#895=VECTOR('',#3004,1000.);
#896=VECTOR('',#3005,1000.);
#897=VECTOR('',#3008,1000.);
#898=VECTOR('',#3009,1000.);
#899=VECTOR('',#3012,1000.);
#900=VECTOR('',#3013,1000.);
#901=VECTOR('',#3016,1000.);
#902=VECTOR('',#3017,1000.);
#903=VECTOR('',#3018,1000.);
#904=VECTOR('',#3021,1000.);
#905=VECTOR('',#3022,1000.);
#906=VECTOR('',#3023,1000.);
#907=VECTOR('',#3024,1000.);
#908=VECTOR('',#3027,1000.);
#909=VECTOR('',#3028,1000.);
#910=VECTOR('',#3031,1000.);
#911=VECTOR('',#3032,1000.);
#912=VECTOR('',#3033,1000.);
#913=VECTOR('',#3036,1000.);
#914=VECTOR('',#3037,1000.);
#915=VECTOR('',#3038,1000.);
#916=VECTOR('',#3039,1000.);
#917=VECTOR('',#3042,1000.);
#918=VECTOR('',#3043,1000.);
#919=VECTOR('',#3044,1000.);
#920=VECTOR('',#3045,1000.);
#921=VECTOR('',#3048,1000.);
#922=VECTOR('',#3049,1000.);
#923=VECTOR('',#3050,1000.);
#924=VECTOR('',#3053,1000.);
#925=VECTOR('',#3054,1000.);
#926=VECTOR('',#3057,1000.);
#927=VECTOR('',#3058,1000.);
#928=VECTOR('',#3061,1000.);
#929=VECTOR('',#3064,1000.);
#930=VECTOR('',#3065,1000.);
#931=VECTOR('',#3066,1000.);
#932=VECTOR('',#3069,1000.);
#933=VECTOR('',#3070,1000.);
#934=VECTOR('',#3073,1000.);
#935=VECTOR('',#3074,1000.);
#936=VECTOR('',#3077,1000.);
#937=VECTOR('',#3080,1000.);
#938=VECTOR('',#3081,1000.);
#939=VECTOR('',#3082,1000.);
#940=VECTOR('',#3085,1000.);
#941=VECTOR('',#3086,1000.);
#942=VECTOR('',#3089,1000.);
#943=VECTOR('',#3090,1000.);
#944=VECTOR('',#3093,1000.);
#945=VECTOR('',#3096,1000.);
#946=VECTOR('',#3097,1000.);
#947=VECTOR('',#3098,1000.);
#948=VECTOR('',#3101,1000.);
#949=VECTOR('',#3102,1000.);
#950=VECTOR('',#3105,1000.);
#951=VECTOR('',#3106,1000.);
#952=VECTOR('',#3109,1000.);
#953=VECTOR('',#3112,1000.);
#954=VECTOR('',#3113,1000.);
#955=VECTOR('',#3114,1000.);
#956=VECTOR('',#3117,1000.);
#957=VECTOR('',#3118,1000.);
#958=VECTOR('',#3121,1000.);
#959=VECTOR('',#3122,1000.);
#960=VECTOR('',#3125,1000.);
#961=VECTOR('',#3128,1000.);
#962=VECTOR('',#3129,1000.);
#963=VECTOR('',#3130,1000.);
#964=VECTOR('',#3131,1000.);
#965=VECTOR('',#3134,1000.);
#966=VECTOR('',#3135,1000.);
#967=VECTOR('',#3136,1000.);
#968=VECTOR('',#3137,1000.);
#969=VECTOR('',#3140,1000.);
#970=VECTOR('',#3141,1000.);
#971=VECTOR('',#3142,1000.);
#972=VECTOR('',#3145,1000.);
#973=VECTOR('',#3146,1000.);
#974=VECTOR('',#3147,1000.);
#975=VECTOR('',#3150,1000.);
#976=VECTOR('',#3151,1000.);
#977=VECTOR('',#3154,1000.);
#978=VECTOR('',#3155,1000.);
#979=VECTOR('',#3158,1000.);
#980=VECTOR('',#3159,1000.);
#981=VECTOR('',#3162,1000.);
#982=VECTOR('',#3165,1000.);
#983=VECTOR('',#3166,1000.);
#984=VECTOR('',#3169,1000.);
#985=VECTOR('',#3170,1000.);
#986=VECTOR('',#3173,1000.);
#987=VECTOR('',#3174,1000.);
#988=VECTOR('',#3177,1000.);
#989=VECTOR('',#3178,1000.);
#990=VECTOR('',#3179,1000.);
#991=VECTOR('',#3182,1000.);
#992=VECTOR('',#3183,1000.);
#993=VECTOR('',#3184,1000.);
#994=VECTOR('',#3187,1000.);
#995=VECTOR('',#3188,1000.);
#996=VECTOR('',#3189,1000.);
#997=VECTOR('',#3192,1000.);
#998=VECTOR('',#3193,1000.);
#999=VECTOR('',#3194,1000.);
#1000=VECTOR('',#3197,1000.);
#1001=VECTOR('',#3198,1000.);
#1002=VECTOR('',#3199,1000.);
#1003=VECTOR('',#3200,1000.);
#1004=VECTOR('',#3203,1000.);
#1005=VECTOR('',#3204,1000.);
#1006=VECTOR('',#3207,1000.);
#1007=VECTOR('',#3208,1000.);
#1008=VECTOR('',#3211,1000.);
#1009=VECTOR('',#3212,1000.);
#1010=VECTOR('',#3213,1000.);
#1011=VECTOR('',#3216,1000.);
#1012=VECTOR('',#3217,1000.);
#1013=VECTOR('',#3218,1000.);
#1014=VECTOR('',#3221,1000.);
#1015=VECTOR('',#3222,1000.);
#1016=VECTOR('',#3223,1000.);
#1017=VECTOR('',#3226,1000.);
#1018=VECTOR('',#3227,1000.);
#1019=VECTOR('',#3228,1000.);
#1020=VECTOR('',#3231,1000.);
#1021=VECTOR('',#3234,1000.);
#1022=VECTOR('',#3237,1000.);
#1023=VECTOR('',#3240,1000.);
#1024=VECTOR('',#3241,1000.);
#1025=VECTOR('',#3246,1000.);
#1026=VECTOR('',#3247,1000.);
#1027=VECTOR('',#3252,1000.);
#1028=VECTOR('',#3253,1000.);
#1029=VECTOR('',#3258,1000.);
#1030=VECTOR('',#3259,1000.);
#1031=VECTOR('',#3266,1000.);
#1032=VECTOR('',#3269,1000.);
#1033=VECTOR('',#3272,1000.);
#1034=VECTOR('',#3273,1000.);
#1035=VECTOR('',#3274,1000.);
#1036=VECTOR('',#3279,1000.);
#1037=VECTOR('',#3280,1000.);
#1038=VECTOR('',#3283,1000.);
#1039=VECTOR('',#3286,1000.);
#1040=VECTOR('',#3289,1000.);
#1041=VECTOR('',#3290,1000.);
#1042=VECTOR('',#3305,1000.);
#1043=VECTOR('',#3310,1000.);
#1044=VECTOR('',#3315,1000.);
#1045=VECTOR('',#3316,1000.);
#1046=VECTOR('',#3325,1000.);
#1047=VECTOR('',#3328,1000.);
#1048=VECTOR('',#3331,1000.);
#1049=VECTOR('',#3334,1000.);
#1050=VECTOR('',#3349,1000.);
#1051=VECTOR('',#3352,1000.);
#1052=VECTOR('',#3355,1000.);
#1053=VECTOR('',#3358,1000.);
#1054=VERTEX_POINT('',#3363);
#1055=VERTEX_POINT('',#3364);
#1056=VERTEX_POINT('',#3366);
#1057=VERTEX_POINT('',#3376);
#1058=VERTEX_POINT('',#3388);
#1059=VERTEX_POINT('',#3389);
#1060=VERTEX_POINT('',#3426);
#1061=VERTEX_POINT('',#3427);
#1062=VERTEX_POINT('',#3464);
#1063=VERTEX_POINT('',#3465);
#1064=VERTEX_POINT('',#3502);
#1065=VERTEX_POINT('',#3503);
#1066=VERTEX_POINT('',#3540);
#1067=VERTEX_POINT('',#3541);
#1068=VERTEX_POINT('',#3578);
#1069=VERTEX_POINT('',#3579);
#1070=VERTEX_POINT('',#3581);
#1071=VERTEX_POINT('',#3604);
#1072=VERTEX_POINT('',#3605);
#1073=VERTEX_POINT('',#3644);
#1074=VERTEX_POINT('',#3667);
#1075=VERTEX_POINT('',#3668);
#1076=VERTEX_POINT('',#3743);
#1077=VERTEX_POINT('',#3744);
#1078=VERTEX_POINT('',#3819);
#1079=VERTEX_POINT('',#3820);
#1080=VERTEX_POINT('',#3897);
#1081=VERTEX_POINT('',#3898);
#1082=VERTEX_POINT('',#3973);
#1083=VERTEX_POINT('',#3974);
#1084=VERTEX_POINT('',#4049);
#1085=VERTEX_POINT('',#4058);
#1086=VERTEX_POINT('',#4062);
#1087=VERTEX_POINT('',#4064);
#1088=VERTEX_POINT('',#4068);
#1089=VERTEX_POINT('',#4075);
#1090=VERTEX_POINT('',#4094);
#1091=VERTEX_POINT('',#4665);
#1092=VERTEX_POINT('',#4668);
#1093=VERTEX_POINT('',#4669);
#1094=VERTEX_POINT('',#4673);
#1095=VERTEX_POINT('',#4675);
#1096=VERTEX_POINT('',#4679);
#1097=VERTEX_POINT('',#4681);
#1098=VERTEX_POINT('',#4687);
#1099=VERTEX_POINT('',#4695);
#1100=VERTEX_POINT('',#4696);
#1101=VERTEX_POINT('',#4698);
#1102=VERTEX_POINT('',#4700);
#1103=VERTEX_POINT('',#4702);
#1104=VERTEX_POINT('',#4704);
#1105=VERTEX_POINT('',#4708);
#1106=VERTEX_POINT('',#4710);
#1107=VERTEX_POINT('',#4714);
#1108=VERTEX_POINT('',#4720);
#1109=VERTEX_POINT('',#4729);
#1110=VERTEX_POINT('',#4730);
#1111=VERTEX_POINT('',#4732);
#1112=VERTEX_POINT('',#4734);
#1113=VERTEX_POINT('',#4738);
#1114=VERTEX_POINT('',#4739);
#1115=VERTEX_POINT('',#4741);
#1116=VERTEX_POINT('',#4743);
#1117=VERTEX_POINT('',#4747);
#1118=VERTEX_POINT('',#4748);
#1119=VERTEX_POINT('',#4750);
#1120=VERTEX_POINT('',#4752);
#1121=VERTEX_POINT('',#4965);
#1122=VERTEX_POINT('',#4966);
#1123=VERTEX_POINT('',#4974);
#1124=VERTEX_POINT('',#4993);
#1125=VERTEX_POINT('',#4995);
#1126=VERTEX_POINT('',#4999);
#1127=VERTEX_POINT('',#5333);
#1128=VERTEX_POINT('',#5730);
#1129=VERTEX_POINT('',#5731);
#1130=VERTEX_POINT('',#5733);
#1131=VERTEX_POINT('',#5735);
#1132=VERTEX_POINT('',#5739);
#1133=VERTEX_POINT('',#5740);
#1134=VERTEX_POINT('',#5742);
#1135=VERTEX_POINT('',#5744);
#1136=VERTEX_POINT('',#5748);
#1137=VERTEX_POINT('',#5749);
#1138=VERTEX_POINT('',#5751);
#1139=VERTEX_POINT('',#5753);
#1140=VERTEX_POINT('',#5757);
#1141=VERTEX_POINT('',#5759);
#1142=VERTEX_POINT('',#5763);
#1143=VERTEX_POINT('',#5765);
#1144=VERTEX_POINT('',#5769);
#1145=VERTEX_POINT('',#5770);
#1146=VERTEX_POINT('',#5772);
#1147=VERTEX_POINT('',#5774);
#1148=VERTEX_POINT('',#5778);
#1149=VERTEX_POINT('',#5780);
#1150=VERTEX_POINT('',#5784);
#1151=VERTEX_POINT('',#5786);
#1152=VERTEX_POINT('',#5790);
#1153=VERTEX_POINT('',#5792);
#1154=VERTEX_POINT('',#5796);
#1155=VERTEX_POINT('',#5797);
#1156=VERTEX_POINT('',#5799);
#1157=VERTEX_POINT('',#5804);
#1158=VERTEX_POINT('',#5808);
#1159=VERTEX_POINT('',#5810);
#1160=VERTEX_POINT('',#5814);
#1161=VERTEX_POINT('',#5816);
#1162=VERTEX_POINT('',#5820);
#1163=VERTEX_POINT('',#5821);
#1164=VERTEX_POINT('',#5823);
#1165=VERTEX_POINT('',#5828);
#1166=VERTEX_POINT('',#5832);
#1167=VERTEX_POINT('',#5834);
#1168=VERTEX_POINT('',#5838);
#1169=VERTEX_POINT('',#5840);
#1170=VERTEX_POINT('',#5845);
#1171=VERTEX_POINT('',#5849);
#1172=VERTEX_POINT('',#5856);
#1173=VERTEX_POINT('',#5857);
#1174=VERTEX_POINT('',#5862);
#1175=VERTEX_POINT('',#5863);
#1176=VERTEX_POINT('',#5865);
#1177=VERTEX_POINT('',#5867);
#1178=VERTEX_POINT('',#5874);
#1179=VERTEX_POINT('',#5875);
#1180=VERTEX_POINT('',#5880);
#1181=VERTEX_POINT('',#5881);
#1182=VERTEX_POINT('',#5883);
#1183=VERTEX_POINT('',#5885);
#1184=VERTEX_POINT('',#5889);
#1185=VERTEX_POINT('',#5890);
#1186=VERTEX_POINT('',#5892);
#1187=VERTEX_POINT('',#5894);
#1188=VERTEX_POINT('',#5898);
#1189=VERTEX_POINT('',#5900);
#1190=VERTEX_POINT('',#5904);
#1191=VERTEX_POINT('',#5908);
#1192=VERTEX_POINT('',#5914);
#1193=VERTEX_POINT('',#5916);
#1194=VERTEX_POINT('',#5920);
#1195=VERTEX_POINT('',#5924);
#1196=VERTEX_POINT('',#5930);
#1197=VERTEX_POINT('',#5931);
#1198=VERTEX_POINT('',#5936);
#1199=VERTEX_POINT('',#5940);
#1200=VERTEX_POINT('',#5946);
#1201=VERTEX_POINT('',#5947);
#1202=VERTEX_POINT('',#5952);
#1203=VERTEX_POINT('',#5956);
#1204=VERTEX_POINT('',#5962);
#1205=VERTEX_POINT('',#5964);
#1206=VERTEX_POINT('',#5968);
#1207=VERTEX_POINT('',#5972);
#1208=VERTEX_POINT('',#5978);
#1209=VERTEX_POINT('',#5979);
#1210=VERTEX_POINT('',#5981);
#1211=VERTEX_POINT('',#5983);
#1212=VERTEX_POINT('',#5987);
#1213=VERTEX_POINT('',#5988);
#1214=VERTEX_POINT('',#5990);
#1215=VERTEX_POINT('',#5992);
#1216=VERTEX_POINT('',#5996);
#1217=VERTEX_POINT('',#5998);
#1218=VERTEX_POINT('',#6002);
#1219=VERTEX_POINT('',#6004);
#1220=VERTEX_POINT('',#6008);
#1221=VERTEX_POINT('',#6012);
#1222=VERTEX_POINT('',#6017);
#1223=VERTEX_POINT('',#6019);
#1224=VERTEX_POINT('',#6021);
#1225=VERTEX_POINT('',#6023);
#1226=VERTEX_POINT('',#6025);
#1227=VERTEX_POINT('',#6029);
#1228=VERTEX_POINT('',#6033);
#1229=VERTEX_POINT('',#6037);
#1230=VERTEX_POINT('',#6039);
#1231=VERTEX_POINT('',#6043);
#1232=VERTEX_POINT('',#6044);
#1233=VERTEX_POINT('',#6049);
#1234=VERTEX_POINT('',#6050);
#1235=VERTEX_POINT('',#6055);
#1236=VERTEX_POINT('',#6056);
#1237=VERTEX_POINT('',#6062);
#1238=VERTEX_POINT('',#6067);
#1239=VERTEX_POINT('',#6071);
#1240=VERTEX_POINT('',#6075);
#1241=VERTEX_POINT('',#6077);
#1242=VERTEX_POINT('',#6081);
#1243=VERTEX_POINT('',#6082);
#1244=VERTEX_POINT('',#6087);
#1245=VERTEX_POINT('',#6088);
#1246=VERTEX_POINT('',#6093);
#1247=VERTEX_POINT('',#6094);
#1248=VERTEX_POINT('',#6099);
#1249=VERTEX_POINT('',#6101);
#1250=VERTEX_POINT('',#6103);
#1251=VERTEX_POINT('',#6105);
#1252=VERTEX_POINT('',#6109);
#1253=VERTEX_POINT('',#6111);
#1254=VERTEX_POINT('',#6115);
#1255=VERTEX_POINT('',#6117);
#1256=VERTEX_POINT('',#6121);
#1257=VERTEX_POINT('',#6123);
#1258=VERTEX_POINT('',#6127);
#1259=VERTEX_POINT('',#6129);
#1260=VERTEX_POINT('',#6133);
#1261=VERTEX_POINT('',#6134);
#1262=VERTEX_POINT('',#6136);
#1263=VERTEX_POINT('',#6138);
#1264=VERTEX_POINT('',#6142);
#1265=VERTEX_POINT('',#6144);
#1266=VERTEX_POINT('',#6148);
#1267=VERTEX_POINT('',#6150);
#1268=VERTEX_POINT('',#6154);
#1269=VERTEX_POINT('',#6155);
#1270=VERTEX_POINT('',#6160);
#1271=VERTEX_POINT('',#6161);
#1272=VERTEX_POINT('',#6166);
#1273=VERTEX_POINT('',#6185);
#1274=VERTEX_POINT('',#6187);
#1275=VERTEX_POINT('',#6191);
#1276=VERTEX_POINT('',#6192);
#1277=VERTEX_POINT('',#6194);
#1278=VERTEX_POINT('',#6219);
#1279=VERTEX_POINT('',#6221);
#1280=VERTEX_POINT('',#6241);
#1281=VERTEX_POINT('',#6243);
#1282=VERTEX_POINT('',#6255);
#1283=VERTEX_POINT('',#6257);
#1284=EDGE_CURVE('',#1054,#1055,#556,.T.);
#1285=EDGE_CURVE('',#1056,#1054,#538,.T.);
#1286=EDGE_CURVE('',#1056,#1057,#557,.T.);
#1287=EDGE_CURVE('',#1057,#1055,#539,.T.);
#1288=EDGE_CURVE('',#1058,#1059,#558,.T.);
#1289=EDGE_CURVE('',#1054,#1058,#540,.T.);
#1290=EDGE_CURVE('',#1055,#1059,#541,.T.);
#1291=EDGE_CURVE('',#1060,#1061,#559,.T.);
#1292=EDGE_CURVE('',#1058,#1060,#542,.T.);
#1293=EDGE_CURVE('',#1059,#1061,#543,.T.);
#1294=EDGE_CURVE('',#1062,#1063,#560,.T.);
#1295=EDGE_CURVE('',#1060,#1062,#544,.T.);
#1296=EDGE_CURVE('',#1061,#1063,#545,.T.);
#1297=EDGE_CURVE('',#1064,#1065,#561,.T.);
#1298=EDGE_CURVE('',#1062,#1064,#546,.T.);
#1299=EDGE_CURVE('',#1063,#1065,#547,.T.);
#1300=EDGE_CURVE('',#1066,#1067,#562,.T.);
#1301=EDGE_CURVE('',#1064,#1066,#548,.T.);
#1302=EDGE_CURVE('',#1065,#1067,#549,.T.);
#1303=EDGE_CURVE('',#1068,#1069,#563,.T.);
#1304=EDGE_CURVE('',#1070,#1068,#233,.F.);
#1305=EDGE_CURVE('',#1070,#1069,#170,.T.);
#1306=EDGE_CURVE('',#1071,#1072,#564,.T.);
#1307=EDGE_CURVE('',#1068,#1071,#234,.F.);
#1308=EDGE_CURVE('',#1069,#1070,#171,.T.);
#1309=EDGE_CURVE('',#1070,#1073,#565,.T.);
#1310=EDGE_CURVE('',#1073,#1072,#235,.T.);
#1311=EDGE_CURVE('',#1074,#1075,#566,.T.);
#1312=EDGE_CURVE('',#1071,#1074,#236,.F.);
#1313=EDGE_CURVE('',#1072,#1075,#237,.T.);
#1314=EDGE_CURVE('',#1076,#1077,#567,.T.);
#1315=EDGE_CURVE('',#1074,#1076,#238,.F.);
#1316=EDGE_CURVE('',#1075,#1077,#239,.T.);
#1317=EDGE_CURVE('',#1078,#1079,#568,.T.);
#1318=EDGE_CURVE('',#1076,#1078,#240,.F.);
#1319=EDGE_CURVE('',#1077,#1079,#241,.T.);
#1320=EDGE_CURVE('',#1080,#1081,#569,.T.);
#1321=EDGE_CURVE('',#1078,#1080,#242,.F.);
#1322=EDGE_CURVE('',#1079,#1081,#243,.T.);
#1323=EDGE_CURVE('',#1082,#1083,#570,.T.);
#1324=EDGE_CURVE('',#1080,#1082,#244,.F.);
#1325=EDGE_CURVE('',#1081,#1083,#245,.T.);
#1326=EDGE_CURVE('',#1083,#1084,#246,.T.);
#1327=EDGE_CURVE('',#1082,#1084,#172,.T.);
#1328=EDGE_CURVE('',#1069,#1085,#571,.T.);
#1329=EDGE_CURVE('',#1085,#1085,#173,.T.);
#1330=EDGE_CURVE('',#1086,#1086,#174,.T.);
#1331=EDGE_CURVE('',#1086,#1087,#572,.T.);
#1332=EDGE_CURVE('',#1087,#1087,#175,.T.);
#1333=EDGE_CURVE('',#1084,#1088,#247,.T.);
#1334=EDGE_CURVE('',#1088,#1089,#248,.T.);
#1335=EDGE_CURVE('',#1089,#1090,#176,.T.);
#1336=EDGE_CURVE('',#1090,#1082,#249,.T.);
#1337=EDGE_CURVE('',#1073,#1056,#573,.T.);
#1338=EDGE_CURVE('',#1066,#1089,#550,.T.);
#1339=EDGE_CURVE('',#1057,#1070,#574,.T.);
#1340=EDGE_CURVE('',#1067,#1090,#551,.T.);
#1341=EDGE_CURVE('',#1091,#1091,#177,.T.);
#1342=EDGE_CURVE('',#1092,#1093,#575,.T.);
#1343=EDGE_CURVE('',#1092,#1093,#178,.T.);
#1344=EDGE_CURVE('',#1094,#1092,#576,.T.);
#1345=EDGE_CURVE('',#1095,#1094,#552,.T.);
#1346=EDGE_CURVE('',#1096,#1095,#577,.T.);
#1347=EDGE_CURVE('',#1097,#1096,#553,.T.);
#1348=EDGE_CURVE('',#1093,#1097,#578,.T.);
#1349=EDGE_CURVE('',#1097,#1098,#179,.T.);
#1350=EDGE_CURVE('',#1098,#1091,#579,.T.);
#1351=EDGE_CURVE('',#1098,#1094,#180,.T.);
#1352=EDGE_CURVE('',#1096,#1095,#181,.T.);
#1353=EDGE_CURVE('',#1099,#1100,#580,.T.);
#1354=EDGE_CURVE('',#1100,#1101,#182,.T.);
#1355=EDGE_CURVE('',#1101,#1102,#581,.T.);
#1356=EDGE_CURVE('',#1102,#1103,#183,.T.);
#1357=EDGE_CURVE('',#1103,#1104,#582,.T.);
#1358=EDGE_CURVE('',#1104,#1099,#583,.T.);
#1359=EDGE_CURVE('',#1104,#1105,#184,.T.);
#1360=EDGE_CURVE('',#1105,#1106,#584,.T.);
#1361=EDGE_CURVE('',#1106,#1099,#185,.T.);
#1362=EDGE_CURVE('',#1103,#1107,#186,.T.);
#1363=EDGE_CURVE('',#1105,#1107,#585,.T.);
#1364=EDGE_CURVE('',#1107,#1102,#187,.T.);
#1365=EDGE_CURVE('',#1108,#1101,#188,.T.);
#1366=EDGE_CURVE('',#1107,#1108,#586,.T.);
#1367=EDGE_CURVE('',#1108,#1100,#189,.T.);
#1368=EDGE_CURVE('',#1106,#1108,#587,.T.);
#1369=EDGE_CURVE('',#1109,#1110,#190,.T.);
#1370=EDGE_CURVE('',#1111,#1110,#588,.T.);
#1371=EDGE_CURVE('',#1112,#1111,#191,.T.);
#1372=EDGE_CURVE('',#1109,#1112,#589,.T.);
#1373=EDGE_CURVE('',#1113,#1114,#192,.T.);
#1374=EDGE_CURVE('',#1115,#1114,#590,.T.);
#1375=EDGE_CURVE('',#1116,#1115,#193,.T.);
#1376=EDGE_CURVE('',#1116,#1113,#591,.T.);
#1377=EDGE_CURVE('',#1117,#1118,#194,.T.);
#1378=EDGE_CURVE('',#1117,#1119,#592,.T.);
#1379=EDGE_CURVE('',#1120,#1119,#195,.T.);
#1380=EDGE_CURVE('',#1120,#1118,#593,.T.);
#1381=EDGE_CURVE('',#1121,#1122,#554,.T.);
#1382=EDGE_CURVE('',#1121,#1123,#250,.T.);
#1383=EDGE_CURVE('',#1123,#1122,#594,.T.);
#1384=EDGE_CURVE('',#1124,#1123,#595,.T.);
#1385=EDGE_CURVE('',#1125,#1124,#596,.T.);
#1386=EDGE_CURVE('',#1122,#1125,#597,.T.);
#1387=EDGE_CURVE('',#1126,#1125,#555,.T.);
#1388=EDGE_CURVE('',#1126,#1121,#196,.T.);
#1389=EDGE_CURVE('',#1127,#1124,#251,.T.);
#1390=EDGE_CURVE('',#1127,#1123,#252,.T.);
#1391=EDGE_CURVE('',#1127,#1126,#253,.T.);
#1392=EDGE_CURVE('',#1128,#1129,#598,.T.);
#1393=EDGE_CURVE('',#1130,#1129,#197,.T.);
#1394=EDGE_CURVE('',#1130,#1131,#599,.T.);
#1395=EDGE_CURVE('',#1128,#1131,#198,.T.);
#1396=EDGE_CURVE('',#1132,#1133,#600,.T.);
#1397=EDGE_CURVE('',#1134,#1133,#199,.T.);
#1398=EDGE_CURVE('',#1134,#1135,#601,.T.);
#1399=EDGE_CURVE('',#1132,#1135,#200,.T.);
#1400=EDGE_CURVE('',#1136,#1137,#602,.T.);
#1401=EDGE_CURVE('',#1138,#1136,#603,.T.);
#1402=EDGE_CURVE('',#1138,#1139,#604,.T.);
#1403=EDGE_CURVE('',#1137,#1139,#605,.T.);
#1404=EDGE_CURVE('',#1140,#1138,#201,.T.);
#1405=EDGE_CURVE('',#1140,#1141,#606,.T.);
#1406=EDGE_CURVE('',#1139,#1141,#202,.T.);
#1407=EDGE_CURVE('',#1142,#1140,#607,.T.);
#1408=EDGE_CURVE('',#1143,#1142,#608,.T.);
#1409=EDGE_CURVE('',#1141,#1143,#609,.T.);
#1410=EDGE_CURVE('',#1144,#1145,#610,.T.);
#1411=EDGE_CURVE('',#1146,#1144,#611,.T.);
#1412=EDGE_CURVE('',#1146,#1147,#612,.T.);
#1413=EDGE_CURVE('',#1145,#1147,#613,.T.);
#1414=EDGE_CURVE('',#1148,#1146,#203,.T.);
#1415=EDGE_CURVE('',#1148,#1149,#614,.T.);
#1416=EDGE_CURVE('',#1147,#1149,#204,.T.);
#1417=EDGE_CURVE('',#1150,#1148,#615,.T.);
#1418=EDGE_CURVE('',#1151,#1150,#616,.T.);
#1419=EDGE_CURVE('',#1149,#1151,#617,.T.);
#1420=EDGE_CURVE('',#1131,#1152,#618,.T.);
#1421=EDGE_CURVE('',#1153,#1130,#619,.T.);
#1422=EDGE_CURVE('',#1152,#1153,#620,.T.);
#1423=EDGE_CURVE('',#1154,#1155,#621,.T.);
#1424=EDGE_CURVE('',#1154,#1156,#622,.T.);
#1425=EDGE_CURVE('',#1156,#1128,#623,.T.);
#1426=EDGE_CURVE('',#1152,#1155,#624,.T.);
#1427=EDGE_CURVE('',#1156,#1157,#625,.T.);
#1428=EDGE_CURVE('',#1129,#1157,#626,.T.);
#1429=EDGE_CURVE('',#1157,#1158,#627,.T.);
#1430=EDGE_CURVE('',#1159,#1158,#628,.T.);
#1431=EDGE_CURVE('',#1159,#1153,#629,.T.);
#1432=EDGE_CURVE('',#1135,#1160,#630,.T.);
#1433=EDGE_CURVE('',#1161,#1134,#631,.T.);
#1434=EDGE_CURVE('',#1160,#1161,#632,.T.);
#1435=EDGE_CURVE('',#1162,#1163,#633,.T.);
#1436=EDGE_CURVE('',#1162,#1164,#634,.T.);
#1437=EDGE_CURVE('',#1164,#1132,#635,.T.);
#1438=EDGE_CURVE('',#1160,#1163,#636,.T.);
#1439=EDGE_CURVE('',#1164,#1165,#637,.T.);
#1440=EDGE_CURVE('',#1133,#1165,#638,.T.);
#1441=EDGE_CURVE('',#1165,#1166,#639,.T.);
#1442=EDGE_CURVE('',#1167,#1166,#640,.T.);
#1443=EDGE_CURVE('',#1167,#1161,#641,.T.);
#1444=EDGE_CURVE('',#1168,#1117,#642,.T.);
#1445=EDGE_CURVE('',#1169,#1168,#643,.T.);
#1446=EDGE_CURVE('',#1119,#1169,#644,.T.);
#1447=EDGE_CURVE('',#1111,#1169,#645,.T.);
#1448=EDGE_CURVE('',#1110,#1170,#646,.T.);
#1449=EDGE_CURVE('',#1170,#1120,#647,.T.);
#1450=EDGE_CURVE('',#1118,#1171,#648,.T.);
#1451=EDGE_CURVE('',#1170,#1171,#649,.T.);
#1452=EDGE_CURVE('',#1168,#1116,#650,.T.);
#1453=EDGE_CURVE('',#1171,#1113,#651,.T.);
#1454=EDGE_CURVE('',#1172,#1173,#652,.T.);
#1455=EDGE_CURVE('',#1115,#1172,#653,.T.);
#1456=EDGE_CURVE('',#1114,#1173,#654,.T.);
#1457=EDGE_CURVE('',#1174,#1175,#655,.T.);
#1458=EDGE_CURVE('',#1176,#1174,#656,.T.);
#1459=EDGE_CURVE('',#1177,#1176,#657,.T.);
#1460=EDGE_CURVE('',#1177,#1175,#658,.T.);
#1461=EDGE_CURVE('',#1174,#1112,#659,.T.);
#1462=EDGE_CURVE('',#1175,#1109,#660,.T.);
#1463=EDGE_CURVE('',#1178,#1179,#661,.T.);
#1464=EDGE_CURVE('',#1172,#1178,#662,.T.);
#1465=EDGE_CURVE('',#1173,#1179,#663,.T.);
#1466=EDGE_CURVE('',#1180,#1181,#664,.T.);
#1467=EDGE_CURVE('',#1182,#1180,#665,.T.);
#1468=EDGE_CURVE('',#1183,#1182,#666,.T.);
#1469=EDGE_CURVE('',#1181,#1183,#667,.T.);
#1470=EDGE_CURVE('',#1184,#1185,#668,.T.);
#1471=EDGE_CURVE('',#1186,#1184,#669,.T.);
#1472=EDGE_CURVE('',#1187,#1186,#670,.T.);
#1473=EDGE_CURVE('',#1185,#1187,#671,.T.);
#1474=EDGE_CURVE('',#1188,#1142,#672,.T.);
#1475=EDGE_CURVE('',#1188,#1189,#673,.T.);
#1476=EDGE_CURVE('',#1143,#1189,#674,.T.);
#1477=EDGE_CURVE('',#1189,#1190,#675,.T.);
#1478=EDGE_CURVE('',#1137,#1190,#676,.T.);
#1479=EDGE_CURVE('',#1191,#1190,#677,.T.);
#1480=EDGE_CURVE('',#1191,#1136,#678,.T.);
#1481=EDGE_CURVE('',#1191,#1188,#679,.T.);
#1482=EDGE_CURVE('',#1192,#1150,#680,.T.);
#1483=EDGE_CURVE('',#1192,#1193,#681,.T.);
#1484=EDGE_CURVE('',#1151,#1193,#682,.T.);
#1485=EDGE_CURVE('',#1193,#1194,#683,.T.);
#1486=EDGE_CURVE('',#1145,#1194,#684,.T.);
#1487=EDGE_CURVE('',#1195,#1194,#685,.T.);
#1488=EDGE_CURVE('',#1195,#1144,#686,.T.);
#1489=EDGE_CURVE('',#1195,#1192,#687,.T.);
#1490=EDGE_CURVE('',#1196,#1197,#688,.T.);
#1491=EDGE_CURVE('',#1155,#1196,#689,.T.);
#1492=EDGE_CURVE('',#1197,#1159,#690,.T.);
#1493=EDGE_CURVE('',#1198,#1196,#691,.T.);
#1494=EDGE_CURVE('',#1198,#1154,#692,.T.);
#1495=EDGE_CURVE('',#1199,#1198,#693,.T.);
#1496=EDGE_CURVE('',#1158,#1199,#694,.T.);
#1497=EDGE_CURVE('',#1197,#1199,#695,.T.);
#1498=EDGE_CURVE('',#1200,#1201,#696,.T.);
#1499=EDGE_CURVE('',#1163,#1200,#697,.T.);
#1500=EDGE_CURVE('',#1201,#1167,#698,.T.);
#1501=EDGE_CURVE('',#1202,#1200,#699,.T.);
#1502=EDGE_CURVE('',#1202,#1162,#700,.T.);
#1503=EDGE_CURVE('',#1203,#1202,#701,.T.);
#1504=EDGE_CURVE('',#1166,#1203,#702,.T.);
#1505=EDGE_CURVE('',#1201,#1203,#703,.T.);
#1506=EDGE_CURVE('',#1204,#1178,#704,.T.);
#1507=EDGE_CURVE('',#1205,#1204,#705,.T.);
#1508=EDGE_CURVE('',#1205,#1176,#706,.T.);
#1509=EDGE_CURVE('',#1206,#1205,#707,.T.);
#1510=EDGE_CURVE('',#1206,#1177,#708,.T.);
#1511=EDGE_CURVE('',#1207,#1206,#709,.T.);
#1512=EDGE_CURVE('',#1179,#1207,#710,.T.);
#1513=EDGE_CURVE('',#1204,#1207,#711,.T.);
#1514=EDGE_CURVE('',#1208,#1209,#712,.T.);
#1515=EDGE_CURVE('',#1210,#1208,#713,.T.);
#1516=EDGE_CURVE('',#1211,#1210,#714,.T.);
#1517=EDGE_CURVE('',#1209,#1211,#715,.T.);
#1518=EDGE_CURVE('',#1212,#1213,#716,.T.);
#1519=EDGE_CURVE('',#1214,#1212,#717,.T.);
#1520=EDGE_CURVE('',#1215,#1214,#718,.T.);
#1521=EDGE_CURVE('',#1213,#1215,#719,.T.);
#1522=EDGE_CURVE('',#1216,#1186,#720,.T.);
#1523=EDGE_CURVE('',#1217,#1216,#721,.T.);
#1524=EDGE_CURVE('',#1217,#1187,#722,.T.);
#1525=EDGE_CURVE('',#1214,#1218,#723,.T.);
#1526=EDGE_CURVE('',#1219,#1212,#724,.T.);
#1527=EDGE_CURVE('',#1218,#1219,#725,.T.);
#1528=EDGE_CURVE('',#1215,#1220,#726,.T.);
#1529=EDGE_CURVE('',#1220,#1218,#727,.T.);
#1530=EDGE_CURVE('',#1221,#1184,#728,.T.);
#1531=EDGE_CURVE('',#1216,#1221,#729,.T.);
#1532=EDGE_CURVE('',#1183,#1185,#730,.T.);
#1533=EDGE_CURVE('',#1217,#1222,#731,.T.);
#1534=EDGE_CURVE('',#1223,#1222,#205,.T.);
#1535=EDGE_CURVE('',#1223,#1224,#732,.T.);
#1536=EDGE_CURVE('',#1224,#1225,#206,.T.);
#1537=EDGE_CURVE('',#1225,#1226,#733,.T.);
#1538=EDGE_CURVE('',#1226,#1181,#734,.T.);
#1539=EDGE_CURVE('',#1180,#1227,#735,.T.);
#1540=EDGE_CURVE('',#1226,#1227,#736,.T.);
#1541=EDGE_CURVE('',#1227,#1228,#737,.T.);
#1542=EDGE_CURVE('',#1228,#1182,#738,.T.);
#1543=EDGE_CURVE('',#1228,#1229,#739,.T.);
#1544=EDGE_CURVE('',#1229,#1230,#740,.T.);
#1545=EDGE_CURVE('',#1230,#1221,#741,.T.);
#1546=EDGE_CURVE('',#1231,#1232,#742,.T.);
#1547=EDGE_CURVE('',#1230,#1232,#743,.T.);
#1548=EDGE_CURVE('',#1229,#1231,#744,.T.);
#1549=EDGE_CURVE('',#1233,#1234,#745,.T.);
#1550=EDGE_CURVE('',#1233,#1232,#746,.T.);
#1551=EDGE_CURVE('',#1231,#1234,#747,.T.);
#1552=EDGE_CURVE('',#1235,#1236,#748,.T.);
#1553=EDGE_CURVE('',#1233,#1235,#749,.T.);
#1554=EDGE_CURVE('',#1234,#1236,#750,.T.);
#1555=EDGE_CURVE('',#1220,#1235,#751,.T.);
#1556=EDGE_CURVE('',#1236,#1237,#752,.T.);
#1557=EDGE_CURVE('',#1210,#1237,#753,.T.);
#1558=EDGE_CURVE('',#1208,#1213,#754,.T.);
#1559=EDGE_CURVE('',#1211,#1238,#755,.T.);
#1560=EDGE_CURVE('',#1237,#1238,#756,.T.);
#1561=EDGE_CURVE('',#1209,#1239,#757,.T.);
#1562=EDGE_CURVE('',#1238,#1239,#758,.T.);
#1563=EDGE_CURVE('',#1239,#1240,#759,.T.);
#1564=EDGE_CURVE('',#1240,#1241,#760,.T.);
#1565=EDGE_CURVE('',#1219,#1241,#761,.T.);
#1566=EDGE_CURVE('',#1242,#1243,#762,.T.);
#1567=EDGE_CURVE('',#1243,#1241,#763,.T.);
#1568=EDGE_CURVE('',#1240,#1242,#764,.T.);
#1569=EDGE_CURVE('',#1244,#1245,#765,.T.);
#1570=EDGE_CURVE('',#1245,#1243,#766,.T.);
#1571=EDGE_CURVE('',#1242,#1244,#767,.T.);
#1572=EDGE_CURVE('',#1246,#1247,#768,.T.);
#1573=EDGE_CURVE('',#1246,#1245,#769,.T.);
#1574=EDGE_CURVE('',#1244,#1247,#770,.T.);
#1575=EDGE_CURVE('',#1247,#1248,#771,.T.);
#1576=EDGE_CURVE('',#1248,#1249,#207,.T.);
#1577=EDGE_CURVE('',#1250,#1249,#772,.T.);
#1578=EDGE_CURVE('',#1250,#1251,#208,.T.);
#1579=EDGE_CURVE('',#1251,#1246,#773,.T.);
#1580=EDGE_CURVE('',#1251,#1252,#774,.T.);
#1581=EDGE_CURVE('',#1253,#1250,#775,.T.);
#1582=EDGE_CURVE('',#1252,#1253,#209,.T.);
#1583=EDGE_CURVE('',#1223,#1254,#776,.T.);
#1584=EDGE_CURVE('',#1255,#1222,#777,.T.);
#1585=EDGE_CURVE('',#1255,#1254,#210,.T.);
#1586=EDGE_CURVE('',#1249,#1256,#778,.T.);
#1587=EDGE_CURVE('',#1248,#1257,#779,.T.);
#1588=EDGE_CURVE('',#1256,#1257,#211,.T.);
#1589=EDGE_CURVE('',#1258,#1225,#780,.T.);
#1590=EDGE_CURVE('',#1224,#1259,#781,.T.);
#1591=EDGE_CURVE('',#1259,#1258,#212,.T.);
#1592=EDGE_CURVE('',#1260,#1261,#213,.T.);
#1593=EDGE_CURVE('',#1262,#1260,#782,.T.);
#1594=EDGE_CURVE('',#1263,#1262,#214,.T.);
#1595=EDGE_CURVE('',#1261,#1263,#783,.T.);
#1596=EDGE_CURVE('',#1264,#1260,#784,.T.);
#1597=EDGE_CURVE('',#1264,#1265,#785,.T.);
#1598=EDGE_CURVE('',#1262,#1265,#786,.T.);
#1599=EDGE_CURVE('',#1265,#1266,#215,.T.);
#1600=EDGE_CURVE('',#1267,#1266,#787,.T.);
#1601=EDGE_CURVE('',#1267,#1263,#788,.T.);
#1602=EDGE_CURVE('',#1268,#1269,#789,.T.);
#1603=EDGE_CURVE('',#1268,#1264,#216,.T.);
#1604=EDGE_CURVE('',#1261,#1269,#790,.T.);
#1605=EDGE_CURVE('',#1270,#1271,#791,.T.);
#1606=EDGE_CURVE('',#1270,#1268,#792,.T.);
#1607=EDGE_CURVE('',#1271,#1269,#217,.T.);
#1608=EDGE_CURVE('',#1272,#1271,#254,.T.);
#1609=EDGE_CURVE('',#1272,#1270,#218,.T.);
#1610=EDGE_CURVE('',#1273,#1255,#219,.T.);
#1611=EDGE_CURVE('',#1273,#1274,#220,.T.);
#1612=EDGE_CURVE('',#1254,#1274,#221,.T.);
#1613=EDGE_CURVE('',#1275,#1276,#793,.T.);
#1614=EDGE_CURVE('',#1276,#1277,#222,.T.);
#1615=EDGE_CURVE('',#1277,#1275,#255,.T.);
#1616=EDGE_CURVE('',#1266,#1276,#794,.T.);
#1617=EDGE_CURVE('',#1267,#1275,#223,.T.);
#1618=EDGE_CURVE('',#1269,#1256,#795,.T.);
#1619=EDGE_CURVE('',#1253,#1267,#796,.T.);
#1620=EDGE_CURVE('',#1252,#1278,#224,.T.);
#1621=EDGE_CURVE('',#1253,#1279,#225,.T.);
#1622=EDGE_CURVE('',#1278,#1279,#226,.T.);
#1623=EDGE_CURVE('',#1279,#1277,#797,.T.);
#1624=EDGE_CURVE('',#1278,#1273,#798,.T.);
#1625=EDGE_CURVE('',#1274,#1279,#799,.T.);
#1626=EDGE_CURVE('',#1254,#1259,#800,.T.);
#1627=EDGE_CURVE('',#1257,#1280,#227,.T.);
#1628=EDGE_CURVE('',#1281,#1280,#228,.T.);
#1629=EDGE_CURVE('',#1256,#1281,#229,.T.);
#1630=EDGE_CURVE('',#1282,#1258,#230,.T.);
#1631=EDGE_CURVE('',#1283,#1259,#231,.T.);
#1632=EDGE_CURVE('',#1283,#1282,#232,.T.);
#1633=EDGE_CURVE('',#1280,#1282,#801,.T.);
#1634=EDGE_CURVE('',#1283,#1281,#802,.T.);
#1635=EDGE_CURVE('',#1283,#1274,#803,.T.);
#1636=EDGE_CURVE('',#1272,#1281,#804,.T.);
#1637=ORIENTED_EDGE('',*,*,#1284,.F.);
#1638=ORIENTED_EDGE('',*,*,#1285,.F.);
#1639=ORIENTED_EDGE('',*,*,#1286,.T.);
#1640=ORIENTED_EDGE('',*,*,#1287,.T.);
#1641=ORIENTED_EDGE('',*,*,#1288,.F.);
#1642=ORIENTED_EDGE('',*,*,#1289,.F.);
#1643=ORIENTED_EDGE('',*,*,#1284,.T.);
#1644=ORIENTED_EDGE('',*,*,#1290,.T.);
#1645=ORIENTED_EDGE('',*,*,#1291,.F.);
#1646=ORIENTED_EDGE('',*,*,#1292,.F.);
#1647=ORIENTED_EDGE('',*,*,#1288,.T.);
#1648=ORIENTED_EDGE('',*,*,#1293,.T.);
#1649=ORIENTED_EDGE('',*,*,#1294,.F.);
#1650=ORIENTED_EDGE('',*,*,#1295,.F.);
#1651=ORIENTED_EDGE('',*,*,#1291,.T.);
#1652=ORIENTED_EDGE('',*,*,#1296,.T.);
#1653=ORIENTED_EDGE('',*,*,#1297,.F.);
#1654=ORIENTED_EDGE('',*,*,#1298,.F.);
#1655=ORIENTED_EDGE('',*,*,#1294,.T.);
#1656=ORIENTED_EDGE('',*,*,#1299,.T.);
#1657=ORIENTED_EDGE('',*,*,#1300,.F.);
#1658=ORIENTED_EDGE('',*,*,#1301,.F.);
#1659=ORIENTED_EDGE('',*,*,#1297,.T.);
#1660=ORIENTED_EDGE('',*,*,#1302,.T.);
#1661=ORIENTED_EDGE('',*,*,#1303,.F.);
#1662=ORIENTED_EDGE('',*,*,#1304,.F.);
#1663=ORIENTED_EDGE('',*,*,#1305,.T.);
#1664=ORIENTED_EDGE('',*,*,#1306,.F.);
#1665=ORIENTED_EDGE('',*,*,#1307,.F.);
#1666=ORIENTED_EDGE('',*,*,#1303,.T.);
#1667=ORIENTED_EDGE('',*,*,#1308,.T.);
#1668=ORIENTED_EDGE('',*,*,#1309,.T.);
#1669=ORIENTED_EDGE('',*,*,#1310,.T.);
#1670=ORIENTED_EDGE('',*,*,#1311,.F.);
#1671=ORIENTED_EDGE('',*,*,#1312,.F.);
#1672=ORIENTED_EDGE('',*,*,#1306,.T.);
#1673=ORIENTED_EDGE('',*,*,#1313,.T.);
#1674=ORIENTED_EDGE('',*,*,#1314,.F.);
#1675=ORIENTED_EDGE('',*,*,#1315,.F.);
#1676=ORIENTED_EDGE('',*,*,#1311,.T.);
#1677=ORIENTED_EDGE('',*,*,#1316,.T.);
#1678=ORIENTED_EDGE('',*,*,#1317,.F.);
#1679=ORIENTED_EDGE('',*,*,#1318,.F.);
#1680=ORIENTED_EDGE('',*,*,#1314,.T.);
#1681=ORIENTED_EDGE('',*,*,#1319,.T.);
#1682=ORIENTED_EDGE('',*,*,#1320,.F.);
#1683=ORIENTED_EDGE('',*,*,#1321,.F.);
#1684=ORIENTED_EDGE('',*,*,#1317,.T.);
#1685=ORIENTED_EDGE('',*,*,#1322,.T.);
#1686=ORIENTED_EDGE('',*,*,#1323,.F.);
#1687=ORIENTED_EDGE('',*,*,#1324,.F.);
#1688=ORIENTED_EDGE('',*,*,#1320,.T.);
#1689=ORIENTED_EDGE('',*,*,#1325,.T.);
#1690=ORIENTED_EDGE('',*,*,#1323,.T.);
#1691=ORIENTED_EDGE('',*,*,#1326,.T.);
#1692=ORIENTED_EDGE('',*,*,#1327,.F.);
#1693=ORIENTED_EDGE('',*,*,#1305,.F.);
#1694=ORIENTED_EDGE('',*,*,#1308,.F.);
#1695=ORIENTED_EDGE('',*,*,#1328,.T.);
#1696=ORIENTED_EDGE('',*,*,#1329,.T.);
#1697=ORIENTED_EDGE('',*,*,#1328,.F.);
#1698=ORIENTED_EDGE('',*,*,#1330,.T.);
#1699=ORIENTED_EDGE('',*,*,#1331,.T.);
#1700=ORIENTED_EDGE('',*,*,#1332,.F.);
#1701=ORIENTED_EDGE('',*,*,#1331,.F.);
#1702=ORIENTED_EDGE('',*,*,#1327,.T.);
#1703=ORIENTED_EDGE('',*,*,#1333,.T.);
#1704=ORIENTED_EDGE('',*,*,#1334,.T.);
#1705=ORIENTED_EDGE('',*,*,#1335,.T.);
#1706=ORIENTED_EDGE('',*,*,#1336,.T.);
#1707=ORIENTED_EDGE('',*,*,#1334,.F.);
#1708=ORIENTED_EDGE('',*,*,#1333,.F.);
#1709=ORIENTED_EDGE('',*,*,#1326,.F.);
#1710=ORIENTED_EDGE('',*,*,#1325,.F.);
#1711=ORIENTED_EDGE('',*,*,#1322,.F.);
#1712=ORIENTED_EDGE('',*,*,#1319,.F.);
#1713=ORIENTED_EDGE('',*,*,#1316,.F.);
#1714=ORIENTED_EDGE('',*,*,#1313,.F.);
#1715=ORIENTED_EDGE('',*,*,#1310,.F.);
#1716=ORIENTED_EDGE('',*,*,#1337,.T.);
#1717=ORIENTED_EDGE('',*,*,#1285,.T.);
#1718=ORIENTED_EDGE('',*,*,#1289,.T.);
#1719=ORIENTED_EDGE('',*,*,#1292,.T.);
#1720=ORIENTED_EDGE('',*,*,#1295,.T.);
#1721=ORIENTED_EDGE('',*,*,#1298,.T.);
#1722=ORIENTED_EDGE('',*,*,#1301,.T.);
#1723=ORIENTED_EDGE('',*,*,#1338,.T.);
#1724=ORIENTED_EDGE('',*,*,#1339,.F.);
#1725=ORIENTED_EDGE('',*,*,#1286,.F.);
#1726=ORIENTED_EDGE('',*,*,#1337,.F.);
#1727=ORIENTED_EDGE('',*,*,#1309,.F.);
#1728=ORIENTED_EDGE('',*,*,#1300,.T.);
#1729=ORIENTED_EDGE('',*,*,#1340,.T.);
#1730=ORIENTED_EDGE('',*,*,#1335,.F.);
#1731=ORIENTED_EDGE('',*,*,#1338,.F.);
#1732=ORIENTED_EDGE('',*,*,#1336,.F.);
#1733=ORIENTED_EDGE('',*,*,#1340,.F.);
#1734=ORIENTED_EDGE('',*,*,#1302,.F.);
#1735=ORIENTED_EDGE('',*,*,#1299,.F.);
#1736=ORIENTED_EDGE('',*,*,#1296,.F.);
#1737=ORIENTED_EDGE('',*,*,#1293,.F.);
#1738=ORIENTED_EDGE('',*,*,#1290,.F.);
#1739=ORIENTED_EDGE('',*,*,#1287,.F.);
#1740=ORIENTED_EDGE('',*,*,#1339,.T.);
#1741=ORIENTED_EDGE('',*,*,#1304,.T.);
#1742=ORIENTED_EDGE('',*,*,#1307,.T.);
#1743=ORIENTED_EDGE('',*,*,#1312,.T.);
#1744=ORIENTED_EDGE('',*,*,#1315,.T.);
#1745=ORIENTED_EDGE('',*,*,#1318,.T.);
#1746=ORIENTED_EDGE('',*,*,#1321,.T.);
#1747=ORIENTED_EDGE('',*,*,#1324,.T.);
#1748=ORIENTED_EDGE('',*,*,#1329,.F.);
#1749=ORIENTED_EDGE('',*,*,#1332,.T.);
#1750=ORIENTED_EDGE('',*,*,#1341,.T.);
#1751=ORIENTED_EDGE('',*,*,#1330,.F.);
#1752=ORIENTED_EDGE('',*,*,#1342,.T.);
#1753=ORIENTED_EDGE('',*,*,#1343,.F.);
#1754=ORIENTED_EDGE('',*,*,#1344,.F.);
#1755=ORIENTED_EDGE('',*,*,#1345,.F.);
#1756=ORIENTED_EDGE('',*,*,#1346,.F.);
#1757=ORIENTED_EDGE('',*,*,#1347,.F.);
#1758=ORIENTED_EDGE('',*,*,#1348,.F.);
#1759=ORIENTED_EDGE('',*,*,#1342,.F.);
#1760=ORIENTED_EDGE('',*,*,#1348,.T.);
#1761=ORIENTED_EDGE('',*,*,#1349,.T.);
#1762=ORIENTED_EDGE('',*,*,#1350,.T.);
#1763=ORIENTED_EDGE('',*,*,#1341,.F.);
#1764=ORIENTED_EDGE('',*,*,#1350,.F.);
#1765=ORIENTED_EDGE('',*,*,#1351,.T.);
#1766=ORIENTED_EDGE('',*,*,#1344,.T.);
#1767=ORIENTED_EDGE('',*,*,#1343,.T.);
#1768=ORIENTED_EDGE('',*,*,#1352,.T.);
#1769=ORIENTED_EDGE('',*,*,#1345,.T.);
#1770=ORIENTED_EDGE('',*,*,#1351,.F.);
#1771=ORIENTED_EDGE('',*,*,#1349,.F.);
#1772=ORIENTED_EDGE('',*,*,#1347,.T.);
#1773=ORIENTED_EDGE('',*,*,#1352,.F.);
#1774=ORIENTED_EDGE('',*,*,#1346,.T.);
#1775=ORIENTED_EDGE('',*,*,#1353,.T.);
#1776=ORIENTED_EDGE('',*,*,#1354,.T.);
#1777=ORIENTED_EDGE('',*,*,#1355,.T.);
#1778=ORIENTED_EDGE('',*,*,#1356,.T.);
#1779=ORIENTED_EDGE('',*,*,#1357,.T.);
#1780=ORIENTED_EDGE('',*,*,#1358,.T.);
#1781=ORIENTED_EDGE('',*,*,#1358,.F.);
#1782=ORIENTED_EDGE('',*,*,#1359,.T.);
#1783=ORIENTED_EDGE('',*,*,#1360,.T.);
#1784=ORIENTED_EDGE('',*,*,#1361,.T.);
#1785=ORIENTED_EDGE('',*,*,#1357,.F.);
#1786=ORIENTED_EDGE('',*,*,#1362,.T.);
#1787=ORIENTED_EDGE('',*,*,#1363,.F.);
#1788=ORIENTED_EDGE('',*,*,#1359,.F.);
#1789=ORIENTED_EDGE('',*,*,#1356,.F.);
#1790=ORIENTED_EDGE('',*,*,#1364,.F.);
#1791=ORIENTED_EDGE('',*,*,#1362,.F.);
#1792=ORIENTED_EDGE('',*,*,#1355,.F.);
#1793=ORIENTED_EDGE('',*,*,#1365,.F.);
#1794=ORIENTED_EDGE('',*,*,#1366,.F.);
#1795=ORIENTED_EDGE('',*,*,#1364,.T.);
#1796=ORIENTED_EDGE('',*,*,#1354,.F.);
#1797=ORIENTED_EDGE('',*,*,#1367,.F.);
#1798=ORIENTED_EDGE('',*,*,#1365,.T.);
#1799=ORIENTED_EDGE('',*,*,#1360,.F.);
#1800=ORIENTED_EDGE('',*,*,#1363,.T.);
#1801=ORIENTED_EDGE('',*,*,#1366,.T.);
#1802=ORIENTED_EDGE('',*,*,#1368,.F.);
#1803=ORIENTED_EDGE('',*,*,#1353,.F.);
#1804=ORIENTED_EDGE('',*,*,#1361,.F.);
#1805=ORIENTED_EDGE('',*,*,#1368,.T.);
#1806=ORIENTED_EDGE('',*,*,#1367,.T.);
#1807=ORIENTED_EDGE('',*,*,#1369,.T.);
#1808=ORIENTED_EDGE('',*,*,#1370,.F.);
#1809=ORIENTED_EDGE('',*,*,#1371,.F.);
#1810=ORIENTED_EDGE('',*,*,#1372,.F.);
#1811=ORIENTED_EDGE('',*,*,#1373,.T.);
#1812=ORIENTED_EDGE('',*,*,#1374,.F.);
#1813=ORIENTED_EDGE('',*,*,#1375,.F.);
#1814=ORIENTED_EDGE('',*,*,#1376,.T.);
#1815=ORIENTED_EDGE('',*,*,#1377,.F.);
#1816=ORIENTED_EDGE('',*,*,#1378,.T.);
#1817=ORIENTED_EDGE('',*,*,#1379,.F.);
#1818=ORIENTED_EDGE('',*,*,#1380,.T.);
#1819=ORIENTED_EDGE('',*,*,#1381,.F.);
#1820=ORIENTED_EDGE('',*,*,#1382,.T.);
#1821=ORIENTED_EDGE('',*,*,#1383,.T.);
#1822=ORIENTED_EDGE('',*,*,#1383,.F.);
#1823=ORIENTED_EDGE('',*,*,#1384,.F.);
#1824=ORIENTED_EDGE('',*,*,#1385,.F.);
#1825=ORIENTED_EDGE('',*,*,#1386,.F.);
#1826=ORIENTED_EDGE('',*,*,#1387,.F.);
#1827=ORIENTED_EDGE('',*,*,#1388,.T.);
#1828=ORIENTED_EDGE('',*,*,#1381,.T.);
#1829=ORIENTED_EDGE('',*,*,#1386,.T.);
#1830=ORIENTED_EDGE('',*,*,#1389,.T.);
#1831=ORIENTED_EDGE('',*,*,#1384,.T.);
#1832=ORIENTED_EDGE('',*,*,#1390,.F.);
#1833=ORIENTED_EDGE('',*,*,#1389,.F.);
#1834=ORIENTED_EDGE('',*,*,#1391,.T.);
#1835=ORIENTED_EDGE('',*,*,#1387,.T.);
#1836=ORIENTED_EDGE('',*,*,#1385,.T.);
#1837=ORIENTED_EDGE('',*,*,#1392,.T.);
#1838=ORIENTED_EDGE('',*,*,#1393,.F.);
#1839=ORIENTED_EDGE('',*,*,#1394,.T.);
#1840=ORIENTED_EDGE('',*,*,#1395,.F.);
#1841=ORIENTED_EDGE('',*,*,#1396,.T.);
#1842=ORIENTED_EDGE('',*,*,#1397,.F.);
#1843=ORIENTED_EDGE('',*,*,#1398,.T.);
#1844=ORIENTED_EDGE('',*,*,#1399,.F.);
#1845=ORIENTED_EDGE('',*,*,#1400,.F.);
#1846=ORIENTED_EDGE('',*,*,#1401,.F.);
#1847=ORIENTED_EDGE('',*,*,#1402,.T.);
#1848=ORIENTED_EDGE('',*,*,#1403,.F.);
#1849=ORIENTED_EDGE('',*,*,#1402,.F.);
#1850=ORIENTED_EDGE('',*,*,#1404,.F.);
#1851=ORIENTED_EDGE('',*,*,#1405,.T.);
#1852=ORIENTED_EDGE('',*,*,#1406,.F.);
#1853=ORIENTED_EDGE('',*,*,#1405,.F.);
#1854=ORIENTED_EDGE('',*,*,#1407,.F.);
#1855=ORIENTED_EDGE('',*,*,#1408,.F.);
#1856=ORIENTED_EDGE('',*,*,#1409,.F.);
#1857=ORIENTED_EDGE('',*,*,#1410,.F.);
#1858=ORIENTED_EDGE('',*,*,#1411,.F.);
#1859=ORIENTED_EDGE('',*,*,#1412,.T.);
#1860=ORIENTED_EDGE('',*,*,#1413,.F.);
#1861=ORIENTED_EDGE('',*,*,#1412,.F.);
#1862=ORIENTED_EDGE('',*,*,#1414,.F.);
#1863=ORIENTED_EDGE('',*,*,#1415,.T.);
#1864=ORIENTED_EDGE('',*,*,#1416,.F.);
#1865=ORIENTED_EDGE('',*,*,#1415,.F.);
#1866=ORIENTED_EDGE('',*,*,#1417,.F.);
#1867=ORIENTED_EDGE('',*,*,#1418,.F.);
#1868=ORIENTED_EDGE('',*,*,#1419,.F.);
#1869=ORIENTED_EDGE('',*,*,#1420,.F.);
#1870=ORIENTED_EDGE('',*,*,#1394,.F.);
#1871=ORIENTED_EDGE('',*,*,#1421,.F.);
#1872=ORIENTED_EDGE('',*,*,#1422,.F.);
#1873=ORIENTED_EDGE('',*,*,#1423,.F.);
#1874=ORIENTED_EDGE('',*,*,#1424,.T.);
#1875=ORIENTED_EDGE('',*,*,#1425,.T.);
#1876=ORIENTED_EDGE('',*,*,#1395,.T.);
#1877=ORIENTED_EDGE('',*,*,#1420,.T.);
#1878=ORIENTED_EDGE('',*,*,#1426,.T.);
#1879=ORIENTED_EDGE('',*,*,#1425,.F.);
#1880=ORIENTED_EDGE('',*,*,#1427,.T.);
#1881=ORIENTED_EDGE('',*,*,#1428,.F.);
#1882=ORIENTED_EDGE('',*,*,#1392,.F.);
#1883=ORIENTED_EDGE('',*,*,#1428,.T.);
#1884=ORIENTED_EDGE('',*,*,#1429,.T.);
#1885=ORIENTED_EDGE('',*,*,#1430,.F.);
#1886=ORIENTED_EDGE('',*,*,#1431,.T.);
#1887=ORIENTED_EDGE('',*,*,#1421,.T.);
#1888=ORIENTED_EDGE('',*,*,#1393,.T.);
#1889=ORIENTED_EDGE('',*,*,#1432,.F.);
#1890=ORIENTED_EDGE('',*,*,#1398,.F.);
#1891=ORIENTED_EDGE('',*,*,#1433,.F.);
#1892=ORIENTED_EDGE('',*,*,#1434,.F.);
#1893=ORIENTED_EDGE('',*,*,#1435,.F.);
#1894=ORIENTED_EDGE('',*,*,#1436,.T.);
#1895=ORIENTED_EDGE('',*,*,#1437,.T.);
#1896=ORIENTED_EDGE('',*,*,#1399,.T.);
#1897=ORIENTED_EDGE('',*,*,#1432,.T.);
#1898=ORIENTED_EDGE('',*,*,#1438,.T.);
#1899=ORIENTED_EDGE('',*,*,#1437,.F.);
#1900=ORIENTED_EDGE('',*,*,#1439,.T.);
#1901=ORIENTED_EDGE('',*,*,#1440,.F.);
#1902=ORIENTED_EDGE('',*,*,#1396,.F.);
#1903=ORIENTED_EDGE('',*,*,#1440,.T.);
#1904=ORIENTED_EDGE('',*,*,#1441,.T.);
#1905=ORIENTED_EDGE('',*,*,#1442,.F.);
#1906=ORIENTED_EDGE('',*,*,#1443,.T.);
#1907=ORIENTED_EDGE('',*,*,#1433,.T.);
#1908=ORIENTED_EDGE('',*,*,#1397,.T.);
#1909=ORIENTED_EDGE('',*,*,#1444,.F.);
#1910=ORIENTED_EDGE('',*,*,#1445,.F.);
#1911=ORIENTED_EDGE('',*,*,#1446,.F.);
#1912=ORIENTED_EDGE('',*,*,#1378,.F.);
#1913=ORIENTED_EDGE('',*,*,#1379,.T.);
#1914=ORIENTED_EDGE('',*,*,#1446,.T.);
#1915=ORIENTED_EDGE('',*,*,#1447,.F.);
#1916=ORIENTED_EDGE('',*,*,#1370,.T.);
#1917=ORIENTED_EDGE('',*,*,#1448,.T.);
#1918=ORIENTED_EDGE('',*,*,#1449,.T.);
#1919=ORIENTED_EDGE('',*,*,#1450,.F.);
#1920=ORIENTED_EDGE('',*,*,#1380,.F.);
#1921=ORIENTED_EDGE('',*,*,#1449,.F.);
#1922=ORIENTED_EDGE('',*,*,#1451,.T.);
#1923=ORIENTED_EDGE('',*,*,#1452,.F.);
#1924=ORIENTED_EDGE('',*,*,#1444,.T.);
#1925=ORIENTED_EDGE('',*,*,#1377,.T.);
#1926=ORIENTED_EDGE('',*,*,#1450,.T.);
#1927=ORIENTED_EDGE('',*,*,#1453,.T.);
#1928=ORIENTED_EDGE('',*,*,#1376,.F.);
#1929=ORIENTED_EDGE('',*,*,#1454,.F.);
#1930=ORIENTED_EDGE('',*,*,#1455,.F.);
#1931=ORIENTED_EDGE('',*,*,#1374,.T.);
#1932=ORIENTED_EDGE('',*,*,#1456,.T.);
#1933=ORIENTED_EDGE('',*,*,#1457,.F.);
#1934=ORIENTED_EDGE('',*,*,#1458,.F.);
#1935=ORIENTED_EDGE('',*,*,#1459,.F.);
#1936=ORIENTED_EDGE('',*,*,#1460,.T.);
#1937=ORIENTED_EDGE('',*,*,#1372,.T.);
#1938=ORIENTED_EDGE('',*,*,#1461,.F.);
#1939=ORIENTED_EDGE('',*,*,#1457,.T.);
#1940=ORIENTED_EDGE('',*,*,#1462,.T.);
#1941=ORIENTED_EDGE('',*,*,#1463,.F.);
#1942=ORIENTED_EDGE('',*,*,#1464,.F.);
#1943=ORIENTED_EDGE('',*,*,#1454,.T.);
#1944=ORIENTED_EDGE('',*,*,#1465,.T.);
#1945=ORIENTED_EDGE('',*,*,#1466,.F.);
#1946=ORIENTED_EDGE('',*,*,#1467,.F.);
#1947=ORIENTED_EDGE('',*,*,#1468,.F.);
#1948=ORIENTED_EDGE('',*,*,#1469,.F.);
#1949=ORIENTED_EDGE('',*,*,#1470,.F.);
#1950=ORIENTED_EDGE('',*,*,#1471,.F.);
#1951=ORIENTED_EDGE('',*,*,#1472,.F.);
#1952=ORIENTED_EDGE('',*,*,#1473,.F.);
#1953=ORIENTED_EDGE('',*,*,#1408,.T.);
#1954=ORIENTED_EDGE('',*,*,#1474,.F.);
#1955=ORIENTED_EDGE('',*,*,#1475,.T.);
#1956=ORIENTED_EDGE('',*,*,#1476,.F.);
#1957=ORIENTED_EDGE('',*,*,#1476,.T.);
#1958=ORIENTED_EDGE('',*,*,#1477,.T.);
#1959=ORIENTED_EDGE('',*,*,#1478,.F.);
#1960=ORIENTED_EDGE('',*,*,#1403,.T.);
#1961=ORIENTED_EDGE('',*,*,#1406,.T.);
#1962=ORIENTED_EDGE('',*,*,#1409,.T.);
#1963=ORIENTED_EDGE('',*,*,#1479,.F.);
#1964=ORIENTED_EDGE('',*,*,#1480,.T.);
#1965=ORIENTED_EDGE('',*,*,#1400,.T.);
#1966=ORIENTED_EDGE('',*,*,#1478,.T.);
#1967=ORIENTED_EDGE('',*,*,#1481,.T.);
#1968=ORIENTED_EDGE('',*,*,#1474,.T.);
#1969=ORIENTED_EDGE('',*,*,#1407,.T.);
#1970=ORIENTED_EDGE('',*,*,#1404,.T.);
#1971=ORIENTED_EDGE('',*,*,#1401,.T.);
#1972=ORIENTED_EDGE('',*,*,#1480,.F.);
#1973=ORIENTED_EDGE('',*,*,#1418,.T.);
#1974=ORIENTED_EDGE('',*,*,#1482,.F.);
#1975=ORIENTED_EDGE('',*,*,#1483,.T.);
#1976=ORIENTED_EDGE('',*,*,#1484,.F.);
#1977=ORIENTED_EDGE('',*,*,#1484,.T.);
#1978=ORIENTED_EDGE('',*,*,#1485,.T.);
#1979=ORIENTED_EDGE('',*,*,#1486,.F.);
#1980=ORIENTED_EDGE('',*,*,#1413,.T.);
#1981=ORIENTED_EDGE('',*,*,#1416,.T.);
#1982=ORIENTED_EDGE('',*,*,#1419,.T.);
#1983=ORIENTED_EDGE('',*,*,#1487,.F.);
#1984=ORIENTED_EDGE('',*,*,#1488,.T.);
#1985=ORIENTED_EDGE('',*,*,#1410,.T.);
#1986=ORIENTED_EDGE('',*,*,#1486,.T.);
#1987=ORIENTED_EDGE('',*,*,#1489,.T.);
#1988=ORIENTED_EDGE('',*,*,#1482,.T.);
#1989=ORIENTED_EDGE('',*,*,#1417,.T.);
#1990=ORIENTED_EDGE('',*,*,#1414,.T.);
#1991=ORIENTED_EDGE('',*,*,#1411,.T.);
#1992=ORIENTED_EDGE('',*,*,#1488,.F.);
#1993=ORIENTED_EDGE('',*,*,#1490,.F.);
#1994=ORIENTED_EDGE('',*,*,#1491,.F.);
#1995=ORIENTED_EDGE('',*,*,#1426,.F.);
#1996=ORIENTED_EDGE('',*,*,#1422,.T.);
#1997=ORIENTED_EDGE('',*,*,#1431,.F.);
#1998=ORIENTED_EDGE('',*,*,#1492,.F.);
#1999=ORIENTED_EDGE('',*,*,#1493,.F.);
#2000=ORIENTED_EDGE('',*,*,#1494,.T.);
#2001=ORIENTED_EDGE('',*,*,#1423,.T.);
#2002=ORIENTED_EDGE('',*,*,#1491,.T.);
#2003=ORIENTED_EDGE('',*,*,#1427,.F.);
#2004=ORIENTED_EDGE('',*,*,#1424,.F.);
#2005=ORIENTED_EDGE('',*,*,#1494,.F.);
#2006=ORIENTED_EDGE('',*,*,#1495,.F.);
#2007=ORIENTED_EDGE('',*,*,#1496,.F.);
#2008=ORIENTED_EDGE('',*,*,#1429,.F.);
#2009=ORIENTED_EDGE('',*,*,#1430,.T.);
#2010=ORIENTED_EDGE('',*,*,#1496,.T.);
#2011=ORIENTED_EDGE('',*,*,#1497,.F.);
#2012=ORIENTED_EDGE('',*,*,#1492,.T.);
#2013=ORIENTED_EDGE('',*,*,#1498,.F.);
#2014=ORIENTED_EDGE('',*,*,#1499,.F.);
#2015=ORIENTED_EDGE('',*,*,#1438,.F.);
#2016=ORIENTED_EDGE('',*,*,#1434,.T.);
#2017=ORIENTED_EDGE('',*,*,#1443,.F.);
#2018=ORIENTED_EDGE('',*,*,#1500,.F.);
#2019=ORIENTED_EDGE('',*,*,#1501,.F.);
#2020=ORIENTED_EDGE('',*,*,#1502,.T.);
#2021=ORIENTED_EDGE('',*,*,#1435,.T.);
#2022=ORIENTED_EDGE('',*,*,#1499,.T.);
#2023=ORIENTED_EDGE('',*,*,#1439,.F.);
#2024=ORIENTED_EDGE('',*,*,#1436,.F.);
#2025=ORIENTED_EDGE('',*,*,#1502,.F.);
#2026=ORIENTED_EDGE('',*,*,#1503,.F.);
#2027=ORIENTED_EDGE('',*,*,#1504,.F.);
#2028=ORIENTED_EDGE('',*,*,#1441,.F.);
#2029=ORIENTED_EDGE('',*,*,#1442,.T.);
#2030=ORIENTED_EDGE('',*,*,#1504,.T.);
#2031=ORIENTED_EDGE('',*,*,#1505,.F.);
#2032=ORIENTED_EDGE('',*,*,#1500,.T.);
#2033=ORIENTED_EDGE('',*,*,#1447,.T.);
#2034=ORIENTED_EDGE('',*,*,#1445,.T.);
#2035=ORIENTED_EDGE('',*,*,#1452,.T.);
#2036=ORIENTED_EDGE('',*,*,#1375,.T.);
#2037=ORIENTED_EDGE('',*,*,#1455,.T.);
#2038=ORIENTED_EDGE('',*,*,#1464,.T.);
#2039=ORIENTED_EDGE('',*,*,#1506,.F.);
#2040=ORIENTED_EDGE('',*,*,#1507,.F.);
#2041=ORIENTED_EDGE('',*,*,#1508,.T.);
#2042=ORIENTED_EDGE('',*,*,#1458,.T.);
#2043=ORIENTED_EDGE('',*,*,#1461,.T.);
#2044=ORIENTED_EDGE('',*,*,#1371,.T.);
#2045=ORIENTED_EDGE('',*,*,#1459,.T.);
#2046=ORIENTED_EDGE('',*,*,#1508,.F.);
#2047=ORIENTED_EDGE('',*,*,#1509,.F.);
#2048=ORIENTED_EDGE('',*,*,#1510,.T.);
#2049=ORIENTED_EDGE('',*,*,#1369,.F.);
#2050=ORIENTED_EDGE('',*,*,#1462,.F.);
#2051=ORIENTED_EDGE('',*,*,#1460,.F.);
#2052=ORIENTED_EDGE('',*,*,#1510,.F.);
#2053=ORIENTED_EDGE('',*,*,#1511,.F.);
#2054=ORIENTED_EDGE('',*,*,#1512,.F.);
#2055=ORIENTED_EDGE('',*,*,#1465,.F.);
#2056=ORIENTED_EDGE('',*,*,#1456,.F.);
#2057=ORIENTED_EDGE('',*,*,#1373,.F.);
#2058=ORIENTED_EDGE('',*,*,#1453,.F.);
#2059=ORIENTED_EDGE('',*,*,#1451,.F.);
#2060=ORIENTED_EDGE('',*,*,#1448,.F.);
#2061=ORIENTED_EDGE('',*,*,#1513,.F.);
#2062=ORIENTED_EDGE('',*,*,#1506,.T.);
#2063=ORIENTED_EDGE('',*,*,#1463,.T.);
#2064=ORIENTED_EDGE('',*,*,#1512,.T.);
#2065=ORIENTED_EDGE('',*,*,#1514,.F.);
#2066=ORIENTED_EDGE('',*,*,#1515,.F.);
#2067=ORIENTED_EDGE('',*,*,#1516,.F.);
#2068=ORIENTED_EDGE('',*,*,#1517,.F.);
#2069=ORIENTED_EDGE('',*,*,#1518,.F.);
#2070=ORIENTED_EDGE('',*,*,#1519,.F.);
#2071=ORIENTED_EDGE('',*,*,#1520,.F.);
#2072=ORIENTED_EDGE('',*,*,#1521,.F.);
#2073=ORIENTED_EDGE('',*,*,#1522,.F.);
#2074=ORIENTED_EDGE('',*,*,#1523,.F.);
#2075=ORIENTED_EDGE('',*,*,#1524,.T.);
#2076=ORIENTED_EDGE('',*,*,#1472,.T.);
#2077=ORIENTED_EDGE('',*,*,#1525,.F.);
#2078=ORIENTED_EDGE('',*,*,#1519,.T.);
#2079=ORIENTED_EDGE('',*,*,#1526,.F.);
#2080=ORIENTED_EDGE('',*,*,#1527,.F.);
#2081=ORIENTED_EDGE('',*,*,#1528,.F.);
#2082=ORIENTED_EDGE('',*,*,#1520,.T.);
#2083=ORIENTED_EDGE('',*,*,#1525,.T.);
#2084=ORIENTED_EDGE('',*,*,#1529,.F.);
#2085=ORIENTED_EDGE('',*,*,#1471,.T.);
#2086=ORIENTED_EDGE('',*,*,#1530,.F.);
#2087=ORIENTED_EDGE('',*,*,#1531,.F.);
#2088=ORIENTED_EDGE('',*,*,#1522,.T.);
#2089=ORIENTED_EDGE('',*,*,#1532,.T.);
#2090=ORIENTED_EDGE('',*,*,#1473,.T.);
#2091=ORIENTED_EDGE('',*,*,#1524,.F.);
#2092=ORIENTED_EDGE('',*,*,#1533,.T.);
#2093=ORIENTED_EDGE('',*,*,#1534,.F.);
#2094=ORIENTED_EDGE('',*,*,#1535,.T.);
#2095=ORIENTED_EDGE('',*,*,#1536,.T.);
#2096=ORIENTED_EDGE('',*,*,#1537,.T.);
#2097=ORIENTED_EDGE('',*,*,#1538,.T.);
#2098=ORIENTED_EDGE('',*,*,#1469,.T.);
#2099=ORIENTED_EDGE('',*,*,#1539,.F.);
#2100=ORIENTED_EDGE('',*,*,#1466,.T.);
#2101=ORIENTED_EDGE('',*,*,#1538,.F.);
#2102=ORIENTED_EDGE('',*,*,#1540,.T.);
#2103=ORIENTED_EDGE('',*,*,#1541,.T.);
#2104=ORIENTED_EDGE('',*,*,#1542,.T.);
#2105=ORIENTED_EDGE('',*,*,#1467,.T.);
#2106=ORIENTED_EDGE('',*,*,#1539,.T.);
#2107=ORIENTED_EDGE('',*,*,#1530,.T.);
#2108=ORIENTED_EDGE('',*,*,#1470,.T.);
#2109=ORIENTED_EDGE('',*,*,#1532,.F.);
#2110=ORIENTED_EDGE('',*,*,#1468,.T.);
#2111=ORIENTED_EDGE('',*,*,#1542,.F.);
#2112=ORIENTED_EDGE('',*,*,#1543,.T.);
#2113=ORIENTED_EDGE('',*,*,#1544,.T.);
#2114=ORIENTED_EDGE('',*,*,#1545,.T.);
#2115=ORIENTED_EDGE('',*,*,#1489,.F.);
#2116=ORIENTED_EDGE('',*,*,#1487,.T.);
#2117=ORIENTED_EDGE('',*,*,#1485,.F.);
#2118=ORIENTED_EDGE('',*,*,#1483,.F.);
#2119=ORIENTED_EDGE('',*,*,#1481,.F.);
#2120=ORIENTED_EDGE('',*,*,#1479,.T.);
#2121=ORIENTED_EDGE('',*,*,#1477,.F.);
#2122=ORIENTED_EDGE('',*,*,#1475,.F.);
#2123=ORIENTED_EDGE('',*,*,#1546,.T.);
#2124=ORIENTED_EDGE('',*,*,#1547,.F.);
#2125=ORIENTED_EDGE('',*,*,#1544,.F.);
#2126=ORIENTED_EDGE('',*,*,#1548,.T.);
#2127=ORIENTED_EDGE('',*,*,#1549,.F.);
#2128=ORIENTED_EDGE('',*,*,#1550,.T.);
#2129=ORIENTED_EDGE('',*,*,#1546,.F.);
#2130=ORIENTED_EDGE('',*,*,#1551,.T.);
#2131=ORIENTED_EDGE('',*,*,#1552,.F.);
#2132=ORIENTED_EDGE('',*,*,#1553,.F.);
#2133=ORIENTED_EDGE('',*,*,#1549,.T.);
#2134=ORIENTED_EDGE('',*,*,#1554,.T.);
#2135=ORIENTED_EDGE('',*,*,#1521,.T.);
#2136=ORIENTED_EDGE('',*,*,#1528,.T.);
#2137=ORIENTED_EDGE('',*,*,#1555,.T.);
#2138=ORIENTED_EDGE('',*,*,#1552,.T.);
#2139=ORIENTED_EDGE('',*,*,#1556,.T.);
#2140=ORIENTED_EDGE('',*,*,#1557,.F.);
#2141=ORIENTED_EDGE('',*,*,#1515,.T.);
#2142=ORIENTED_EDGE('',*,*,#1558,.T.);
#2143=ORIENTED_EDGE('',*,*,#1513,.T.);
#2144=ORIENTED_EDGE('',*,*,#1511,.T.);
#2145=ORIENTED_EDGE('',*,*,#1509,.T.);
#2146=ORIENTED_EDGE('',*,*,#1507,.T.);
#2147=ORIENTED_EDGE('',*,*,#1505,.T.);
#2148=ORIENTED_EDGE('',*,*,#1503,.T.);
#2149=ORIENTED_EDGE('',*,*,#1501,.T.);
#2150=ORIENTED_EDGE('',*,*,#1498,.T.);
#2151=ORIENTED_EDGE('',*,*,#1497,.T.);
#2152=ORIENTED_EDGE('',*,*,#1495,.T.);
#2153=ORIENTED_EDGE('',*,*,#1493,.T.);
#2154=ORIENTED_EDGE('',*,*,#1490,.T.);
#2155=ORIENTED_EDGE('',*,*,#1559,.F.);
#2156=ORIENTED_EDGE('',*,*,#1516,.T.);
#2157=ORIENTED_EDGE('',*,*,#1557,.T.);
#2158=ORIENTED_EDGE('',*,*,#1560,.T.);
#2159=ORIENTED_EDGE('',*,*,#1561,.F.);
#2160=ORIENTED_EDGE('',*,*,#1517,.T.);
#2161=ORIENTED_EDGE('',*,*,#1559,.T.);
#2162=ORIENTED_EDGE('',*,*,#1562,.T.);
#2163=ORIENTED_EDGE('',*,*,#1518,.T.);
#2164=ORIENTED_EDGE('',*,*,#1558,.F.);
#2165=ORIENTED_EDGE('',*,*,#1514,.T.);
#2166=ORIENTED_EDGE('',*,*,#1561,.T.);
#2167=ORIENTED_EDGE('',*,*,#1563,.T.);
#2168=ORIENTED_EDGE('',*,*,#1564,.T.);
#2169=ORIENTED_EDGE('',*,*,#1565,.F.);
#2170=ORIENTED_EDGE('',*,*,#1526,.T.);
#2171=ORIENTED_EDGE('',*,*,#1566,.T.);
#2172=ORIENTED_EDGE('',*,*,#1567,.T.);
#2173=ORIENTED_EDGE('',*,*,#1564,.F.);
#2174=ORIENTED_EDGE('',*,*,#1568,.T.);
#2175=ORIENTED_EDGE('',*,*,#1569,.T.);
#2176=ORIENTED_EDGE('',*,*,#1570,.T.);
#2177=ORIENTED_EDGE('',*,*,#1566,.F.);
#2178=ORIENTED_EDGE('',*,*,#1571,.T.);
#2179=ORIENTED_EDGE('',*,*,#1572,.F.);
#2180=ORIENTED_EDGE('',*,*,#1573,.T.);
#2181=ORIENTED_EDGE('',*,*,#1569,.F.);
#2182=ORIENTED_EDGE('',*,*,#1574,.T.);
#2183=ORIENTED_EDGE('',*,*,#1575,.T.);
#2184=ORIENTED_EDGE('',*,*,#1576,.T.);
#2185=ORIENTED_EDGE('',*,*,#1577,.F.);
#2186=ORIENTED_EDGE('',*,*,#1578,.T.);
#2187=ORIENTED_EDGE('',*,*,#1579,.T.);
#2188=ORIENTED_EDGE('',*,*,#1572,.T.);
#2189=ORIENTED_EDGE('',*,*,#1580,.F.);
#2190=ORIENTED_EDGE('',*,*,#1578,.F.);
#2191=ORIENTED_EDGE('',*,*,#1581,.F.);
#2192=ORIENTED_EDGE('',*,*,#1582,.F.);
#2193=ORIENTED_EDGE('',*,*,#1583,.F.);
#2194=ORIENTED_EDGE('',*,*,#1534,.T.);
#2195=ORIENTED_EDGE('',*,*,#1584,.F.);
#2196=ORIENTED_EDGE('',*,*,#1585,.T.);
#2197=ORIENTED_EDGE('',*,*,#1586,.F.);
#2198=ORIENTED_EDGE('',*,*,#1576,.F.);
#2199=ORIENTED_EDGE('',*,*,#1587,.T.);
#2200=ORIENTED_EDGE('',*,*,#1588,.F.);
#2201=ORIENTED_EDGE('',*,*,#1589,.T.);
#2202=ORIENTED_EDGE('',*,*,#1536,.F.);
#2203=ORIENTED_EDGE('',*,*,#1590,.T.);
#2204=ORIENTED_EDGE('',*,*,#1591,.T.);
#2205=ORIENTED_EDGE('',*,*,#1592,.F.);
#2206=ORIENTED_EDGE('',*,*,#1593,.F.);
#2207=ORIENTED_EDGE('',*,*,#1594,.F.);
#2208=ORIENTED_EDGE('',*,*,#1595,.F.);
#2209=ORIENTED_EDGE('',*,*,#1596,.F.);
#2210=ORIENTED_EDGE('',*,*,#1597,.T.);
#2211=ORIENTED_EDGE('',*,*,#1598,.F.);
#2212=ORIENTED_EDGE('',*,*,#1593,.T.);
#2213=ORIENTED_EDGE('',*,*,#1598,.T.);
#2214=ORIENTED_EDGE('',*,*,#1599,.T.);
#2215=ORIENTED_EDGE('',*,*,#1600,.F.);
#2216=ORIENTED_EDGE('',*,*,#1601,.T.);
#2217=ORIENTED_EDGE('',*,*,#1594,.T.);
#2218=ORIENTED_EDGE('',*,*,#1602,.F.);
#2219=ORIENTED_EDGE('',*,*,#1603,.T.);
#2220=ORIENTED_EDGE('',*,*,#1596,.T.);
#2221=ORIENTED_EDGE('',*,*,#1592,.T.);
#2222=ORIENTED_EDGE('',*,*,#1604,.T.);
#2223=ORIENTED_EDGE('',*,*,#1605,.F.);
#2224=ORIENTED_EDGE('',*,*,#1606,.T.);
#2225=ORIENTED_EDGE('',*,*,#1602,.T.);
#2226=ORIENTED_EDGE('',*,*,#1607,.F.);
#2227=ORIENTED_EDGE('',*,*,#1608,.F.);
#2228=ORIENTED_EDGE('',*,*,#1609,.T.);
#2229=ORIENTED_EDGE('',*,*,#1605,.T.);
#2230=ORIENTED_EDGE('',*,*,#1610,.F.);
#2231=ORIENTED_EDGE('',*,*,#1611,.T.);
#2232=ORIENTED_EDGE('',*,*,#1612,.F.);
#2233=ORIENTED_EDGE('',*,*,#1585,.F.);
#2234=ORIENTED_EDGE('',*,*,#1613,.T.);
#2235=ORIENTED_EDGE('',*,*,#1614,.T.);
#2236=ORIENTED_EDGE('',*,*,#1615,.T.);
#2237=ORIENTED_EDGE('',*,*,#1600,.T.);
#2238=ORIENTED_EDGE('',*,*,#1616,.T.);
#2239=ORIENTED_EDGE('',*,*,#1613,.F.);
#2240=ORIENTED_EDGE('',*,*,#1617,.F.);
#2241=ORIENTED_EDGE('',*,*,#1577,.T.);
#2242=ORIENTED_EDGE('',*,*,#1586,.T.);
#2243=ORIENTED_EDGE('',*,*,#1618,.F.);
#2244=ORIENTED_EDGE('',*,*,#1604,.F.);
#2245=ORIENTED_EDGE('',*,*,#1595,.T.);
#2246=ORIENTED_EDGE('',*,*,#1601,.F.);
#2247=ORIENTED_EDGE('',*,*,#1619,.F.);
#2248=ORIENTED_EDGE('',*,*,#1581,.T.);
#2249=ORIENTED_EDGE('',*,*,#1620,.F.);
#2250=ORIENTED_EDGE('',*,*,#1582,.T.);
#2251=ORIENTED_EDGE('',*,*,#1621,.T.);
#2252=ORIENTED_EDGE('',*,*,#1622,.F.);
#2253=ORIENTED_EDGE('',*,*,#1623,.F.);
#2254=ORIENTED_EDGE('',*,*,#1621,.F.);
#2255=ORIENTED_EDGE('',*,*,#1619,.T.);
#2256=ORIENTED_EDGE('',*,*,#1617,.T.);
#2257=ORIENTED_EDGE('',*,*,#1615,.F.);
#2258=ORIENTED_EDGE('',*,*,#1531,.T.);
#2259=ORIENTED_EDGE('',*,*,#1545,.F.);
#2260=ORIENTED_EDGE('',*,*,#1547,.T.);
#2261=ORIENTED_EDGE('',*,*,#1550,.F.);
#2262=ORIENTED_EDGE('',*,*,#1553,.T.);
#2263=ORIENTED_EDGE('',*,*,#1555,.F.);
#2264=ORIENTED_EDGE('',*,*,#1529,.T.);
#2265=ORIENTED_EDGE('',*,*,#1527,.T.);
#2266=ORIENTED_EDGE('',*,*,#1565,.T.);
#2267=ORIENTED_EDGE('',*,*,#1567,.F.);
#2268=ORIENTED_EDGE('',*,*,#1570,.F.);
#2269=ORIENTED_EDGE('',*,*,#1573,.F.);
#2270=ORIENTED_EDGE('',*,*,#1579,.F.);
#2271=ORIENTED_EDGE('',*,*,#1580,.T.);
#2272=ORIENTED_EDGE('',*,*,#1620,.T.);
#2273=ORIENTED_EDGE('',*,*,#1624,.T.);
#2274=ORIENTED_EDGE('',*,*,#1610,.T.);
#2275=ORIENTED_EDGE('',*,*,#1584,.T.);
#2276=ORIENTED_EDGE('',*,*,#1533,.F.);
#2277=ORIENTED_EDGE('',*,*,#1523,.T.);
#2278=ORIENTED_EDGE('',*,*,#1624,.F.);
#2279=ORIENTED_EDGE('',*,*,#1622,.T.);
#2280=ORIENTED_EDGE('',*,*,#1625,.F.);
#2281=ORIENTED_EDGE('',*,*,#1611,.F.);
#2282=ORIENTED_EDGE('',*,*,#1590,.F.);
#2283=ORIENTED_EDGE('',*,*,#1535,.F.);
#2284=ORIENTED_EDGE('',*,*,#1583,.T.);
#2285=ORIENTED_EDGE('',*,*,#1626,.T.);
#2286=ORIENTED_EDGE('',*,*,#1627,.T.);
#2287=ORIENTED_EDGE('',*,*,#1628,.F.);
#2288=ORIENTED_EDGE('',*,*,#1629,.F.);
#2289=ORIENTED_EDGE('',*,*,#1588,.T.);
#2290=ORIENTED_EDGE('',*,*,#1630,.T.);
#2291=ORIENTED_EDGE('',*,*,#1591,.F.);
#2292=ORIENTED_EDGE('',*,*,#1631,.F.);
#2293=ORIENTED_EDGE('',*,*,#1632,.T.);
#2294=ORIENTED_EDGE('',*,*,#1589,.F.);
#2295=ORIENTED_EDGE('',*,*,#1630,.F.);
#2296=ORIENTED_EDGE('',*,*,#1633,.F.);
#2297=ORIENTED_EDGE('',*,*,#1627,.F.);
#2298=ORIENTED_EDGE('',*,*,#1587,.F.);
#2299=ORIENTED_EDGE('',*,*,#1575,.F.);
#2300=ORIENTED_EDGE('',*,*,#1574,.F.);
#2301=ORIENTED_EDGE('',*,*,#1571,.F.);
#2302=ORIENTED_EDGE('',*,*,#1568,.F.);
#2303=ORIENTED_EDGE('',*,*,#1563,.F.);
#2304=ORIENTED_EDGE('',*,*,#1562,.F.);
#2305=ORIENTED_EDGE('',*,*,#1560,.F.);
#2306=ORIENTED_EDGE('',*,*,#1556,.F.);
#2307=ORIENTED_EDGE('',*,*,#1554,.F.);
#2308=ORIENTED_EDGE('',*,*,#1551,.F.);
#2309=ORIENTED_EDGE('',*,*,#1548,.F.);
#2310=ORIENTED_EDGE('',*,*,#1543,.F.);
#2311=ORIENTED_EDGE('',*,*,#1541,.F.);
#2312=ORIENTED_EDGE('',*,*,#1540,.F.);
#2313=ORIENTED_EDGE('',*,*,#1537,.F.);
#2314=ORIENTED_EDGE('',*,*,#1633,.T.);
#2315=ORIENTED_EDGE('',*,*,#1632,.F.);
#2316=ORIENTED_EDGE('',*,*,#1634,.T.);
#2317=ORIENTED_EDGE('',*,*,#1628,.T.);
#2318=ORIENTED_EDGE('',*,*,#1635,.F.);
#2319=ORIENTED_EDGE('',*,*,#1631,.T.);
#2320=ORIENTED_EDGE('',*,*,#1626,.F.);
#2321=ORIENTED_EDGE('',*,*,#1612,.T.);
#2322=ORIENTED_EDGE('',*,*,#1618,.T.);
#2323=ORIENTED_EDGE('',*,*,#1629,.T.);
#2324=ORIENTED_EDGE('',*,*,#1636,.F.);
#2325=ORIENTED_EDGE('',*,*,#1608,.T.);
#2326=ORIENTED_EDGE('',*,*,#1607,.T.);
#2327=ORIENTED_EDGE('',*,*,#1614,.F.);
#2328=ORIENTED_EDGE('',*,*,#1616,.F.);
#2329=ORIENTED_EDGE('',*,*,#1599,.F.);
#2330=ORIENTED_EDGE('',*,*,#1597,.F.);
#2331=ORIENTED_EDGE('',*,*,#1603,.F.);
#2332=ORIENTED_EDGE('',*,*,#1606,.F.);
#2333=ORIENTED_EDGE('',*,*,#1609,.F.);
#2334=ORIENTED_EDGE('',*,*,#1636,.T.);
#2335=ORIENTED_EDGE('',*,*,#1634,.F.);
#2336=ORIENTED_EDGE('',*,*,#1635,.T.);
#2337=ORIENTED_EDGE('',*,*,#1625,.T.);
#2338=ORIENTED_EDGE('',*,*,#1623,.T.);
#2339=ORIENTED_EDGE('',*,*,#1391,.F.);
#2340=ORIENTED_EDGE('',*,*,#1390,.T.);
#2341=ORIENTED_EDGE('',*,*,#1382,.F.);
#2342=ORIENTED_EDGE('',*,*,#1388,.F.);
#2343=CYLINDRICAL_SURFACE('',#2537,2.95873412499999);
#2344=CYLINDRICAL_SURFACE('',#2538,2.95873412499999);
#2345=CYLINDRICAL_SURFACE('',#2539,2.95873412499999);
#2346=CYLINDRICAL_SURFACE('',#2540,2.95873412499999);
#2347=CYLINDRICAL_SURFACE('',#2541,2.95873412499999);
#2348=CYLINDRICAL_SURFACE('',#2542,2.95873412499999);
#2349=CYLINDRICAL_SURFACE('',#2543,3.5);
#2350=CYLINDRICAL_SURFACE('',#2545,3.5);
#2351=CYLINDRICAL_SURFACE('',#2547,3.5);
#2352=CYLINDRICAL_SURFACE('',#2548,3.5);
#2353=CYLINDRICAL_SURFACE('',#2549,3.5);
#2354=CYLINDRICAL_SURFACE('',#2550,3.5);
#2355=CYLINDRICAL_SURFACE('',#2551,3.5);
#2356=CYLINDRICAL_SURFACE('',#2552,3.5);
#2357=CYLINDRICAL_SURFACE('',#2556,1.5);
#2358=CYLINDRICAL_SURFACE('',#2562,2.95873412499999);
#2359=CYLINDRICAL_SURFACE('',#2569,3.);
#2360=CYLINDRICAL_SURFACE('',#2581,0.25);
#2361=CYLINDRICAL_SURFACE('',#2585,0.25);
#2362=CYLINDRICAL_SURFACE('',#2590,0.25);
#2363=CYLINDRICAL_SURFACE('',#2591,0.3);
#2364=CYLINDRICAL_SURFACE('',#2594,0.5);
#2365=CYLINDRICAL_SURFACE('',#2597,0.3);
#2366=CYLINDRICAL_SURFACE('',#2601,2.95873412499999);
#2367=CYLINDRICAL_SURFACE('',#2603,0.3);
#2368=CYLINDRICAL_SURFACE('',#2606,0.3);
#2369=CYLINDRICAL_SURFACE('',#2610,0.3);
#2370=CYLINDRICAL_SURFACE('',#2615,0.3);
#2371=CYLINDRICAL_SURFACE('',#2682,0.5);
#2372=CYLINDRICAL_SURFACE('',#2684,0.5);
#2373=CYLINDRICAL_SURFACE('',#2686,0.5);
#2374=CYLINDRICAL_SURFACE('',#2688,0.5);
#2375=CYLINDRICAL_SURFACE('',#2694,0.25);
#2376=CYLINDRICAL_SURFACE('',#2696,0.25);
#2377=CYLINDRICAL_SURFACE('',#2700,0.25);
#2378=CYLINDRICAL_SURFACE('',#2705,0.25);
#2379=CYLINDRICAL_SURFACE('',#2713,0.5244506453331);
#2380=CYLINDRICAL_SURFACE('',#2715,0.5);
#2381=CYLINDRICAL_SURFACE('',#2724,0.5);
#2382=CYLINDRICAL_SURFACE('',#2725,0.5244506453331);
#2383=CYLINDRICAL_SURFACE('',#2726,0.5244506453331);
#2384=ADVANCED_FACE('',(#256),#2343,.T.);
#2385=ADVANCED_FACE('',(#257),#2344,.T.);
#2386=ADVANCED_FACE('',(#258),#2345,.T.);
#2387=ADVANCED_FACE('',(#259),#2346,.T.);
#2388=ADVANCED_FACE('',(#260),#2347,.T.);
#2389=ADVANCED_FACE('',(#261),#2348,.T.);
#2390=ADVANCED_FACE('',(#262),#2349,.T.);
#2391=ADVANCED_FACE('',(#263),#2350,.T.);
#2392=ADVANCED_FACE('',(#264),#2351,.T.);
#2393=ADVANCED_FACE('',(#265),#2352,.T.);
#2394=ADVANCED_FACE('',(#266),#2353,.T.);
#2395=ADVANCED_FACE('',(#267),#2354,.T.);
#2396=ADVANCED_FACE('',(#268),#2355,.T.);
#2397=ADVANCED_FACE('',(#269),#2356,.T.);
#2398=ADVANCED_FACE('',(#270),#168,.T.);
#2399=ADVANCED_FACE('',(#271),#2357,.T.);
#2400=ADVANCED_FACE('',(#272),#85,.F.);
#2401=ADVANCED_FACE('',(#273),#76,.T.);
#2402=ADVANCED_FACE('',(#274),#86,.F.);
#2403=ADVANCED_FACE('',(#275),#2358,.T.);
#2404=ADVANCED_FACE('',(#276),#77,.T.);
#2405=ADVANCED_FACE('',(#277,#68),#87,.T.);
#2406=ADVANCED_FACE('',(#278,#69),#88,.T.);
#2407=ADVANCED_FACE('',(#279),#89,.T.);
#2408=ADVANCED_FACE('',(#280),#90,.F.);
#2409=ADVANCED_FACE('',(#281),#2359,.T.);
#2410=ADVANCED_FACE('',(#282),#169,.T.);
#2411=ADVANCED_FACE('',(#283),#91,.T.);
#2412=ADVANCED_FACE('',(#284),#92,.T.);
#2413=ADVANCED_FACE('',(#285),#93,.F.);
#2414=ADVANCED_FACE('',(#286),#2360,.T.);
#2415=ADVANCED_FACE('',(#287),#13,.T.);
#2416=ADVANCED_FACE('',(#288),#2361,.T.);
#2417=ADVANCED_FACE('',(#289),#14,.T.);
#2418=ADVANCED_FACE('',(#290),#94,.T.);
#2419=ADVANCED_FACE('',(#291),#2362,.T.);
#2420=ADVANCED_FACE('',(#292),#2363,.F.);
#2421=ADVANCED_FACE('',(#293),#2364,.T.);
#2422=ADVANCED_FACE('',(#294),#2365,.T.);
#2423=ADVANCED_FACE('',(#295),#78,.T.);
#2424=ADVANCED_FACE('',(#296),#95,.T.);
#2425=ADVANCED_FACE('',(#297),#2366,.T.);
#2426=ADVANCED_FACE('',(#298),#79,.T.);
#2427=ADVANCED_FACE('',(#299),#80,.T.);
#2428=ADVANCED_FACE('',(#300),#2367,.T.);
#2429=ADVANCED_FACE('',(#301),#2368,.T.);
#2430=ADVANCED_FACE('',(#302),#96,.T.);
#2431=ADVANCED_FACE('',(#303),#2369,.T.);
#2432=ADVANCED_FACE('',(#304),#97,.T.);
#2433=ADVANCED_FACE('',(#305),#98,.T.);
#2434=ADVANCED_FACE('',(#306),#2370,.T.);
#2435=ADVANCED_FACE('',(#307),#99,.T.);
#2436=ADVANCED_FACE('',(#308),#100,.F.);
#2437=ADVANCED_FACE('',(#309),#101,.T.);
#2438=ADVANCED_FACE('',(#310),#102,.F.);
#2439=ADVANCED_FACE('',(#311),#103,.T.);
#2440=ADVANCED_FACE('',(#312),#104,.F.);
#2441=ADVANCED_FACE('',(#313),#105,.T.);
#2442=ADVANCED_FACE('',(#314),#106,.F.);
#2443=ADVANCED_FACE('',(#315),#107,.T.);
#2444=ADVANCED_FACE('',(#316),#108,.F.);
#2445=ADVANCED_FACE('',(#317),#109,.T.);
#2446=ADVANCED_FACE('',(#318),#110,.F.);
#2447=ADVANCED_FACE('',(#319),#111,.T.);
#2448=ADVANCED_FACE('',(#320),#112,.T.);
#2449=ADVANCED_FACE('',(#321),#113,.T.);
#2450=ADVANCED_FACE('',(#322),#114,.T.);
#2451=ADVANCED_FACE('',(#323),#115,.T.);
#2452=ADVANCED_FACE('',(#324),#116,.F.);
#2453=ADVANCED_FACE('',(#325),#117,.F.);
#2454=ADVANCED_FACE('',(#326),#118,.T.);
#2455=ADVANCED_FACE('',(#327),#119,.T.);
#2456=ADVANCED_FACE('',(#328),#120,.T.);
#2457=ADVANCED_FACE('',(#329),#121,.T.);
#2458=ADVANCED_FACE('',(#330),#122,.T.);
#2459=ADVANCED_FACE('',(#331),#123,.T.);
#2460=ADVANCED_FACE('',(#332),#124,.T.);
#2461=ADVANCED_FACE('',(#333),#125,.T.);
#2462=ADVANCED_FACE('',(#334),#126,.F.);
#2463=ADVANCED_FACE('',(#335),#127,.T.);
#2464=ADVANCED_FACE('',(#336),#128,.F.);
#2465=ADVANCED_FACE('',(#337),#129,.T.);
#2466=ADVANCED_FACE('',(#338),#130,.F.);
#2467=ADVANCED_FACE('',(#339),#131,.T.);
#2468=ADVANCED_FACE('',(#340),#132,.F.);
#2469=ADVANCED_FACE('',(#341),#133,.T.);
#2470=ADVANCED_FACE('',(#342),#134,.T.);
#2471=ADVANCED_FACE('',(#343),#135,.T.);
#2472=ADVANCED_FACE('',(#344),#136,.F.);
#2473=ADVANCED_FACE('',(#345),#137,.T.);
#2474=ADVANCED_FACE('',(#346),#138,.F.);
#2475=ADVANCED_FACE('',(#347),#139,.F.);
#2476=ADVANCED_FACE('',(#348),#140,.T.);
#2477=ADVANCED_FACE('',(#349),#141,.T.);
#2478=ADVANCED_FACE('',(#350),#142,.T.);
#2479=ADVANCED_FACE('',(#351),#143,.T.);
#2480=ADVANCED_FACE('',(#352),#144,.T.);
#2481=ADVANCED_FACE('',(#353),#145,.T.);
#2482=ADVANCED_FACE('',(#354),#146,.T.);
#2483=ADVANCED_FACE('',(#355,#70,#71),#147,.T.);
#2484=ADVANCED_FACE('',(#356),#148,.T.);
#2485=ADVANCED_FACE('',(#357),#149,.T.);
#2486=ADVANCED_FACE('',(#358),#150,.T.);
#2487=ADVANCED_FACE('',(#359,#72,#73,#74),#151,.T.);
#2488=ADVANCED_FACE('',(#360),#152,.T.);
#2489=ADVANCED_FACE('',(#361),#153,.T.);
#2490=ADVANCED_FACE('',(#362),#154,.T.);
#2491=ADVANCED_FACE('',(#363),#155,.T.);
#2492=ADVANCED_FACE('',(#364),#156,.T.);
#2493=ADVANCED_FACE('',(#365),#157,.T.);
#2494=ADVANCED_FACE('',(#366),#158,.T.);
#2495=ADVANCED_FACE('',(#367),#2371,.T.);
#2496=ADVANCED_FACE('',(#368),#2372,.T.);
#2497=ADVANCED_FACE('',(#369),#2373,.T.);
#2498=ADVANCED_FACE('',(#370),#2374,.T.);
#2499=ADVANCED_FACE('',(#371),#159,.F.);
#2500=ADVANCED_FACE('',(#372),#160,.T.);
#2501=ADVANCED_FACE('',(#373),#2375,.T.);
#2502=ADVANCED_FACE('',(#374),#2376,.T.);
#2503=ADVANCED_FACE('',(#375),#161,.T.);
#2504=ADVANCED_FACE('',(#376),#2377,.T.);
#2505=ADVANCED_FACE('',(#377),#81,.F.);
#2506=ADVANCED_FACE('',(#378),#2378,.T.);
#2507=ADVANCED_FACE('',(#379),#162,.T.);
#2508=ADVANCED_FACE('',(#380),#163,.T.);
#2509=ADVANCED_FACE('',(#381),#82,.F.);
#2510=ADVANCED_FACE('',(#382),#2379,.T.);
#2511=ADVANCED_FACE('',(#383),#164,.T.);
#2512=ADVANCED_FACE('',(#384),#2380,.T.);
#2513=ADVANCED_FACE('',(#385),#165,.T.);
#2514=ADVANCED_FACE('',(#386),#83,.F.);
#2515=ADVANCED_FACE('',(#387),#84,.F.);
#2516=ADVANCED_FACE('',(#388),#166,.F.);
#2517=ADVANCED_FACE('',(#389),#2381,.T.);
#2518=ADVANCED_FACE('',(#390),#2382,.T.);
#2519=ADVANCED_FACE('',(#391),#2383,.T.);
#2520=ADVANCED_FACE('',(#392,#75),#167,.T.);
#2521=CLOSED_SHELL('',(#2384,#2385,#2386,#2387,#2388,#2389,#2390,#2391,
#2392,#2393,#2394,#2395,#2396,#2397,#2398,#2399,#2400,#2401,#2402,#2403,
#2404,#2405,#2406,#2407,#2408,#2409,#2410,#2411));
#2522=CLOSED_SHELL('',(#2412,#2413,#2414,#2415,#2416,#2417,#2418,#2419));
#2523=CLOSED_SHELL('',(#2420,#2421,#2422,#2423,#2424,#2425,#2426,#2427,
#2428,#2429,#2430,#2431,#2432,#2433,#2434,#2435,#2436,#2437,#2438,#2439,
#2440,#2441,#2442,#2443,#2444,#2445,#2446,#2447,#2448,#2449,#2450,#2451,
#2452,#2453,#2454,#2455,#2456,#2457,#2458,#2459,#2460,#2461,#2462,#2463,
#2464,#2465,#2466,#2467,#2468,#2469,#2470,#2471,#2472,#2473,#2474,#2475,
#2476,#2477,#2478,#2479,#2480,#2481,#2482,#2483,#2484,#2485,#2486,#2487,
#2488,#2489,#2490,#2491,#2492,#2493,#2494,#2495,#2496,#2497,#2498,#2499,
#2500,#2501,#2502,#2503,#2504,#2505,#2506,#2507,#2508,#2509,#2510,#2511,
#2512,#2513,#2514,#2515,#2516,#2517,#2518,#2519,#2520));
#2524=DERIVED_UNIT_ELEMENT(#2526,1.);
#2525=DERIVED_UNIT_ELEMENT(#6274,-3.);
#2526=(
MASS_UNIT()
NAMED_UNIT(*)
SI_UNIT(.KILO.,.GRAM.)
);
#2527=DERIVED_UNIT((#2524,#2525));
#2528=MEASURE_REPRESENTATION_ITEM('density measure',
POSITIVE_RATIO_MEASURE(7850.),#2527);
#2529=PROPERTY_DEFINITION_REPRESENTATION(#2534,#2531);
#2530=PROPERTY_DEFINITION_REPRESENTATION(#2535,#2532);
#2531=REPRESENTATION('material name',(#2533),#6271);
#2532=REPRESENTATION('density',(#2528),#6271);
#2533=DESCRIPTIVE_REPRESENTATION_ITEM('Steel','Steel');
#2534=PROPERTY_DEFINITION('material property','material name',#6281);
#2535=PROPERTY_DEFINITION('material property','density of part',#6281);
#2536=AXIS2_PLACEMENT_3D('',#3361,#2728,#2729);
#2537=AXIS2_PLACEMENT_3D('',#3362,#2730,#2731);
#2538=AXIS2_PLACEMENT_3D('',#3387,#2734,#2735);
#2539=AXIS2_PLACEMENT_3D('',#3425,#2737,#2738);
#2540=AXIS2_PLACEMENT_3D('',#3463,#2740,#2741);
#2541=AXIS2_PLACEMENT_3D('',#3501,#2743,#2744);
#2542=AXIS2_PLACEMENT_3D('',#3539,#2746,#2747);
#2543=AXIS2_PLACEMENT_3D('',#3577,#2749,#2750);
#2544=AXIS2_PLACEMENT_3D('',#3602,#2752,#2753);
#2545=AXIS2_PLACEMENT_3D('',#3603,#2754,#2755);
#2546=AXIS2_PLACEMENT_3D('',#3643,#2757,#2758);
#2547=AXIS2_PLACEMENT_3D('',#3666,#2760,#2761);
#2548=AXIS2_PLACEMENT_3D('',#3742,#2763,#2764);
#2549=AXIS2_PLACEMENT_3D('',#3818,#2766,#2767);
#2550=AXIS2_PLACEMENT_3D('',#3896,#2769,#2770);
#2551=AXIS2_PLACEMENT_3D('',#3972,#2772,#2773);
#2552=AXIS2_PLACEMENT_3D('',#4048,#2775,#2776);
#2553=AXIS2_PLACEMENT_3D('',#4056,#2777,#2778);
#2554=AXIS2_PLACEMENT_3D('',#4057,#2779,#2780);
#2555=AXIS2_PLACEMENT_3D('',#4060,#2782,#2783);
#2556=AXIS2_PLACEMENT_3D('',#4061,#2784,#2785);
#2557=AXIS2_PLACEMENT_3D('',#4063,#2786,#2787);
#2558=AXIS2_PLACEMENT_3D('',#4066,#2789,#2790);
#2559=AXIS2_PLACEMENT_3D('',#4067,#2791,#2792);
#2560=AXIS2_PLACEMENT_3D('',#4095,#2793,#2794);
#2561=AXIS2_PLACEMENT_3D('',#4437,#2796,#2797);
#2562=AXIS2_PLACEMENT_3D('',#4439,#2799,#2800);
#2563=AXIS2_PLACEMENT_3D('',#4663,#2801,#2802);
#2564=AXIS2_PLACEMENT_3D('',#4664,#2803,#2804);
#2565=AXIS2_PLACEMENT_3D('',#4666,#2805,#2806);
#2566=AXIS2_PLACEMENT_3D('',#4667,#2807,#2808);
#2567=AXIS2_PLACEMENT_3D('',#4671,#2810,#2811);
#2568=AXIS2_PLACEMENT_3D('',#4672,#2812,#2813);
#2569=AXIS2_PLACEMENT_3D('',#4686,#2817,#2818);
#2570=AXIS2_PLACEMENT_3D('',#4688,#2819,#2820);
#2571=AXIS2_PLACEMENT_3D('',#4690,#2822,#2823);
#2572=AXIS2_PLACEMENT_3D('',#4691,#2824,#2825);
#2573=AXIS2_PLACEMENT_3D('',#4692,#2826,#2827);
#2574=AXIS2_PLACEMENT_3D('',#4693,#2828,#2829);
#2575=AXIS2_PLACEMENT_3D('',#4694,#2830,#2831);
#2576=AXIS2_PLACEMENT_3D('',#4699,#2833,#2834);
#2577=AXIS2_PLACEMENT_3D('',#4703,#2836,#2837);
#2578=AXIS2_PLACEMENT_3D('',#4707,#2840,#2841);
#2579=AXIS2_PLACEMENT_3D('',#4709,#2842,#2843);
#2580=AXIS2_PLACEMENT_3D('',#4712,#2845,#2846);
#2581=AXIS2_PLACEMENT_3D('',#4713,#2847,#2848);
#2582=AXIS2_PLACEMENT_3D('',#4715,#2849,#2850);
#2583=AXIS2_PLACEMENT_3D('',#4717,#2852,#2853);
#2584=AXIS2_PLACEMENT_3D('',#4718,#2854,#2855);
#2585=AXIS2_PLACEMENT_3D('',#4719,#2856,#2857);
#2586=AXIS2_PLACEMENT_3D('',#4721,#2858,#2859);
#2587=AXIS2_PLACEMENT_3D('',#4723,#2861,#2862);
#2588=AXIS2_PLACEMENT_3D('',#4724,#2863,#2864);
#2589=AXIS2_PLACEMENT_3D('',#4725,#2865,#2866);
#2590=AXIS2_PLACEMENT_3D('',#4727,#2868,#2869);
#2591=AXIS2_PLACEMENT_3D('',#4728,#2870,#2871);
#2592=AXIS2_PLACEMENT_3D('',#4731,#2872,#2873);
#2593=AXIS2_PLACEMENT_3D('',#4735,#2875,#2876);
#2594=AXIS2_PLACEMENT_3D('',#4737,#2878,#2879);
#2595=AXIS2_PLACEMENT_3D('',#4740,#2880,#2881);
#2596=AXIS2_PLACEMENT_3D('',#4744,#2883,#2884);
#2597=AXIS2_PLACEMENT_3D('',#4746,#2886,#2887);
#2598=AXIS2_PLACEMENT_3D('',#4749,#2888,#2889);
#2599=AXIS2_PLACEMENT_3D('',#4753,#2891,#2892);
#2600=AXIS2_PLACEMENT_3D('',#4992,#2895,#2896);
#2601=AXIS2_PLACEMENT_3D('',#4998,#2900,#2901);
#2602=AXIS2_PLACEMENT_3D('',#5011,#2902,#2903);
#2603=AXIS2_PLACEMENT_3D('',#5729,#2904,#2905);
#2604=AXIS2_PLACEMENT_3D('',#5734,#2907,#2908);
#2605=AXIS2_PLACEMENT_3D('',#5737,#2910,#2911);
#2606=AXIS2_PLACEMENT_3D('',#5738,#2912,#2913);
#2607=AXIS2_PLACEMENT_3D('',#5743,#2915,#2916);
#2608=AXIS2_PLACEMENT_3D('',#5746,#2918,#2919);
#2609=AXIS2_PLACEMENT_3D('',#5747,#2920,#2921);
#2610=AXIS2_PLACEMENT_3D('',#5756,#2926,#2927);
#2611=AXIS2_PLACEMENT_3D('',#5758,#2928,#2929);
#2612=AXIS2_PLACEMENT_3D('',#5761,#2931,#2932);
#2613=AXIS2_PLACEMENT_3D('',#5762,#2933,#2934);
#2614=AXIS2_PLACEMENT_3D('',#5768,#2938,#2939);
#2615=AXIS2_PLACEMENT_3D('',#5777,#2944,#2945);
#2616=AXIS2_PLACEMENT_3D('',#5779,#2946,#2947);
#2617=AXIS2_PLACEMENT_3D('',#5782,#2949,#2950);
#2618=AXIS2_PLACEMENT_3D('',#5783,#2951,#2952);
#2619=AXIS2_PLACEMENT_3D('',#5789,#2956,#2957);
#2620=AXIS2_PLACEMENT_3D('',#5795,#2961,#2962);
#2621=AXIS2_PLACEMENT_3D('',#5803,#2967,#2968);
#2622=AXIS2_PLACEMENT_3D('',#5807,#2971,#2972);
#2623=AXIS2_PLACEMENT_3D('',#5813,#2976,#2977);
#2624=AXIS2_PLACEMENT_3D('',#5819,#2981,#2982);
#2625=AXIS2_PLACEMENT_3D('',#5827,#2987,#2988);
#2626=AXIS2_PLACEMENT_3D('',#5831,#2991,#2992);
#2627=AXIS2_PLACEMENT_3D('',#5837,#2996,#2997);
#2628=AXIS2_PLACEMENT_3D('',#5843,#3001,#3002);
#2629=AXIS2_PLACEMENT_3D('',#5848,#3006,#3007);
#2630=AXIS2_PLACEMENT_3D('',#5852,#3010,#3011);
#2631=AXIS2_PLACEMENT_3D('',#5855,#3014,#3015);
#2632=AXIS2_PLACEMENT_3D('',#5861,#3019,#3020);
#2633=AXIS2_PLACEMENT_3D('',#5870,#3025,#3026);
#2634=AXIS2_PLACEMENT_3D('',#5873,#3029,#3030);
#2635=AXIS2_PLACEMENT_3D('',#5879,#3034,#3035);
#2636=AXIS2_PLACEMENT_3D('',#5888,#3040,#3041);
#2637=AXIS2_PLACEMENT_3D('',#5897,#3046,#3047);
#2638=AXIS2_PLACEMENT_3D('',#5903,#3051,#3052);
#2639=AXIS2_PLACEMENT_3D('',#5907,#3055,#3056);
#2640=AXIS2_PLACEMENT_3D('',#5911,#3059,#3060);
#2641=AXIS2_PLACEMENT_3D('',#5913,#3062,#3063);
#2642=AXIS2_PLACEMENT_3D('',#5919,#3067,#3068);
#2643=AXIS2_PLACEMENT_3D('',#5923,#3071,#3072);
#2644=AXIS2_PLACEMENT_3D('',#5927,#3075,#3076);
#2645=AXIS2_PLACEMENT_3D('',#5929,#3078,#3079);
#2646=AXIS2_PLACEMENT_3D('',#5935,#3083,#3084);
#2647=AXIS2_PLACEMENT_3D('',#5939,#3087,#3088);
#2648=AXIS2_PLACEMENT_3D('',#5943,#3091,#3092);
#2649=AXIS2_PLACEMENT_3D('',#5945,#3094,#3095);
#2650=AXIS2_PLACEMENT_3D('',#5951,#3099,#3100);
#2651=AXIS2_PLACEMENT_3D('',#5955,#3103,#3104);
#2652=AXIS2_PLACEMENT_3D('',#5959,#3107,#3108);
#2653=AXIS2_PLACEMENT_3D('',#5961,#3110,#3111);
#2654=AXIS2_PLACEMENT_3D('',#5967,#3115,#3116);
#2655=AXIS2_PLACEMENT_3D('',#5971,#3119,#3120);
#2656=AXIS2_PLACEMENT_3D('',#5975,#3123,#3124);
#2657=AXIS2_PLACEMENT_3D('',#5977,#3126,#3127);
#2658=AXIS2_PLACEMENT_3D('',#5986,#3132,#3133);
#2659=AXIS2_PLACEMENT_3D('',#5995,#3138,#3139);
#2660=AXIS2_PLACEMENT_3D('',#6001,#3143,#3144);
#2661=AXIS2_PLACEMENT_3D('',#6007,#3148,#3149);
#2662=AXIS2_PLACEMENT_3D('',#6011,#3152,#3153);
#2663=AXIS2_PLACEMENT_3D('',#6015,#3156,#3157);
#2664=AXIS2_PLACEMENT_3D('',#6020,#3160,#3161);
#2665=AXIS2_PLACEMENT_3D('',#6024,#3163,#3164);
#2666=AXIS2_PLACEMENT_3D('',#6028,#3167,#3168);
#2667=AXIS2_PLACEMENT_3D('',#6032,#3171,#3172);
#2668=AXIS2_PLACEMENT_3D('',#6036,#3175,#3176);
#2669=AXIS2_PLACEMENT_3D('',#6042,#3180,#3181);
#2670=AXIS2_PLACEMENT_3D('',#6048,#3185,#3186);
#2671=AXIS2_PLACEMENT_3D('',#6054,#3190,#3191);
#2672=AXIS2_PLACEMENT_3D('',#6060,#3195,#3196);
#2673=AXIS2_PLACEMENT_3D('',#6066,#3201,#3202);
#2674=AXIS2_PLACEMENT_3D('',#6070,#3205,#3206);
#2675=AXIS2_PLACEMENT_3D('',#6074,#3209,#3210);
#2676=AXIS2_PLACEMENT_3D('',#6080,#3214,#3215);
#2677=AXIS2_PLACEMENT_3D('',#6086,#3219,#3220);
#2678=AXIS2_PLACEMENT_3D('',#6092,#3224,#3225);
#2679=AXIS2_PLACEMENT_3D('',#6098,#3229,#3230);
#2680=AXIS2_PLACEMENT_3D('',#6102,#3232,#3233);
#2681=AXIS2_PLACEMENT_3D('',#6106,#3235,#3236);
#2682=AXIS2_PLACEMENT_3D('',#6108,#3238,#3239);
#2683=AXIS2_PLACEMENT_3D('',#6113,#3242,#3243);
#2684=AXIS2_PLACEMENT_3D('',#6114,#3244,#3245);
#2685=AXIS2_PLACEMENT_3D('',#6119,#3248,#3249);
#2686=AXIS2_PLACEMENT_3D('',#6120,#3250,#3251);
#2687=AXIS2_PLACEMENT_3D('',#6125,#3254,#3255);
#2688=AXIS2_PLACEMENT_3D('',#6126,#3256,#3257);
#2689=AXIS2_PLACEMENT_3D('',#6131,#3260,#3261);
#2690=AXIS2_PLACEMENT_3D('',#6132,#3262,#3263);
#2691=AXIS2_PLACEMENT_3D('',#6135,#3264,#3265);
#2692=AXIS2_PLACEMENT_3D('',#6139,#3267,#3268);
#2693=AXIS2_PLACEMENT_3D('',#6141,#3270,#3271);
#2694=AXIS2_PLACEMENT_3D('',#6147,#3275,#3276);
#2695=AXIS2_PLACEMENT_3D('',#6149,#3277,#3278);
#2696=AXIS2_PLACEMENT_3D('',#6153,#3281,#3282);
#2697=AXIS2_PLACEMENT_3D('',#6157,#3284,#3285);
#2698=AXIS2_PLACEMENT_3D('',#6159,#3287,#3288);
#2699=AXIS2_PLACEMENT_3D('',#6164,#3291,#3292);
#2700=AXIS2_PLACEMENT_3D('',#6165,#3293,#3294);
#2701=AXIS2_PLACEMENT_3D('',#6175,#3295,#3296);
#2702=AXIS2_PLACEMENT_3D('',#6186,#3297,#3298);
#2703=AXIS2_PLACEMENT_3D('',#6188,#3299,#3300);
#2704=AXIS2_PLACEMENT_3D('',#6189,#3301,#3302);
#2705=AXIS2_PLACEMENT_3D('',#6190,#3303,#3304);
#2706=AXIS2_PLACEMENT_3D('',#6195,#3306,#3307);
#2707=AXIS2_PLACEMENT_3D('',#6204,#3308,#3309);
#2708=AXIS2_PLACEMENT_3D('',#6206,#3311,#3312);
#2709=AXIS2_PLACEMENT_3D('',#6207,#3313,#3314);
#2710=AXIS2_PLACEMENT_3D('',#6220,#3317,#3318);
#2711=AXIS2_PLACEMENT_3D('',#6222,#3319,#3320);
#2712=AXIS2_PLACEMENT_3D('',#6223,#3321,#3322);
#2713=AXIS2_PLACEMENT_3D('',#6224,#3323,#3324);
#2714=AXIS2_PLACEMENT_3D('',#6226,#3326,#3327);
#2715=AXIS2_PLACEMENT_3D('',#6228,#3329,#3330);
#2716=AXIS2_PLACEMENT_3D('',#6230,#3332,#3333);
#2717=AXIS2_PLACEMENT_3D('',#6242,#3335,#3336);
#2718=AXIS2_PLACEMENT_3D('',#6244,#3337,#3338);
#2719=AXIS2_PLACEMENT_3D('',#6245,#3339,#3340);
#2720=AXIS2_PLACEMENT_3D('',#6256,#3341,#3342);
#2721=AXIS2_PLACEMENT_3D('',#6258,#3343,#3344);
#2722=AXIS2_PLACEMENT_3D('',#6259,#3345,#3346);
#2723=AXIS2_PLACEMENT_3D('',#6260,#3347,#3348);
#2724=AXIS2_PLACEMENT_3D('',#6262,#3350,#3351);
#2725=AXIS2_PLACEMENT_3D('',#6264,#3353,#3354);
#2726=AXIS2_PLACEMENT_3D('',#6266,#3356,#3357);
#2727=AXIS2_PLACEMENT_3D('',#6268,#3359,#3360);
#2728=DIRECTION('axis',(0.,0.,1.));
#2729=DIRECTION('refdir',(1.,0.,0.));
#2730=DIRECTION('center_axis',(-1.,1.07483198350486E-15,-2.22044604925031E-15));
#2731=DIRECTION('ref_axis',(-2.25141491811163E-15,-5.72864824148864E-16,
1.));
#2732=DIRECTION('',(1.,-1.07483198350486E-15,2.22044604925031E-15));
#2733=DIRECTION('',(1.,0.,1.73472347597681E-15));
#2734=DIRECTION('center_axis',(-1.,1.07483198350486E-15,-2.22044604925031E-15));
#2735=DIRECTION('ref_axis',(-2.25141491811163E-15,-5.72864824148864E-16,
1.));
#2736=DIRECTION('',(1.,-1.07483198350486E-15,2.22044604925031E-15));
#2737=DIRECTION('center_axis',(-1.,1.07483198350486E-15,-2.22044604925031E-15));
#2738=DIRECTION('ref_axis',(-2.25141491811163E-15,-5.72864824148864E-16,
1.));
#2739=DIRECTION('',(1.,-1.07483198350486E-15,2.22044604925031E-15));
#2740=DIRECTION('center_axis',(-1.,1.07483198350486E-15,-2.22044604925031E-15));
#2741=DIRECTION('ref_axis',(-2.25141491811163E-15,-5.72864824148864E-16,
1.));
#2742=DIRECTION('',(1.,-1.07483198350486E-15,2.22044604925031E-15));
#2743=DIRECTION('center_axis',(-1.,1.07483198350486E-15,-2.22044604925031E-15));
#2744=DIRECTION('ref_axis',(-2.25141491811163E-15,-5.72864824148864E-16,
1.));
#2745=DIRECTION('',(1.,-1.07483198350486E-15,2.22044604925031E-15));
#2746=DIRECTION('center_axis',(-1.,1.07483198350486E-15,-2.22044604925031E-15));
#2747=DIRECTION('ref_axis',(-2.25141491811163E-15,-5.72864824148864E-16,
1.));
#2748=DIRECTION('',(1.,-1.07483198350486E-15,2.22044604925031E-15));
#2749=DIRECTION('center_axis',(-1.,0.,0.));
#2750=DIRECTION('ref_axis',(0.,0.,1.));
#2751=DIRECTION('',(1.,0.,0.));
#2752=DIRECTION('center_axis',(-1.,0.,0.));
#2753=DIRECTION('ref_axis',(0.,0.,1.));
#2754=DIRECTION('center_axis',(-1.,0.,0.));
#2755=DIRECTION('ref_axis',(0.,0.,1.));
#2756=DIRECTION('',(1.,0.,0.));
#2757=DIRECTION('center_axis',(-1.,0.,0.));
#2758=DIRECTION('ref_axis',(0.,0.,1.));
#2759=DIRECTION('',(-1.,0.,0.));
#2760=DIRECTION('center_axis',(-1.,0.,0.));
#2761=DIRECTION('ref_axis',(0.,0.,1.));
#2762=DIRECTION('',(1.,0.,0.));
#2763=DIRECTION('center_axis',(-1.,0.,0.));
#2764=DIRECTION('ref_axis',(0.,0.,1.));
#2765=DIRECTION('',(1.,0.,0.));
#2766=DIRECTION('center_axis',(-1.,0.,0.));
#2767=DIRECTION('ref_axis',(0.,0.,1.));
#2768=DIRECTION('',(1.,0.,0.));
#2769=DIRECTION('center_axis',(-1.,0.,0.));
#2770=DIRECTION('ref_axis',(0.,0.,1.));
#2771=DIRECTION('',(1.,0.,0.));
#2772=DIRECTION('center_axis',(-1.,0.,0.));
#2773=DIRECTION('ref_axis',(0.,0.,1.));
#2774=DIRECTION('',(1.,0.,0.));
#2775=DIRECTION('center_axis',(-1.,0.,0.));
#2776=DIRECTION('ref_axis',(0.,0.,1.));
#2777=DIRECTION('center_axis',(-1.,0.,0.));
#2778=DIRECTION('ref_axis',(0.,0.,1.));
#2779=DIRECTION('center_axis',(-1.,0.,0.));
#2780=DIRECTION('ref_axis',(0.,0.,1.));
#2781=DIRECTION('',(0.707106781186548,8.65956056235493E-17,0.707106781186548));
#2782=DIRECTION('center_axis',(-1.,0.,0.));
#2783=DIRECTION('ref_axis',(0.,0.,1.));
#2784=DIRECTION('center_axis',(1.,0.,0.));
#2785=DIRECTION('ref_axis',(0.,0.,-1.));
#2786=DIRECTION('center_axis',(-1.,0.,0.));
#2787=DIRECTION('ref_axis',(0.,0.,-1.));
#2788=DIRECTION('',(-1.,0.,0.));
#2789=DIRECTION('center_axis',(-1.,0.,0.));
#2790=DIRECTION('ref_axis',(0.,0.,-1.));
#2791=DIRECTION('center_axis',(1.,0.,0.));
#2792=DIRECTION('ref_axis',(0.,0.,-1.));
#2793=DIRECTION('center_axis',(-1.,1.49370514266191E-16,9.78994174612318E-17));
#2794=DIRECTION('ref_axis',(1.7589179047747E-16,0.923879535711187,0.382683424639847));
#2795=DIRECTION('',(0.499999999999997,0.,-0.86602540378444));
#2796=DIRECTION('center_axis',(0.,-1.,0.));
#2797=DIRECTION('ref_axis',(0.,0.,-1.));
#2798=DIRECTION('',(0.499999999999998,0.,0.86602540378444));
#2799=DIRECTION('center_axis',(-1.,1.07483198350486E-15,-2.22044604925031E-15));
#2800=DIRECTION('ref_axis',(-2.25141491811163E-15,-5.72864824148864E-16,
1.));
#2801=DIRECTION('center_axis',(1.,0.,0.));
#2802=DIRECTION('ref_axis',(0.,0.,-1.));
#2803=DIRECTION('center_axis',(-1.,0.,0.));
#2804=DIRECTION('ref_axis',(0.,0.,1.));
#2805=DIRECTION('center_axis',(-1.,0.,0.));
#2806=DIRECTION('ref_axis',(0.,0.,-1.));
#2807=DIRECTION('center_axis',(1.,0.,0.));
#2808=DIRECTION('ref_axis',(0.,0.,-1.));
#2809=DIRECTION('',(0.,0.,-1.));
#2810=DIRECTION('center_axis',(-1.,0.,0.));
#2811=DIRECTION('ref_axis',(0.,0.,-1.));
#2812=DIRECTION('center_axis',(0.,-1.,0.));
#2813=DIRECTION('ref_axis',(0.,0.,-1.));
#2814=DIRECTION('',(-1.,0.,0.));
#2815=DIRECTION('',(0.,0.,1.));
#2816=DIRECTION('',(1.,0.,0.));
#2817=DIRECTION('center_axis',(1.,0.,0.));
#2818=DIRECTION('ref_axis',(0.,0.,-1.));
#2819=DIRECTION('center_axis',(-1.,0.,0.));
#2820=DIRECTION('ref_axis',(0.,8.88178419700125E-16,-1.));
#2821=DIRECTION('',(-1.,0.,0.));
#2822=DIRECTION('center_axis',(-1.,0.,0.));
#2823=DIRECTION('ref_axis',(0.,8.88178419700125E-16,-1.));
#2824=DIRECTION('center_axis',(-1.,0.,0.));
#2825=DIRECTION('ref_axis',(0.,-1.,2.6607988484017E-12));
#2826=DIRECTION('center_axis',(-1.,0.,0.));
#2827=DIRECTION('ref_axis',(0.,0.,1.));
#2828=DIRECTION('center_axis',(1.,0.,0.));
#2829=DIRECTION('ref_axis',(0.,0.,-1.));
#2830=DIRECTION('center_axis',(0.,-1.,0.));
#2831=DIRECTION('ref_axis',(-1.,0.,0.));
#2832=DIRECTION('',(1.,0.,0.));
#2833=DIRECTION('center_axis',(0.,-1.,0.));
#2834=DIRECTION('ref_axis',(0.,0.,1.));
#2835=DIRECTION('',(0.,0.,1.));
#2836=DIRECTION('center_axis',(0.,-1.,0.));
#2837=DIRECTION('ref_axis',(0.,0.,1.));
#2838=DIRECTION('',(-1.,0.,0.));
#2839=DIRECTION('',(0.,0.,-1.));
#2840=DIRECTION('center_axis',(1.,0.,0.));
#2841=DIRECTION('ref_axis',(0.,0.,-1.));
#2842=DIRECTION('center_axis',(-1.,0.,0.));
#2843=DIRECTION('ref_axis',(0.,0.,-1.));
#2844=DIRECTION('',(0.,0.,-1.));
#2845=DIRECTION('center_axis',(-1.,0.,0.));
#2846=DIRECTION('ref_axis',(0.,0.,-1.));
#2847=DIRECTION('center_axis',(1.,0.,0.));
#2848=DIRECTION('ref_axis',(0.,0.,-1.));
#2849=DIRECTION('center_axis',(-1.,0.,0.));
#2850=DIRECTION('ref_axis',(0.,0.,-1.));
#2851=DIRECTION('',(1.,0.,0.));
#2852=DIRECTION('center_axis',(1.,3.5527136788005E-15,-8.88178419700124E-16));
#2853=DIRECTION('ref_axis',(-4.44089209850063E-15,1.,0.));
#2854=DIRECTION('center_axis',(0.,0.,-1.));
#2855=DIRECTION('ref_axis',(-1.,0.,0.));
#2856=DIRECTION('center_axis',(0.,0.,-1.));
#2857=DIRECTION('ref_axis',(-1.,0.,0.));
#2858=DIRECTION('center_axis',(0.,0.,-1.));
#2859=DIRECTION('ref_axis',(1.,0.,0.));
#2860=DIRECTION('',(0.,0.,-1.));
#2861=DIRECTION('center_axis',(1.,0.,-9.32587340685117E-15));
#2862=DIRECTION('ref_axis',(0.,1.,0.));
#2863=DIRECTION('center_axis',(-1.,0.,0.));
#2864=DIRECTION('ref_axis',(0.,0.,-1.));
#2865=DIRECTION('center_axis',(0.,1.,0.));
#2866=DIRECTION('ref_axis',(0.,0.,1.));
#2867=DIRECTION('',(1.,0.,0.));
#2868=DIRECTION('center_axis',(1.,0.,0.));
#2869=DIRECTION('ref_axis',(0.,0.,-1.));
#2870=DIRECTION('center_axis',(0.,0.,1.));
#2871=DIRECTION('ref_axis',(1.,0.,0.));
#2872=DIRECTION('center_axis',(0.,0.,-1.));
#2873=DIRECTION('ref_axis',(1.,1.73472347597681E-14,0.));
#2874=DIRECTION('',(0.,0.,-1.));
#2875=DIRECTION('center_axis',(0.,0.,-1.));
#2876=DIRECTION('ref_axis',(1.,1.73472347597681E-14,0.));
#2877=DIRECTION('',(0.,0.,1.));
#2878=DIRECTION('center_axis',(0.,0.,1.));
#2879=DIRECTION('ref_axis',(1.,0.,0.));
#2880=DIRECTION('center_axis',(0.,0.,1.));
#2881=DIRECTION('ref_axis',(1.,0.,0.));
#2882=DIRECTION('',(0.,0.,-1.));
#2883=DIRECTION('center_axis',(0.,0.,1.));
#2884=DIRECTION('ref_axis',(1.,0.,0.));
#2885=DIRECTION('',(0.,0.,-1.));
#2886=DIRECTION('center_axis',(-0.939692620785897,0.342020143325699,0.));
#2887=DIRECTION('ref_axis',(-0.342020143325699,-0.939692620785897,0.));
#2888=DIRECTION('center_axis',(0.939692620785897,-0.342020143325699,0.));
#2889=DIRECTION('ref_axis',(-0.342020143325699,-0.939692620785897,0.));
#2890=DIRECTION('',(-0.939692620785995,0.34202014332543,-9.59518922650704E-14));
#2891=DIRECTION('center_axis',(-0.939692620785897,0.342020143325699,0.));
#2892=DIRECTION('ref_axis',(-0.342020143325699,-0.939692620785897,0.));
#2893=DIRECTION('',(0.939692620785998,-0.342020143325422,-9.62229428081923E-14));
#2894=DIRECTION('',(-0.499999999999998,-1.06057523872491E-16,0.86602540378444));
#2895=DIRECTION('center_axis',(0.,1.,1.22464679914735E-16));
#2896=DIRECTION('ref_axis',(0.,-1.22464679914735E-16,1.));
#2897=DIRECTION('',(1.,0.,0.));
#2898=DIRECTION('',(-0.499999999999997,1.06057523872491E-16,-0.86602540378444));
#2899=DIRECTION('',(-1.,-2.46519032881566E-31,2.22044604925031E-15));
#2900=DIRECTION('center_axis',(-1.,1.07483198350486E-15,-2.22044604925031E-15));
#2901=DIRECTION('ref_axis',(-2.25141491811163E-15,-5.72864824148864E-16,
1.));
#2902=DIRECTION('center_axis',(-1.,1.49370514266191E-16,9.78994174612318E-17));
#2903=DIRECTION('ref_axis',(1.7589179047747E-16,0.923879535711187,0.382683424639847));
#2904=DIRECTION('center_axis',(-1.,0.,0.));
#2905=DIRECTION('ref_axis',(0.,0.,1.));
#2906=DIRECTION('',(1.,0.,0.));
#2907=DIRECTION('center_axis',(1.,0.,0.));
#2908=DIRECTION('ref_axis',(0.,0.,1.));
#2909=DIRECTION('',(-1.,0.,0.));
#2910=DIRECTION('center_axis',(-1.,0.,0.));
#2911=DIRECTION('ref_axis',(0.,0.,1.));
#2912=DIRECTION('center_axis',(-1.,0.,0.));
#2913=DIRECTION('ref_axis',(0.,0.,1.));
#2914=DIRECTION('',(1.,0.,0.));
#2915=DIRECTION('center_axis',(1.,0.,0.));
#2916=DIRECTION('ref_axis',(0.,0.,1.));
#2917=DIRECTION('',(-1.,0.,0.));
#2918=DIRECTION('center_axis',(-1.,0.,0.));
#2919=DIRECTION('ref_axis',(0.,0.,1.));
#2920=DIRECTION('center_axis',(0.,-0.500000000000017,0.866025403784429));
#2921=DIRECTION('ref_axis',(0.,-0.866025403784429,-0.500000000000017));
#2922=DIRECTION('',(1.,0.,0.));
#2923=DIRECTION('',(0.,0.866025403784064,0.50000000000065));
#2924=DIRECTION('',(1.,0.,0.));
#2925=DIRECTION('',(0.,-0.866025403784064,-0.50000000000065));
#2926=DIRECTION('center_axis',(-1.,0.,0.));
#2927=DIRECTION('ref_axis',(0.,0.,1.));
#2928=DIRECTION('center_axis',(-1.,0.,0.));
#2929=DIRECTION('ref_axis',(0.,0.,1.));
#2930=DIRECTION('',(1.,0.,0.));
#2931=DIRECTION('center_axis',(1.,0.,0.));
#2932=DIRECTION('ref_axis',(0.,0.,1.));
#2933=DIRECTION('center_axis',(0.,-0.500000000000017,-0.866025403784429));
#2934=DIRECTION('ref_axis',(0.,0.866025403784429,-0.500000000000017));
#2935=DIRECTION('',(0.,-0.866025403784064,0.50000000000065));
#2936=DIRECTION('',(-1.,0.,0.));
#2937=DIRECTION('',(0.,0.866025403784064,-0.50000000000065));
#2938=DIRECTION('center_axis',(0.,-0.500000000000017,0.866025403784429));
#2939=DIRECTION('ref_axis',(0.,-0.866025403784429,-0.500000000000017));
#2940=DIRECTION('',(1.,0.,0.));
#2941=DIRECTION('',(0.,0.866025403784064,0.50000000000065));
#2942=DIRECTION('',(1.,0.,0.));
#2943=DIRECTION('',(0.,-0.866025403784064,-0.50000000000065));
#2944=DIRECTION('center_axis',(-1.,0.,0.));
#2945=DIRECTION('ref_axis',(0.,0.,1.));
#2946=DIRECTION('center_axis',(-1.,0.,0.));
#2947=DIRECTION('ref_axis',(0.,0.,1.));
#2948=DIRECTION('',(1.,0.,0.));
#2949=DIRECTION('center_axis',(1.,0.,0.));
#2950=DIRECTION('ref_axis',(0.,0.,1.));
#2951=DIRECTION('center_axis',(0.,-0.500000000000017,-0.866025403784429));
#2952=DIRECTION('ref_axis',(0.,0.866025403784429,-0.500000000000017));
#2953=DIRECTION('',(0.,-0.866025403784064,0.50000000000065));
#2954=DIRECTION('',(-1.,0.,0.));
#2955=DIRECTION('',(0.,0.866025403784064,-0.50000000000065));
#2956=DIRECTION('center_axis',(0.,0.500000000000017,-0.866025403784429));
#2957=DIRECTION('ref_axis',(0.,0.866025403784429,0.500000000000017));
#2958=DIRECTION('',(0.,0.866025403784064,0.50000000000065));
#2959=DIRECTION('',(0.,-0.866025403784064,-0.50000000000065));
#2960=DIRECTION('',(1.,0.,0.));
#2961=DIRECTION('center_axis',(-1.,0.,0.));
#2962=DIRECTION('ref_axis',(0.,0.,1.));
#2963=DIRECTION('',(0.,0.,1.));
#2964=DIRECTION('',(0.,-1.,0.));
#2965=DIRECTION('',(0.,-0.866025403784429,0.500000000000017));
#2966=DIRECTION('',(0.,1.,0.));
#2967=DIRECTION('center_axis',(0.,0.500000000000017,0.866025403784429));
#2968=DIRECTION('ref_axis',(0.,-0.866025403784429,0.500000000000017));
#2969=DIRECTION('',(1.,0.,0.));
#2970=DIRECTION('',(0.,0.866025403784064,-0.50000000000065));
#2971=DIRECTION('center_axis',(1.,0.,0.));
#2972=DIRECTION('ref_axis',(0.,0.,-1.));
#2973=DIRECTION('',(0.,1.,0.));
#2974=DIRECTION('',(0.,0.,-1.));
#2975=DIRECTION('',(0.,-1.,0.));
#2976=DIRECTION('center_axis',(0.,0.500000000000017,-0.866025403784429));
#2977=DIRECTION('ref_axis',(0.,0.866025403784429,0.500000000000017));
#2978=DIRECTION('',(0.,0.866025403784064,0.50000000000065));
#2979=DIRECTION('',(0.,-0.866025403784064,-0.50000000000065));
#2980=DIRECTION('',(1.,0.,0.));
#2981=DIRECTION('center_axis',(-1.,0.,0.));
#2982=DIRECTION('ref_axis',(0.,0.,1.));
#2983=DIRECTION('',(0.,0.,1.));
#2984=DIRECTION('',(0.,-1.,0.));
#2985=DIRECTION('',(0.,-0.866025403784429,0.500000000000017));
#2986=DIRECTION('',(0.,1.,0.));
#2987=DIRECTION('center_axis',(0.,0.500000000000017,0.866025403784429));
#2988=DIRECTION('ref_axis',(0.,-0.866025403784429,0.500000000000017));
#2989=DIRECTION('',(1.,0.,0.));
#2990=DIRECTION('',(0.,0.866025403784064,-0.50000000000065));
#2991=DIRECTION('center_axis',(1.,0.,0.));
#2992=DIRECTION('ref_axis',(0.,0.,-1.));
#2993=DIRECTION('',(0.,1.,0.));
#2994=DIRECTION('',(0.,0.,-1.));
#2995=DIRECTION('',(0.,-1.,0.));
#2996=DIRECTION('center_axis',(0.171010071662803,0.469846310393008,-0.866025403784416));
#2997=DIRECTION('ref_axis',(0.,0.878973312975191,0.476870962711526));
#2998=DIRECTION('',(-0.296198132726095,-0.813797681349486,-0.499999999999775));
#2999=DIRECTION('',(0.939692620786016,-0.342020143325372,0.));
#3000=DIRECTION('',(0.296198132726093,0.813797681349486,0.499999999999775));
#3001=DIRECTION('center_axis',(-0.939692620785897,0.342020143325699,0.));
#3002=DIRECTION('ref_axis',(-0.342020143325699,-0.939692620785897,0.));
#3003=DIRECTION('',(-0.342020143325966,-0.9396926207858,0.));
#3004=DIRECTION('',(-0.342020143325966,-0.9396926207858,0.));
#3005=DIRECTION('',(-0.296198132726093,-0.813797681349486,0.499999999999775));
#3006=DIRECTION('center_axis',(0.171010071662803,0.469846310393008,0.866025403784416));
#3007=DIRECTION('ref_axis',(0.,-0.878973312975191,0.476870962711526));
#3008=DIRECTION('',(0.296198132726095,0.813797681349486,-0.499999999999775));
#3009=DIRECTION('',(0.939692620786016,-0.342020143325372,0.));
#3010=DIRECTION('center_axis',(0.939692620785897,-0.342020143325699,0.));
#3011=DIRECTION('ref_axis',(0.342020143325699,0.939692620785897,0.));
#3012=DIRECTION('',(0.342020143325966,0.9396926207858,0.));
#3013=DIRECTION('',(0.342020143325966,0.9396926207858,0.));
#3014=DIRECTION('center_axis',(0.766044443119007,0.642787609686505,0.));
#3015=DIRECTION('ref_axis',(-0.642787609686505,0.766044443119007,0.));
#3016=DIRECTION('',(0.,0.,-1.));
#3017=DIRECTION('',(-0.642787609685884,0.766044443119528,0.));
#3018=DIRECTION('',(-0.642787609685884,0.766044443119528,0.));
#3019=DIRECTION('center_axis',(-1.,0.,0.));
#3020=DIRECTION('ref_axis',(0.,0.,1.));
#3021=DIRECTION('',(0.,0.,-1.));
#3022=DIRECTION('',(0.,-1.,0.));
#3023=DIRECTION('',(0.,0.,1.));
#3024=DIRECTION('',(0.,-1.,0.));
#3025=DIRECTION('center_axis',(-0.766044443119007,-0.642787609686505,0.));
#3026=DIRECTION('ref_axis',(0.642787609686505,-0.766044443119007,0.));
#3027=DIRECTION('',(0.642787609685829,-0.766044443119574,0.));
#3028=DIRECTION('',(0.642787609685829,-0.766044443119574,0.));
#3029=DIRECTION('center_axis',(1.,0.,0.));
#3030=DIRECTION('ref_axis',(0.,0.,-1.));
#3031=DIRECTION('',(0.,0.,-1.));
#3032=DIRECTION('',(0.,1.,0.));
#3033=DIRECTION('',(0.,1.,0.));
#3034=DIRECTION('center_axis',(0.,0.,-1.));
#3035=DIRECTION('ref_axis',(-1.,0.,0.));
#3036=DIRECTION('',(-1.,0.,0.));
#3037=DIRECTION('',(0.,-1.,0.));
#3038=DIRECTION('',(1.,0.,0.));
#3039=DIRECTION('',(0.,1.,0.));
#3040=DIRECTION('center_axis',(0.,0.,1.));
#3041=DIRECTION('ref_axis',(1.,0.,0.));
#3042=DIRECTION('',(-1.,0.,0.));
#3043=DIRECTION('',(0.,1.,0.));
#3044=DIRECTION('',(1.,0.,0.));
#3045=DIRECTION('',(0.,-1.,0.));
#3046=DIRECTION('center_axis',(0.,0.,-1.));
#3047=DIRECTION('ref_axis',(-1.,0.,0.));
#3048=DIRECTION('',(0.,-1.,0.));
#3049=DIRECTION('',(1.,0.,0.));
#3050=DIRECTION('',(0.,1.,0.));
#3051=DIRECTION('center_axis',(1.,0.,0.));
#3052=DIRECTION('ref_axis',(0.,0.,-1.));
#3053=DIRECTION('',(0.,0.,1.));
#3054=DIRECTION('',(0.,1.,0.));
#3055=DIRECTION('center_axis',(0.,0.,1.));
#3056=DIRECTION('ref_axis',(1.,0.,0.));
#3057=DIRECTION('',(1.,0.,0.));
#3058=DIRECTION('',(0.,-1.,0.));
#3059=DIRECTION('center_axis',(-1.,0.,0.));
#3060=DIRECTION('ref_axis',(0.,0.,1.));
#3061=DIRECTION('',(0.,0.,-1.));
#3062=DIRECTION('center_axis',(0.,0.,-1.));
#3063=DIRECTION('ref_axis',(-1.,0.,0.));
#3064=DIRECTION('',(0.,-1.,0.));
#3065=DIRECTION('',(1.,0.,0.));
#3066=DIRECTION('',(0.,1.,0.));
#3067=DIRECTION('center_axis',(1.,0.,0.));
#3068=DIRECTION('ref_axis',(0.,0.,-1.));
#3069=DIRECTION('',(0.,0.,1.));
#3070=DIRECTION('',(0.,1.,0.));
#3071=DIRECTION('center_axis',(0.,0.,1.));
#3072=DIRECTION('ref_axis',(1.,0.,0.));
#3073=DIRECTION('',(1.,0.,0.));
#3074=DIRECTION('',(0.,-1.,0.));
#3075=DIRECTION('center_axis',(-1.,0.,0.));
#3076=DIRECTION('ref_axis',(0.,0.,1.));
#3077=DIRECTION('',(0.,0.,-1.));
#3078=DIRECTION('center_axis',(0.,0.,-1.));
#3079=DIRECTION('ref_axis',(-1.,0.,0.));
#3080=DIRECTION('',(1.,0.,0.));
#3081=DIRECTION('',(0.485642931178632,0.874157276121538,0.));
#3082=DIRECTION('',(-0.485642931178632,-0.874157276121538,0.));
#3083=DIRECTION('center_axis',(-0.874157276121566,0.485642931178581,0.));
#3084=DIRECTION('ref_axis',(-0.485642931178581,-0.874157276121566,0.));
#3085=DIRECTION('',(0.,0.,1.));
#3086=DIRECTION('',(-0.485642931178632,-0.874157276121538,0.));
#3087=DIRECTION('center_axis',(0.,0.,1.));
#3088=DIRECTION('ref_axis',(1.,0.,0.));
#3089=DIRECTION('',(-1.,0.,0.));
#3090=DIRECTION('',(0.485642931178632,0.874157276121538,0.));
#3091=DIRECTION('center_axis',(0.874157276121566,-0.485642931178581,0.));
#3092=DIRECTION('ref_axis',(0.485642931178581,0.874157276121566,0.));
#3093=DIRECTION('',(0.,0.,-1.));
#3094=DIRECTION('center_axis',(0.,0.,-1.));
#3095=DIRECTION('ref_axis',(-1.,0.,0.));
#3096=DIRECTION('',(1.,0.,0.));
#3097=DIRECTION('',(0.485642931178632,0.874157276121538,0.));
#3098=DIRECTION('',(-0.485642931178632,-0.874157276121538,0.));
#3099=DIRECTION('center_axis',(-0.874157276121566,0.485642931178581,0.));
#3100=DIRECTION('ref_axis',(-0.485642931178581,-0.874157276121566,0.));
#3101=DIRECTION('',(0.,0.,1.));
#3102=DIRECTION('',(-0.485642931178632,-0.874157276121538,0.));
#3103=DIRECTION('center_axis',(0.,0.,1.));
#3104=DIRECTION('ref_axis',(1.,0.,0.));
#3105=DIRECTION('',(-1.,0.,0.));
#3106=DIRECTION('',(0.485642931178632,0.874157276121538,0.));
#3107=DIRECTION('center_axis',(0.874157276121566,-0.485642931178581,0.));
#3108=DIRECTION('ref_axis',(0.485642931178581,0.874157276121566,0.));
#3109=DIRECTION('',(0.,0.,-1.));
#3110=DIRECTION('center_axis',(0.,0.,1.));
#3111=DIRECTION('ref_axis',(1.,0.,0.));
#3112=DIRECTION('',(-0.485642931178581,-0.874157276121566,0.));
#3113=DIRECTION('',(1.,0.,0.));
#3114=DIRECTION('',(-0.485642931178632,-0.874157276121538,0.));
#3115=DIRECTION('center_axis',(-0.874157276121566,0.485642931178581,0.));
#3116=DIRECTION('ref_axis',(-0.485642931178581,-0.874157276121566,0.));
#3117=DIRECTION('',(0.,0.,1.));
#3118=DIRECTION('',(-0.485642931178632,-0.874157276121538,0.));
#3119=DIRECTION('center_axis',(0.,0.,1.));
#3120=DIRECTION('ref_axis',(1.,0.,0.));
#3121=DIRECTION('',(-1.,0.,0.));
#3122=DIRECTION('',(0.485642931178632,0.874157276121538,0.));
#3123=DIRECTION('center_axis',(0.874157276121566,-0.485642931178581,0.));
#3124=DIRECTION('ref_axis',(0.485642931178581,0.874157276121566,0.));
#3125=DIRECTION('',(0.,0.,-1.));
#3126=DIRECTION('center_axis',(0.,0.,-1.));
#3127=DIRECTION('ref_axis',(-1.,0.,0.));
#3128=DIRECTION('',(0.,-1.,0.));
#3129=DIRECTION('',(1.,0.,0.));
#3130=DIRECTION('',(0.,1.,0.));
#3131=DIRECTION('',(-1.,0.,0.));
#3132=DIRECTION('center_axis',(0.,0.,1.));
#3133=DIRECTION('ref_axis',(1.,0.,0.));
#3134=DIRECTION('',(0.,1.,0.));
#3135=DIRECTION('',(1.,0.,0.));
#3136=DIRECTION('',(0.,-1.,0.));
#3137=DIRECTION('',(-1.,0.,0.));
#3138=DIRECTION('center_axis',(0.,-1.,0.));
#3139=DIRECTION('ref_axis',(0.,0.,-1.));
#3140=DIRECTION('',(0.,0.,-1.));
#3141=DIRECTION('',(1.,0.,0.));
#3142=DIRECTION('',(0.,0.,-1.));
#3143=DIRECTION('center_axis',(0.,-1.,0.));
#3144=DIRECTION('ref_axis',(0.,0.,-1.));
#3145=DIRECTION('',(0.,0.,1.));
#3146=DIRECTION('',(0.,0.,-1.));
#3147=DIRECTION('',(1.,0.,0.));
#3148=DIRECTION('center_axis',(-1.,0.,0.));
#3149=DIRECTION('ref_axis',(0.,0.,1.));
#3150=DIRECTION('',(0.,0.,1.));
#3151=DIRECTION('',(0.,-1.,0.));
#3152=DIRECTION('center_axis',(1.,0.,0.));
#3153=DIRECTION('ref_axis',(0.,0.,-1.));
#3154=DIRECTION('',(0.,0.,-1.));
#3155=DIRECTION('',(0.,1.,0.));
#3156=DIRECTION('center_axis',(-1.,0.,0.));
#3157=DIRECTION('ref_axis',(0.,0.,1.));
#3158=DIRECTION('',(0.,0.,1.));
#3159=DIRECTION('',(0.,1.,0.));
#3160=DIRECTION('center_axis',(1.,0.,0.));
#3161=DIRECTION('ref_axis',(0.,0.,-1.));
#3162=DIRECTION('',(0.,0.,-1.));
#3163=DIRECTION('center_axis',(-1.,0.,0.));
#3164=DIRECTION('ref_axis',(0.,0.,1.));
#3165=DIRECTION('',(0.,-1.,0.));
#3166=DIRECTION('',(0.,0.,1.));
#3167=DIRECTION('center_axis',(0.,-1.,0.));
#3168=DIRECTION('ref_axis',(0.,0.,-1.));
#3169=DIRECTION('',(0.,0.,-1.));
#3170=DIRECTION('',(1.,0.,0.));
#3171=DIRECTION('center_axis',(1.,0.,0.));
#3172=DIRECTION('ref_axis',(0.,0.,-1.));
#3173=DIRECTION('',(0.,1.,0.));
#3174=DIRECTION('',(0.,0.,1.));
#3175=DIRECTION('center_axis',(0.,-1.,0.));
#3176=DIRECTION('ref_axis',(0.,0.,-1.));
#3177=DIRECTION('',(1.,0.,0.));
#3178=DIRECTION('',(0.,0.,1.));
#3179=DIRECTION('',(-1.,0.,0.));
#3180=DIRECTION('center_axis',(1.,0.,0.));
#3181=DIRECTION('ref_axis',(0.,0.,-1.));
#3182=DIRECTION('',(0.,0.,1.));
#3183=DIRECTION('',(0.,1.,0.));
#3184=DIRECTION('',(0.,1.,0.));
#3185=DIRECTION('center_axis',(0.,-1.,0.));
#3186=DIRECTION('ref_axis',(0.,0.,-1.));
#3187=DIRECTION('',(0.,0.,-1.));
#3188=DIRECTION('',(-1.,0.,0.));
#3189=DIRECTION('',(1.,0.,0.));
#3190=DIRECTION('center_axis',(-1.,0.,0.));
#3191=DIRECTION('ref_axis',(0.,0.,1.));
#3192=DIRECTION('',(0.,0.,-1.));
#3193=DIRECTION('',(0.,-1.,0.));
#3194=DIRECTION('',(0.,-1.,0.));
#3195=DIRECTION('center_axis',(0.,-1.,0.));
#3196=DIRECTION('ref_axis',(0.,0.,-1.));
#3197=DIRECTION('',(-1.,0.,0.));
#3198=DIRECTION('',(1.,0.,0.));
#3199=DIRECTION('',(0.,0.,-1.));
#3200=DIRECTION('',(0.,0.,1.));
#3201=DIRECTION('center_axis',(-1.,0.,0.));
#3202=DIRECTION('ref_axis',(0.,0.,1.));
#3203=DIRECTION('',(0.,0.,-1.));
#3204=DIRECTION('',(0.,-1.,0.));
#3205=DIRECTION('center_axis',(0.,-1.,0.));
#3206=DIRECTION('ref_axis',(0.,0.,-1.));
#3207=DIRECTION('',(0.,0.,-1.));
#3208=DIRECTION('',(1.,0.,0.));
#3209=DIRECTION('center_axis',(1.,0.,0.));
#3210=DIRECTION('ref_axis',(0.,0.,-1.));
#3211=DIRECTION('',(0.,1.,0.));
#3212=DIRECTION('',(0.,0.,1.));
#3213=DIRECTION('',(0.,1.,0.));
#3214=DIRECTION('center_axis',(0.,-1.,0.));
#3215=DIRECTION('ref_axis',(0.,0.,-1.));
#3216=DIRECTION('',(0.,0.,1.));
#3217=DIRECTION('',(-1.,0.,0.));
#3218=DIRECTION('',(1.,0.,0.));
#3219=DIRECTION('center_axis',(1.,0.,0.));
#3220=DIRECTION('ref_axis',(0.,0.,-1.));
#3221=DIRECTION('',(0.,0.,1.));
#3222=DIRECTION('',(0.,-1.,0.));
#3223=DIRECTION('',(0.,1.,0.));
#3224=DIRECTION('center_axis',(0.,-1.,0.));
#3225=DIRECTION('ref_axis',(0.,0.,-1.));
#3226=DIRECTION('',(0.,0.,-1.));
#3227=DIRECTION('',(-1.,0.,0.));
#3228=DIRECTION('',(1.,0.,0.));
#3229=DIRECTION('center_axis',(-1.,0.,0.));
#3230=DIRECTION('ref_axis',(0.,0.,1.));
#3231=DIRECTION('',(0.,-1.,0.));
#3232=DIRECTION('center_axis',(-1.,0.,0.));
#3233=DIRECTION('ref_axis',(0.,0.,-1.));
#3234=DIRECTION('',(0.,0.,-1.));
#3235=DIRECTION('center_axis',(-1.,0.,0.));
#3236=DIRECTION('ref_axis',(0.,0.,1.));
#3237=DIRECTION('',(0.,1.,0.));
#3238=DIRECTION('center_axis',(-1.,0.,0.));
#3239=DIRECTION('ref_axis',(0.,0.,1.));
#3240=DIRECTION('',(1.,0.,0.));
#3241=DIRECTION('',(-1.,0.,0.));
#3242=DIRECTION('center_axis',(1.,-1.85465754203608E-12,1.15330365918345E-13));
#3243=DIRECTION('ref_axis',(-6.99373894773742E-14,0.02445652604787,0.999700894434765));
#3244=DIRECTION('center_axis',(1.,0.,0.));
#3245=DIRECTION('ref_axis',(0.,0.,-1.));
#3246=DIRECTION('',(1.,0.,0.));
#3247=DIRECTION('',(-1.,0.,0.));
#3248=DIRECTION('center_axis',(-1.,0.,0.));
#3249=DIRECTION('ref_axis',(0.,0.,-1.));
#3250=DIRECTION('center_axis',(1.,0.,0.));
#3251=DIRECTION('ref_axis',(0.,0.,-1.));
#3252=DIRECTION('',(1.,0.,0.));
#3253=DIRECTION('',(1.,0.,0.));
#3254=DIRECTION('center_axis',(1.,5.3731165299421E-14,1.64737899931227E-14));
#3255=DIRECTION('ref_axis',(1.51547849471247E-14,0.024456526047921,-0.999700894434764));
#3256=DIRECTION('center_axis',(-1.,0.,0.));
#3257=DIRECTION('ref_axis',(0.,0.,1.));
#3258=DIRECTION('',(-1.,0.,0.));
#3259=DIRECTION('',(1.,0.,0.));
#3260=DIRECTION('center_axis',(-1.,0.,0.));
#3261=DIRECTION('ref_axis',(0.,0.,1.));
#3262=DIRECTION('center_axis',(1.,0.,0.));
#3263=DIRECTION('ref_axis',(0.,0.,-1.));
#3264=DIRECTION('center_axis',(1.,0.,0.));
#3265=DIRECTION('ref_axis',(0.,0.,-1.));
#3266=DIRECTION('',(0.,0.,-1.));
#3267=DIRECTION('center_axis',(1.,0.,0.));
#3268=DIRECTION('ref_axis',(0.,0.,1.));
#3269=DIRECTION('',(0.,0.,1.));
#3270=DIRECTION('center_axis',(0.,-1.,0.));
#3271=DIRECTION('ref_axis',(0.,0.,-1.));
#3272=DIRECTION('',(-1.,0.,0.));
#3273=DIRECTION('',(0.,0.,1.));
#3274=DIRECTION('',(1.,0.,0.));
#3275=DIRECTION('center_axis',(-1.,0.,0.));
#3276=DIRECTION('ref_axis',(0.,0.,1.));
#3277=DIRECTION('center_axis',(-1.,0.,0.));
#3278=DIRECTION('ref_axis',(0.,0.,-1.));
#3279=DIRECTION('',(1.,0.,0.));
#3280=DIRECTION('',(-1.,0.,0.));
#3281=DIRECTION('center_axis',(1.,0.,0.));
#3282=DIRECTION('ref_axis',(0.,0.,-1.));
#3283=DIRECTION('',(-1.,0.,0.));
#3284=DIRECTION('center_axis',(-1.,0.,0.));
#3285=DIRECTION('ref_axis',(0.,0.,-1.));
#3286=DIRECTION('',(1.,0.,0.));
#3287=DIRECTION('center_axis',(0.,0.,-1.));
#3288=DIRECTION('ref_axis',(-1.,0.,0.));
#3289=DIRECTION('',(-1.,0.,0.));
#3290=DIRECTION('',(0.,-1.,0.));
#3291=DIRECTION('center_axis',(0.,0.,-1.));
#3292=DIRECTION('ref_axis',(1.,-1.65384816608912E-15,0.));
#3293=DIRECTION('center_axis',(1.,0.,0.));
#3294=DIRECTION('ref_axis',(0.,0.,-1.));
#3295=DIRECTION('center_axis',(-1.,0.,0.));
#3296=DIRECTION('ref_axis',(0.,-3.46944695195361E-15,-1.));
#3297=DIRECTION('center_axis',(9.77512098965365E-14,9.77512100002336E-14,
1.));
#3298=DIRECTION('ref_axis',(1.09208575280717E-11,1.,-9.77512100013012E-14));
#3299=DIRECTION('center_axis',(-1.34490234524801E-11,1.,-3.56978992747627E-13));
#3300=DIRECTION('ref_axis',(-0.0244565260478729,2.79558259601919E-14,0.999700894434765));
#3301=DIRECTION('center_axis',(0.,0.,-1.));
#3302=DIRECTION('ref_axis',(1.,1.65384816608912E-15,0.));
#3303=DIRECTION('center_axis',(1.,0.,0.));
#3304=DIRECTION('ref_axis',(0.,0.,-1.));
#3305=DIRECTION('',(1.,0.,0.));
#3306=DIRECTION('center_axis',(-1.,0.,0.));
#3307=DIRECTION('ref_axis',(0.,-3.46944695195361E-15,-1.));
#3308=DIRECTION('center_axis',(0.,0.,1.));
#3309=DIRECTION('ref_axis',(1.,0.,0.));
#3310=DIRECTION('',(0.,1.,0.));
#3311=DIRECTION('center_axis',(0.,0.,1.));
#3312=DIRECTION('ref_axis',(1.,0.,0.));
#3313=DIRECTION('center_axis',(0.,-1.,0.));
#3314=DIRECTION('ref_axis',(0.,0.,-1.));
#3315=DIRECTION('',(0.,0.,-1.));
#3316=DIRECTION('',(0.,0.,-1.));
#3317=DIRECTION('center_axis',(9.7751209896526E-14,-9.77512100002345E-14,
1.));
#3318=DIRECTION('ref_axis',(-8.4691324601718E-28,1.,9.77512100002345E-14));
#3319=DIRECTION('center_axis',(-4.32839595379444E-14,4.32839595856448E-14,
1.));
#3320=DIRECTION('ref_axis',(0.996206237584481,0.0870237450226844,3.93530182165011E-14));
#3321=DIRECTION('center_axis',(0.,1.,0.));
#3322=DIRECTION('ref_axis',(0.,0.,-1.));
#3323=DIRECTION('center_axis',(0.,0.,1.));
#3324=DIRECTION('ref_axis',(1.,0.,0.));
#3325=DIRECTION('',(0.,0.,-1.));
#3326=DIRECTION('center_axis',(0.,0.,1.));
#3327=DIRECTION('ref_axis',(1.,0.,0.));
#3328=DIRECTION('',(0.,1.,0.));
#3329=DIRECTION('center_axis',(0.,-1.,0.));
#3330=DIRECTION('ref_axis',(0.,0.,-1.));
#3331=DIRECTION('',(0.,-1.,0.));
#3332=DIRECTION('center_axis',(0.,1.,0.));
#3333=DIRECTION('ref_axis',(0.,0.,1.));
#3334=DIRECTION('',(0.,0.,-1.));
#3335=DIRECTION('center_axis',(-9.1975388199378E-11,1.03076220316957E-10,
1.));
#3336=DIRECTION('ref_axis',(0.999999998410896,5.63756014346281E-5,9.19735235190729E-11));
#3337=DIRECTION('center_axis',(0.,1.,0.));
#3338=DIRECTION('ref_axis',(0.,0.,1.));
#3339=DIRECTION('center_axis',(0.,0.,1.));
#3340=DIRECTION('ref_axis',(1.,0.,0.));
#3341=DIRECTION('center_axis',(-4.7385313181819E-12,-2.78717342394628E-11,
1.));
#3342=DIRECTION('ref_axis',(-1.81644107123735E-6,0.99999999999835,2.78782108401972E-11));
#3343=DIRECTION('center_axis',(0.,0.,1.));
#3344=DIRECTION('ref_axis',(1.,0.,0.));
#3345=DIRECTION('center_axis',(-1.07304918628469E-12,1.,8.36385325224004E-13));
#3346=DIRECTION('ref_axis',(-0.0244565260478847,8.09892102343516E-13,-0.999700894434765));
#3347=DIRECTION('center_axis',(0.,0.,1.));
#3348=DIRECTION('ref_axis',(1.,0.,0.));
#3349=DIRECTION('',(0.,1.,0.));
#3350=DIRECTION('center_axis',(0.,1.,0.));
#3351=DIRECTION('ref_axis',(0.,0.,1.));
#3352=DIRECTION('',(0.,-1.,0.));
#3353=DIRECTION('center_axis',(0.,0.,1.));
#3354=DIRECTION('ref_axis',(1.,0.,0.));
#3355=DIRECTION('',(0.,0.,1.));
#3356=DIRECTION('center_axis',(0.,0.,1.));
#3357=DIRECTION('ref_axis',(1.,0.,0.));
#3358=DIRECTION('',(0.,0.,-1.));
#3359=DIRECTION('center_axis',(1.,0.,0.));
#3360=DIRECTION('ref_axis',(0.,0.,-1.));
#3361=CARTESIAN_POINT('',(0.,0.,0.));
#3362=CARTESIAN_POINT('Origin',(6.0911360173316,1.69495470422136E-15,8.88178419700125E-15));
#3363=CARTESIAN_POINT('',(5.46613601733159,2.03083969906664E-15,-2.958734125));
#3364=CARTESIAN_POINT('',(5.71613601733159,1.89648570112854E-15,-2.958734125));
#3365=CARTESIAN_POINT('',(6.09113601733161,3.0275689808718E-15,-2.95873412499998));
#3366=CARTESIAN_POINT('',(5.96613601733159,0.,2.958734125));
#3367=CARTESIAN_POINT('Ctrl Pts',(5.96613601733159,0.,2.958734125));
#3368=CARTESIAN_POINT('Ctrl Pts',(5.90363601733159,1.22554780203109,2.958734125));
#3369=CARTESIAN_POINT('Ctrl Pts',(5.84113601733159,2.09214096351555,2.09214096351555));
#3370=CARTESIAN_POINT('Ctrl Pts',(5.77863601733159,2.958734125,1.22554780203109));
#3371=CARTESIAN_POINT('Ctrl Pts',(5.71613601733159,2.958734125,1.81170213785465E-16));
#3372=CARTESIAN_POINT('Ctrl Pts',(5.65363601733159,2.958734125,-1.22554780203109));
#3373=CARTESIAN_POINT('Ctrl Pts',(5.59113601733159,2.09214096351555,-2.09214096351555));
#3374=CARTESIAN_POINT('Ctrl Pts',(5.52863601733159,1.22554780203109,-2.958734125));
#3375=CARTESIAN_POINT('Ctrl Pts',(5.46613601733159,3.62340427570929E-16,
-2.958734125));
#3376=CARTESIAN_POINT('',(6.21613601733159,0.,2.958734125));
#3377=CARTESIAN_POINT('',(6.09113601733159,0.,2.958734125));
#3378=CARTESIAN_POINT('Ctrl Pts',(6.21613601733159,0.,2.958734125));
#3379=CARTESIAN_POINT('Ctrl Pts',(6.15363601733159,1.22554780203109,2.958734125));
#3380=CARTESIAN_POINT('Ctrl Pts',(6.09113601733159,2.09214096351555,2.09214096351555));
#3381=CARTESIAN_POINT('Ctrl Pts',(6.02863601733159,2.958734125,1.22554780203109));
#3382=CARTESIAN_POINT('Ctrl Pts',(5.96613601733159,2.958734125,1.81170213785465E-16));
#3383=CARTESIAN_POINT('Ctrl Pts',(5.90363601733159,2.958734125,-1.22554780203109));
#3384=CARTESIAN_POINT('Ctrl Pts',(5.84113601733159,2.09214096351555,-2.09214096351555));
#3385=CARTESIAN_POINT('Ctrl Pts',(5.77863601733159,1.22554780203109,-2.958734125));
#3386=CARTESIAN_POINT('Ctrl Pts',(5.71613601733159,3.6234042757093E-16,
-2.958734125));
#3387=CARTESIAN_POINT('Origin',(6.0911360173316,1.69495470422136E-15,8.88178419700125E-15));
#3388=CARTESIAN_POINT('',(4.46613601733159,2.56825569081907E-15,-2.958734125));
#3389=CARTESIAN_POINT('',(4.71613601733159,2.43390169288097E-15,-2.958734125));
#3390=CARTESIAN_POINT('',(6.09113601733161,3.0275689808718E-15,-2.95873412499998));
#3391=CARTESIAN_POINT('Ctrl Pts',(5.46613601733159,3.62340427570929E-16,
-2.958734125));
#3392=CARTESIAN_POINT('Ctrl Pts',(5.40363601733159,-1.22554780203109,-2.958734125));
#3393=CARTESIAN_POINT('Ctrl Pts',(5.34113601733159,-2.09214096351555,-2.09214096351555));
#3394=CARTESIAN_POINT('Ctrl Pts',(5.27863601733159,-2.958734125,-1.22554780203109));
#3395=CARTESIAN_POINT('Ctrl Pts',(5.21613601733159,-2.958734125,-5.43510641356394E-16));
#3396=CARTESIAN_POINT('Ctrl Pts',(5.15363601733159,-2.958734125,1.22554780203109));
#3397=CARTESIAN_POINT('Ctrl Pts',(5.09113601733159,-2.09214096351555,2.09214096351555));
#3398=CARTESIAN_POINT('Ctrl Pts',(5.02863601733159,-1.22554780203109,2.958734125));
#3399=CARTESIAN_POINT('Ctrl Pts',(4.96613601733159,0.,2.958734125));
#3400=CARTESIAN_POINT('Ctrl Pts',(4.90363601733159,1.22554780203109,2.958734125));
#3401=CARTESIAN_POINT('Ctrl Pts',(4.84113601733159,2.09214096351555,2.09214096351555));
#3402=CARTESIAN_POINT('Ctrl Pts',(4.77863601733159,2.958734125,1.22554780203109));
#3403=CARTESIAN_POINT('Ctrl Pts',(4.71613601733159,2.958734125,1.81170213785465E-16));
#3404=CARTESIAN_POINT('Ctrl Pts',(4.65363601733159,2.958734125,-1.22554780203109));
#3405=CARTESIAN_POINT('Ctrl Pts',(4.59113601733159,2.09214096351555,-2.09214096351555));
#3406=CARTESIAN_POINT('Ctrl Pts',(4.52863601733159,1.22554780203109,-2.958734125));
#3407=CARTESIAN_POINT('Ctrl Pts',(4.46613601733159,3.62340427570929E-16,
-2.958734125));
#3408=CARTESIAN_POINT('Ctrl Pts',(5.71613601733159,3.6234042757093E-16,
-2.958734125));
#3409=CARTESIAN_POINT('Ctrl Pts',(5.65363601733159,-1.22554780203109,-2.958734125));
#3410=CARTESIAN_POINT('Ctrl Pts',(5.59113601733159,-2.09214096351555,-2.09214096351555));
#3411=CARTESIAN_POINT('Ctrl Pts',(5.52863601733159,-2.958734125,-1.22554780203109));
#3412=CARTESIAN_POINT('Ctrl Pts',(5.46613601733159,-2.958734125,-5.43510641356394E-16));
#3413=CARTESIAN_POINT('Ctrl Pts',(5.40363601733159,-2.958734125,1.22554780203109));
#3414=CARTESIAN_POINT('Ctrl Pts',(5.34113601733159,-2.09214096351555,2.09214096351555));
#3415=CARTESIAN_POINT('Ctrl Pts',(5.27863601733159,-1.22554780203109,2.958734125));
#3416=CARTESIAN_POINT('Ctrl Pts',(5.21613601733159,0.,2.958734125));
#3417=CARTESIAN_POINT('Ctrl Pts',(5.15363601733159,1.22554780203109,2.958734125));
#3418=CARTESIAN_POINT('Ctrl Pts',(5.09113601733159,2.09214096351555,2.09214096351555));
#3419=CARTESIAN_POINT('Ctrl Pts',(5.02863601733159,2.958734125,1.22554780203109));
#3420=CARTESIAN_POINT('Ctrl Pts',(4.96613601733159,2.958734125,1.81170213785465E-16));
#3421=CARTESIAN_POINT('Ctrl Pts',(4.90363601733159,2.958734125,-1.22554780203109));
#3422=CARTESIAN_POINT('Ctrl Pts',(4.84113601733159,2.09214096351555,-2.09214096351555));
#3423=CARTESIAN_POINT('Ctrl Pts',(4.77863601733159,1.22554780203109,-2.958734125));
#3424=CARTESIAN_POINT('Ctrl Pts',(4.71613601733159,3.6234042757093E-16,
-2.958734125));
#3425=CARTESIAN_POINT('Origin',(6.0911360173316,1.69495470422136E-15,8.88178419700125E-15));
#3426=CARTESIAN_POINT('',(3.46613601733159,3.10567168257151E-15,-2.958734125));
#3427=CARTESIAN_POINT('',(3.71613601733159,2.9713176846334E-15,-2.958734125));
#3428=CARTESIAN_POINT('',(6.09113601733161,3.0275689808718E-15,-2.95873412499998));
#3429=CARTESIAN_POINT('Ctrl Pts',(4.46613601733159,3.62340427570929E-16,
-2.958734125));
#3430=CARTESIAN_POINT('Ctrl Pts',(4.40363601733159,-1.22554780203109,-2.958734125));
#3431=CARTESIAN_POINT('Ctrl Pts',(4.34113601733159,-2.09214096351555,-2.09214096351555));
#3432=CARTESIAN_POINT('Ctrl Pts',(4.27863601733159,-2.958734125,-1.22554780203109));
#3433=CARTESIAN_POINT('Ctrl Pts',(4.21613601733159,-2.958734125,-5.43510641356394E-16));
#3434=CARTESIAN_POINT('Ctrl Pts',(4.15363601733159,-2.958734125,1.22554780203109));
#3435=CARTESIAN_POINT('Ctrl Pts',(4.09113601733159,-2.09214096351555,2.09214096351555));
#3436=CARTESIAN_POINT('Ctrl Pts',(4.02863601733159,-1.22554780203109,2.958734125));
#3437=CARTESIAN_POINT('Ctrl Pts',(3.96613601733159,0.,2.958734125));
#3438=CARTESIAN_POINT('Ctrl Pts',(3.90363601733159,1.22554780203109,2.958734125));
#3439=CARTESIAN_POINT('Ctrl Pts',(3.84113601733159,2.09214096351555,2.09214096351555));
#3440=CARTESIAN_POINT('Ctrl Pts',(3.77863601733159,2.958734125,1.22554780203109));
#3441=CARTESIAN_POINT('Ctrl Pts',(3.71613601733159,2.958734125,1.81170213785465E-16));
#3442=CARTESIAN_POINT('Ctrl Pts',(3.65363601733159,2.958734125,-1.22554780203109));
#3443=CARTESIAN_POINT('Ctrl Pts',(3.59113601733159,2.09214096351555,-2.09214096351555));
#3444=CARTESIAN_POINT('Ctrl Pts',(3.52863601733159,1.22554780203109,-2.958734125));
#3445=CARTESIAN_POINT('Ctrl Pts',(3.46613601733159,3.62340427570929E-16,
-2.958734125));
#3446=CARTESIAN_POINT('Ctrl Pts',(4.71613601733159,3.6234042757093E-16,
-2.958734125));
#3447=CARTESIAN_POINT('Ctrl Pts',(4.65363601733159,-1.22554780203109,-2.958734125));
#3448=CARTESIAN_POINT('Ctrl Pts',(4.59113601733159,-2.09214096351555,-2.09214096351555));
#3449=CARTESIAN_POINT('Ctrl Pts',(4.52863601733159,-2.958734125,-1.22554780203109));
#3450=CARTESIAN_POINT('Ctrl Pts',(4.46613601733159,-2.958734125,-5.43510641356394E-16));
#3451=CARTESIAN_POINT('Ctrl Pts',(4.40363601733159,-2.958734125,1.22554780203109));
#3452=CARTESIAN_POINT('Ctrl Pts',(4.34113601733159,-2.09214096351555,2.09214096351555));
#3453=CARTESIAN_POINT('Ctrl Pts',(4.27863601733159,-1.22554780203109,2.958734125));
#3454=CARTESIAN_POINT('Ctrl Pts',(4.21613601733159,0.,2.958734125));
#3455=CARTESIAN_POINT('Ctrl Pts',(4.15363601733159,1.22554780203109,2.958734125));
#3456=CARTESIAN_POINT('Ctrl Pts',(4.09113601733159,2.09214096351555,2.09214096351555));
#3457=CARTESIAN_POINT('Ctrl Pts',(4.02863601733159,2.958734125,1.22554780203109));
#3458=CARTESIAN_POINT('Ctrl Pts',(3.96613601733159,2.958734125,1.81170213785465E-16));
#3459=CARTESIAN_POINT('Ctrl Pts',(3.90363601733159,2.958734125,-1.22554780203109));
#3460=CARTESIAN_POINT('Ctrl Pts',(3.84113601733159,2.09214096351555,-2.09214096351555));
#3461=CARTESIAN_POINT('Ctrl Pts',(3.77863601733159,1.22554780203109,-2.958734125));
#3462=CARTESIAN_POINT('Ctrl Pts',(3.71613601733159,3.6234042757093E-16,
-2.958734125));
#3463=CARTESIAN_POINT('Origin',(6.0911360173316,1.69495470422136E-15,8.88178419700125E-15));
#3464=CARTESIAN_POINT('',(2.46613601733159,3.64308767432394E-15,-2.958734125));
#3465=CARTESIAN_POINT('',(2.71613601733159,3.50873367638583E-15,-2.958734125));
#3466=CARTESIAN_POINT('',(6.09113601733161,3.0275689808718E-15,-2.95873412499998));
#3467=CARTESIAN_POINT('Ctrl Pts',(3.46613601733159,3.62340427570929E-16,
-2.958734125));
#3468=CARTESIAN_POINT('Ctrl Pts',(3.40363601733159,-1.22554780203109,-2.958734125));
#3469=CARTESIAN_POINT('Ctrl Pts',(3.34113601733159,-2.09214096351555,-2.09214096351555));
#3470=CARTESIAN_POINT('Ctrl Pts',(3.27863601733159,-2.958734125,-1.22554780203109));
#3471=CARTESIAN_POINT('Ctrl Pts',(3.21613601733159,-2.958734125,-5.43510641356394E-16));
#3472=CARTESIAN_POINT('Ctrl Pts',(3.15363601733159,-2.958734125,1.22554780203109));
#3473=CARTESIAN_POINT('Ctrl Pts',(3.09113601733159,-2.09214096351555,2.09214096351555));
#3474=CARTESIAN_POINT('Ctrl Pts',(3.02863601733159,-1.22554780203109,2.958734125));
#3475=CARTESIAN_POINT('Ctrl Pts',(2.96613601733159,0.,2.958734125));
#3476=CARTESIAN_POINT('Ctrl Pts',(2.90363601733159,1.22554780203109,2.958734125));
#3477=CARTESIAN_POINT('Ctrl Pts',(2.84113601733159,2.09214096351555,2.09214096351555));
#3478=CARTESIAN_POINT('Ctrl Pts',(2.77863601733159,2.958734125,1.22554780203109));
#3479=CARTESIAN_POINT('Ctrl Pts',(2.71613601733159,2.958734125,1.81170213785465E-16));
#3480=CARTESIAN_POINT('Ctrl Pts',(2.65363601733159,2.958734125,-1.22554780203109));
#3481=CARTESIAN_POINT('Ctrl Pts',(2.59113601733159,2.09214096351555,-2.09214096351555));
#3482=CARTESIAN_POINT('Ctrl Pts',(2.52863601733159,1.22554780203109,-2.958734125));
#3483=CARTESIAN_POINT('Ctrl Pts',(2.46613601733159,3.62340427570929E-16,
-2.958734125));
#3484=CARTESIAN_POINT('Ctrl Pts',(3.71613601733159,3.6234042757093E-16,
-2.958734125));
#3485=CARTESIAN_POINT('Ctrl Pts',(3.65363601733159,-1.22554780203109,-2.958734125));
#3486=CARTESIAN_POINT('Ctrl Pts',(3.59113601733159,-2.09214096351555,-2.09214096351555));
#3487=CARTESIAN_POINT('Ctrl Pts',(3.52863601733159,-2.958734125,-1.22554780203109));
#3488=CARTESIAN_POINT('Ctrl Pts',(3.46613601733159,-2.958734125,-5.43510641356394E-16));
#3489=CARTESIAN_POINT('Ctrl Pts',(3.40363601733159,-2.958734125,1.22554780203109));
#3490=CARTESIAN_POINT('Ctrl Pts',(3.34113601733159,-2.09214096351555,2.09214096351555));
#3491=CARTESIAN_POINT('Ctrl Pts',(3.27863601733159,-1.22554780203109,2.958734125));
#3492=CARTESIAN_POINT('Ctrl Pts',(3.21613601733159,0.,2.958734125));
#3493=CARTESIAN_POINT('Ctrl Pts',(3.15363601733159,1.22554780203109,2.958734125));
#3494=CARTESIAN_POINT('Ctrl Pts',(3.09113601733159,2.09214096351555,2.09214096351555));
#3495=CARTESIAN_POINT('Ctrl Pts',(3.02863601733159,2.958734125,1.22554780203109));
#3496=CARTESIAN_POINT('Ctrl Pts',(2.96613601733159,2.958734125,1.81170213785465E-16));
#3497=CARTESIAN_POINT('Ctrl Pts',(2.90363601733159,2.958734125,-1.22554780203109));
#3498=CARTESIAN_POINT('Ctrl Pts',(2.84113601733159,2.09214096351555,-2.09214096351555));
#3499=CARTESIAN_POINT('Ctrl Pts',(2.77863601733159,1.22554780203109,-2.958734125));
#3500=CARTESIAN_POINT('Ctrl Pts',(2.71613601733159,3.6234042757093E-16,
-2.958734125));
#3501=CARTESIAN_POINT('Origin',(6.0911360173316,1.69495470422136E-15,8.88178419700125E-15));
#3502=CARTESIAN_POINT('',(1.46613601733159,4.18050366607637E-15,-2.958734125));
#3503=CARTESIAN_POINT('',(1.71613601733159,4.04614966813826E-15,-2.958734125));
#3504=CARTESIAN_POINT('',(6.09113601733161,3.0275689808718E-15,-2.95873412499998));
#3505=CARTESIAN_POINT('Ctrl Pts',(2.46613601733159,3.62340427570929E-16,
-2.958734125));
#3506=CARTESIAN_POINT('Ctrl Pts',(2.40363601733159,-1.22554780203109,-2.958734125));
#3507=CARTESIAN_POINT('Ctrl Pts',(2.34113601733159,-2.09214096351555,-2.09214096351555));
#3508=CARTESIAN_POINT('Ctrl Pts',(2.27863601733159,-2.958734125,-1.22554780203109));
#3509=CARTESIAN_POINT('Ctrl Pts',(2.21613601733159,-2.958734125,-5.43510641356394E-16));
#3510=CARTESIAN_POINT('Ctrl Pts',(2.15363601733159,-2.958734125,1.22554780203109));
#3511=CARTESIAN_POINT('Ctrl Pts',(2.09113601733159,-2.09214096351555,2.09214096351555));
#3512=CARTESIAN_POINT('Ctrl Pts',(2.02863601733159,-1.22554780203109,2.958734125));
#3513=CARTESIAN_POINT('Ctrl Pts',(1.96613601733159,0.,2.958734125));
#3514=CARTESIAN_POINT('Ctrl Pts',(1.90363601733159,1.22554780203109,2.958734125));
#3515=CARTESIAN_POINT('Ctrl Pts',(1.84113601733159,2.09214096351555,2.09214096351555));
#3516=CARTESIAN_POINT('Ctrl Pts',(1.77863601733159,2.958734125,1.22554780203109));
#3517=CARTESIAN_POINT('Ctrl Pts',(1.71613601733159,2.958734125,1.81170213785465E-16));
#3518=CARTESIAN_POINT('Ctrl Pts',(1.65363601733159,2.958734125,-1.22554780203109));
#3519=CARTESIAN_POINT('Ctrl Pts',(1.59113601733159,2.09214096351555,-2.09214096351555));
#3520=CARTESIAN_POINT('Ctrl Pts',(1.52863601733159,1.22554780203109,-2.958734125));
#3521=CARTESIAN_POINT('Ctrl Pts',(1.46613601733159,3.62340427570929E-16,
-2.958734125));
#3522=CARTESIAN_POINT('Ctrl Pts',(2.71613601733159,3.6234042757093E-16,
-2.958734125));
#3523=CARTESIAN_POINT('Ctrl Pts',(2.65363601733159,-1.22554780203109,-2.958734125));
#3524=CARTESIAN_POINT('Ctrl Pts',(2.59113601733159,-2.09214096351555,-2.09214096351555));
#3525=CARTESIAN_POINT('Ctrl Pts',(2.52863601733159,-2.958734125,-1.22554780203109));
#3526=CARTESIAN_POINT('Ctrl Pts',(2.46613601733159,-2.958734125,-5.43510641356394E-16));
#3527=CARTESIAN_POINT('Ctrl Pts',(2.40363601733159,-2.958734125,1.22554780203109));
#3528=CARTESIAN_POINT('Ctrl Pts',(2.34113601733159,-2.09214096351555,2.09214096351555));
#3529=CARTESIAN_POINT('Ctrl Pts',(2.27863601733159,-1.22554780203109,2.958734125));
#3530=CARTESIAN_POINT('Ctrl Pts',(2.21613601733159,0.,2.958734125));
#3531=CARTESIAN_POINT('Ctrl Pts',(2.15363601733159,1.22554780203109,2.958734125));
#3532=CARTESIAN_POINT('Ctrl Pts',(2.09113601733159,2.09214096351555,2.09214096351555));
#3533=CARTESIAN_POINT('Ctrl Pts',(2.02863601733159,2.958734125,1.22554780203109));
#3534=CARTESIAN_POINT('Ctrl Pts',(1.96613601733159,2.958734125,1.81170213785465E-16));
#3535=CARTESIAN_POINT('Ctrl Pts',(1.90363601733159,2.958734125,-1.22554780203109));
#3536=CARTESIAN_POINT('Ctrl Pts',(1.84113601733159,2.09214096351555,-2.09214096351555));
#3537=CARTESIAN_POINT('Ctrl Pts',(1.77863601733159,1.22554780203109,-2.958734125));
#3538=CARTESIAN_POINT('Ctrl Pts',(1.71613601733159,3.6234042757093E-16,
-2.958734125));
#3539=CARTESIAN_POINT('Origin',(6.0911360173316,1.69495470422136E-15,8.88178419700125E-15));
#3540=CARTESIAN_POINT('',(0.466136017331593,4.7179196578288E-15,-2.958734125));
#3541=CARTESIAN_POINT('',(0.716136017331594,4.58356565989069E-15,-2.958734125));
#3542=CARTESIAN_POINT('',(6.09113601733161,3.0275689808718E-15,-2.95873412499998));
#3543=CARTESIAN_POINT('Ctrl Pts',(1.46613601733159,3.62340427570929E-16,
-2.958734125));
#3544=CARTESIAN_POINT('Ctrl Pts',(1.40363601733159,-1.22554780203109,-2.958734125));
#3545=CARTESIAN_POINT('Ctrl Pts',(1.34113601733159,-2.09214096351555,-2.09214096351555));
#3546=CARTESIAN_POINT('Ctrl Pts',(1.27863601733159,-2.958734125,-1.22554780203109));
#3547=CARTESIAN_POINT('Ctrl Pts',(1.21613601733159,-2.958734125,-5.43510641356394E-16));
#3548=CARTESIAN_POINT('Ctrl Pts',(1.15363601733159,-2.958734125,1.22554780203109));
#3549=CARTESIAN_POINT('Ctrl Pts',(1.09113601733159,-2.09214096351555,2.09214096351555));
#3550=CARTESIAN_POINT('Ctrl Pts',(1.02863601733159,-1.22554780203109,2.958734125));
#3551=CARTESIAN_POINT('Ctrl Pts',(0.966136017331593,0.,2.958734125));
#3552=CARTESIAN_POINT('Ctrl Pts',(0.903636017331593,1.22554780203109,2.958734125));
#3553=CARTESIAN_POINT('Ctrl Pts',(0.841136017331593,2.09214096351555,2.09214096351555));
#3554=CARTESIAN_POINT('Ctrl Pts',(0.778636017331593,2.958734125,1.22554780203109));
#3555=CARTESIAN_POINT('Ctrl Pts',(0.716136017331593,2.958734125,1.81170213785465E-16));
#3556=CARTESIAN_POINT('Ctrl Pts',(0.653636017331593,2.958734125,-1.22554780203109));
#3557=CARTESIAN_POINT('Ctrl Pts',(0.591136017331593,2.09214096351555,-2.09214096351555));
#3558=CARTESIAN_POINT('Ctrl Pts',(0.528636017331593,1.22554780203109,-2.958734125));
#3559=CARTESIAN_POINT('Ctrl Pts',(0.466136017331593,3.62340427570929E-16,
-2.958734125));
#3560=CARTESIAN_POINT('Ctrl Pts',(1.71613601733159,3.6234042757093E-16,
-2.958734125));
#3561=CARTESIAN_POINT('Ctrl Pts',(1.65363601733159,-1.22554780203109,-2.958734125));
#3562=CARTESIAN_POINT('Ctrl Pts',(1.59113601733159,-2.09214096351555,-2.09214096351555));
#3563=CARTESIAN_POINT('Ctrl Pts',(1.52863601733159,-2.958734125,-1.22554780203109));
#3564=CARTESIAN_POINT('Ctrl Pts',(1.46613601733159,-2.958734125,-5.43510641356394E-16));
#3565=CARTESIAN_POINT('Ctrl Pts',(1.40363601733159,-2.958734125,1.22554780203109));
#3566=CARTESIAN_POINT('Ctrl Pts',(1.34113601733159,-2.09214096351555,2.09214096351555));
#3567=CARTESIAN_POINT('Ctrl Pts',(1.27863601733159,-1.22554780203109,2.958734125));
#3568=CARTESIAN_POINT('Ctrl Pts',(1.21613601733159,0.,2.958734125));
#3569=CARTESIAN_POINT('Ctrl Pts',(1.15363601733159,1.22554780203109,2.958734125));
#3570=CARTESIAN_POINT('Ctrl Pts',(1.09113601733159,2.09214096351555,2.09214096351555));
#3571=CARTESIAN_POINT('Ctrl Pts',(1.02863601733159,2.958734125,1.22554780203109));
#3572=CARTESIAN_POINT('Ctrl Pts',(0.966136017331593,2.958734125,1.81170213785465E-16));
#3573=CARTESIAN_POINT('Ctrl Pts',(0.903636017331593,2.958734125,-1.22554780203109));
#3574=CARTESIAN_POINT('Ctrl Pts',(0.841136017331593,2.09214096351555,-2.09214096351555));
#3575=CARTESIAN_POINT('Ctrl Pts',(0.778636017331593,1.22554780203109,-2.958734125));
#3576=CARTESIAN_POINT('Ctrl Pts',(0.716136017331594,3.6234042757093E-16,
-2.958734125));
#3577=CARTESIAN_POINT('Origin',(7.028636015966,0.,0.));
#3578=CARTESIAN_POINT('',(6.028636015966,1.35319170544746E-14,-3.5));
#3579=CARTESIAN_POINT('',(6.528636015966,-4.28626379701574E-16,-3.5));
#3580=CARTESIAN_POINT('',(7.028636015966,-4.28626379701574E-16,-3.5));
#3581=CARTESIAN_POINT('',(6.528636015966,0.,3.5));
#3582=CARTESIAN_POINT('Ctrl Pts',(6.028636015966,2.74924604886509E-14,-3.5));
#3583=CARTESIAN_POINT('Ctrl Pts',(6.0304280721553,0.0415684627759766,-3.5));
#3584=CARTESIAN_POINT('Ctrl Pts',(6.03223454713788,0.0831646416849217,-3.49925946024183));
#3585=CARTESIAN_POINT('Ctrl Pts',(6.05445331511581,0.591046132301615,-3.48114283620312));
#3586=CARTESIAN_POINT('Ctrl Pts',(6.07616771835121,1.04929295421571,-3.37144194739957));
#3587=CARTESIAN_POINT('Ctrl Pts',(6.11885469961145,1.87990252318931,-2.98623988327905));
#3588=CARTESIAN_POINT('Ctrl Pts',(6.13897205997528,2.24711180395787,-2.72067618284083));
#3589=CARTESIAN_POINT('Ctrl Pts',(6.17896032099742,2.87320296678425,-2.05244555090467));
#3590=CARTESIAN_POINT('Ctrl Pts',(6.20067103608702,3.1209641120374,-1.65147070971735));
#3591=CARTESIAN_POINT('Ctrl Pts',(6.24337403068716,3.43856158286298,-0.792486956538781));
#3592=CARTESIAN_POINT('Ctrl Pts',(6.26354503208544,3.51176869772872,-0.345175096591461));
#3593=CARTESIAN_POINT('Ctrl Pts',(6.30349890081259,3.48463119798082,0.570352503543608));
#3594=CARTESIAN_POINT('Ctrl Pts',(6.32520597969331,3.37757048347,1.02952302602194));
#3595=CARTESIAN_POINT('Ctrl Pts',(6.36792380877922,2.99698811715107,1.86276168139379));
#3596=CARTESIAN_POINT('Ctrl Pts',(6.38814599032297,2.73342208606418,2.23162323585472));
#3597=CARTESIAN_POINT('Ctrl Pts',(6.42806752274638,2.06841870275324,2.86176886455283));
#3598=CARTESIAN_POINT('Ctrl Pts',(6.44977104063147,1.66858688004956,3.11188645707792));
#3599=CARTESIAN_POINT('Ctrl Pts',(6.49116205409078,0.837833719569623,3.42416766378433));
#3600=CARTESIAN_POINT('Ctrl Pts',(6.5105015463627,0.420646422343188,3.5));
#3601=CARTESIAN_POINT('Ctrl Pts',(6.528636015966,6.93889390390723E-17,3.5));
#3602=CARTESIAN_POINT('Origin',(6.528636015966,0.,0.));
#3603=CARTESIAN_POINT('Origin',(7.028636015966,0.,0.));
#3604=CARTESIAN_POINT('',(5.02863601596601,6.6618668575875E-14,-3.5));
#3605=CARTESIAN_POINT('',(5.15363601869719,-2.0818333929961E-15,-3.5));
#3606=CARTESIAN_POINT('',(7.028636015966,-4.28626379701574E-16,-3.5));
#3607=CARTESIAN_POINT('Ctrl Pts',(5.02863601596601,1.33665963531451E-13,
-3.5));
#3608=CARTESIAN_POINT('Ctrl Pts',(5.0320852747277,0.0800088665168007,-3.5));
#3609=CARTESIAN_POINT('Ctrl Pts',(5.03558701001599,0.16009862091466,-3.49725659513054));
#3610=CARTESIAN_POINT('Ctrl Pts',(5.05970565761798,0.704058718387184,-3.45984817412742));
#3611=CARTESIAN_POINT('Ctrl Pts',(5.08144685446434,1.15698587706324,-3.33580403997406));
#3612=CARTESIAN_POINT('Ctrl Pts',(5.12395287104823,1.9729874506229,-2.92546917708151));
#3613=CARTESIAN_POINT('Ctrl Pts',(5.14356552878836,2.33113422617789,-2.64892949314756));
#3614=CARTESIAN_POINT('Ctrl Pts',(5.18391019526039,2.93473115768536,-1.96311427914521));
#3615=CARTESIAN_POINT('Ctrl Pts',(5.20564879136797,3.16939613298529,-1.55606809978447));
#3616=CARTESIAN_POINT('Ctrl Pts',(5.24818341956971,3.4604910824342,-0.690012062971679));
#3617=CARTESIAN_POINT('Ctrl Pts',(5.26786466506784,3.52033925974362,-0.241427021883415));
#3618=CARTESIAN_POINT('Ctrl Pts',(5.30815652728437,3.46649568154156,0.670878641646486));
#3619=CARTESIAN_POINT('Ctrl Pts',(5.32989218215499,3.34664946209277,1.12541608208201));
#3620=CARTESIAN_POINT('Ctrl Pts',(5.37245352479676,2.94367789199733,1.94575097237934));
#3621=CARTESIAN_POINT('Ctrl Pts',(5.39220234016725,2.67037352516254,2.30656613631865));
#3622=CARTESIAN_POINT('Ctrl Pts',(5.43244378673518,1.98971446782689,2.91683081655105));
#3623=CARTESIAN_POINT('Ctrl Pts',(5.45417623150337,1.58442032293458,3.15538110221986));
#3624=CARTESIAN_POINT('Ctrl Pts',(5.49676248379527,0.720412350867087,3.4543114664024));
#3625=CARTESIAN_POINT('Ctrl Pts',(5.51657751382879,0.272206021800052,3.51811265009552));
#3626=CARTESIAN_POINT('Ctrl Pts',(5.55677093697851,-0.641093964883579,3.47218216807805));
#3627=CARTESIAN_POINT('Ctrl Pts',(5.57849996775391,-1.09704252138659,3.35611363350953));
#3628=CARTESIAN_POINT('Ctrl Pts',(5.62110941840262,-1.92123557343221,2.95976244144379));
#3629=CARTESIAN_POINT('Ctrl Pts',(5.64098902094775,-2.28444033581532,2.68935282198324));
#3630=CARTESIAN_POINT('Ctrl Pts',(5.6811367999877,-2.90064480131764,2.01332681244897));
#3631=CARTESIAN_POINT('Ctrl Pts',(5.70286227114219,-3.14265407083947,1.6096271852413));
#3632=CARTESIAN_POINT('Ctrl Pts',(5.7454933023273,-3.44857896195869,0.747477751700264));
#3633=CARTESIAN_POINT('Ctrl Pts',(5.76543559656704,-3.51590625200077,0.299607808362725));
#3634=CARTESIAN_POINT('Ctrl Pts',(5.80554008317317,-3.47702720073404,-0.614550008109272));
#3635=CARTESIAN_POINT('Ctrl Pts',(5.82726190072158,-3.36433277512985,-1.07172884858515));
#3636=CARTESIAN_POINT('Ctrl Pts',(5.86991298711344,-2.97389072749,-1.89933532940565));
#3637=CARTESIAN_POINT('Ctrl Pts',(5.88991589906533,-2.70605392919235,-2.26466554993027));
#3638=CARTESIAN_POINT('Ctrl Pts',(5.92997940442159,-2.03416069212662,-2.88612808448987));
#3639=CARTESIAN_POINT('Ctrl Pts',(5.9516975196167,-1.63189918064995,-3.13119733878847));
#3640=CARTESIAN_POINT('Ctrl Pts',(5.99242622575344,-0.810564273183044,-3.4291270095888));
#3641=CARTESIAN_POINT('Ctrl Pts',(6.01110441283421,-0.406662356090366,-3.5));
#3642=CARTESIAN_POINT('Ctrl Pts',(6.028636015966,2.73392419813945E-14,-3.5));
#3643=CARTESIAN_POINT('Origin',(6.528636015966,0.,0.));
#3644=CARTESIAN_POINT('',(5.65363601869719,0.,3.5));
#3645=CARTESIAN_POINT('',(6.09113601733159,0.,3.5));
#3646=CARTESIAN_POINT('Ctrl Pts',(5.65363601869719,6.93889390390723E-17,
3.5));
#3647=CARTESIAN_POINT('Ctrl Pts',(5.64318058517978,0.242523812350339,3.5));
#3648=CARTESIAN_POINT('Ctrl Pts',(5.63230392150729,0.484377141115692,3.47479242075149));
#3649=CARTESIAN_POINT('Ctrl Pts',(5.60984017263853,0.963616518517563,3.37380868864792));
#3650=CARTESIAN_POINT('Ctrl Pts',(5.5983059348306,1.19948497860322,3.2973282066788));
#3651=CARTESIAN_POINT('Ctrl Pts',(5.56511880720825,1.84928177473417,3.00759729783302));
#3652=CARTESIAN_POINT('Ctrl Pts',(5.54424586153195,2.23139503106252,2.73610683526986));
#3653=CARTESIAN_POINT('Ctrl Pts',(5.50428595618916,2.85881892847073,2.06908597726197));
#3654=CARTESIAN_POINT('Ctrl Pts',(5.4833200431941,3.10165326295432,1.68334678345007));
#3655=CARTESIAN_POINT('Ctrl Pts',(5.4405839305751,3.43201857975208,0.828883441011392));
#3656=CARTESIAN_POINT('Ctrl Pts',(5.41964741703616,3.51159826239579,0.366595589711448));
#3657=CARTESIAN_POINT('Ctrl Pts',(5.37971870696619,3.486036755395,-0.549001228800564));
#3658=CARTESIAN_POINT('Ctrl Pts',(5.35876827675679,3.38622420640104,-0.993622847808228));
#3659=CARTESIAN_POINT('Ctrl Pts',(5.31602015960746,3.01787377736832,-1.83263069819017));
#3660=CARTESIAN_POINT('Ctrl Pts',(5.29502320515708,2.74807984785555,-2.21676919742246));
#3661=CARTESIAN_POINT('Ctrl Pts',(5.2551238541181,2.0840083852443,-2.84792252418403));
#3662=CARTESIAN_POINT('Ctrl Pts',(5.23418806179784,1.69975520110474,-3.09265764558406));
#3663=CARTESIAN_POINT('Ctrl Pts',(5.19268545807592,0.871782435879793,-3.41790037492979));
#3664=CARTESIAN_POINT('Ctrl Pts',(5.17250492359477,0.437682353679613,-3.5));
#3665=CARTESIAN_POINT('Ctrl Pts',(5.15363601869719,-3.7470027081099E-15,
-3.5));
#3666=CARTESIAN_POINT('Origin',(7.028636015966,0.,0.));
#3667=CARTESIAN_POINT('',(4.02863601596601,6.3450038378498E-14,-3.5));
#3668=CARTESIAN_POINT('',(4.15363601869719,-2.0818333929961E-15,-3.5));
#3669=CARTESIAN_POINT('',(7.028636015966,-4.28626379701574E-16,-3.5));
#3670=CARTESIAN_POINT('Ctrl Pts',(4.02863601596601,1.25871535416877E-13,
-3.5));
#3671=CARTESIAN_POINT('Ctrl Pts',(4.03455555651013,0.137309422678231,-3.5));
#3672=CARTESIAN_POINT('Ctrl Pts',(4.04062547428409,0.274760230855266,-3.49192020991859));
#3673=CARTESIAN_POINT('Ctrl Pts',(4.06759896386737,0.8711776467408,-3.42128380752134));
#3674=CARTESIAN_POINT('Ctrl Pts',(4.08933830479853,1.31537303258567,-3.27626324022645));
#3675=CARTESIAN_POINT('Ctrl Pts',(4.13153760105527,2.10896062884152,-2.82899258766111));
#3676=CARTESIAN_POINT('Ctrl Pts',(4.15062186164953,2.45353860629457,-2.5359526362694));
#3677=CARTESIAN_POINT('Ctrl Pts',(4.19146782583177,3.0226795189327,-1.82423719056609));
#3678=CARTESIAN_POINT('Ctrl Pts',(4.21321048751235,3.2372466373902,-1.40877190146007));
#3679=CARTESIAN_POINT('Ctrl Pts',(4.25545625767903,3.48812889044287,-0.532759559700758));
#3680=CARTESIAN_POINT('Ctrl Pts',(4.27459923035493,3.52762110483947,-0.0821960792837811));
#3681=CARTESIAN_POINT('Ctrl Pts',(4.31537589194,3.43293276561973,0.824436516795626));
#3682=CARTESIAN_POINT('Ctrl Pts',(4.33712079664825,3.29375086825213,1.27117941605837));
#3683=CARTESIAN_POINT('Ctrl Pts',(4.37941063507912,2.85678959056555,2.07113750781225));
#3684=CARTESIAN_POINT('Ctrl Pts',(4.39861569280763,2.56840303387511,2.41953534115222));
#3685=CARTESIAN_POINT('Ctrl Pts',(4.43932464678967,1.86392096568487,2.99846660067276));
#3686=CARTESIAN_POINT('Ctrl Pts',(4.46107081398279,1.45074026752623,3.21874551828262));
#3687=CARTESIAN_POINT('Ctrl Pts',(4.50340233857951,0.577451955673962,3.48100640936316));
#3688=CARTESIAN_POINT('Ctrl Pts',(4.52267218123228,0.127454511154574,3.52627233567394));
#3689=CARTESIAN_POINT('Ctrl Pts',(4.56331520329308,-0.78088191862761,3.44318122824685));
#3690=CARTESIAN_POINT('Ctrl Pts',(4.5850617513829,-1.22992468801627,3.30945967916073));
#3691=CARTESIAN_POINT('Ctrl Pts',(4.62743261907859,-2.03574698251471,2.88211820044262));
#3692=CARTESIAN_POINT('Ctrl Pts',(4.64676929448629,-2.38768575552197,2.59803948422057));
#3693=CARTESIAN_POINT('Ctrl Pts',(4.68734831755109,-2.97563024871037,1.90030469194955));
#3694=CARTESIAN_POINT('Ctrl Pts',(4.70909446377468,-3.20116754494956,1.48930257194392));
#3695=CARTESIAN_POINT('Ctrl Pts',(4.7515023839551,-3.47393720703715,0.618595066701671));
#3696=CARTESIAN_POINT('Ctrl Pts',(4.77090731835394,-3.52452506072094,0.169115943973883));
#3697=CARTESIAN_POINT('Ctrl Pts',(4.81142440864553,-3.45211672093285,-0.740724324830574));
#3698=CARTESIAN_POINT('Ctrl Pts',(4.83316946725646,-3.32344646621696,-1.19182485896299));
#3699=CARTESIAN_POINT('Ctrl Pts',(4.87561221310643,-2.90498801457609,-2.00299390650675));
#3700=CARTESIAN_POINT('Ctrl Pts',(4.89508624922818,-2.6248590234694,-2.35818331645831));
#3701=CARTESIAN_POINT('Ctrl Pts',(4.93554358233183,-1.93335181297237,-2.95434788420251));
#3702=CARTESIAN_POINT('Ctrl Pts',(4.95728696136112,-1.52439981646605,-3.18467965351752));
#3703=CARTESIAN_POINT('Ctrl Pts',(4.99603024834627,-0.732401016446218,-3.44224948029485));
#3704=CARTESIAN_POINT('Ctrl Pts',(5.0128101498005,-0.367096150514773,-3.5));
#3705=CARTESIAN_POINT('Ctrl Pts',(5.02863601596601,1.33434929772136E-13,
-3.5));
#3706=CARTESIAN_POINT('Ctrl Pts',(5.15363601869719,-3.73504040629063E-15,
-3.5));
#3707=CARTESIAN_POINT('Ctrl Pts',(5.15247634364185,-0.0268997756086452,
-3.5));
#3708=CARTESIAN_POINT('Ctrl Pts',(5.15131056785593,-0.0538126107145856,
-3.4996898875043));
#3709=CARTESIAN_POINT('Ctrl Pts',(5.13050281284071,-0.53189935082571,-3.4886590986188));
#3710=CARTESIAN_POINT('Ctrl Pts',(5.10958083731909,-0.976789846775638,-3.39108913850129));
#3711=CARTESIAN_POINT('Ctrl Pts',(5.06681143171477,-1.81797915474208,-3.02681306047502));
#3712=CARTESIAN_POINT('Ctrl Pts',(5.04570281980716,-2.2038964465477,-2.75851209375226));
#3713=CARTESIAN_POINT('Ctrl Pts',(5.00585697453018,-2.83831315129649,-2.09703348405025));
#3714=CARTESIAN_POINT('Ctrl Pts',(4.98494802117262,-3.08470614756073,-1.71408956965587));
#3715=CARTESIAN_POINT('Ctrl Pts',(4.94216919659483,-3.42393399446964,-0.862306462520057));
#3716=CARTESIAN_POINT('Ctrl Pts',(4.92100924577522,-3.50814832371429,-0.399613525370074));
#3717=CARTESIAN_POINT('Ctrl Pts',(4.88118769926601,-3.49088350876487,0.516934133898086));
#3718=CARTESIAN_POINT('Ctrl Pts',(4.86029100194367,-3.39527475295313,0.962050635183387));
#3719=CARTESIAN_POINT('Ctrl Pts',(4.81750349265947,-3.03456869799628,1.8051386273484));
#3720=CARTESIAN_POINT('Ctrl Pts',(4.79629509122245,-2.76757639079607,2.19261239614843));
#3721=CARTESIAN_POINT('Ctrl Pts',(4.75649630970711,-2.1083684117768,2.82987531763414));
#3722=CARTESIAN_POINT('Ctrl Pts',(4.7356111323087,-1.72657321716008,3.07771011505304));
#3723=CARTESIAN_POINT('Ctrl Pts',(4.69281561601064,-0.875898712999144,3.42054910263381));
#3724=CARTESIAN_POINT('Ctrl Pts',(4.67156156014281,-0.413042763587566,3.50665687926238));
#3725=CARTESIAN_POINT('Ctrl Pts',(4.63178408625941,0.503881823152674,3.49277011477322));
#3726=CARTESIAN_POINT('Ctrl Pts',(4.61090972372594,0.949188388137902,3.3988709615001));
#3727=CARTESIAN_POINT('Ctrl Pts',(4.56810682558314,1.79392459094047,3.04128226293668));
#3728=CARTESIAN_POINT('Ctrl Pts',(4.54680981150895,2.18275584639265,2.77543310512502));
#3729=CARTESIAN_POINT('Ctrl Pts',(4.50705226337516,2.82249406873551,2.11820687713956));
#3730=CARTESIAN_POINT('Ctrl Pts',(4.48618804231692,3.07157960196585,1.73741585667682));
#3731=CARTESIAN_POINT('Ctrl Pts',(4.44337833881611,3.41756095591557,0.887713877503382));
#3732=CARTESIAN_POINT('Ctrl Pts',(4.42204095703092,3.50531879196949,0.424717088289529));
#3733=CARTESIAN_POINT('Ctrl Pts',(4.38230202684933,3.49437040900938,-0.49253055778551));
#3734=CARTESIAN_POINT('Ctrl Pts',(4.36144730580084,3.40195736300784,-0.937997085467832));
#3735=CARTESIAN_POINT('Ctrl Pts',(4.31863132836988,3.04708257835632,-1.78416081485802));
#3736=CARTESIAN_POINT('Ctrl Pts',(4.29725605970258,2.78222897552202,-2.17417263003045));
#3737=CARTESIAN_POINT('Ctrl Pts',(4.25753451198505,2.12672728888589,-2.81605824017684));
#3738=CARTESIAN_POINT('Ctrl Pts',(4.23668868135048,1.74681129431227,-3.06622640905028));
#3739=CARTESIAN_POINT('Ctrl Pts',(4.19436548249621,0.907842329093812,-3.41087529064941));
#3740=CARTESIAN_POINT('Ctrl Pts',(4.17329551389201,0.45602085418978,-3.5));
#3741=CARTESIAN_POINT('Ctrl Pts',(4.15363601869719,-4.44089209850063E-15,
-3.5));
#3742=CARTESIAN_POINT('Origin',(7.028636015966,0.,0.));
#3743=CARTESIAN_POINT('',(3.028636015966,-1.01228598880012E-15,-3.5));
#3744=CARTESIAN_POINT('',(3.15363601889921,2.34306497200336E-9,-3.5));
#3745=CARTESIAN_POINT('',(7.028636015966,-4.28626379701574E-16,-3.5));
#3746=CARTESIAN_POINT('Ctrl Pts',(3.028636015966,3.46944695195361E-16,-3.5));
#3747=CARTESIAN_POINT('Ctrl Pts',(3.03771271643468,0.210542776400546,-3.5));
#3748=CARTESIAN_POINT('Ctrl Pts',(3.04713033434308,0.421125025224772,-3.48100391823597));
#3749=CARTESIAN_POINT('Ctrl Pts',(3.07775821189384,1.08157518378043,-3.36031050545009));
#3750=CARTESIAN_POINT('Ctrl Pts',(3.09942283642062,1.51326444184937,-3.18928159351087));
#3751=CARTESIAN_POINT('Ctrl Pts',(3.14116739668735,2.27712341200599,-2.69570490406671));
#3752=CARTESIAN_POINT('Ctrl Pts',(3.15998132444009,2.60418254999189,-2.38124968107296));
#3753=CARTESIAN_POINT('Ctrl Pts',(3.20141106660168,3.1276014298428,-1.6370542589281));
#3754=CARTESIAN_POINT('Ctrl Pts',(3.22309020070933,3.31554009699667,-1.21203268715551));
#3755=CARTESIAN_POINT('Ctrl Pts',(3.26489891836755,3.51378173625727,-0.324353741514522));
#3756=CARTESIAN_POINT('Ctrl Pts',(3.28372195409975,3.52636564643736,0.128894223268774));
#3757=CARTESIAN_POINT('Ctrl Pts',(3.32507834494688,3.37761886154919,1.02658245447102));
#3758=CARTESIAN_POINT('Ctrl Pts',(3.34677045781303,3.21334440739404,1.46170711896713));
#3759=CARTESIAN_POINT('Ctrl Pts',(3.38864148421624,2.73186406319357,2.23351006275792));
#3760=CARTESIAN_POINT('Ctrl Pts',(3.40748161075784,2.42308893038786,2.5652074669216));
#3761=CARTESIAN_POINT('Ctrl Pts',(3.44876419863176,1.68737184076218,3.10085421201679));
#3762=CARTESIAN_POINT('Ctrl Pts',(3.47046776538548,1.26472820561295,3.29590195419754));
#3763=CARTESIAN_POINT('Ctrl Pts',(3.51239910201682,0.380003090599028,3.50814143391381));
#3764=CARTESIAN_POINT('Ctrl Pts',(3.53126393080887,-0.0725206967320147,
3.52791721840249));
#3765=CARTESIAN_POINT('Ctrl Pts',(3.57247254876945,-0.97276229454191,3.39361008745539));
#3766=CARTESIAN_POINT('Ctrl Pts',(3.59418606841849,-1.41113403035082,3.23597597705976));
#3767=CARTESIAN_POINT('Ctrl Pts',(3.63617558997397,-2.19058990331907,2.76633570974409));
#3768=CARTESIAN_POINT('Ctrl Pts',(3.6550722757555,-2.52678315760766,2.46305989746449));
#3769=CARTESIAN_POINT('Ctrl Pts',(3.69620704111414,-3.0742012510454,1.73564754504602));
#3770=CARTESIAN_POINT('Ctrl Pts',(3.71792905311615,-3.2761029043353,1.31541503760157));
#3771=CARTESIAN_POINT('Ctrl Pts',(3.75997453113293,-3.50187293316685,0.433646840584263));
#3772=CARTESIAN_POINT('Ctrl Pts',(3.7789096988732,-3.528573613158,-0.0181839157252495));
#3773=CARTESIAN_POINT('Ctrl Pts',(3.81997100844244,-3.40817969096448,-0.920771593818642));
#3774=CARTESIAN_POINT('Ctrl Pts',(3.84170010755795,-3.25698812893288,-1.36217330120929));
#3775=CARTESIAN_POINT('Ctrl Pts',(3.88379923405322,-2.79879162075372,-2.14891172616));
#3776=CARTESIAN_POINT('Ctrl Pts',(3.90277891949529,-2.50077665276225,-2.48941150920457));
#3777=CARTESIAN_POINT('Ctrl Pts',(3.9437674407837,-1.7813941196154,-3.04802563329808));
#3778=CARTESIAN_POINT('Ctrl Pts',(3.96550228993233,-1.36356691387957,-3.25645307880573));
#3779=CARTESIAN_POINT('Ctrl Pts',(4.00127280815359,-0.617739210880295,-3.45901474342182));
#3780=CARTESIAN_POINT('Ctrl Pts',(4.01530352497948,-0.309259920862579,-3.5));
#3781=CARTESIAN_POINT('Ctrl Pts',(4.02863601596601,1.26218480112072E-13,
-3.5));
#3782=CARTESIAN_POINT('Ctrl Pts',(4.15363601869719,-3.73504040629063E-15,
-3.5));
#3783=CARTESIAN_POINT('Ctrl Pts',(4.15317572889765,-0.0106768635450224,
-3.5));
#3784=CARTESIAN_POINT('Ctrl Pts',(4.15271447066121,-0.0213559544454258,
-3.49995114484508));
#3785=CARTESIAN_POINT('Ctrl Pts',(4.13275080250883,-0.48268321160832,-3.49572824924661));
#3786=CARTESIAN_POINT('Ctrl Pts',(4.11191328424615,-0.9282844988532,-3.40460389761409));
#3787=CARTESIAN_POINT('Ctrl Pts',(4.0690861898014,-1.77568219804289,-3.05208562681569));
#3788=CARTESIAN_POINT('Ctrl Pts',(4.04764214079712,-2.16671816209887,-2.78809675523438));
#3789=CARTESIAN_POINT('Ctrl Pts',(4.0079519301256,-2.81046268594889,-2.13409194871538));
#3790=CARTESIAN_POINT('Ctrl Pts',(3.98712217721334,-3.06156623091632,-1.75493633780129));
#3791=CARTESIAN_POINT('Ctrl Pts',(3.94429016571441,-3.41263711910544,-0.906825057315233));
#3792=CARTESIAN_POINT('Ctrl Pts',(3.9228149974034,-3.50307229697658,-0.443602226109183));
#3793=CARTESIAN_POINT('Ctrl Pts',(3.88313887461323,-3.49688084968229,0.474158929526705));
#3794=CARTESIAN_POINT('Ctrl Pts',(3.86231637033969,-3.40687165728081,0.919873866965491));
#3795=CARTESIAN_POINT('Ctrl Pts',(3.8194798248523,-3.05639493016423,1.76833642723856));
#3796=CARTESIAN_POINT('Ctrl Pts',(3.79797556847773,-2.79315543475068,2.16025894468041));
#3797=CARTESIAN_POINT('Ctrl Pts',(3.75831256436627,-2.14044702161661,2.80560967165908));
#3798=CARTESIAN_POINT('Ctrl Pts',(3.73749682147634,-1.76195059340066,3.05752006318626));
#3799=CARTESIAN_POINT('Ctrl Pts',(3.6946560948953,-0.914482870051939,3.41063268034269));
#3800=CARTESIAN_POINT('Ctrl Pts',(3.67312467190722,-0.451170100543653,3.50214360409236));
#3801=CARTESIAN_POINT('Ctrl Pts',(3.63347387730807,0.46679367734362,3.49785970888263));
#3802=CARTESIAN_POINT('Ctrl Pts',(3.61266443703922,0.912604570762951,3.40881375897335));
#3803=CARTESIAN_POINT('Ctrl Pts',(3.56981985446469,1.76198472966455,3.06010223403053));
#3804=CARTESIAN_POINT('Ctrl Pts',(3.54826307908814,2.15467326633463,2.79751085549763));
#3805=CARTESIAN_POINT('Ctrl Pts',(3.50862364209999,2.80140961470788,2.14592304757521));
#3806=CARTESIAN_POINT('Ctrl Pts',(3.48782007313455,3.0540150221142,1.7679968902216));
#3807=CARTESIAN_POINT('Ctrl Pts',(3.4449719340698,3.40888954181533,0.921087031130676));
#3808=CARTESIAN_POINT('Ctrl Pts',(3.42339151638465,3.50132956631346,0.457696999721221));
#3809=CARTESIAN_POINT('Ctrl Pts',(3.3837626395849,3.49869144808972,-0.460440076927076));
#3810=CARTESIAN_POINT('Ctrl Pts',(3.36296453694262,3.41047621849432,-0.906332078840234));
#3811=CARTESIAN_POINT('Ctrl Pts',(3.32011311732384,3.06328837181839,-1.75650195774619));
#3812=CARTESIAN_POINT('Ctrl Pts',(3.29851066673976,2.80125656740173,-2.14985130632376));
#3813=CARTESIAN_POINT('Ctrl Pts',(3.25889160441047,2.1506358075093,-2.7977813342701));
#3814=CARTESIAN_POINT('Ctrl Pts',(3.23809858830168,1.77320212289874,-3.05098471607923));
#3815=CARTESIAN_POINT('Ctrl Pts',(3.19531650379094,0.92820407823039,-3.40677570906365));
#3816=CARTESIAN_POINT('Ctrl Pts',(3.17374252597747,0.466389728158288,-3.49999999937555));
#3817=CARTESIAN_POINT('Ctrl Pts',(3.15363601889921,4.68613287063491E-9,
-3.5));
#3818=CARTESIAN_POINT('Origin',(7.028636015966,0.,0.));
#3819=CARTESIAN_POINT('',(2.028636015966,-3.41281571451974E-14,-3.5));
#3820=CARTESIAN_POINT('',(2.1536360162875,-2.79475431053513E-8,-3.5));
#3821=CARTESIAN_POINT('',(7.028636015966,-4.28626379701574E-16,-3.5));
#3822=CARTESIAN_POINT('Ctrl Pts',(2.028636015966,-6.50868248186498E-14,
-3.5));
#3823=CARTESIAN_POINT('Ctrl Pts',(2.04094496022959,0.285517772538439,-3.50000000000001));
#3824=CARTESIAN_POINT('Ctrl Pts',(2.05385661561331,0.570546009480894,-3.46506633379734));
#3825=CARTESIAN_POINT('Ctrl Pts',(2.08838699562248,1.29636595011926,-3.2836493978135));
#3826=CARTESIAN_POINT('Ctrl Pts',(2.1101026634908,1.71751900581314,-3.08432541607872));
#3827=CARTESIAN_POINT('Ctrl Pts',(2.15129371301151,2.44806995458715,-2.54133265145355));
#3828=CARTESIAN_POINT('Ctrl Pts',(2.17016548163822,2.75341690946173,-2.20683327890033));
#3829=CARTESIAN_POINT('Ctrl Pts',(2.212110839656,3.22753113851962,-1.43025499719488));
#3830=CARTESIAN_POINT('Ctrl Pts',(2.23381690590083,3.38767758945403,-0.993096795772589));
#3831=CARTESIAN_POINT('Ctrl Pts',(2.27508192309906,3.52743563960611,-0.0938048081926714));
#3832=CARTESIAN_POINT('Ctrl Pts',(2.29392724521216,3.5103740028355,0.358991786861042));
#3833=CARTESIAN_POINT('Ctrl Pts',(2.33581278736515,3.30342395793559,1.24484561064851));
#3834=CARTESIAN_POINT('Ctrl Pts',(2.357507759163,3.11106050014217,1.66840174454789));
#3835=CARTESIAN_POINT('Ctrl Pts',(2.39884664484133,2.58002836380393,2.40733614929631));
#3836=CARTESIAN_POINT('Ctrl Pts',(2.4176730306672,2.25008504017148,2.71825864374202));
#3837=CARTESIAN_POINT('Ctrl Pts',(2.45949672619402,1.48128080054461,3.20432797112681));
#3838=CARTESIAN_POINT('Ctrl Pts',(2.48117908276778,1.0474453665088,3.37116855056978));
#3839=CARTESIAN_POINT('Ctrl Pts',(2.52259145272565,0.150781858554434,3.52552406642229));
#3840=CARTESIAN_POINT('Ctrl Pts',(2.54140680516613,-0.302748647935414,3.51573569662874));
#3841=CARTESIAN_POINT('Ctrl Pts',(2.58316676776985,-1.19154380182794,3.32291910551894));
#3842=CARTESIAN_POINT('Ctrl Pts',(2.6048349780307,-1.61745507582965,3.137740104974));
#3843=CARTESIAN_POINT('Ctrl Pts',(2.64632016593667,-2.36490529841815,2.61907404681139));
#3844=CARTESIAN_POINT('Ctrl Pts',(2.66513268717075,-2.68155978964453,2.29380958192254));
#3845=CARTESIAN_POINT('Ctrl Pts',(2.70682719731579,-3.1797835121061,1.53303643646157));
#3846=CARTESIAN_POINT('Ctrl Pts',(2.72847973853626,-3.35339865641375,1.10269871479908));
#3847=CARTESIAN_POINT('Ctrl Pts',(2.7700368032238,-3.52264238764814,0.208845774487309));
#3848=CARTESIAN_POINT('Ctrl Pts',(2.78885489250449,-3.52028208823014,-0.245437769126242));
#3849=CARTESIAN_POINT('Ctrl Pts',(2.83047832376488,-3.34185153666646,-1.1370248397897));
#3850=CARTESIAN_POINT('Ctrl Pts',(2.85210940740529,-3.16404354634242,-1.5651280921595));
#3851=CARTESIAN_POINT('Ctrl Pts',(2.8937208150038,-2.65826642310923,-2.32084487327558));
#3852=CARTESIAN_POINT('Ctrl Pts',(2.91254147458152,-2.33801630391039,-2.64317635241918));
#3853=CARTESIAN_POINT('Ctrl Pts',(2.95411544943861,-1.58527907840504,-3.15405052569768));
#3854=CARTESIAN_POINT('Ctrl Pts',(2.97576404646048,-1.15795077997358,-3.3347101852635));
#3855=CARTESIAN_POINT('Ctrl Pts',(3.0077491063263,-0.474497163579493,-3.47587054779781));
#3856=CARTESIAN_POINT('Ctrl Pts',(3.01840611466513,-0.237292376191333,-3.5));
#3857=CARTESIAN_POINT('Ctrl Pts',(3.028636015966,1.11022302462516E-15,-3.5));
#3858=CARTESIAN_POINT('Ctrl Pts',(3.15363601889921,4.68613244963445E-9,
-3.5));
#3859=CARTESIAN_POINT('Ctrl Pts',(3.1535691897438,-0.00155016169652402,
-3.50000000000208));
#3860=CARTESIAN_POINT('Ctrl Pts',(3.15350234008705,-0.00310037704395194,
-3.49999897014024));
#3861=CARTESIAN_POINT('Ctrl Pts',(3.13401122678512,-0.454966749578776,-3.49939855018584));
#3862=CARTESIAN_POINT('Ctrl Pts',(3.11322294144189,-0.900927385491303,-3.41189878646972));
#3863=CARTESIAN_POINT('Ctrl Pts',(3.07036570347171,-1.75177620378984,-3.06602421680537));
#3864=CARTESIAN_POINT('Ctrl Pts',(3.04872363169178,-2.14569481892338,-2.80447482034904));
#3865=CARTESIAN_POINT('Ctrl Pts',(3.00912215432634,-2.79465194892776,-2.1546874001681));
#3866=CARTESIAN_POINT('Ctrl Pts',(2.98833826682635,-3.04836928902663,-1.77767835089161));
#3867=CARTESIAN_POINT('Ctrl Pts',(2.94547845271155,-3.40606876002031,-0.931667810951202));
#3868=CARTESIAN_POINT('Ctrl Pts',(2.92381861089609,-3.5,-0.468154591107335));
#3869=CARTESIAN_POINT('Ctrl Pts',(2.8834485838797,-3.5,0.468266920291886));
#3870=CARTESIAN_POINT('Ctrl Pts',(2.86178849898188,-3.40602631577335,0.931768197681417));
#3871=CARTESIAN_POINT('Ctrl Pts',(2.81893377056803,-3.04836928902663,1.77767835089162));
#3872=CARTESIAN_POINT('Ctrl Pts',(2.79814988306804,-2.79465194892776,2.15468740016811));
#3873=CARTESIAN_POINT('Ctrl Pts',(2.7585484057026,-2.14569481892338,2.80447482034904));
#3874=CARTESIAN_POINT('Ctrl Pts',(2.73690633392266,-1.75177620378984,3.06602421680537));
#3875=CARTESIAN_POINT('Ctrl Pts',(2.69404909595248,-0.900927385491309,3.41189878646972));
#3876=CARTESIAN_POINT('Ctrl Pts',(2.67326081060926,-0.454966749578784,3.49939855018584));
#3877=CARTESIAN_POINT('Ctrl Pts',(2.63365086599804,0.463318507426076,3.50061872682577));
#3878=CARTESIAN_POINT('Ctrl Pts',(2.61202789502379,0.926774852436163,3.40737749230768));
#3879=CARTESIAN_POINT('Ctrl Pts',(2.56917344909269,1.77320212289872,3.05098471607924));
#3880=CARTESIAN_POINT('Ctrl Pts',(2.5483804329839,2.15063580750928,2.79778133427011));
#3881=CARTESIAN_POINT('Ctrl Pts',(2.50876137065461,2.80125656740172,2.14985130632377));
#3882=CARTESIAN_POINT('Ctrl Pts',(2.48715892007053,3.06328837181837,1.75650195774621));
#3883=CARTESIAN_POINT('Ctrl Pts',(2.44430750045175,3.41047621849431,0.906332078840244));
#3884=CARTESIAN_POINT('Ctrl Pts',(2.42350939780947,3.49869144808971,0.460440076927089));
#3885=CARTESIAN_POINT('Ctrl Pts',(2.38388052100973,3.50132956631346,-0.457696999721204));
#3886=CARTESIAN_POINT('Ctrl Pts',(2.36230010332458,3.40888954181533,-0.921087031130657));
#3887=CARTESIAN_POINT('Ctrl Pts',(2.31945196425983,3.0540150221142,-1.76799689022158));
#3888=CARTESIAN_POINT('Ctrl Pts',(2.29864839529438,2.80140961470789,-2.14592304757519));
#3889=CARTESIAN_POINT('Ctrl Pts',(2.25900895830623,2.15467326633463,-2.79751085549762));
#3890=CARTESIAN_POINT('Ctrl Pts',(2.23745218292969,1.76198472966456,-3.06010223403052));
#3891=CARTESIAN_POINT('Ctrl Pts',(2.19460760035516,0.912604570762946,-3.40881375897334));
#3892=CARTESIAN_POINT('Ctrl Pts',(2.1737981600863,0.466793677343617,-3.49785970888262));
#3893=CARTESIAN_POINT('Ctrl Pts',(2.1541056531178,0.0108883600447001,-3.49998729893782));
#3894=CARTESIAN_POINT('Ctrl Pts',(2.15387070911372,0.00544386937710301,
-3.50000000004355));
#3895=CARTESIAN_POINT('Ctrl Pts',(2.1536360174901,-2.79995761760843E-8,
-3.5));
#3896=CARTESIAN_POINT('Origin',(7.028636015966,0.,0.));
#3897=CARTESIAN_POINT('',(1.02863601596599,-8.32728732196195E-14,-3.5));
#3898=CARTESIAN_POINT('',(1.15363601869719,6.32425663055023E-17,-3.5));
#3899=CARTESIAN_POINT('',(7.028636015966,-4.28626379701574E-16,-3.5));
#3900=CARTESIAN_POINT('Ctrl Pts',(1.02863601596599,-1.64104840827406E-13,
-3.5));
#3901=CARTESIAN_POINT('Ctrl Pts',(1.04368917029484,0.349172358052036,-3.50000000000002));
#3902=CARTESIAN_POINT('Ctrl Pts',(1.05961370857715,0.696915472109494,-3.44775199837034));
#3903=CARTESIAN_POINT('Ctrl Pts',(1.09744391495034,1.47501033776208,-3.20774761894269));
#3904=CARTESIAN_POINT('Ctrl Pts',(1.1191904347882,1.88682885767809,-2.98416036404023));
#3905=CARTESIAN_POINT('Ctrl Pts',(1.15981807034141,2.58707584072262,-2.39955853653768));
#3906=CARTESIAN_POINT('Ctrl Pts',(1.17910363066319,2.87275491441311,-2.04893575633317));
#3907=CARTESIAN_POINT('Ctrl Pts',(1.22144471358212,3.30367857284967,-1.24528813573227));
#3908=CARTESIAN_POINT('Ctrl Pts',(1.24319104741569,3.43943470198404,-0.797093086872538));
#3909=CARTESIAN_POINT('Ctrl Pts',(1.2838841689817,3.52684087608169,0.11061808986558));
#3910=CARTESIAN_POINT('Ctrl Pts',(1.30310439975643,3.48372359548057,0.560825731760812));
#3911=CARTESIAN_POINT('Ctrl Pts',(1.34540435728944,3.22570003721434,1.43513697600196));
#3912=CARTESIAN_POINT('Ctrl Pts',(1.36714964708966,3.00754602383875,1.84917748634268));
#3913=CARTESIAN_POINT('Ctrl Pts',(1.40791006986207,2.43225683757081,2.55636201864599));
#3914=CARTESIAN_POINT('Ctrl Pts',(1.42706751375136,2.08528315015436,2.84648273847075));
#3915=CARTESIAN_POINT('Ctrl Pts',(1.4693239717478,1.28769490285023,3.28729602244061));
#3916=CARTESIAN_POINT('Ctrl Pts',(1.49106726039711,0.841893820011484,3.42866116649164));
#3917=CARTESIAN_POINT('Ctrl Pts',(1.53189662437784,-0.0640342804103518,
3.52800164283937));
#3918=CARTESIAN_POINT('Ctrl Pts',(1.55099449307919,-0.514825817519704,3.49082475257767));
#3919=CARTESIAN_POINT('Ctrl Pts',(1.59320504997813,-1.39190843462596,3.24449831577614));
#3920=CARTESIAN_POINT('Ctrl Pts',(1.61494528257486,-1.80826671003207,3.03222308565142));
#3921=CARTESIAN_POINT('Ctrl Pts',(1.65584502988211,-2.52285715901107,2.46701118991229));
#3922=CARTESIAN_POINT('Ctrl Pts',(1.6748872169206,-2.81775733969994,2.12395877736773));
#3923=CARTESIAN_POINT('Ctrl Pts',(1.71704946075959,-3.26912503622814,1.33292769866796));
#3924=CARTESIAN_POINT('Ctrl Pts',(1.73878548797415,-3.41646178394899,0.889768571004694));
#3925=CARTESIAN_POINT('Ctrl Pts',(1.77975684164247,-3.52857346823604,-0.0141631089225142));
#3926=CARTESIAN_POINT('Ctrl Pts',(1.7987479230178,-3.49775158793158,-0.465583658525779));
#3927=CARTESIAN_POINT('Ctrl Pts',(1.84085945032019,-3.26390673160847,-1.34553922903572));
#3928=CARTESIAN_POINT('Ctrl Pts',(1.86259003395116,-3.05792418260423,-1.76428020128694));
#3929=CARTESIAN_POINT('Ctrl Pts',(1.90363397880263,-2.50350358391397,-2.48668535225372));
#3930=CARTESIAN_POINT('Ctrl Pts',(1.92257920027083,-2.16462045145571,-2.78667437236477));
#3931=CARTESIAN_POINT('Ctrl Pts',(1.96463763660396,-1.38061006635499,-3.24917830226875));
#3932=CARTESIAN_POINT('Ctrl Pts',(1.98636145741868,-0.940336348514139,-3.40279748712539));
#3933=CARTESIAN_POINT('Ctrl Pts',(2.01452978915461,-0.322593287758519,-3.48886038899939));
#3934=CARTESIAN_POINT('Ctrl Pts',(2.02168535592184,-0.161227228833298,-3.5));
#3935=CARTESIAN_POINT('Ctrl Pts',(2.028636015966,-6.63705201908726E-14,
-3.5));
#3936=CARTESIAN_POINT('Ctrl Pts',(2.1536360174901,-2.79995765462004E-8,
-3.5));
#3937=CARTESIAN_POINT('Ctrl Pts',(2.13372041676444,-0.461961494177926,-3.49999999630436));
#3938=CARTESIAN_POINT('Ctrl Pts',(2.11236178306691,-0.919510607266804,-3.40853778351369));
#3939=CARTESIAN_POINT('Ctrl Pts',(2.06977521591803,-1.76195059340065,-3.05752006318625));
#3940=CARTESIAN_POINT('Ctrl Pts',(2.0489594730281,-2.14044702161661,-2.80560967165907));
#3941=CARTESIAN_POINT('Ctrl Pts',(2.00929646891664,-2.79315543475069,-2.16025894468039));
#3942=CARTESIAN_POINT('Ctrl Pts',(1.98779221254207,-3.05639493016424,-1.76833642723854));
#3943=CARTESIAN_POINT('Ctrl Pts',(1.94495566705468,-3.40687165728081,-0.91987386696546));
#3944=CARTESIAN_POINT('Ctrl Pts',(1.92413316278114,-3.49688084968229,-0.474158929526673));
#3945=CARTESIAN_POINT('Ctrl Pts',(1.88445703999097,-3.50307229697657,0.443602226109217));
#3946=CARTESIAN_POINT('Ctrl Pts',(1.86298187167996,-3.41263711910543,0.906825057315267));
#3947=CARTESIAN_POINT('Ctrl Pts',(1.82014986018103,-3.0615662309163,1.75493633780131));
#3948=CARTESIAN_POINT('Ctrl Pts',(1.79932010726878,-2.81046268594887,2.1340919487154));
#3949=CARTESIAN_POINT('Ctrl Pts',(1.75962989659725,-2.16671816209884,2.7880967552344));
#3950=CARTESIAN_POINT('Ctrl Pts',(1.73818584759297,-1.77568219804285,3.05208562681571));
#3951=CARTESIAN_POINT('Ctrl Pts',(1.69535875314822,-0.928284498853162,3.4046038976141));
#3952=CARTESIAN_POINT('Ctrl Pts',(1.67452123488554,-0.48268321160828,3.49572824924661));
#3953=CARTESIAN_POINT('Ctrl Pts',(1.63481590437044,0.434841117160358,3.50412707977154));
#3954=CARTESIAN_POINT('Ctrl Pts',(1.61340511763259,0.89795936483964,3.41493521743847));
#3955=CARTESIAN_POINT('Ctrl Pts',(1.57058335604388,1.74681129431229,3.06622640905026));
#3956=CARTESIAN_POINT('Ctrl Pts',(1.54973752540932,2.12672728888591,2.81605824017681));
#3957=CARTESIAN_POINT('Ctrl Pts',(1.51001597769179,2.78222897552204,2.17417263003041));
#3958=CARTESIAN_POINT('Ctrl Pts',(1.48864070902448,3.04708257835633,1.78416081485797));
#3959=CARTESIAN_POINT('Ctrl Pts',(1.44582473159352,3.40195736300784,0.93799708546779));
#3960=CARTESIAN_POINT('Ctrl Pts',(1.42497001054503,3.49437040900938,0.492530557785468));
#3961=CARTESIAN_POINT('Ctrl Pts',(1.38523108036344,3.50531879196947,-0.424717088289576));
#3962=CARTESIAN_POINT('Ctrl Pts',(1.36389369857826,3.41756095591555,-0.887713877503426));
#3963=CARTESIAN_POINT('Ctrl Pts',(1.32108399507744,3.07157960196582,-1.73741585667686));
#3964=CARTESIAN_POINT('Ctrl Pts',(1.30021977401921,2.82249406873547,-2.11820687713959));
#3965=CARTESIAN_POINT('Ctrl Pts',(1.26046222588541,2.1827558463926,-2.77543310512504));
#3966=CARTESIAN_POINT('Ctrl Pts',(1.23916521181123,1.79392459094042,-3.0412822629367));
#3967=CARTESIAN_POINT('Ctrl Pts',(1.19636231366842,0.949188388137828,-3.39887096150011));
#3968=CARTESIAN_POINT('Ctrl Pts',(1.17548795113495,0.503881823152595,-3.49277011477322));
#3969=CARTESIAN_POINT('Ctrl Pts',(1.15516148290644,0.0353292314281023,-3.49986631394396));
#3970=CARTESIAN_POINT('Ctrl Pts',(1.15439743011179,0.0176616683305663,-3.5));
#3971=CARTESIAN_POINT('Ctrl Pts',(1.15363601869719,5.55111512312578E-16,
-3.5));
#3972=CARTESIAN_POINT('Origin',(7.028636015966,0.,0.));
#3973=CARTESIAN_POINT('',(0.0286360159659996,4.28626379701574E-16,-3.5));
#3974=CARTESIAN_POINT('',(0.153636018697187,4.28626379701574E-16,-3.5));
#3975=CARTESIAN_POINT('',(7.028636015966,-4.28626379701574E-16,-3.5));
#3976=CARTESIAN_POINT('Ctrl Pts',(0.0286360159659995,2.77555756156289E-16,
-3.5));
#3977=CARTESIAN_POINT('Ctrl Pts',(0.0471581932110601,0.429639673096616,
-3.5));
#3978=CARTESIAN_POINT('Ctrl Pts',(0.0669341881104501,0.85559462102019,-3.42089049787148));
#3979=CARTESIAN_POINT('Ctrl Pts',(0.107105610358182,1.65934872377434,-3.11172490768057));
#3980=CARTESIAN_POINT('Ctrl Pts',(0.127161920739932,2.03007795911214,-2.88359107422327));
#3981=CARTESIAN_POINT('Ctrl Pts',(0.165837588109811,2.6823971224597,-2.29259147265961));
#3982=CARTESIAN_POINT('Ctrl Pts',(0.185668118898642,2.9538711455736,-1.93026559620732));
#3983=CARTESIAN_POINT('Ctrl Pts',(0.228260034579595,3.35266015699924,-1.10748906240504));
#3984=CARTESIAN_POINT('Ctrl Pts',(0.249991684368149,3.47012008118567,-0.652056087829326));
#3985=CARTESIAN_POINT('Ctrl Pts',(0.290221504200342,3.51896280448626,0.26088186499027));
#3986=CARTESIAN_POINT('Ctrl Pts',(0.309986186353692,3.45661690324138,0.709227415352962));
#3987=CARTESIAN_POINT('Ctrl Pts',(0.352553607469811,3.16057189066152,1.57399373199592));
#3988=CARTESIAN_POINT('Ctrl Pts',(0.374288521438692,2.92345108357059,1.97993726178169));
#3989=CARTESIAN_POINT('Ctrl Pts',(0.4145681882095,2.31564005471544,2.66249920907284));
#3990=CARTESIAN_POINT('Ctrl Pts',(0.434265593843688,1.95580853492421,2.93699585156943));
#3991=CARTESIAN_POINT('Ctrl Pts',(0.476806737764534,1.13706799386786,3.34268539285388));
#3992=CARTESIAN_POINT('Ctrl Pts',(0.498544663094037,0.683119934050468,3.46408164868197));
#3993=CARTESIAN_POINT('Ctrl Pts',(0.538876567865521,-0.228767254687673,
3.52117789747923));
#3994=CARTESIAN_POINT('Ctrl Pts',(0.558505594302176,-0.677508362203662,
3.46295348982757));
#3995=CARTESIAN_POINT('Ctrl Pts',(0.601018585633937,-1.5443948309575,3.17507504515219));
#3996=CARTESIAN_POINT('Ctrl Pts',(0.622759199439485,-1.95214975188549,2.94200813227018));
#3997=CARTESIAN_POINT('Ctrl Pts',(0.663145715842862,-2.64007125958697,2.34115264742216));
#3998=CARTESIAN_POINT('Ctrl Pts',(0.682705637023043,-2.91793691805499,1.98409876140051));
#3999=CARTESIAN_POINT('Ctrl Pts',(0.725188509700471,-3.3312784331981,1.16987942909727));
#4000=CARTESIAN_POINT('Ctrl Pts',(0.746931412534855,-3.45703544328702,0.717622194835323));
#4001=CARTESIAN_POINT('Ctrl Pts',(0.787374877191241,-3.52330151649484,-0.193054466838611));
#4002=CARTESIAN_POINT('Ctrl Pts',(0.806865395528714,-3.46965169837292,-0.642236866717205));
#4003=CARTESIAN_POINT('Ctrl Pts',(0.849316096353917,-3.19082786383764,-1.51142898972616));
#4004=CARTESIAN_POINT('Ctrl Pts',(0.871060806095782,-2.96226894258649,-1.92114619109962));
#4005=CARTESIAN_POINT('Ctrl Pts',(0.911563497534051,-2.36914424244444,-2.61496468607755));
#4006=CARTESIAN_POINT('Ctrl Pts',(0.930984794984809,-2.01515937659773,-2.89655672237874));
#4007=CARTESIAN_POINT('Ctrl Pts',(0.973401188785126,-1.20596740312296,-3.31831253827024));
#4008=CARTESIAN_POINT('Ctrl Pts',(0.995147135136809,-0.755623333125922,
-3.44885877244336));
#4009=CARTESIAN_POINT('Ctrl Pts',(1.02014127639464,-0.195351869624179,-3.49591571708513));
#4010=CARTESIAN_POINT('Ctrl Pts',(1.024427385807,-0.0976232146887299,-3.5));
#4011=CARTESIAN_POINT('Ctrl Pts',(1.02863601596599,-1.66117120059537E-13,
-3.5));
#4012=CARTESIAN_POINT('Ctrl Pts',(1.15363601869719,-5.55111512312578E-16,
-3.5));
#4013=CARTESIAN_POINT('Ctrl Pts',(1.13431753864099,-0.448110680847772,-3.5));
#4014=CARTESIAN_POINT('Ctrl Pts',(1.11363153356052,-0.892295548478593,-3.41394084712855));
#4015=CARTESIAN_POINT('Ctrl Pts',(1.07166090508566,-1.72657321716015,-3.07771011505298));
#4016=CARTESIAN_POINT('Ctrl Pts',(1.05077572768725,-2.10836841177686,-2.82987531763408));
#4017=CARTESIAN_POINT('Ctrl Pts',(1.01097694617191,-2.76757639079612,-2.19261239614835));
#4018=CARTESIAN_POINT('Ctrl Pts',(0.98976854473489,-3.03456869799632,-1.80513862734832));
#4019=CARTESIAN_POINT('Ctrl Pts',(0.946981035450684,-3.39527475295315,-0.962050635183291));
#4020=CARTESIAN_POINT('Ctrl Pts',(0.926084338128348,-3.49088350876488,-0.516934133897991));
#4021=CARTESIAN_POINT('Ctrl Pts',(0.886262791619136,-3.50814832371427,0.39961352537017));
#4022=CARTESIAN_POINT('Ctrl Pts',(0.865102840799532,-3.42393399446961,0.862306462520153));
#4023=CARTESIAN_POINT('Ctrl Pts',(0.822324016221737,-3.08470614756067,1.71408956965596));
#4024=CARTESIAN_POINT('Ctrl Pts',(0.801415062864176,-2.83831315129641,2.09703348405034));
#4025=CARTESIAN_POINT('Ctrl Pts',(0.761569217587193,-2.20389644654761,2.75851209375232));
#4026=CARTESIAN_POINT('Ctrl Pts',(0.740460605679585,-1.81797915474198,3.02681306047507));
#4027=CARTESIAN_POINT('Ctrl Pts',(0.697691200075262,-0.976789846775525,
3.39108913850131));
#4028=CARTESIAN_POINT('Ctrl Pts',(0.676769224553642,-0.531899350825602,
3.48865909861881));
#4029=CARTESIAN_POINT('Ctrl Pts',(0.636897469942181,0.384208954503747,3.50979626153191));
#4030=CARTESIAN_POINT('Ctrl Pts',(0.615843167138842,0.846713635392453,3.42774785474359));
#4031=CARTESIAN_POINT('Ctrl Pts',(0.573083975596512,1.69975520110484,3.09265764558398));
#4032=CARTESIAN_POINT('Ctrl Pts',(0.552148183276248,2.08400838524439,2.84792252418394));
#4033=CARTESIAN_POINT('Ctrl Pts',(0.512248832237273,2.74807984785562,2.21676919742235));
#4034=CARTESIAN_POINT('Ctrl Pts',(0.491251877786883,3.01787377736837,1.83263069819005));
#4035=CARTESIAN_POINT('Ctrl Pts',(0.448503760637555,3.38622420640106,0.993622847808089));
#4036=CARTESIAN_POINT('Ctrl Pts',(0.427553330428153,3.48603675539501,0.549001228800423));
#4037=CARTESIAN_POINT('Ctrl Pts',(0.387624620358186,3.51159826239577,-0.366595589711595));
#4038=CARTESIAN_POINT('Ctrl Pts',(0.366688106819242,3.43201857975203,-0.828883441011542));
#4039=CARTESIAN_POINT('Ctrl Pts',(0.323951994200244,3.10165326295424,-1.68334678345021));
#4040=CARTESIAN_POINT('Ctrl Pts',(0.302986081205188,2.85881892847062,-2.0690859772621));
#4041=CARTESIAN_POINT('Ctrl Pts',(0.263026175862392,2.23139503106237,-2.73610683526996));
#4042=CARTESIAN_POINT('Ctrl Pts',(0.242153230186091,1.84928177473401,-3.00759729783312));
#4043=CARTESIAN_POINT('Ctrl Pts',(0.208966022288651,1.19948340683414,-3.297328907498));
#4044=CARTESIAN_POINT('Ctrl Pts',(0.197431704423066,0.963613239610614,-3.37380975130055));
#4045=CARTESIAN_POINT('Ctrl Pts',(0.174965171545616,0.48431418791147,-3.47480532139309));
#4046=CARTESIAN_POINT('Ctrl Pts',(0.164089023160648,0.242467468113457,-3.5));
#4047=CARTESIAN_POINT('Ctrl Pts',(0.153636018697188,5.48172618408671E-15,
-3.5));
#4048=CARTESIAN_POINT('Origin',(7.028636015966,0.,0.));
#4049=CARTESIAN_POINT('',(0.0295203801583229,-2.44693192522222,-2.50463001823529));
#4050=CARTESIAN_POINT('Ctrl Pts',(0.153636018697187,-5.96744875736022E-15,
-3.5));
#4051=CARTESIAN_POINT('Ctrl Pts',(0.134138408266382,-0.45226578176118,-3.5));
#4052=CARTESIAN_POINT('Ctrl Pts',(0.11325601154406,-0.900342697469869,-3.41233915358986));
#4053=CARTESIAN_POINT('Ctrl Pts',(0.0710033943217227,-1.73904387287178,
-3.07099633007221));
#4054=CARTESIAN_POINT('Ctrl Pts',(0.0500340632080772,-2.12160848653262,
-2.82030647484271));
#4055=CARTESIAN_POINT('Ctrl Pts',(0.030404744350909,-2.44576393460341,-2.50364509789093));
#4056=CARTESIAN_POINT('Origin',(0.0286360159659504,0.,0.));
#4057=CARTESIAN_POINT('Origin',(6.52863601601439,0.,0.));
#4058=CARTESIAN_POINT('',(7.02863601605941,-3.6739403974248E-16,-2.9999999999859));
#4059=CARTESIAN_POINT('',(6.52863601601439,-4.28626379705361E-16,-3.50000000003092));
#4060=CARTESIAN_POINT('Origin',(7.02863601605941,0.,0.));
#4061=CARTESIAN_POINT('Origin',(-0.131363984034,0.,0.));
#4062=CARTESIAN_POINT('',(9.028636015966,-1.83697019872103E-16,1.5));
#4063=CARTESIAN_POINT('Origin',(9.028636015966,0.,0.));
#4064=CARTESIAN_POINT('',(7.028636015966,-1.83697019872103E-16,1.5));
#4065=CARTESIAN_POINT('',(-0.131363984034,-1.83697019872103E-16,1.5));
#4066=CARTESIAN_POINT('Origin',(7.028636015966,0.,0.));
#4067=CARTESIAN_POINT('Origin',(0.02863601596595,0.,0.));
#4068=CARTESIAN_POINT('',(0.02863601596595,-2.47485888884355,-2.47489098249517));
#4069=CARTESIAN_POINT('Ctrl Pts',(0.0286360159657368,-2.44809991584103,
-2.50561493857965));
#4070=CARTESIAN_POINT('Ctrl Pts',(0.0286360159645022,-2.45246410359774,
-2.50066097015846));
#4071=CARTESIAN_POINT('Ctrl Pts',(0.0286360159583179,-2.45681465751012,
-2.49569500541837));
#4072=CARTESIAN_POINT('Ctrl Pts',(0.0286360159583179,-2.46573598134845,
-2.48545501997422));
#4073=CARTESIAN_POINT('Ctrl Pts',(0.0286360159659426,-2.47030512076015,
-2.4801796243874));
#4074=CARTESIAN_POINT('Ctrl Pts',(0.0286360159659499,-2.47485888884355,
-2.47489098249517));
#4075=CARTESIAN_POINT('',(0.0286360159659497,-1.13225850755377,2.73351390969785));
#4076=CARTESIAN_POINT('Ctrl Pts',(0.0286360159659497,-2.47485888884355,
-2.47489098249517));
#4077=CARTESIAN_POINT('Ctrl Pts',(0.0286360159659497,-2.57361350821582,
-2.36019963074051));
#4078=CARTESIAN_POINT('Ctrl Pts',(0.0286360159659501,-2.73033428664287,
-2.16356401540299));
#4079=CARTESIAN_POINT('Ctrl Pts',(0.0286360159659501,-2.98811515871021,
-1.69185606324201));
#4080=CARTESIAN_POINT('Ctrl Pts',(0.0286360159659503,-3.07613327014995,
-1.48384594741957));
#4081=CARTESIAN_POINT('Ctrl Pts',(0.0286360159659503,-3.26858042006613,
-0.862571659095842));
#4082=CARTESIAN_POINT('Ctrl Pts',(0.0286360159660527,-3.31661711901916,
-0.436498441167799));
#4083=CARTESIAN_POINT('Ctrl Pts',(0.0286360159660527,-3.2740459171221,0.124904017065221));
#4084=CARTESIAN_POINT('Ctrl Pts',(0.0286360159659504,-3.24884134044727,
0.345879238066847));
#4085=CARTESIAN_POINT('Ctrl Pts',(0.0286360159659504,-3.06517378467047,
0.995298525414003));
#4086=CARTESIAN_POINT('Ctrl Pts',(0.0286360159659497,-2.88458495864174,
1.35573876640004));
#4087=CARTESIAN_POINT('Ctrl Pts',(0.0286360159659497,-2.54462329280216,
1.79972568197651));
#4088=CARTESIAN_POINT('Ctrl Pts',(0.02863601596595,-2.4381835074159,1.91887759035896));
#4089=CARTESIAN_POINT('Ctrl Pts',(0.0286360159659499,-2.15045263703131,
2.19571285733501));
#4090=CARTESIAN_POINT('Ctrl Pts',(0.02863601596595,-1.95915020370911,2.34197049484071));
#4091=CARTESIAN_POINT('Ctrl Pts',(0.02863601596595,-1.55478120997509,2.5769881814126));
#4092=CARTESIAN_POINT('Ctrl Pts',(0.02863601596595,-1.34766943787882,2.66749723537225));
#4093=CARTESIAN_POINT('Ctrl Pts',(0.02863601596595,-1.13225850755377,2.73351390969785));
#4094=CARTESIAN_POINT('',(0.0286360159659501,2.73351390969785,1.13225850755378));
#4095=CARTESIAN_POINT('Origin',(0.0286360159659496,0.,-5.55111512312578E-16));
#4096=CARTESIAN_POINT('Ctrl Pts',(0.0286360159659501,2.73351390969785,1.13225850755378));
#4097=CARTESIAN_POINT('Ctrl Pts',(0.0286360159659501,2.84619216557769,0.9199961771392));
#4098=CARTESIAN_POINT('Ctrl Pts',(0.0286360159659508,2.93246264764488,0.694757100875491));
#4099=CARTESIAN_POINT('Ctrl Pts',(0.0286360159659508,3.04996877188089,0.22216325446666));
#4100=CARTESIAN_POINT('Ctrl Pts',(0.0286360160564932,3.0810527443913,-0.0295469856621034));
#4101=CARTESIAN_POINT('Ctrl Pts',(0.0286360160564932,3.07650705095924,-0.470395064557062));
#4102=CARTESIAN_POINT('Ctrl Pts',(0.0286360159659509,3.06122411026185,-0.638996401778263));
#4103=CARTESIAN_POINT('Ctrl Pts',(0.0286360159659509,2.96514232215344,-1.19696985700111));
#4104=CARTESIAN_POINT('Ctrl Pts',(0.0286360159659494,2.824631919114,-1.57211818673029));
#4105=CARTESIAN_POINT('Ctrl Pts',(0.0286360159659494,2.35468394039031,-2.34553734828851));
#4106=CARTESIAN_POINT('Ctrl Pts',(0.0286360159659497,2.03026241454793,-2.6457366539908));
#4107=CARTESIAN_POINT('Ctrl Pts',(0.0286360159659497,1.51407004617872,-3.02851936117565));
#4108=CARTESIAN_POINT('Ctrl Pts',(0.02863601596595,1.24128863676915,-3.17786012969975));
#4109=CARTESIAN_POINT('Ctrl Pts',(0.02863601596595,0.646564118517786,-3.40428384141223));
#4110=CARTESIAN_POINT('Ctrl Pts',(0.0286360159659501,0.325908887714599,
-3.47566426375529));
#4111=CARTESIAN_POINT('Ctrl Pts',(0.0286360159659501,-5.27355936696949E-15,
-3.49999999999991));
#4112=CARTESIAN_POINT('Ctrl Pts',(5.64993503639258,0.,3.5064102893895));
#4113=CARTESIAN_POINT('Ctrl Pts',(5.58743503639258,1.4524026971097,3.5064102893895));
#4114=CARTESIAN_POINT('Ctrl Pts',(5.52493503639258,2.4794064932496,2.4794064932496));
#4115=CARTESIAN_POINT('Ctrl Pts',(5.46243503639258,3.5064102893895,1.4524026971097));
#4116=CARTESIAN_POINT('Ctrl Pts',(5.39993503639258,3.5064102893895,2.1470570686991E-16));
#4117=CARTESIAN_POINT('Ctrl Pts',(5.33743503639258,3.5064102893895,-1.4524026971097));
#4118=CARTESIAN_POINT('Ctrl Pts',(5.27493503639258,2.4794064932496,-2.4794064932496));
#4119=CARTESIAN_POINT('Ctrl Pts',(5.21243503639258,1.4524026971097,-3.5064102893895));
#4120=CARTESIAN_POINT('Ctrl Pts',(5.14993503639258,4.29411413739819E-16,
-3.5064102893895));
#4121=CARTESIAN_POINT('Ctrl Pts',(5.08743503639258,-1.4524026971097,-3.5064102893895));
#4122=CARTESIAN_POINT('Ctrl Pts',(5.02493503639258,-2.4794064932496,-2.4794064932496));
#4123=CARTESIAN_POINT('Ctrl Pts',(4.96243503639258,-3.5064102893895,-1.4524026971097));
#4124=CARTESIAN_POINT('Ctrl Pts',(4.89993503639258,-3.5064102893895,-6.44117120609729E-16));
#4125=CARTESIAN_POINT('Ctrl Pts',(4.83743503639258,-3.5064102893895,1.4524026971097));
#4126=CARTESIAN_POINT('Ctrl Pts',(4.77493503639258,-2.4794064932496,2.4794064932496));
#4127=CARTESIAN_POINT('Ctrl Pts',(4.71243503639258,-1.4524026971097,3.5064102893895));
#4128=CARTESIAN_POINT('Ctrl Pts',(4.64993503639258,0.,3.5064102893895));
#4129=CARTESIAN_POINT('Ctrl Pts',(4.58743503639258,1.4524026971097,3.5064102893895));
#4130=CARTESIAN_POINT('Ctrl Pts',(4.52493503639258,2.4794064932496,2.4794064932496));
#4131=CARTESIAN_POINT('Ctrl Pts',(4.46243503639258,3.5064102893895,1.4524026971097));
#4132=CARTESIAN_POINT('Ctrl Pts',(4.39993503639258,3.5064102893895,2.1470570686991E-16));
#4133=CARTESIAN_POINT('Ctrl Pts',(4.33743503639258,3.5064102893895,-1.4524026971097));
#4134=CARTESIAN_POINT('Ctrl Pts',(4.27493503639258,2.4794064932496,-2.4794064932496));
#4135=CARTESIAN_POINT('Ctrl Pts',(4.21243503639258,1.4524026971097,-3.5064102893895));
#4136=CARTESIAN_POINT('Ctrl Pts',(4.14993503639258,4.29411413739819E-16,
-3.5064102893895));
#4137=CARTESIAN_POINT('Ctrl Pts',(4.08743503639258,-1.4524026971097,-3.5064102893895));
#4138=CARTESIAN_POINT('Ctrl Pts',(4.02493503639258,-2.4794064932496,-2.4794064932496));
#4139=CARTESIAN_POINT('Ctrl Pts',(3.96243503639258,-3.5064102893895,-1.4524026971097));
#4140=CARTESIAN_POINT('Ctrl Pts',(3.89993503639258,-3.5064102893895,-6.44117120609729E-16));
#4141=CARTESIAN_POINT('Ctrl Pts',(3.83743503639258,-3.5064102893895,1.4524026971097));
#4142=CARTESIAN_POINT('Ctrl Pts',(3.77493503639258,-2.4794064932496,2.4794064932496));
#4143=CARTESIAN_POINT('Ctrl Pts',(3.71243503639258,-1.4524026971097,3.5064102893895));
#4144=CARTESIAN_POINT('Ctrl Pts',(3.64993503639258,0.,3.5064102893895));
#4145=CARTESIAN_POINT('Ctrl Pts',(3.58743503639258,1.4524026971097,3.5064102893895));
#4146=CARTESIAN_POINT('Ctrl Pts',(3.52493503639258,2.4794064932496,2.4794064932496));
#4147=CARTESIAN_POINT('Ctrl Pts',(3.46243503639258,3.5064102893895,1.4524026971097));
#4148=CARTESIAN_POINT('Ctrl Pts',(3.39993503639258,3.5064102893895,2.1470570686991E-16));
#4149=CARTESIAN_POINT('Ctrl Pts',(3.33743503639258,3.5064102893895,-1.4524026971097));
#4150=CARTESIAN_POINT('Ctrl Pts',(3.27493503639258,2.4794064932496,-2.4794064932496));
#4151=CARTESIAN_POINT('Ctrl Pts',(3.21243503639258,1.4524026971097,-3.5064102893895));
#4152=CARTESIAN_POINT('Ctrl Pts',(3.14993503639258,4.29411413739819E-16,
-3.5064102893895));
#4153=CARTESIAN_POINT('Ctrl Pts',(3.08743503639258,-1.4524026971097,-3.5064102893895));
#4154=CARTESIAN_POINT('Ctrl Pts',(3.02493503639258,-2.4794064932496,-2.4794064932496));
#4155=CARTESIAN_POINT('Ctrl Pts',(2.96243503639258,-3.5064102893895,-1.4524026971097));
#4156=CARTESIAN_POINT('Ctrl Pts',(2.89993503639258,-3.5064102893895,-6.44117120609729E-16));
#4157=CARTESIAN_POINT('Ctrl Pts',(2.83743503639258,-3.5064102893895,1.4524026971097));
#4158=CARTESIAN_POINT('Ctrl Pts',(2.77493503639258,-2.4794064932496,2.4794064932496));
#4159=CARTESIAN_POINT('Ctrl Pts',(2.71243503639258,-1.4524026971097,3.5064102893895));
#4160=CARTESIAN_POINT('Ctrl Pts',(2.64993503639258,0.,3.5064102893895));
#4161=CARTESIAN_POINT('Ctrl Pts',(2.58743503639258,1.4524026971097,3.5064102893895));
#4162=CARTESIAN_POINT('Ctrl Pts',(2.52493503639258,2.4794064932496,2.4794064932496));
#4163=CARTESIAN_POINT('Ctrl Pts',(2.46243503639258,3.5064102893895,1.4524026971097));
#4164=CARTESIAN_POINT('Ctrl Pts',(2.39993503639258,3.5064102893895,2.1470570686991E-16));
#4165=CARTESIAN_POINT('Ctrl Pts',(2.33743503639258,3.5064102893895,-1.4524026971097));
#4166=CARTESIAN_POINT('Ctrl Pts',(2.27493503639258,2.4794064932496,-2.4794064932496));
#4167=CARTESIAN_POINT('Ctrl Pts',(2.21243503639258,1.4524026971097,-3.5064102893895));
#4168=CARTESIAN_POINT('Ctrl Pts',(2.14993503639258,4.29411413739819E-16,
-3.5064102893895));
#4169=CARTESIAN_POINT('Ctrl Pts',(2.08743503639258,-1.4524026971097,-3.5064102893895));
#4170=CARTESIAN_POINT('Ctrl Pts',(2.02493503639258,-2.4794064932496,-2.4794064932496));
#4171=CARTESIAN_POINT('Ctrl Pts',(1.96243503639258,-3.5064102893895,-1.4524026971097));
#4172=CARTESIAN_POINT('Ctrl Pts',(1.89993503639258,-3.5064102893895,-6.44117120609729E-16));
#4173=CARTESIAN_POINT('Ctrl Pts',(1.83743503639258,-3.5064102893895,1.4524026971097));
#4174=CARTESIAN_POINT('Ctrl Pts',(1.77493503639258,-2.4794064932496,2.4794064932496));
#4175=CARTESIAN_POINT('Ctrl Pts',(1.71243503639258,-1.4524026971097,3.5064102893895));
#4176=CARTESIAN_POINT('Ctrl Pts',(1.64993503639258,0.,3.5064102893895));
#4177=CARTESIAN_POINT('Ctrl Pts',(1.58743503639258,1.4524026971097,3.5064102893895));
#4178=CARTESIAN_POINT('Ctrl Pts',(1.52493503639258,2.4794064932496,2.4794064932496));
#4179=CARTESIAN_POINT('Ctrl Pts',(1.46243503639258,3.5064102893895,1.4524026971097));
#4180=CARTESIAN_POINT('Ctrl Pts',(1.39993503639258,3.5064102893895,2.1470570686991E-16));
#4181=CARTESIAN_POINT('Ctrl Pts',(1.33743503639258,3.5064102893895,-1.4524026971097));
#4182=CARTESIAN_POINT('Ctrl Pts',(1.27493503639258,2.4794064932496,-2.4794064932496));
#4183=CARTESIAN_POINT('Ctrl Pts',(1.21243503639258,1.4524026971097,-3.5064102893895));
#4184=CARTESIAN_POINT('Ctrl Pts',(1.14993503639258,4.29411413739819E-16,
-3.5064102893895));
#4185=CARTESIAN_POINT('Ctrl Pts',(1.08743503639258,-1.4524026971097,-3.5064102893895));
#4186=CARTESIAN_POINT('Ctrl Pts',(1.02493503639258,-2.4794064932496,-2.4794064932496));
#4187=CARTESIAN_POINT('Ctrl Pts',(0.962435036392576,-3.5064102893895,-1.4524026971097));
#4188=CARTESIAN_POINT('Ctrl Pts',(0.899935036392576,-3.5064102893895,-6.44117120609729E-16));
#4189=CARTESIAN_POINT('Ctrl Pts',(0.837435036392576,-3.5064102893895,1.4524026971097));
#4190=CARTESIAN_POINT('Ctrl Pts',(0.774935036392576,-2.4794064932496,2.4794064932496));
#4191=CARTESIAN_POINT('Ctrl Pts',(0.712435036392576,-1.4524026971097,3.5064102893895));
#4192=CARTESIAN_POINT('Ctrl Pts',(0.649935036392576,0.,3.5064102893895));
#4193=CARTESIAN_POINT('Ctrl Pts',(0.587435036392576,1.4524026971097,3.5064102893895));
#4194=CARTESIAN_POINT('Ctrl Pts',(0.524935036392576,2.4794064932496,2.4794064932496));
#4195=CARTESIAN_POINT('Ctrl Pts',(0.462435036392576,3.5064102893895,1.4524026971097));
#4196=CARTESIAN_POINT('Ctrl Pts',(0.399935036392576,3.5064102893895,2.1470570686991E-16));
#4197=CARTESIAN_POINT('Ctrl Pts',(0.337435036392576,3.5064102893895,-1.4524026971097));
#4198=CARTESIAN_POINT('Ctrl Pts',(0.274935036392576,2.4794064932496,-2.4794064932496));
#4199=CARTESIAN_POINT('Ctrl Pts',(0.212435036392576,1.4524026971097,-3.5064102893895));
#4200=CARTESIAN_POINT('Ctrl Pts',(0.149935036392577,4.29411413739819E-16,
-3.5064102893895));
#4201=CARTESIAN_POINT('Ctrl Pts',(0.0874350363925767,-1.4524026971097,-3.5064102893895));
#4202=CARTESIAN_POINT('Ctrl Pts',(0.0249350363925766,-2.4794064932496,-2.4794064932496));
#4203=CARTESIAN_POINT('Ctrl Pts',(-0.0375649636074235,-3.5064102893895,
-1.4524026971097));
#4204=CARTESIAN_POINT('Ctrl Pts',(-0.100064963607424,-3.5064102893895,-6.44117120609729E-16));
#4205=CARTESIAN_POINT('Ctrl Pts',(-0.162564963607424,-3.5064102893895,1.4524026971097));
#4206=CARTESIAN_POINT('Ctrl Pts',(-0.225064963607424,-2.4794064932496,2.4794064932496));
#4207=CARTESIAN_POINT('Ctrl Pts',(-0.287564963607424,-1.4524026971097,3.5064102893895));
#4208=CARTESIAN_POINT('Ctrl Pts',(-0.350064963607424,0.,3.5064102893895));
#4209=CARTESIAN_POINT('Ctrl Pts',(-0.412564963607424,1.4524026971097,3.5064102893895));
#4210=CARTESIAN_POINT('Ctrl Pts',(-0.475064963607424,2.4794064932496,2.4794064932496));
#4211=CARTESIAN_POINT('Ctrl Pts',(-0.537564963607424,3.5064102893895,1.4524026971097));
#4212=CARTESIAN_POINT('Ctrl Pts',(-0.600064963607424,3.5064102893895,2.1470570686991E-16));
#4213=CARTESIAN_POINT('Ctrl Pts',(-0.662564963607424,3.5064102893895,-1.4524026971097));
#4214=CARTESIAN_POINT('Ctrl Pts',(-0.725064963607424,2.4794064932496,-2.4794064932496));
#4215=CARTESIAN_POINT('Ctrl Pts',(-0.787564963607424,1.4524026971097,-3.5064102893895));
#4216=CARTESIAN_POINT('Ctrl Pts',(-0.850064963607424,4.29411413739819E-16,
-3.5064102893895));
#4217=CARTESIAN_POINT('Ctrl Pts',(5.65363601869719,0.,3.5));
#4218=CARTESIAN_POINT('Ctrl Pts',(5.59113601869719,1.44974746830583,3.5));
#4219=CARTESIAN_POINT('Ctrl Pts',(5.52863601869719,2.47487373415292,2.47487373415292));
#4220=CARTESIAN_POINT('Ctrl Pts',(5.46613601869719,3.5,1.44974746830583));
#4221=CARTESIAN_POINT('Ctrl Pts',(5.40363601869719,3.5,2.14313189850787E-16));
#4222=CARTESIAN_POINT('Ctrl Pts',(5.34113601869719,3.5,-1.44974746830583));
#4223=CARTESIAN_POINT('Ctrl Pts',(5.27863601869719,2.47487373415292,-2.47487373415292));
#4224=CARTESIAN_POINT('Ctrl Pts',(5.21613601869719,1.44974746830583,-3.5));
#4225=CARTESIAN_POINT('Ctrl Pts',(5.15363601869719,4.28626379701574E-16,
-3.5));
#4226=CARTESIAN_POINT('Ctrl Pts',(5.09113601869719,-1.44974746830583,-3.5));
#4227=CARTESIAN_POINT('Ctrl Pts',(5.02863601869719,-2.47487373415292,-2.47487373415292));
#4228=CARTESIAN_POINT('Ctrl Pts',(4.96613601869719,-3.5,-1.44974746830584));
#4229=CARTESIAN_POINT('Ctrl Pts',(4.90363601869719,-3.5,-6.4293956955236E-16));
#4230=CARTESIAN_POINT('Ctrl Pts',(4.84113601869719,-3.5,1.44974746830583));
#4231=CARTESIAN_POINT('Ctrl Pts',(4.77863601869719,-2.47487373415292,2.47487373415292));
#4232=CARTESIAN_POINT('Ctrl Pts',(4.71613601869719,-1.44974746830584,3.5));
#4233=CARTESIAN_POINT('Ctrl Pts',(4.65363601869719,0.,3.5));
#4234=CARTESIAN_POINT('Ctrl Pts',(4.59113601869719,1.44974746830583,3.5));
#4235=CARTESIAN_POINT('Ctrl Pts',(4.52863601869719,2.47487373415292,2.47487373415292));
#4236=CARTESIAN_POINT('Ctrl Pts',(4.46613601869719,3.5,1.44974746830583));
#4237=CARTESIAN_POINT('Ctrl Pts',(4.40363601869719,3.5,2.14313189850787E-16));
#4238=CARTESIAN_POINT('Ctrl Pts',(4.34113601869719,3.5,-1.44974746830583));
#4239=CARTESIAN_POINT('Ctrl Pts',(4.27863601869719,2.47487373415292,-2.47487373415292));
#4240=CARTESIAN_POINT('Ctrl Pts',(4.21613601869719,1.44974746830583,-3.5));
#4241=CARTESIAN_POINT('Ctrl Pts',(4.15363601869719,4.28626379701574E-16,
-3.5));
#4242=CARTESIAN_POINT('Ctrl Pts',(4.09113601869719,-1.44974746830583,-3.5));
#4243=CARTESIAN_POINT('Ctrl Pts',(4.02863601869719,-2.47487373415292,-2.47487373415292));
#4244=CARTESIAN_POINT('Ctrl Pts',(3.96613601869719,-3.5,-1.44974746830584));
#4245=CARTESIAN_POINT('Ctrl Pts',(3.90363601869719,-3.5,-6.4293956955236E-16));
#4246=CARTESIAN_POINT('Ctrl Pts',(3.84113601869719,-3.5,1.44974746830583));
#4247=CARTESIAN_POINT('Ctrl Pts',(3.77863601869719,-2.47487373415292,2.47487373415292));
#4248=CARTESIAN_POINT('Ctrl Pts',(3.71613601869719,-1.44974746830584,3.5));
#4249=CARTESIAN_POINT('Ctrl Pts',(3.65363601869719,0.,3.5));
#4250=CARTESIAN_POINT('Ctrl Pts',(3.59113601869719,1.44974746830583,3.5));
#4251=CARTESIAN_POINT('Ctrl Pts',(3.52863601869719,2.47487373415292,2.47487373415292));
#4252=CARTESIAN_POINT('Ctrl Pts',(3.46613601869719,3.5,1.44974746830583));
#4253=CARTESIAN_POINT('Ctrl Pts',(3.40363601869719,3.5,2.14313189850787E-16));
#4254=CARTESIAN_POINT('Ctrl Pts',(3.34113601869719,3.5,-1.44974746830583));
#4255=CARTESIAN_POINT('Ctrl Pts',(3.27863601869719,2.47487373415292,-2.47487373415292));
#4256=CARTESIAN_POINT('Ctrl Pts',(3.21613601869719,1.44974746830583,-3.5));
#4257=CARTESIAN_POINT('Ctrl Pts',(3.15363601869719,4.28626379701574E-16,
-3.5));
#4258=CARTESIAN_POINT('Ctrl Pts',(3.09113601869719,-1.44974746830583,-3.5));
#4259=CARTESIAN_POINT('Ctrl Pts',(3.02863601869719,-2.47487373415292,-2.47487373415292));
#4260=CARTESIAN_POINT('Ctrl Pts',(2.96613601869719,-3.5,-1.44974746830584));
#4261=CARTESIAN_POINT('Ctrl Pts',(2.90363601869719,-3.5,-6.4293956955236E-16));
#4262=CARTESIAN_POINT('Ctrl Pts',(2.84113601869719,-3.5,1.44974746830583));
#4263=CARTESIAN_POINT('Ctrl Pts',(2.77863601869719,-2.47487373415292,2.47487373415292));
#4264=CARTESIAN_POINT('Ctrl Pts',(2.71613601869719,-1.44974746830584,3.5));
#4265=CARTESIAN_POINT('Ctrl Pts',(2.65363601869719,0.,3.5));
#4266=CARTESIAN_POINT('Ctrl Pts',(2.59113601869719,1.44974746830583,3.5));
#4267=CARTESIAN_POINT('Ctrl Pts',(2.52863601869719,2.47487373415292,2.47487373415292));
#4268=CARTESIAN_POINT('Ctrl Pts',(2.46613601869719,3.5,1.44974746830583));
#4269=CARTESIAN_POINT('Ctrl Pts',(2.40363601869719,3.5,2.14313189850787E-16));
#4270=CARTESIAN_POINT('Ctrl Pts',(2.34113601869719,3.5,-1.44974746830583));
#4271=CARTESIAN_POINT('Ctrl Pts',(2.27863601869719,2.47487373415292,-2.47487373415292));
#4272=CARTESIAN_POINT('Ctrl Pts',(2.21613601869719,1.44974746830583,-3.5));
#4273=CARTESIAN_POINT('Ctrl Pts',(2.15363601869719,4.28626379701574E-16,
-3.5));
#4274=CARTESIAN_POINT('Ctrl Pts',(2.09113601869719,-1.44974746830583,-3.5));
#4275=CARTESIAN_POINT('Ctrl Pts',(2.02863601869719,-2.47487373415292,-2.47487373415292));
#4276=CARTESIAN_POINT('Ctrl Pts',(1.96613601869719,-3.5,-1.44974746830584));
#4277=CARTESIAN_POINT('Ctrl Pts',(1.90363601869719,-3.5,-6.4293956955236E-16));
#4278=CARTESIAN_POINT('Ctrl Pts',(1.84113601869719,-3.5,1.44974746830583));
#4279=CARTESIAN_POINT('Ctrl Pts',(1.77863601869719,-2.47487373415292,2.47487373415292));
#4280=CARTESIAN_POINT('Ctrl Pts',(1.71613601869719,-1.44974746830584,3.5));
#4281=CARTESIAN_POINT('Ctrl Pts',(1.65363601869719,0.,3.5));
#4282=CARTESIAN_POINT('Ctrl Pts',(1.59113601869719,1.44974746830583,3.5));
#4283=CARTESIAN_POINT('Ctrl Pts',(1.52863601869719,2.47487373415292,2.47487373415292));
#4284=CARTESIAN_POINT('Ctrl Pts',(1.46613601869719,3.5,1.44974746830583));
#4285=CARTESIAN_POINT('Ctrl Pts',(1.40363601869719,3.5,2.14313189850787E-16));
#4286=CARTESIAN_POINT('Ctrl Pts',(1.34113601869719,3.5,-1.44974746830583));
#4287=CARTESIAN_POINT('Ctrl Pts',(1.27863601869719,2.47487373415292,-2.47487373415292));
#4288=CARTESIAN_POINT('Ctrl Pts',(1.21613601869719,1.44974746830583,-3.5));
#4289=CARTESIAN_POINT('Ctrl Pts',(1.15363601869719,4.28626379701574E-16,
-3.5));
#4290=CARTESIAN_POINT('Ctrl Pts',(1.09113601869719,-1.44974746830583,-3.5));
#4291=CARTESIAN_POINT('Ctrl Pts',(1.02863601869719,-2.47487373415292,-2.47487373415292));
#4292=CARTESIAN_POINT('Ctrl Pts',(0.966136018697187,-3.5,-1.44974746830584));
#4293=CARTESIAN_POINT('Ctrl Pts',(0.903636018697187,-3.5,-6.4293956955236E-16));
#4294=CARTESIAN_POINT('Ctrl Pts',(0.841136018697187,-3.5,1.44974746830583));
#4295=CARTESIAN_POINT('Ctrl Pts',(0.778636018697187,-2.47487373415292,2.47487373415292));
#4296=CARTESIAN_POINT('Ctrl Pts',(0.716136018697187,-1.44974746830584,3.5));
#4297=CARTESIAN_POINT('Ctrl Pts',(0.653636018697187,0.,3.5));
#4298=CARTESIAN_POINT('Ctrl Pts',(0.591136018697187,1.44974746830583,3.5));
#4299=CARTESIAN_POINT('Ctrl Pts',(0.528636018697187,2.47487373415292,2.47487373415292));
#4300=CARTESIAN_POINT('Ctrl Pts',(0.466136018697187,3.5,1.44974746830583));
#4301=CARTESIAN_POINT('Ctrl Pts',(0.403636018697187,3.5,2.14313189850787E-16));
#4302=CARTESIAN_POINT('Ctrl Pts',(0.341136018697187,3.5,-1.44974746830583));
#4303=CARTESIAN_POINT('Ctrl Pts',(0.278636018697187,2.47487373415292,-2.47487373415292));
#4304=CARTESIAN_POINT('Ctrl Pts',(0.216136018697187,1.44974746830583,-3.5));
#4305=CARTESIAN_POINT('Ctrl Pts',(0.153636018697187,4.28626379701574E-16,
-3.5));
#4306=CARTESIAN_POINT('Ctrl Pts',(0.0911360186971874,-1.44974746830583,
-3.5));
#4307=CARTESIAN_POINT('Ctrl Pts',(0.0286360186971873,-2.47487373415292,
-2.47487373415292));
#4308=CARTESIAN_POINT('Ctrl Pts',(-0.0338639813028127,-3.5,-1.44974746830584));
#4309=CARTESIAN_POINT('Ctrl Pts',(-0.0963639813028128,-3.5,-6.4293956955236E-16));
#4310=CARTESIAN_POINT('Ctrl Pts',(-0.158863981302813,-3.5,1.44974746830583));
#4311=CARTESIAN_POINT('Ctrl Pts',(-0.221363981302813,-2.47487373415292,
2.47487373415292));
#4312=CARTESIAN_POINT('Ctrl Pts',(-0.283863981302813,-1.44974746830584,
3.5));
#4313=CARTESIAN_POINT('Ctrl Pts',(-0.346363981302813,0.,3.5));
#4314=CARTESIAN_POINT('Ctrl Pts',(-0.408863981302813,1.44974746830583,3.5));
#4315=CARTESIAN_POINT('Ctrl Pts',(-0.471363981302813,2.47487373415292,2.47487373415292));
#4316=CARTESIAN_POINT('Ctrl Pts',(-0.533863981302813,3.5,1.44974746830583));
#4317=CARTESIAN_POINT('Ctrl Pts',(-0.596363981302813,3.5,2.14313189850787E-16));
#4318=CARTESIAN_POINT('Ctrl Pts',(-0.658863981302813,3.5,-1.44974746830583));
#4319=CARTESIAN_POINT('Ctrl Pts',(-0.721363981302813,2.47487373415292,-2.47487373415292));
#4320=CARTESIAN_POINT('Ctrl Pts',(-0.783863981302814,1.44974746830583,-3.5));
#4321=CARTESIAN_POINT('Ctrl Pts',(-0.846363981302813,4.28626379701574E-16,
-3.5));
#4322=CARTESIAN_POINT('Ctrl Pts',(5.96613601733159,0.,2.958734125));
#4323=CARTESIAN_POINT('Ctrl Pts',(5.90363601733159,1.22554780203109,2.958734125));
#4324=CARTESIAN_POINT('Ctrl Pts',(5.84113601733159,2.09214096351555,2.09214096351555));
#4325=CARTESIAN_POINT('Ctrl Pts',(5.77863601733159,2.958734125,1.22554780203109));
#4326=CARTESIAN_POINT('Ctrl Pts',(5.71613601733159,2.958734125,1.81170213785465E-16));
#4327=CARTESIAN_POINT('Ctrl Pts',(5.65363601733159,2.958734125,-1.22554780203109));
#4328=CARTESIAN_POINT('Ctrl Pts',(5.59113601733159,2.09214096351555,-2.09214096351555));
#4329=CARTESIAN_POINT('Ctrl Pts',(5.52863601733159,1.22554780203109,-2.958734125));
#4330=CARTESIAN_POINT('Ctrl Pts',(5.46613601733159,3.62340427570929E-16,
-2.958734125));
#4331=CARTESIAN_POINT('Ctrl Pts',(5.40363601733159,-1.22554780203109,-2.958734125));
#4332=CARTESIAN_POINT('Ctrl Pts',(5.34113601733159,-2.09214096351555,-2.09214096351555));
#4333=CARTESIAN_POINT('Ctrl Pts',(5.27863601733159,-2.958734125,-1.22554780203109));
#4334=CARTESIAN_POINT('Ctrl Pts',(5.21613601733159,-2.958734125,-5.43510641356394E-16));
#4335=CARTESIAN_POINT('Ctrl Pts',(5.15363601733159,-2.958734125,1.22554780203109));
#4336=CARTESIAN_POINT('Ctrl Pts',(5.09113601733159,-2.09214096351555,2.09214096351555));
#4337=CARTESIAN_POINT('Ctrl Pts',(5.02863601733159,-1.22554780203109,2.958734125));
#4338=CARTESIAN_POINT('Ctrl Pts',(4.96613601733159,0.,2.958734125));
#4339=CARTESIAN_POINT('Ctrl Pts',(4.90363601733159,1.22554780203109,2.958734125));
#4340=CARTESIAN_POINT('Ctrl Pts',(4.84113601733159,2.09214096351555,2.09214096351555));
#4341=CARTESIAN_POINT('Ctrl Pts',(4.77863601733159,2.958734125,1.22554780203109));
#4342=CARTESIAN_POINT('Ctrl Pts',(4.71613601733159,2.958734125,1.81170213785465E-16));
#4343=CARTESIAN_POINT('Ctrl Pts',(4.65363601733159,2.958734125,-1.22554780203109));
#4344=CARTESIAN_POINT('Ctrl Pts',(4.59113601733159,2.09214096351555,-2.09214096351555));
#4345=CARTESIAN_POINT('Ctrl Pts',(4.52863601733159,1.22554780203109,-2.958734125));
#4346=CARTESIAN_POINT('Ctrl Pts',(4.46613601733159,3.62340427570929E-16,
-2.958734125));
#4347=CARTESIAN_POINT('Ctrl Pts',(4.40363601733159,-1.22554780203109,-2.958734125));
#4348=CARTESIAN_POINT('Ctrl Pts',(4.34113601733159,-2.09214096351555,-2.09214096351555));
#4349=CARTESIAN_POINT('Ctrl Pts',(4.27863601733159,-2.958734125,-1.22554780203109));
#4350=CARTESIAN_POINT('Ctrl Pts',(4.21613601733159,-2.958734125,-5.43510641356394E-16));
#4351=CARTESIAN_POINT('Ctrl Pts',(4.15363601733159,-2.958734125,1.22554780203109));
#4352=CARTESIAN_POINT('Ctrl Pts',(4.09113601733159,-2.09214096351555,2.09214096351555));
#4353=CARTESIAN_POINT('Ctrl Pts',(4.02863601733159,-1.22554780203109,2.958734125));
#4354=CARTESIAN_POINT('Ctrl Pts',(3.96613601733159,0.,2.958734125));
#4355=CARTESIAN_POINT('Ctrl Pts',(3.90363601733159,1.22554780203109,2.958734125));
#4356=CARTESIAN_POINT('Ctrl Pts',(3.84113601733159,2.09214096351555,2.09214096351555));
#4357=CARTESIAN_POINT('Ctrl Pts',(3.77863601733159,2.958734125,1.22554780203109));
#4358=CARTESIAN_POINT('Ctrl Pts',(3.71613601733159,2.958734125,1.81170213785465E-16));
#4359=CARTESIAN_POINT('Ctrl Pts',(3.65363601733159,2.958734125,-1.22554780203109));
#4360=CARTESIAN_POINT('Ctrl Pts',(3.59113601733159,2.09214096351555,-2.09214096351555));
#4361=CARTESIAN_POINT('Ctrl Pts',(3.52863601733159,1.22554780203109,-2.958734125));
#4362=CARTESIAN_POINT('Ctrl Pts',(3.46613601733159,3.62340427570929E-16,
-2.958734125));
#4363=CARTESIAN_POINT('Ctrl Pts',(3.40363601733159,-1.22554780203109,-2.958734125));
#4364=CARTESIAN_POINT('Ctrl Pts',(3.34113601733159,-2.09214096351555,-2.09214096351555));
#4365=CARTESIAN_POINT('Ctrl Pts',(3.27863601733159,-2.958734125,-1.22554780203109));
#4366=CARTESIAN_POINT('Ctrl Pts',(3.21613601733159,-2.958734125,-5.43510641356394E-16));
#4367=CARTESIAN_POINT('Ctrl Pts',(3.15363601733159,-2.958734125,1.22554780203109));
#4368=CARTESIAN_POINT('Ctrl Pts',(3.09113601733159,-2.09214096351555,2.09214096351555));
#4369=CARTESIAN_POINT('Ctrl Pts',(3.02863601733159,-1.22554780203109,2.958734125));
#4370=CARTESIAN_POINT('Ctrl Pts',(2.96613601733159,0.,2.958734125));
#4371=CARTESIAN_POINT('Ctrl Pts',(2.90363601733159,1.22554780203109,2.958734125));
#4372=CARTESIAN_POINT('Ctrl Pts',(2.84113601733159,2.09214096351555,2.09214096351555));
#4373=CARTESIAN_POINT('Ctrl Pts',(2.77863601733159,2.958734125,1.22554780203109));
#4374=CARTESIAN_POINT('Ctrl Pts',(2.71613601733159,2.958734125,1.81170213785465E-16));
#4375=CARTESIAN_POINT('Ctrl Pts',(2.65363601733159,2.958734125,-1.22554780203109));
#4376=CARTESIAN_POINT('Ctrl Pts',(2.59113601733159,2.09214096351555,-2.09214096351555));
#4377=CARTESIAN_POINT('Ctrl Pts',(2.52863601733159,1.22554780203109,-2.958734125));
#4378=CARTESIAN_POINT('Ctrl Pts',(2.46613601733159,3.62340427570929E-16,
-2.958734125));
#4379=CARTESIAN_POINT('Ctrl Pts',(2.40363601733159,-1.22554780203109,-2.958734125));
#4380=CARTESIAN_POINT('Ctrl Pts',(2.34113601733159,-2.09214096351555,-2.09214096351555));
#4381=CARTESIAN_POINT('Ctrl Pts',(2.27863601733159,-2.958734125,-1.22554780203109));
#4382=CARTESIAN_POINT('Ctrl Pts',(2.21613601733159,-2.958734125,-5.43510641356394E-16));
#4383=CARTESIAN_POINT('Ctrl Pts',(2.15363601733159,-2.958734125,1.22554780203109));
#4384=CARTESIAN_POINT('Ctrl Pts',(2.09113601733159,-2.09214096351555,2.09214096351555));
#4385=CARTESIAN_POINT('Ctrl Pts',(2.02863601733159,-1.22554780203109,2.958734125));
#4386=CARTESIAN_POINT('Ctrl Pts',(1.96613601733159,0.,2.958734125));
#4387=CARTESIAN_POINT('Ctrl Pts',(1.90363601733159,1.22554780203109,2.958734125));
#4388=CARTESIAN_POINT('Ctrl Pts',(1.84113601733159,2.09214096351555,2.09214096351555));
#4389=CARTESIAN_POINT('Ctrl Pts',(1.77863601733159,2.958734125,1.22554780203109));
#4390=CARTESIAN_POINT('Ctrl Pts',(1.71613601733159,2.958734125,1.81170213785465E-16));
#4391=CARTESIAN_POINT('Ctrl Pts',(1.65363601733159,2.958734125,-1.22554780203109));
#4392=CARTESIAN_POINT('Ctrl Pts',(1.59113601733159,2.09214096351555,-2.09214096351555));
#4393=CARTESIAN_POINT('Ctrl Pts',(1.52863601733159,1.22554780203109,-2.958734125));
#4394=CARTESIAN_POINT('Ctrl Pts',(1.46613601733159,3.62340427570929E-16,
-2.958734125));
#4395=CARTESIAN_POINT('Ctrl Pts',(1.40363601733159,-1.22554780203109,-2.958734125));
#4396=CARTESIAN_POINT('Ctrl Pts',(1.34113601733159,-2.09214096351555,-2.09214096351555));
#4397=CARTESIAN_POINT('Ctrl Pts',(1.27863601733159,-2.958734125,-1.22554780203109));
#4398=CARTESIAN_POINT('Ctrl Pts',(1.21613601733159,-2.958734125,-5.43510641356394E-16));
#4399=CARTESIAN_POINT('Ctrl Pts',(1.15363601733159,-2.958734125,1.22554780203109));
#4400=CARTESIAN_POINT('Ctrl Pts',(1.09113601733159,-2.09214096351555,2.09214096351555));
#4401=CARTESIAN_POINT('Ctrl Pts',(1.02863601733159,-1.22554780203109,2.958734125));
#4402=CARTESIAN_POINT('Ctrl Pts',(0.966136017331593,0.,2.958734125));
#4403=CARTESIAN_POINT('Ctrl Pts',(0.903636017331593,1.22554780203109,2.958734125));
#4404=CARTESIAN_POINT('Ctrl Pts',(0.841136017331593,2.09214096351555,2.09214096351555));
#4405=CARTESIAN_POINT('Ctrl Pts',(0.778636017331593,2.958734125,1.22554780203109));
#4406=CARTESIAN_POINT('Ctrl Pts',(0.716136017331593,2.958734125,1.81170213785465E-16));
#4407=CARTESIAN_POINT('Ctrl Pts',(0.653636017331593,2.958734125,-1.22554780203109));
#4408=CARTESIAN_POINT('Ctrl Pts',(0.591136017331593,2.09214096351555,-2.09214096351555));
#4409=CARTESIAN_POINT('Ctrl Pts',(0.528636017331593,1.22554780203109,-2.958734125));
#4410=CARTESIAN_POINT('Ctrl Pts',(0.466136017331593,3.62340427570929E-16,
-2.958734125));
#4411=CARTESIAN_POINT('Ctrl Pts',(0.403636017331593,-1.22554780203109,-2.958734125));
#4412=CARTESIAN_POINT('Ctrl Pts',(0.341136017331593,-2.09214096351555,-2.09214096351555));
#4413=CARTESIAN_POINT('Ctrl Pts',(0.278636017331593,-2.958734125,-1.22554780203109));
#4414=CARTESIAN_POINT('Ctrl Pts',(0.216136017331593,-2.958734125,-5.43510641356394E-16));
#4415=CARTESIAN_POINT('Ctrl Pts',(0.153636017331593,-2.958734125,1.22554780203109));
#4416=CARTESIAN_POINT('Ctrl Pts',(0.0911360173315931,-2.09214096351555,
2.09214096351555));
#4417=CARTESIAN_POINT('Ctrl Pts',(0.028636017331593,-1.22554780203109,2.958734125));
#4418=CARTESIAN_POINT('Ctrl Pts',(-0.033863982668407,0.,2.958734125));
#4419=CARTESIAN_POINT('Ctrl Pts',(-0.0963639826684071,1.22554780203109,
2.958734125));
#4420=CARTESIAN_POINT('Ctrl Pts',(-0.158863982668407,2.09214096351555,2.09214096351555));
#4421=CARTESIAN_POINT('Ctrl Pts',(-0.221363982668407,2.958734125,1.22554780203109));
#4422=CARTESIAN_POINT('Ctrl Pts',(-0.283863982668407,2.958734125,1.81170213785465E-16));
#4423=CARTESIAN_POINT('Ctrl Pts',(-0.346363982668407,2.958734125,-1.22554780203109));
#4424=CARTESIAN_POINT('Ctrl Pts',(-0.408863982668407,2.09214096351555,-2.09214096351555));
#4425=CARTESIAN_POINT('Ctrl Pts',(-0.471363982668407,1.22554780203109,-2.958734125));
#4426=CARTESIAN_POINT('Ctrl Pts',(-0.533863982668408,3.62340427570929E-16,
-2.958734125));
#4427=CARTESIAN_POINT('',(5.80988601801439,0.,3.2293670625));
#4428=CARTESIAN_POINT('Ctrl Pts',(0.466136017331593,3.62340427570929E-16,
-2.958734125));
#4429=CARTESIAN_POINT('Ctrl Pts',(0.403636017331593,-1.22554780203109,-2.958734125));
#4430=CARTESIAN_POINT('Ctrl Pts',(0.341136017331593,-2.09214096351555,-2.09214096351555));
#4431=CARTESIAN_POINT('Ctrl Pts',(0.278636017331593,-2.958734125,-1.22554780203109));
#4432=CARTESIAN_POINT('Ctrl Pts',(0.216136017331593,-2.958734125,-5.43510641356394E-16));
#4433=CARTESIAN_POINT('Ctrl Pts',(0.153636017331593,-2.958734125,1.22554780203109));
#4434=CARTESIAN_POINT('Ctrl Pts',(0.0911360173315931,-2.09214096351555,
2.09214096351555));
#4435=CARTESIAN_POINT('Ctrl Pts',(0.0611224582350562,-1.67598824247765,
2.50829368455344));
#4436=CARTESIAN_POINT('Ctrl Pts',(0.0286360159659497,-1.13225850755378,
2.73351390969785));
#4437=CARTESIAN_POINT('Origin',(6.3723860166488,0.,3.2293670625));
#4438=CARTESIAN_POINT('',(6.3723860166488,0.,3.2293670625));
#4439=CARTESIAN_POINT('Origin',(6.0911360173316,1.69495470422136E-15,8.88178419700125E-15));
#4440=CARTESIAN_POINT('Ctrl Pts',(0.716136017331594,3.6234042757093E-16,
-2.958734125));
#4441=CARTESIAN_POINT('Ctrl Pts',(0.653636017331594,-1.22554780203109,-2.958734125));
#4442=CARTESIAN_POINT('Ctrl Pts',(0.591136017331594,-2.09214096351555,-2.09214096351555));
#4443=CARTESIAN_POINT('Ctrl Pts',(0.528636017331593,-2.958734125,-1.22554780203109));
#4444=CARTESIAN_POINT('Ctrl Pts',(0.466136017331593,-2.958734125,-5.43510641356394E-16));
#4445=CARTESIAN_POINT('Ctrl Pts',(0.403636017331593,-2.958734125,1.22554780203109));
#4446=CARTESIAN_POINT('Ctrl Pts',(0.341136017331593,-2.09214096351555,2.09214096351555));
#4447=CARTESIAN_POINT('Ctrl Pts',(0.278636017331593,-1.22554780203109,2.958734125));
#4448=CARTESIAN_POINT('Ctrl Pts',(0.216136017331593,0.,2.958734125));
#4449=CARTESIAN_POINT('Ctrl Pts',(0.153636017331593,1.22554780203109,2.958734125));
#4450=CARTESIAN_POINT('Ctrl Pts',(0.0911360173315931,2.09214096351555,2.09214096351555));
#4451=CARTESIAN_POINT('Ctrl Pts',(0.0611224582350563,2.50829368455344,1.67598824247765));
#4452=CARTESIAN_POINT('Ctrl Pts',(0.0286360159659501,2.73351390969785,1.13225850755378));
#4453=CARTESIAN_POINT('Ctrl Pts',(6.21613601733159,0.,2.958734125));
#4454=CARTESIAN_POINT('Ctrl Pts',(6.15363601733159,1.22554780203109,2.958734125));
#4455=CARTESIAN_POINT('Ctrl Pts',(6.09113601733159,2.09214096351555,2.09214096351555));
#4456=CARTESIAN_POINT('Ctrl Pts',(6.02863601733159,2.958734125,1.22554780203109));
#4457=CARTESIAN_POINT('Ctrl Pts',(5.96613601733159,2.958734125,1.81170213785465E-16));
#4458=CARTESIAN_POINT('Ctrl Pts',(5.90363601733159,2.958734125,-1.22554780203109));
#4459=CARTESIAN_POINT('Ctrl Pts',(5.84113601733159,2.09214096351555,-2.09214096351555));
#4460=CARTESIAN_POINT('Ctrl Pts',(5.77863601733159,1.22554780203109,-2.958734125));
#4461=CARTESIAN_POINT('Ctrl Pts',(5.71613601733159,3.6234042757093E-16,
-2.958734125));
#4462=CARTESIAN_POINT('Ctrl Pts',(5.65363601733159,-1.22554780203109,-2.958734125));
#4463=CARTESIAN_POINT('Ctrl Pts',(5.59113601733159,-2.09214096351555,-2.09214096351555));
#4464=CARTESIAN_POINT('Ctrl Pts',(5.52863601733159,-2.958734125,-1.22554780203109));
#4465=CARTESIAN_POINT('Ctrl Pts',(5.46613601733159,-2.958734125,-5.43510641356394E-16));
#4466=CARTESIAN_POINT('Ctrl Pts',(5.40363601733159,-2.958734125,1.22554780203109));
#4467=CARTESIAN_POINT('Ctrl Pts',(5.34113601733159,-2.09214096351555,2.09214096351555));
#4468=CARTESIAN_POINT('Ctrl Pts',(5.27863601733159,-1.22554780203109,2.958734125));
#4469=CARTESIAN_POINT('Ctrl Pts',(5.21613601733159,0.,2.958734125));
#4470=CARTESIAN_POINT('Ctrl Pts',(5.15363601733159,1.22554780203109,2.958734125));
#4471=CARTESIAN_POINT('Ctrl Pts',(5.09113601733159,2.09214096351555,2.09214096351555));
#4472=CARTESIAN_POINT('Ctrl Pts',(5.02863601733159,2.958734125,1.22554780203109));
#4473=CARTESIAN_POINT('Ctrl Pts',(4.96613601733159,2.958734125,1.81170213785465E-16));
#4474=CARTESIAN_POINT('Ctrl Pts',(4.90363601733159,2.958734125,-1.22554780203109));
#4475=CARTESIAN_POINT('Ctrl Pts',(4.84113601733159,2.09214096351555,-2.09214096351555));
#4476=CARTESIAN_POINT('Ctrl Pts',(4.77863601733159,1.22554780203109,-2.958734125));
#4477=CARTESIAN_POINT('Ctrl Pts',(4.71613601733159,3.6234042757093E-16,
-2.958734125));
#4478=CARTESIAN_POINT('Ctrl Pts',(4.65363601733159,-1.22554780203109,-2.958734125));
#4479=CARTESIAN_POINT('Ctrl Pts',(4.59113601733159,-2.09214096351555,-2.09214096351555));
#4480=CARTESIAN_POINT('Ctrl Pts',(4.52863601733159,-2.958734125,-1.22554780203109));
#4481=CARTESIAN_POINT('Ctrl Pts',(4.46613601733159,-2.958734125,-5.43510641356394E-16));
#4482=CARTESIAN_POINT('Ctrl Pts',(4.40363601733159,-2.958734125,1.22554780203109));
#4483=CARTESIAN_POINT('Ctrl Pts',(4.34113601733159,-2.09214096351555,2.09214096351555));
#4484=CARTESIAN_POINT('Ctrl Pts',(4.27863601733159,-1.22554780203109,2.958734125));
#4485=CARTESIAN_POINT('Ctrl Pts',(4.21613601733159,0.,2.958734125));
#4486=CARTESIAN_POINT('Ctrl Pts',(4.15363601733159,1.22554780203109,2.958734125));
#4487=CARTESIAN_POINT('Ctrl Pts',(4.09113601733159,2.09214096351555,2.09214096351555));
#4488=CARTESIAN_POINT('Ctrl Pts',(4.02863601733159,2.958734125,1.22554780203109));
#4489=CARTESIAN_POINT('Ctrl Pts',(3.96613601733159,2.958734125,1.81170213785465E-16));
#4490=CARTESIAN_POINT('Ctrl Pts',(3.90363601733159,2.958734125,-1.22554780203109));
#4491=CARTESIAN_POINT('Ctrl Pts',(3.84113601733159,2.09214096351555,-2.09214096351555));
#4492=CARTESIAN_POINT('Ctrl Pts',(3.77863601733159,1.22554780203109,-2.958734125));
#4493=CARTESIAN_POINT('Ctrl Pts',(3.71613601733159,3.6234042757093E-16,
-2.958734125));
#4494=CARTESIAN_POINT('Ctrl Pts',(3.65363601733159,-1.22554780203109,-2.958734125));
#4495=CARTESIAN_POINT('Ctrl Pts',(3.59113601733159,-2.09214096351555,-2.09214096351555));
#4496=CARTESIAN_POINT('Ctrl Pts',(3.52863601733159,-2.958734125,-1.22554780203109));
#4497=CARTESIAN_POINT('Ctrl Pts',(3.46613601733159,-2.958734125,-5.43510641356394E-16));
#4498=CARTESIAN_POINT('Ctrl Pts',(3.40363601733159,-2.958734125,1.22554780203109));
#4499=CARTESIAN_POINT('Ctrl Pts',(3.34113601733159,-2.09214096351555,2.09214096351555));
#4500=CARTESIAN_POINT('Ctrl Pts',(3.27863601733159,-1.22554780203109,2.958734125));
#4501=CARTESIAN_POINT('Ctrl Pts',(3.21613601733159,0.,2.958734125));
#4502=CARTESIAN_POINT('Ctrl Pts',(3.15363601733159,1.22554780203109,2.958734125));
#4503=CARTESIAN_POINT('Ctrl Pts',(3.09113601733159,2.09214096351555,2.09214096351555));
#4504=CARTESIAN_POINT('Ctrl Pts',(3.02863601733159,2.958734125,1.22554780203109));
#4505=CARTESIAN_POINT('Ctrl Pts',(2.96613601733159,2.958734125,1.81170213785465E-16));
#4506=CARTESIAN_POINT('Ctrl Pts',(2.90363601733159,2.958734125,-1.22554780203109));
#4507=CARTESIAN_POINT('Ctrl Pts',(2.84113601733159,2.09214096351555,-2.09214096351555));
#4508=CARTESIAN_POINT('Ctrl Pts',(2.77863601733159,1.22554780203109,-2.958734125));
#4509=CARTESIAN_POINT('Ctrl Pts',(2.71613601733159,3.6234042757093E-16,
-2.958734125));
#4510=CARTESIAN_POINT('Ctrl Pts',(2.65363601733159,-1.22554780203109,-2.958734125));
#4511=CARTESIAN_POINT('Ctrl Pts',(2.59113601733159,-2.09214096351555,-2.09214096351555));
#4512=CARTESIAN_POINT('Ctrl Pts',(2.52863601733159,-2.958734125,-1.22554780203109));
#4513=CARTESIAN_POINT('Ctrl Pts',(2.46613601733159,-2.958734125,-5.43510641356394E-16));
#4514=CARTESIAN_POINT('Ctrl Pts',(2.40363601733159,-2.958734125,1.22554780203109));
#4515=CARTESIAN_POINT('Ctrl Pts',(2.34113601733159,-2.09214096351555,2.09214096351555));
#4516=CARTESIAN_POINT('Ctrl Pts',(2.27863601733159,-1.22554780203109,2.958734125));
#4517=CARTESIAN_POINT('Ctrl Pts',(2.21613601733159,0.,2.958734125));
#4518=CARTESIAN_POINT('Ctrl Pts',(2.15363601733159,1.22554780203109,2.958734125));
#4519=CARTESIAN_POINT('Ctrl Pts',(2.09113601733159,2.09214096351555,2.09214096351555));
#4520=CARTESIAN_POINT('Ctrl Pts',(2.02863601733159,2.958734125,1.22554780203109));
#4521=CARTESIAN_POINT('Ctrl Pts',(1.96613601733159,2.958734125,1.81170213785465E-16));
#4522=CARTESIAN_POINT('Ctrl Pts',(1.90363601733159,2.958734125,-1.22554780203109));
#4523=CARTESIAN_POINT('Ctrl Pts',(1.84113601733159,2.09214096351555,-2.09214096351555));
#4524=CARTESIAN_POINT('Ctrl Pts',(1.77863601733159,1.22554780203109,-2.958734125));
#4525=CARTESIAN_POINT('Ctrl Pts',(1.71613601733159,3.6234042757093E-16,
-2.958734125));
#4526=CARTESIAN_POINT('Ctrl Pts',(1.65363601733159,-1.22554780203109,-2.958734125));
#4527=CARTESIAN_POINT('Ctrl Pts',(1.59113601733159,-2.09214096351555,-2.09214096351555));
#4528=CARTESIAN_POINT('Ctrl Pts',(1.52863601733159,-2.958734125,-1.22554780203109));
#4529=CARTESIAN_POINT('Ctrl Pts',(1.46613601733159,-2.958734125,-5.43510641356394E-16));
#4530=CARTESIAN_POINT('Ctrl Pts',(1.40363601733159,-2.958734125,1.22554780203109));
#4531=CARTESIAN_POINT('Ctrl Pts',(1.34113601733159,-2.09214096351555,2.09214096351555));
#4532=CARTESIAN_POINT('Ctrl Pts',(1.27863601733159,-1.22554780203109,2.958734125));
#4533=CARTESIAN_POINT('Ctrl Pts',(1.21613601733159,0.,2.958734125));
#4534=CARTESIAN_POINT('Ctrl Pts',(1.15363601733159,1.22554780203109,2.958734125));
#4535=CARTESIAN_POINT('Ctrl Pts',(1.09113601733159,2.09214096351555,2.09214096351555));
#4536=CARTESIAN_POINT('Ctrl Pts',(1.02863601733159,2.958734125,1.22554780203109));
#4537=CARTESIAN_POINT('Ctrl Pts',(0.966136017331593,2.958734125,1.81170213785465E-16));
#4538=CARTESIAN_POINT('Ctrl Pts',(0.903636017331593,2.958734125,-1.22554780203109));
#4539=CARTESIAN_POINT('Ctrl Pts',(0.841136017331593,2.09214096351555,-2.09214096351555));
#4540=CARTESIAN_POINT('Ctrl Pts',(0.778636017331593,1.22554780203109,-2.958734125));
#4541=CARTESIAN_POINT('Ctrl Pts',(0.716136017331594,3.6234042757093E-16,
-2.958734125));
#4542=CARTESIAN_POINT('Ctrl Pts',(0.653636017331594,-1.22554780203109,-2.958734125));
#4543=CARTESIAN_POINT('Ctrl Pts',(0.591136017331594,-2.09214096351555,-2.09214096351555));
#4544=CARTESIAN_POINT('Ctrl Pts',(0.528636017331594,-2.958734125,-1.22554780203109));
#4545=CARTESIAN_POINT('Ctrl Pts',(0.466136017331593,-2.958734125,-5.43510641356394E-16));
#4546=CARTESIAN_POINT('Ctrl Pts',(0.403636017331593,-2.958734125,1.22554780203109));
#4547=CARTESIAN_POINT('Ctrl Pts',(0.341136017331593,-2.09214096351555,2.09214096351555));
#4548=CARTESIAN_POINT('Ctrl Pts',(0.278636017331593,-1.22554780203109,2.958734125));
#4549=CARTESIAN_POINT('Ctrl Pts',(0.216136017331593,0.,2.958734125));
#4550=CARTESIAN_POINT('Ctrl Pts',(0.153636017331593,1.22554780203109,2.958734125));
#4551=CARTESIAN_POINT('Ctrl Pts',(0.0911360173315931,2.09214096351555,2.09214096351555));
#4552=CARTESIAN_POINT('Ctrl Pts',(0.028636017331593,2.958734125,1.22554780203109));
#4553=CARTESIAN_POINT('Ctrl Pts',(-0.033863982668407,2.958734125,1.81170213785465E-16));
#4554=CARTESIAN_POINT('Ctrl Pts',(-0.0963639826684071,2.958734125,-1.22554780203109));
#4555=CARTESIAN_POINT('Ctrl Pts',(-0.158863982668407,2.09214096351555,-2.09214096351555));
#4556=CARTESIAN_POINT('Ctrl Pts',(-0.221363982668407,1.22554780203109,-2.958734125));
#4557=CARTESIAN_POINT('Ctrl Pts',(-0.283863982668407,3.6234042757093E-16,
-2.958734125));
#4558=CARTESIAN_POINT('Ctrl Pts',(6.528636015966,0.,3.5));
#4559=CARTESIAN_POINT('Ctrl Pts',(6.466136015966,1.44974746830583,3.5));
#4560=CARTESIAN_POINT('Ctrl Pts',(6.403636015966,2.47487373415292,2.47487373415292));
#4561=CARTESIAN_POINT('Ctrl Pts',(6.341136015966,3.5,1.44974746830583));
#4562=CARTESIAN_POINT('Ctrl Pts',(6.278636015966,3.5,2.14313189850787E-16));
#4563=CARTESIAN_POINT('Ctrl Pts',(6.216136015966,3.5,-1.44974746830583));
#4564=CARTESIAN_POINT('Ctrl Pts',(6.153636015966,2.47487373415292,-2.47487373415292));
#4565=CARTESIAN_POINT('Ctrl Pts',(6.091136015966,1.44974746830583,-3.5));
#4566=CARTESIAN_POINT('Ctrl Pts',(6.028636015966,4.28626379701574E-16,-3.5));
#4567=CARTESIAN_POINT('Ctrl Pts',(5.966136015966,-1.44974746830583,-3.5));
#4568=CARTESIAN_POINT('Ctrl Pts',(5.903636015966,-2.47487373415292,-2.47487373415292));
#4569=CARTESIAN_POINT('Ctrl Pts',(5.841136015966,-3.5,-1.44974746830584));
#4570=CARTESIAN_POINT('Ctrl Pts',(5.778636015966,-3.5,-6.4293956955236E-16));
#4571=CARTESIAN_POINT('Ctrl Pts',(5.716136015966,-3.5,1.44974746830583));
#4572=CARTESIAN_POINT('Ctrl Pts',(5.653636015966,-2.47487373415292,2.47487373415292));
#4573=CARTESIAN_POINT('Ctrl Pts',(5.591136015966,-1.44974746830584,3.5));
#4574=CARTESIAN_POINT('Ctrl Pts',(5.528636015966,0.,3.5));
#4575=CARTESIAN_POINT('Ctrl Pts',(5.466136015966,1.44974746830583,3.5));
#4576=CARTESIAN_POINT('Ctrl Pts',(5.403636015966,2.47487373415292,2.47487373415292));
#4577=CARTESIAN_POINT('Ctrl Pts',(5.341136015966,3.5,1.44974746830583));
#4578=CARTESIAN_POINT('Ctrl Pts',(5.278636015966,3.5,2.14313189850787E-16));
#4579=CARTESIAN_POINT('Ctrl Pts',(5.216136015966,3.5,-1.44974746830583));
#4580=CARTESIAN_POINT('Ctrl Pts',(5.153636015966,2.47487373415292,-2.47487373415292));
#4581=CARTESIAN_POINT('Ctrl Pts',(5.091136015966,1.44974746830583,-3.5));
#4582=CARTESIAN_POINT('Ctrl Pts',(5.028636015966,4.28626379701574E-16,-3.5));
#4583=CARTESIAN_POINT('Ctrl Pts',(4.966136015966,-1.44974746830583,-3.5));
#4584=CARTESIAN_POINT('Ctrl Pts',(4.903636015966,-2.47487373415292,-2.47487373415292));
#4585=CARTESIAN_POINT('Ctrl Pts',(4.841136015966,-3.5,-1.44974746830584));
#4586=CARTESIAN_POINT('Ctrl Pts',(4.778636015966,-3.5,-6.4293956955236E-16));
#4587=CARTESIAN_POINT('Ctrl Pts',(4.716136015966,-3.5,1.44974746830583));
#4588=CARTESIAN_POINT('Ctrl Pts',(4.653636015966,-2.47487373415292,2.47487373415292));
#4589=CARTESIAN_POINT('Ctrl Pts',(4.591136015966,-1.44974746830584,3.5));
#4590=CARTESIAN_POINT('Ctrl Pts',(4.528636015966,0.,3.5));
#4591=CARTESIAN_POINT('Ctrl Pts',(4.466136015966,1.44974746830583,3.5));
#4592=CARTESIAN_POINT('Ctrl Pts',(4.403636015966,2.47487373415292,2.47487373415292));
#4593=CARTESIAN_POINT('Ctrl Pts',(4.341136015966,3.5,1.44974746830583));
#4594=CARTESIAN_POINT('Ctrl Pts',(4.278636015966,3.5,2.14313189850787E-16));
#4595=CARTESIAN_POINT('Ctrl Pts',(4.216136015966,3.5,-1.44974746830583));
#4596=CARTESIAN_POINT('Ctrl Pts',(4.153636015966,2.47487373415292,-2.47487373415292));
#4597=CARTESIAN_POINT('Ctrl Pts',(4.091136015966,1.44974746830583,-3.5));
#4598=CARTESIAN_POINT('Ctrl Pts',(4.028636015966,4.28626379701574E-16,-3.5));
#4599=CARTESIAN_POINT('Ctrl Pts',(3.966136015966,-1.44974746830583,-3.5));
#4600=CARTESIAN_POINT('Ctrl Pts',(3.903636015966,-2.47487373415292,-2.47487373415292));
#4601=CARTESIAN_POINT('Ctrl Pts',(3.841136015966,-3.5,-1.44974746830584));
#4602=CARTESIAN_POINT('Ctrl Pts',(3.778636015966,-3.5,-6.4293956955236E-16));
#4603=CARTESIAN_POINT('Ctrl Pts',(3.716136015966,-3.5,1.44974746830583));
#4604=CARTESIAN_POINT('Ctrl Pts',(3.653636015966,-2.47487373415292,2.47487373415292));
#4605=CARTESIAN_POINT('Ctrl Pts',(3.591136015966,-1.44974746830584,3.5));
#4606=CARTESIAN_POINT('Ctrl Pts',(3.528636015966,0.,3.5));
#4607=CARTESIAN_POINT('Ctrl Pts',(3.466136015966,1.44974746830583,3.5));
#4608=CARTESIAN_POINT('Ctrl Pts',(3.403636015966,2.47487373415292,2.47487373415292));
#4609=CARTESIAN_POINT('Ctrl Pts',(3.341136015966,3.5,1.44974746830583));
#4610=CARTESIAN_POINT('Ctrl Pts',(3.278636015966,3.5,2.14313189850787E-16));
#4611=CARTESIAN_POINT('Ctrl Pts',(3.216136015966,3.5,-1.44974746830583));
#4612=CARTESIAN_POINT('Ctrl Pts',(3.153636015966,2.47487373415292,-2.47487373415292));
#4613=CARTESIAN_POINT('Ctrl Pts',(3.091136015966,1.44974746830583,-3.5));
#4614=CARTESIAN_POINT('Ctrl Pts',(3.028636015966,4.28626379701574E-16,-3.5));
#4615=CARTESIAN_POINT('Ctrl Pts',(2.966136015966,-1.44974746830583,-3.5));
#4616=CARTESIAN_POINT('Ctrl Pts',(2.903636015966,-2.47487373415292,-2.47487373415292));
#4617=CARTESIAN_POINT('Ctrl Pts',(2.841136015966,-3.5,-1.44974746830584));
#4618=CARTESIAN_POINT('Ctrl Pts',(2.778636015966,-3.5,-6.4293956955236E-16));
#4619=CARTESIAN_POINT('Ctrl Pts',(2.716136015966,-3.5,1.44974746830583));
#4620=CARTESIAN_POINT('Ctrl Pts',(2.653636015966,-2.47487373415292,2.47487373415292));
#4621=CARTESIAN_POINT('Ctrl Pts',(2.591136015966,-1.44974746830584,3.5));
#4622=CARTESIAN_POINT('Ctrl Pts',(2.528636015966,0.,3.5));
#4623=CARTESIAN_POINT('Ctrl Pts',(2.466136015966,1.44974746830583,3.5));
#4624=CARTESIAN_POINT('Ctrl Pts',(2.403636015966,2.47487373415292,2.47487373415292));
#4625=CARTESIAN_POINT('Ctrl Pts',(2.341136015966,3.5,1.44974746830583));
#4626=CARTESIAN_POINT('Ctrl Pts',(2.278636015966,3.5,2.14313189850787E-16));
#4627=CARTESIAN_POINT('Ctrl Pts',(2.216136015966,3.5,-1.44974746830583));
#4628=CARTESIAN_POINT('Ctrl Pts',(2.153636015966,2.47487373415292,-2.47487373415292));
#4629=CARTESIAN_POINT('Ctrl Pts',(2.091136015966,1.44974746830583,-3.5));
#4630=CARTESIAN_POINT('Ctrl Pts',(2.028636015966,4.28626379701574E-16,-3.5));
#4631=CARTESIAN_POINT('Ctrl Pts',(1.966136015966,-1.44974746830583,-3.5));
#4632=CARTESIAN_POINT('Ctrl Pts',(1.903636015966,-2.47487373415292,-2.47487373415292));
#4633=CARTESIAN_POINT('Ctrl Pts',(1.841136015966,-3.5,-1.44974746830584));
#4634=CARTESIAN_POINT('Ctrl Pts',(1.778636015966,-3.5,-6.4293956955236E-16));
#4635=CARTESIAN_POINT('Ctrl Pts',(1.716136015966,-3.5,1.44974746830583));
#4636=CARTESIAN_POINT('Ctrl Pts',(1.653636015966,-2.47487373415292,2.47487373415292));
#4637=CARTESIAN_POINT('Ctrl Pts',(1.591136015966,-1.44974746830584,3.5));
#4638=CARTESIAN_POINT('Ctrl Pts',(1.528636015966,0.,3.5));
#4639=CARTESIAN_POINT('Ctrl Pts',(1.466136015966,1.44974746830583,3.5));
#4640=CARTESIAN_POINT('Ctrl Pts',(1.403636015966,2.47487373415292,2.47487373415292));
#4641=CARTESIAN_POINT('Ctrl Pts',(1.341136015966,3.5,1.44974746830583));
#4642=CARTESIAN_POINT('Ctrl Pts',(1.278636015966,3.5,2.14313189850787E-16));
#4643=CARTESIAN_POINT('Ctrl Pts',(1.216136015966,3.5,-1.44974746830583));
#4644=CARTESIAN_POINT('Ctrl Pts',(1.153636015966,2.47487373415292,-2.47487373415292));
#4645=CARTESIAN_POINT('Ctrl Pts',(1.091136015966,1.44974746830583,-3.5));
#4646=CARTESIAN_POINT('Ctrl Pts',(1.028636015966,4.28626379701574E-16,-3.5));
#4647=CARTESIAN_POINT('Ctrl Pts',(0.966136015966001,-1.44974746830583,-3.5));
#4648=CARTESIAN_POINT('Ctrl Pts',(0.903636015966001,-2.47487373415292,-2.47487373415292));
#4649=CARTESIAN_POINT('Ctrl Pts',(0.841136015966,-3.5,-1.44974746830584));
#4650=CARTESIAN_POINT('Ctrl Pts',(0.778636015966,-3.5,-6.4293956955236E-16));
#4651=CARTESIAN_POINT('Ctrl Pts',(0.716136015966,-3.5,1.44974746830583));
#4652=CARTESIAN_POINT('Ctrl Pts',(0.653636015966,-2.47487373415292,2.47487373415292));
#4653=CARTESIAN_POINT('Ctrl Pts',(0.591136015966,-1.44974746830584,3.5));
#4654=CARTESIAN_POINT('Ctrl Pts',(0.528636015966,0.,3.5));
#4655=CARTESIAN_POINT('Ctrl Pts',(0.466136015966,1.44974746830583,3.5));
#4656=CARTESIAN_POINT('Ctrl Pts',(0.403636015966,2.47487373415292,2.47487373415292));
#4657=CARTESIAN_POINT('Ctrl Pts',(0.341136015966,3.5,1.44974746830583));
#4658=CARTESIAN_POINT('Ctrl Pts',(0.278636015966,3.5,2.14313189850787E-16));
#4659=CARTESIAN_POINT('Ctrl Pts',(0.216136015966,3.5,-1.44974746830583));
#4660=CARTESIAN_POINT('Ctrl Pts',(0.153636015966,2.47487373415292,-2.47487373415292));
#4661=CARTESIAN_POINT('Ctrl Pts',(0.0911360159659997,1.44974746830583,-3.5));
#4662=CARTESIAN_POINT('Ctrl Pts',(0.0286360159659996,4.28626379701574E-16,
-3.5));
#4663=CARTESIAN_POINT('Origin',(7.028636015966,0.,0.));
#4664=CARTESIAN_POINT('Origin',(9.028636015966,0.,0.));
#4665=CARTESIAN_POINT('',(9.028636015966,-3.67394039744206E-16,3.));
#4666=CARTESIAN_POINT('Origin',(9.028636015966,0.,0.));
#4667=CARTESIAN_POINT('Origin',(10.02863601597,0.,0.));
#4668=CARTESIAN_POINT('',(10.0286360159661,1.50000000000014,2.59807621135324));
#4669=CARTESIAN_POINT('',(10.0286360159661,1.50000000000014,-2.59807621135324));
#4670=CARTESIAN_POINT('',(10.0286360159661,1.5,3.7240381056765));
#4671=CARTESIAN_POINT('Origin',(10.02863601597,0.,0.));
#4672=CARTESIAN_POINT('Origin',(15.02863601597,1.5,2.598076211353));
#4673=CARTESIAN_POINT('',(14.5286360159912,1.50000000000007,2.59807621137796));
#4674=CARTESIAN_POINT('',(-5.131363984034,1.50000000000014,2.59807621135324));
#4675=CARTESIAN_POINT('',(15.0286360159924,1.5,2.00000000005191));
#4676=CARTESIAN_POINT('Ctrl Pts',(15.0286360159924,1.5,2.00000000005189));
#4677=CARTESIAN_POINT('Ctrl Pts',(14.8111537573195,1.5,2.27185282339054));
#4678=CARTESIAN_POINT('Ctrl Pts',(14.5286360159974,1.5,2.59807621139547));
#4679=CARTESIAN_POINT('',(15.0286360159747,1.5,-2.00000000007407));
#4680=CARTESIAN_POINT('',(15.02863601597,1.5,2.598076211353));
#4681=CARTESIAN_POINT('',(14.5286360159912,1.50000000000007,-2.59807621137796));
#4682=CARTESIAN_POINT('Ctrl Pts',(14.5286360160066,1.5,-2.59807621138494));
#4683=CARTESIAN_POINT('Ctrl Pts',(14.8111537573116,1.5,-2.27185282339935));
#4684=CARTESIAN_POINT('Ctrl Pts',(15.0286360159747,1.5,-2.00000000007407));
#4685=CARTESIAN_POINT('',(-5.131363984034,1.50000000000014,-2.59807621135324));
#4686=CARTESIAN_POINT('Origin',(-5.131363984034,0.,0.));
#4687=CARTESIAN_POINT('',(14.5286360159912,-3.67394039744206E-16,3.));
#4688=CARTESIAN_POINT('Origin',(14.52863601597,0.,0.));
#4689=CARTESIAN_POINT('',(-5.131363984034,-3.67394039744206E-16,3.));
#4690=CARTESIAN_POINT('Origin',(14.52863601597,0.,0.));
#4691=CARTESIAN_POINT('Origin',(14.5286360159912,0.,0.));
#4692=CARTESIAN_POINT('Origin',(15.0286360159794,0.,0.));
#4693=CARTESIAN_POINT('Origin',(15.02863601597,0.,0.));
#4694=CARTESIAN_POINT('Origin',(15.0286360159661,-5.72554935466703,4.85));
#4695=CARTESIAN_POINT('',(0.0286360159660536,-5.72554935466703,-0.860099535919144));
#4696=CARTESIAN_POINT('',(0.578636015966001,-5.72554935466703,-0.860099535919144));
#4697=CARTESIAN_POINT('',(0.0286360159659504,-5.72554935466703,-0.860099535919144));
#4698=CARTESIAN_POINT('',(0.688735551885144,-5.72554935466703,-0.75));
#4699=CARTESIAN_POINT('Origin',(0.578636015965998,-5.72554935466703,-0.749999999999998));
#4700=CARTESIAN_POINT('',(0.688735551885144,-5.72554935466703,0.75));
#4701=CARTESIAN_POINT('',(0.688735551885144,-5.72554935466703,0.5));
#4702=CARTESIAN_POINT('',(0.578636015966001,-5.72554935466703,0.860099535919144));
#4703=CARTESIAN_POINT('Origin',(0.578636015965999,-5.72554935466703,0.75));
#4704=CARTESIAN_POINT('',(0.0286360159660536,-5.72554935466703,0.860099535919144));
#4705=CARTESIAN_POINT('',(0.0286360159659593,-5.72554935466703,0.860099535919144));
#4706=CARTESIAN_POINT('',(0.0286360159659504,-5.72554935466703,2.425));
#4707=CARTESIAN_POINT('Origin',(0.02863601596595,0.,0.));
#4708=CARTESIAN_POINT('',(0.02863601596595,-5.7,0.75));
#4709=CARTESIAN_POINT('Origin',(0.02863601596595,-5.95,0.75));
#4710=CARTESIAN_POINT('',(0.02863601596595,-5.7,-0.75));
#4711=CARTESIAN_POINT('',(0.02863601596595,-5.7,0.));
#4712=CARTESIAN_POINT('Origin',(0.02863601596595,-5.95,-0.75));
#4713=CARTESIAN_POINT('Origin',(0.02863601596596,-5.95,0.75));
#4714=CARTESIAN_POINT('',(0.578636015966,-5.7,0.75));
#4715=CARTESIAN_POINT('Origin',(0.578636015966,-5.95,0.75));
#4716=CARTESIAN_POINT('',(0.02863601596595,-5.7,0.75));
#4717=CARTESIAN_POINT('Origin',(0.578636015965999,-5.95,0.75));
#4718=CARTESIAN_POINT('Origin',(0.578636015966,-5.95,0.75));
#4719=CARTESIAN_POINT('Origin',(0.578636015966,-5.95,0.5));
#4720=CARTESIAN_POINT('',(0.578636015966,-5.7,-0.75));
#4721=CARTESIAN_POINT('Origin',(0.578636015966,-5.95,-0.75));
#4722=CARTESIAN_POINT('',(0.578636015966,-5.7,1.));
#4723=CARTESIAN_POINT('Origin',(0.578636015965998,-5.95,-0.749999999999998));
#4724=CARTESIAN_POINT('Origin',(0.578636015966,-5.95,-0.75));
#4725=CARTESIAN_POINT('Origin',(0.02863601596595,-5.7,1.));
#4726=CARTESIAN_POINT('',(0.02863601596595,-5.7,-0.75));
#4727=CARTESIAN_POINT('Origin',(0.02863601596595,-5.95,-0.75));
#4728=CARTESIAN_POINT('Origin',(-4.855814629367,-8.425532057134,0.));
#4729=CARTESIAN_POINT('',(-4.62600129643156,-8.23269577422813,-0.45));
#4730=CARTESIAN_POINT('',(-4.57390684313118,-8.52813810013188,-0.45));
#4731=CARTESIAN_POINT('Origin',(-4.855814629367,-8.425532057134,-0.45));
#4732=CARTESIAN_POINT('',(-4.57390684313118,-8.52813810013188,0.45));
#4733=CARTESIAN_POINT('',(-4.5739068431314,-8.52813810013186,0.));
#4734=CARTESIAN_POINT('',(-4.62600129643156,-8.23269577422813,0.45));
#4735=CARTESIAN_POINT('Origin',(-4.855814629367,-8.425532057134,0.45));
#4736=CARTESIAN_POINT('',(-4.62600129643161,-8.23269577422768,0.));
#4737=CARTESIAN_POINT('Origin',(-4.855814629367,-8.425532057134,0.));
#4738=CARTESIAN_POINT('',(-4.38596831897405,-8.59654212879699,-0.45));
#4739=CARTESIAN_POINT('',(-4.47279240780762,-8.10413825229103,-0.45));
#4740=CARTESIAN_POINT('Origin',(-4.855814629367,-8.425532057134,-0.45));
#4741=CARTESIAN_POINT('',(-4.47279240780762,-8.10413825229103,0.45));
#4742=CARTESIAN_POINT('',(-4.47279240780759,-8.10413825229066,0.));
#4743=CARTESIAN_POINT('',(-4.38596831897405,-8.59654212879699,0.45));
#4744=CARTESIAN_POINT('Origin',(-4.855814629367,-8.425532057134,0.45));
#4745=CARTESIAN_POINT('',(-4.38596831897409,-8.59654212879697,0.));
#4746=CARTESIAN_POINT('Origin',(-4.794179166141,-9.718092213764,0.));
#4747=CARTESIAN_POINT('',(-4.84548218763982,-9.85904610688196,0.259807621135358));
#4748=CARTESIAN_POINT('',(-4.84548218763981,-9.85904610688195,-0.259807621135332));
#4749=CARTESIAN_POINT('Origin',(-4.79417916614109,-9.71809221376397,0.));
#4750=CARTESIAN_POINT('',(-5.033420711797,-9.79064207821686,0.259807621135368));
#4751=CARTESIAN_POINT('',(-4.84548218764,-9.859046106882,0.2598076211353));
#4752=CARTESIAN_POINT('',(-5.03342071179695,-9.79064207821685,-0.259807621135312));
#4753=CARTESIAN_POINT('Origin',(-4.98211769029807,-9.6496881850989,0.));
#4754=CARTESIAN_POINT('',(-5.03342071179698,-9.79064207821694,-0.25980762113518));
#4755=CARTESIAN_POINT('Ctrl Pts',(6.21613601733159,0.,2.958734125));
#4756=CARTESIAN_POINT('Ctrl Pts',(6.15363601733159,1.22554780203109,2.958734125));
#4757=CARTESIAN_POINT('Ctrl Pts',(6.09113601733159,2.09214096351555,2.09214096351555));
#4758=CARTESIAN_POINT('Ctrl Pts',(6.02863601733159,2.958734125,1.22554780203109));
#4759=CARTESIAN_POINT('Ctrl Pts',(5.96613601733159,2.958734125,1.81170213785465E-16));
#4760=CARTESIAN_POINT('Ctrl Pts',(5.90363601733159,2.958734125,-1.22554780203109));
#4761=CARTESIAN_POINT('Ctrl Pts',(5.84113601733159,2.09214096351555,-2.09214096351555));
#4762=CARTESIAN_POINT('Ctrl Pts',(5.77863601733159,1.22554780203109,-2.958734125));
#4763=CARTESIAN_POINT('Ctrl Pts',(5.71613601733159,3.6234042757093E-16,
-2.958734125));
#4764=CARTESIAN_POINT('Ctrl Pts',(5.65363601733159,-1.22554780203109,-2.958734125));
#4765=CARTESIAN_POINT('Ctrl Pts',(5.59113601733159,-2.09214096351555,-2.09214096351555));
#4766=CARTESIAN_POINT('Ctrl Pts',(5.52863601733159,-2.958734125,-1.22554780203109));
#4767=CARTESIAN_POINT('Ctrl Pts',(5.46613601733159,-2.958734125,-5.43510641356394E-16));
#4768=CARTESIAN_POINT('Ctrl Pts',(5.40363601733159,-2.958734125,1.22554780203109));
#4769=CARTESIAN_POINT('Ctrl Pts',(5.34113601733159,-2.09214096351555,2.09214096351555));
#4770=CARTESIAN_POINT('Ctrl Pts',(5.27863601733159,-1.22554780203109,2.958734125));
#4771=CARTESIAN_POINT('Ctrl Pts',(5.21613601733159,0.,2.958734125));
#4772=CARTESIAN_POINT('Ctrl Pts',(5.15363601733159,1.22554780203109,2.958734125));
#4773=CARTESIAN_POINT('Ctrl Pts',(5.09113601733159,2.09214096351555,2.09214096351555));
#4774=CARTESIAN_POINT('Ctrl Pts',(5.02863601733159,2.958734125,1.22554780203109));
#4775=CARTESIAN_POINT('Ctrl Pts',(4.96613601733159,2.958734125,1.81170213785465E-16));
#4776=CARTESIAN_POINT('Ctrl Pts',(4.90363601733159,2.958734125,-1.22554780203109));
#4777=CARTESIAN_POINT('Ctrl Pts',(4.84113601733159,2.09214096351555,-2.09214096351555));
#4778=CARTESIAN_POINT('Ctrl Pts',(4.77863601733159,1.22554780203109,-2.958734125));
#4779=CARTESIAN_POINT('Ctrl Pts',(4.71613601733159,3.6234042757093E-16,
-2.958734125));
#4780=CARTESIAN_POINT('Ctrl Pts',(4.65363601733159,-1.22554780203109,-2.958734125));
#4781=CARTESIAN_POINT('Ctrl Pts',(4.59113601733159,-2.09214096351555,-2.09214096351555));
#4782=CARTESIAN_POINT('Ctrl Pts',(4.52863601733159,-2.958734125,-1.22554780203109));
#4783=CARTESIAN_POINT('Ctrl Pts',(4.46613601733159,-2.958734125,-5.43510641356394E-16));
#4784=CARTESIAN_POINT('Ctrl Pts',(4.40363601733159,-2.958734125,1.22554780203109));
#4785=CARTESIAN_POINT('Ctrl Pts',(4.34113601733159,-2.09214096351555,2.09214096351555));
#4786=CARTESIAN_POINT('Ctrl Pts',(4.27863601733159,-1.22554780203109,2.958734125));
#4787=CARTESIAN_POINT('Ctrl Pts',(4.21613601733159,0.,2.958734125));
#4788=CARTESIAN_POINT('Ctrl Pts',(4.15363601733159,1.22554780203109,2.958734125));
#4789=CARTESIAN_POINT('Ctrl Pts',(4.09113601733159,2.09214096351555,2.09214096351555));
#4790=CARTESIAN_POINT('Ctrl Pts',(4.02863601733159,2.958734125,1.22554780203109));
#4791=CARTESIAN_POINT('Ctrl Pts',(3.96613601733159,2.958734125,1.81170213785465E-16));
#4792=CARTESIAN_POINT('Ctrl Pts',(3.90363601733159,2.958734125,-1.22554780203109));
#4793=CARTESIAN_POINT('Ctrl Pts',(3.84113601733159,2.09214096351555,-2.09214096351555));
#4794=CARTESIAN_POINT('Ctrl Pts',(3.77863601733159,1.22554780203109,-2.958734125));
#4795=CARTESIAN_POINT('Ctrl Pts',(3.71613601733159,3.6234042757093E-16,
-2.958734125));
#4796=CARTESIAN_POINT('Ctrl Pts',(3.65363601733159,-1.22554780203109,-2.958734125));
#4797=CARTESIAN_POINT('Ctrl Pts',(3.59113601733159,-2.09214096351555,-2.09214096351555));
#4798=CARTESIAN_POINT('Ctrl Pts',(3.52863601733159,-2.958734125,-1.22554780203109));
#4799=CARTESIAN_POINT('Ctrl Pts',(3.46613601733159,-2.958734125,-5.43510641356394E-16));
#4800=CARTESIAN_POINT('Ctrl Pts',(3.40363601733159,-2.958734125,1.22554780203109));
#4801=CARTESIAN_POINT('Ctrl Pts',(3.34113601733159,-2.09214096351555,2.09214096351555));
#4802=CARTESIAN_POINT('Ctrl Pts',(3.27863601733159,-1.22554780203109,2.958734125));
#4803=CARTESIAN_POINT('Ctrl Pts',(3.21613601733159,0.,2.958734125));
#4804=CARTESIAN_POINT('Ctrl Pts',(3.15363601733159,1.22554780203109,2.958734125));
#4805=CARTESIAN_POINT('Ctrl Pts',(3.09113601733159,2.09214096351555,2.09214096351555));
#4806=CARTESIAN_POINT('Ctrl Pts',(3.02863601733159,2.958734125,1.22554780203109));
#4807=CARTESIAN_POINT('Ctrl Pts',(2.96613601733159,2.958734125,1.81170213785465E-16));
#4808=CARTESIAN_POINT('Ctrl Pts',(2.90363601733159,2.958734125,-1.22554780203109));
#4809=CARTESIAN_POINT('Ctrl Pts',(2.84113601733159,2.09214096351555,-2.09214096351555));
#4810=CARTESIAN_POINT('Ctrl Pts',(2.77863601733159,1.22554780203109,-2.958734125));
#4811=CARTESIAN_POINT('Ctrl Pts',(2.71613601733159,3.6234042757093E-16,
-2.958734125));
#4812=CARTESIAN_POINT('Ctrl Pts',(2.65363601733159,-1.22554780203109,-2.958734125));
#4813=CARTESIAN_POINT('Ctrl Pts',(2.59113601733159,-2.09214096351555,-2.09214096351555));
#4814=CARTESIAN_POINT('Ctrl Pts',(2.52863601733159,-2.958734125,-1.22554780203109));
#4815=CARTESIAN_POINT('Ctrl Pts',(2.46613601733159,-2.958734125,-5.43510641356394E-16));
#4816=CARTESIAN_POINT('Ctrl Pts',(2.40363601733159,-2.958734125,1.22554780203109));
#4817=CARTESIAN_POINT('Ctrl Pts',(2.34113601733159,-2.09214096351555,2.09214096351555));
#4818=CARTESIAN_POINT('Ctrl Pts',(2.27863601733159,-1.22554780203109,2.958734125));
#4819=CARTESIAN_POINT('Ctrl Pts',(2.21613601733159,0.,2.958734125));
#4820=CARTESIAN_POINT('Ctrl Pts',(2.15363601733159,1.22554780203109,2.958734125));
#4821=CARTESIAN_POINT('Ctrl Pts',(2.09113601733159,2.09214096351555,2.09214096351555));
#4822=CARTESIAN_POINT('Ctrl Pts',(2.02863601733159,2.958734125,1.22554780203109));
#4823=CARTESIAN_POINT('Ctrl Pts',(1.96613601733159,2.958734125,1.81170213785465E-16));
#4824=CARTESIAN_POINT('Ctrl Pts',(1.90363601733159,2.958734125,-1.22554780203109));
#4825=CARTESIAN_POINT('Ctrl Pts',(1.84113601733159,2.09214096351555,-2.09214096351555));
#4826=CARTESIAN_POINT('Ctrl Pts',(1.77863601733159,1.22554780203109,-2.958734125));
#4827=CARTESIAN_POINT('Ctrl Pts',(1.71613601733159,3.6234042757093E-16,
-2.958734125));
#4828=CARTESIAN_POINT('Ctrl Pts',(1.65363601733159,-1.22554780203109,-2.958734125));
#4829=CARTESIAN_POINT('Ctrl Pts',(1.59113601733159,-2.09214096351555,-2.09214096351555));
#4830=CARTESIAN_POINT('Ctrl Pts',(1.52863601733159,-2.958734125,-1.22554780203109));
#4831=CARTESIAN_POINT('Ctrl Pts',(1.46613601733159,-2.958734125,-5.43510641356394E-16));
#4832=CARTESIAN_POINT('Ctrl Pts',(1.40363601733159,-2.958734125,1.22554780203109));
#4833=CARTESIAN_POINT('Ctrl Pts',(1.34113601733159,-2.09214096351555,2.09214096351555));
#4834=CARTESIAN_POINT('Ctrl Pts',(1.27863601733159,-1.22554780203109,2.958734125));
#4835=CARTESIAN_POINT('Ctrl Pts',(1.21613601733159,0.,2.958734125));
#4836=CARTESIAN_POINT('Ctrl Pts',(1.15363601733159,1.22554780203109,2.958734125));
#4837=CARTESIAN_POINT('Ctrl Pts',(1.09113601733159,2.09214096351555,2.09214096351555));
#4838=CARTESIAN_POINT('Ctrl Pts',(1.02863601733159,2.958734125,1.22554780203109));
#4839=CARTESIAN_POINT('Ctrl Pts',(0.966136017331593,2.958734125,1.81170213785465E-16));
#4840=CARTESIAN_POINT('Ctrl Pts',(0.903636017331593,2.958734125,-1.22554780203109));
#4841=CARTESIAN_POINT('Ctrl Pts',(0.841136017331593,2.09214096351555,-2.09214096351555));
#4842=CARTESIAN_POINT('Ctrl Pts',(0.778636017331593,1.22554780203109,-2.958734125));
#4843=CARTESIAN_POINT('Ctrl Pts',(0.716136017331594,3.6234042757093E-16,
-2.958734125));
#4844=CARTESIAN_POINT('Ctrl Pts',(0.653636017331594,-1.22554780203109,-2.958734125));
#4845=CARTESIAN_POINT('Ctrl Pts',(0.591136017331594,-2.09214096351555,-2.09214096351555));
#4846=CARTESIAN_POINT('Ctrl Pts',(0.528636017331594,-2.958734125,-1.22554780203109));
#4847=CARTESIAN_POINT('Ctrl Pts',(0.466136017331593,-2.958734125,-5.43510641356394E-16));
#4848=CARTESIAN_POINT('Ctrl Pts',(0.403636017331593,-2.958734125,1.22554780203109));
#4849=CARTESIAN_POINT('Ctrl Pts',(0.341136017331593,-2.09214096351555,2.09214096351555));
#4850=CARTESIAN_POINT('Ctrl Pts',(0.278636017331593,-1.22554780203109,2.958734125));
#4851=CARTESIAN_POINT('Ctrl Pts',(0.216136017331593,0.,2.958734125));
#4852=CARTESIAN_POINT('Ctrl Pts',(0.153636017331593,1.22554780203109,2.958734125));
#4853=CARTESIAN_POINT('Ctrl Pts',(0.0911360173315931,2.09214096351555,2.09214096351555));
#4854=CARTESIAN_POINT('Ctrl Pts',(0.028636017331593,2.958734125,1.22554780203109));
#4855=CARTESIAN_POINT('Ctrl Pts',(-0.033863982668407,2.958734125,1.81170213785465E-16));
#4856=CARTESIAN_POINT('Ctrl Pts',(-0.0963639826684071,2.958734125,-1.22554780203109));
#4857=CARTESIAN_POINT('Ctrl Pts',(-0.158863982668407,2.09214096351555,-2.09214096351555));
#4858=CARTESIAN_POINT('Ctrl Pts',(-0.221363982668407,1.22554780203109,-2.958734125));
#4859=CARTESIAN_POINT('Ctrl Pts',(-0.283863982668407,3.6234042757093E-16,
-2.958734125));
#4860=CARTESIAN_POINT('Ctrl Pts',(6.528636015966,0.,3.5));
#4861=CARTESIAN_POINT('Ctrl Pts',(6.466136015966,1.44974746830583,3.5));
#4862=CARTESIAN_POINT('Ctrl Pts',(6.403636015966,2.47487373415292,2.47487373415292));
#4863=CARTESIAN_POINT('Ctrl Pts',(6.341136015966,3.5,1.44974746830583));
#4864=CARTESIAN_POINT('Ctrl Pts',(6.278636015966,3.5,2.14313189850787E-16));
#4865=CARTESIAN_POINT('Ctrl Pts',(6.216136015966,3.5,-1.44974746830583));
#4866=CARTESIAN_POINT('Ctrl Pts',(6.153636015966,2.47487373415292,-2.47487373415292));
#4867=CARTESIAN_POINT('Ctrl Pts',(6.091136015966,1.44974746830583,-3.5));
#4868=CARTESIAN_POINT('Ctrl Pts',(6.028636015966,4.28626379701574E-16,-3.5));
#4869=CARTESIAN_POINT('Ctrl Pts',(5.966136015966,-1.44974746830583,-3.5));
#4870=CARTESIAN_POINT('Ctrl Pts',(5.903636015966,-2.47487373415292,-2.47487373415292));
#4871=CARTESIAN_POINT('Ctrl Pts',(5.841136015966,-3.5,-1.44974746830584));
#4872=CARTESIAN_POINT('Ctrl Pts',(5.778636015966,-3.5,-6.4293956955236E-16));
#4873=CARTESIAN_POINT('Ctrl Pts',(5.716136015966,-3.5,1.44974746830583));
#4874=CARTESIAN_POINT('Ctrl Pts',(5.653636015966,-2.47487373415292,2.47487373415292));
#4875=CARTESIAN_POINT('Ctrl Pts',(5.591136015966,-1.44974746830584,3.5));
#4876=CARTESIAN_POINT('Ctrl Pts',(5.528636015966,0.,3.5));
#4877=CARTESIAN_POINT('Ctrl Pts',(5.466136015966,1.44974746830583,3.5));
#4878=CARTESIAN_POINT('Ctrl Pts',(5.403636015966,2.47487373415292,2.47487373415292));
#4879=CARTESIAN_POINT('Ctrl Pts',(5.341136015966,3.5,1.44974746830583));
#4880=CARTESIAN_POINT('Ctrl Pts',(5.278636015966,3.5,2.14313189850787E-16));
#4881=CARTESIAN_POINT('Ctrl Pts',(5.216136015966,3.5,-1.44974746830583));
#4882=CARTESIAN_POINT('Ctrl Pts',(5.153636015966,2.47487373415292,-2.47487373415292));
#4883=CARTESIAN_POINT('Ctrl Pts',(5.091136015966,1.44974746830583,-3.5));
#4884=CARTESIAN_POINT('Ctrl Pts',(5.028636015966,4.28626379701574E-16,-3.5));
#4885=CARTESIAN_POINT('Ctrl Pts',(4.966136015966,-1.44974746830583,-3.5));
#4886=CARTESIAN_POINT('Ctrl Pts',(4.903636015966,-2.47487373415292,-2.47487373415292));
#4887=CARTESIAN_POINT('Ctrl Pts',(4.841136015966,-3.5,-1.44974746830584));
#4888=CARTESIAN_POINT('Ctrl Pts',(4.778636015966,-3.5,-6.4293956955236E-16));
#4889=CARTESIAN_POINT('Ctrl Pts',(4.716136015966,-3.5,1.44974746830583));
#4890=CARTESIAN_POINT('Ctrl Pts',(4.653636015966,-2.47487373415292,2.47487373415292));
#4891=CARTESIAN_POINT('Ctrl Pts',(4.591136015966,-1.44974746830584,3.5));
#4892=CARTESIAN_POINT('Ctrl Pts',(4.528636015966,0.,3.5));
#4893=CARTESIAN_POINT('Ctrl Pts',(4.466136015966,1.44974746830583,3.5));
#4894=CARTESIAN_POINT('Ctrl Pts',(4.403636015966,2.47487373415292,2.47487373415292));
#4895=CARTESIAN_POINT('Ctrl Pts',(4.341136015966,3.5,1.44974746830583));
#4896=CARTESIAN_POINT('Ctrl Pts',(4.278636015966,3.5,2.14313189850787E-16));
#4897=CARTESIAN_POINT('Ctrl Pts',(4.216136015966,3.5,-1.44974746830583));
#4898=CARTESIAN_POINT('Ctrl Pts',(4.153636015966,2.47487373415292,-2.47487373415292));
#4899=CARTESIAN_POINT('Ctrl Pts',(4.091136015966,1.44974746830583,-3.5));
#4900=CARTESIAN_POINT('Ctrl Pts',(4.028636015966,4.28626379701574E-16,-3.5));
#4901=CARTESIAN_POINT('Ctrl Pts',(3.966136015966,-1.44974746830583,-3.5));
#4902=CARTESIAN_POINT('Ctrl Pts',(3.903636015966,-2.47487373415292,-2.47487373415292));
#4903=CARTESIAN_POINT('Ctrl Pts',(3.841136015966,-3.5,-1.44974746830584));
#4904=CARTESIAN_POINT('Ctrl Pts',(3.778636015966,-3.5,-6.4293956955236E-16));
#4905=CARTESIAN_POINT('Ctrl Pts',(3.716136015966,-3.5,1.44974746830583));
#4906=CARTESIAN_POINT('Ctrl Pts',(3.653636015966,-2.47487373415292,2.47487373415292));
#4907=CARTESIAN_POINT('Ctrl Pts',(3.591136015966,-1.44974746830584,3.5));
#4908=CARTESIAN_POINT('Ctrl Pts',(3.528636015966,0.,3.5));
#4909=CARTESIAN_POINT('Ctrl Pts',(3.466136015966,1.44974746830583,3.5));
#4910=CARTESIAN_POINT('Ctrl Pts',(3.403636015966,2.47487373415292,2.47487373415292));
#4911=CARTESIAN_POINT('Ctrl Pts',(3.341136015966,3.5,1.44974746830583));
#4912=CARTESIAN_POINT('Ctrl Pts',(3.278636015966,3.5,2.14313189850787E-16));
#4913=CARTESIAN_POINT('Ctrl Pts',(3.216136015966,3.5,-1.44974746830583));
#4914=CARTESIAN_POINT('Ctrl Pts',(3.153636015966,2.47487373415292,-2.47487373415292));
#4915=CARTESIAN_POINT('Ctrl Pts',(3.091136015966,1.44974746830583,-3.5));
#4916=CARTESIAN_POINT('Ctrl Pts',(3.028636015966,4.28626379701574E-16,-3.5));
#4917=CARTESIAN_POINT('Ctrl Pts',(2.966136015966,-1.44974746830583,-3.5));
#4918=CARTESIAN_POINT('Ctrl Pts',(2.903636015966,-2.47487373415292,-2.47487373415292));
#4919=CARTESIAN_POINT('Ctrl Pts',(2.841136015966,-3.5,-1.44974746830584));
#4920=CARTESIAN_POINT('Ctrl Pts',(2.778636015966,-3.5,-6.4293956955236E-16));
#4921=CARTESIAN_POINT('Ctrl Pts',(2.716136015966,-3.5,1.44974746830583));
#4922=CARTESIAN_POINT('Ctrl Pts',(2.653636015966,-2.47487373415292,2.47487373415292));
#4923=CARTESIAN_POINT('Ctrl Pts',(2.591136015966,-1.44974746830584,3.5));
#4924=CARTESIAN_POINT('Ctrl Pts',(2.528636015966,0.,3.5));
#4925=CARTESIAN_POINT('Ctrl Pts',(2.466136015966,1.44974746830583,3.5));
#4926=CARTESIAN_POINT('Ctrl Pts',(2.403636015966,2.47487373415292,2.47487373415292));
#4927=CARTESIAN_POINT('Ctrl Pts',(2.341136015966,3.5,1.44974746830583));
#4928=CARTESIAN_POINT('Ctrl Pts',(2.278636015966,3.5,2.14313189850787E-16));
#4929=CARTESIAN_POINT('Ctrl Pts',(2.216136015966,3.5,-1.44974746830583));
#4930=CARTESIAN_POINT('Ctrl Pts',(2.153636015966,2.47487373415292,-2.47487373415292));
#4931=CARTESIAN_POINT('Ctrl Pts',(2.091136015966,1.44974746830583,-3.5));
#4932=CARTESIAN_POINT('Ctrl Pts',(2.028636015966,4.28626379701574E-16,-3.5));
#4933=CARTESIAN_POINT('Ctrl Pts',(1.966136015966,-1.44974746830583,-3.5));
#4934=CARTESIAN_POINT('Ctrl Pts',(1.903636015966,-2.47487373415292,-2.47487373415292));
#4935=CARTESIAN_POINT('Ctrl Pts',(1.841136015966,-3.5,-1.44974746830584));
#4936=CARTESIAN_POINT('Ctrl Pts',(1.778636015966,-3.5,-6.4293956955236E-16));
#4937=CARTESIAN_POINT('Ctrl Pts',(1.716136015966,-3.5,1.44974746830583));
#4938=CARTESIAN_POINT('Ctrl Pts',(1.653636015966,-2.47487373415292,2.47487373415292));
#4939=CARTESIAN_POINT('Ctrl Pts',(1.591136015966,-1.44974746830584,3.5));
#4940=CARTESIAN_POINT('Ctrl Pts',(1.528636015966,0.,3.5));
#4941=CARTESIAN_POINT('Ctrl Pts',(1.466136015966,1.44974746830583,3.5));
#4942=CARTESIAN_POINT('Ctrl Pts',(1.403636015966,2.47487373415292,2.47487373415292));
#4943=CARTESIAN_POINT('Ctrl Pts',(1.341136015966,3.5,1.44974746830583));
#4944=CARTESIAN_POINT('Ctrl Pts',(1.278636015966,3.5,2.14313189850787E-16));
#4945=CARTESIAN_POINT('Ctrl Pts',(1.216136015966,3.5,-1.44974746830583));
#4946=CARTESIAN_POINT('Ctrl Pts',(1.153636015966,2.47487373415292,-2.47487373415292));
#4947=CARTESIAN_POINT('Ctrl Pts',(1.091136015966,1.44974746830583,-3.5));
#4948=CARTESIAN_POINT('Ctrl Pts',(1.028636015966,4.28626379701574E-16,-3.5));
#4949=CARTESIAN_POINT('Ctrl Pts',(0.966136015966001,-1.44974746830583,-3.5));
#4950=CARTESIAN_POINT('Ctrl Pts',(0.903636015966001,-2.47487373415292,-2.47487373415292));
#4951=CARTESIAN_POINT('Ctrl Pts',(0.841136015966,-3.5,-1.44974746830584));
#4952=CARTESIAN_POINT('Ctrl Pts',(0.778636015966,-3.5,-6.4293956955236E-16));
#4953=CARTESIAN_POINT('Ctrl Pts',(0.716136015966,-3.5,1.44974746830583));
#4954=CARTESIAN_POINT('Ctrl Pts',(0.653636015966,-2.47487373415292,2.47487373415292));
#4955=CARTESIAN_POINT('Ctrl Pts',(0.591136015966,-1.44974746830584,3.5));
#4956=CARTESIAN_POINT('Ctrl Pts',(0.528636015966,0.,3.5));
#4957=CARTESIAN_POINT('Ctrl Pts',(0.466136015966,1.44974746830583,3.5));
#4958=CARTESIAN_POINT('Ctrl Pts',(0.403636015966,2.47487373415292,2.47487373415292));
#4959=CARTESIAN_POINT('Ctrl Pts',(0.341136015966,3.5,1.44974746830583));
#4960=CARTESIAN_POINT('Ctrl Pts',(0.278636015966,3.5,2.14313189850787E-16));
#4961=CARTESIAN_POINT('Ctrl Pts',(0.216136015966,3.5,-1.44974746830583));
#4962=CARTESIAN_POINT('Ctrl Pts',(0.153636015966,2.47487373415292,-2.47487373415292));
#4963=CARTESIAN_POINT('Ctrl Pts',(0.0911360159659997,1.44974746830583,-3.5));
#4964=CARTESIAN_POINT('Ctrl Pts',(0.0286360159659996,4.28626379701574E-16,
-3.5));
#4965=CARTESIAN_POINT('',(0.0286360159659501,2.73351390969785,1.13225850755378));
#4966=CARTESIAN_POINT('',(-0.283863982668407,3.6234042757093E-16,-2.958734125));
#4967=CARTESIAN_POINT('Ctrl Pts',(0.0286360159659501,2.73351390969785,1.13225850755378));
#4968=CARTESIAN_POINT('Ctrl Pts',(-0.00385042488347997,2.958734125,0.588528796391208));
#4969=CARTESIAN_POINT('Ctrl Pts',(-0.033863982668407,2.958734125,1.81170213785465E-16));
#4970=CARTESIAN_POINT('Ctrl Pts',(-0.0963639826684071,2.958734125,-1.22554780203109));
#4971=CARTESIAN_POINT('Ctrl Pts',(-0.158863982668407,2.09214096351555,-2.09214096351555));
#4972=CARTESIAN_POINT('Ctrl Pts',(-0.221363982668407,1.22554780203109,-2.958734125));
#4973=CARTESIAN_POINT('Ctrl Pts',(-0.283863982668407,3.6234042757093E-16,
-2.958734125));
#4974=CARTESIAN_POINT('',(0.0286360159659996,4.28626379701574E-16,-3.5));
#4975=CARTESIAN_POINT('Ctrl Pts',(0.0286360159659501,2.73351390969785,1.13225850755378));
#4976=CARTESIAN_POINT('Ctrl Pts',(0.0286360159659501,2.84619216557769,0.9199961771392));
#4977=CARTESIAN_POINT('Ctrl Pts',(0.0286360159659508,2.93246264764488,0.694757100875491));
#4978=CARTESIAN_POINT('Ctrl Pts',(0.0286360159659508,3.04996877188089,0.22216325446666));
#4979=CARTESIAN_POINT('Ctrl Pts',(0.0286360160564932,3.0810527443913,-0.0295469856621034));
#4980=CARTESIAN_POINT('Ctrl Pts',(0.0286360160564932,3.07650705095924,-0.470395064557062));
#4981=CARTESIAN_POINT('Ctrl Pts',(0.0286360159659509,3.06122411026185,-0.638996401778263));
#4982=CARTESIAN_POINT('Ctrl Pts',(0.0286360159659509,2.96514232215344,-1.19696985700111));
#4983=CARTESIAN_POINT('Ctrl Pts',(0.0286360159659494,2.824631919114,-1.57211818673029));
#4984=CARTESIAN_POINT('Ctrl Pts',(0.0286360159659494,2.35468394039031,-2.34553734828851));
#4985=CARTESIAN_POINT('Ctrl Pts',(0.0286360159659497,2.03026241454793,-2.6457366539908));
#4986=CARTESIAN_POINT('Ctrl Pts',(0.0286360159659497,1.51407004617872,-3.02851936117565));
#4987=CARTESIAN_POINT('Ctrl Pts',(0.02863601596595,1.24128863676915,-3.17786012969975));
#4988=CARTESIAN_POINT('Ctrl Pts',(0.02863601596595,0.646564118517786,-3.40428384141223));
#4989=CARTESIAN_POINT('Ctrl Pts',(0.0286360159659501,0.325908887714599,
-3.47566426375529));
#4990=CARTESIAN_POINT('Ctrl Pts',(0.0286360159659501,-5.27355936696949E-15,
-3.49999999999991));
#4991=CARTESIAN_POINT('',(0.0286360159659996,4.28626379701574E-16,-3.5));
#4992=CARTESIAN_POINT('Origin',(-0.0494889836926021,4.12054891668913E-16,
-3.36468353125));
#4993=CARTESIAN_POINT('',(-0.846363981302813,4.28626379701574E-16,-3.5));
#4994=CARTESIAN_POINT('',(-0.0494889836926021,4.28626379701574E-16,-3.5));
#4995=CARTESIAN_POINT('',(-0.533863982668408,3.62340427570929E-16,-2.958734125));
#4996=CARTESIAN_POINT('',(-0.533863982668408,3.62340427570929E-16,-2.958734125));
#4997=CARTESIAN_POINT('',(-0.283863982668407,3.6234042757093E-16,-2.958734125));
#4998=CARTESIAN_POINT('Origin',(6.0911360173316,1.69495470422136E-15,8.88178419700125E-15));
#4999=CARTESIAN_POINT('',(0.0286360159659497,-1.13225850755377,2.73351390969785));
#5000=CARTESIAN_POINT('Ctrl Pts',(0.0286360159659497,-1.13225850755378,
2.73351390969785));
#5001=CARTESIAN_POINT('Ctrl Pts',(-0.00385042488348015,-0.588528796391205,
2.958734125));
#5002=CARTESIAN_POINT('Ctrl Pts',(-0.033863982668407,0.,2.958734125));
#5003=CARTESIAN_POINT('Ctrl Pts',(-0.0963639826684071,1.22554780203109,
2.958734125));
#5004=CARTESIAN_POINT('Ctrl Pts',(-0.158863982668407,2.09214096351555,2.09214096351555));
#5005=CARTESIAN_POINT('Ctrl Pts',(-0.221363982668407,2.958734125,1.22554780203109));
#5006=CARTESIAN_POINT('Ctrl Pts',(-0.283863982668407,2.958734125,1.81170213785465E-16));
#5007=CARTESIAN_POINT('Ctrl Pts',(-0.346363982668407,2.958734125,-1.22554780203109));
#5008=CARTESIAN_POINT('Ctrl Pts',(-0.408863982668407,2.09214096351555,-2.09214096351555));
#5009=CARTESIAN_POINT('Ctrl Pts',(-0.471363982668407,1.22554780203109,-2.958734125));
#5010=CARTESIAN_POINT('Ctrl Pts',(-0.533863982668408,3.62340427570929E-16,
-2.958734125));
#5011=CARTESIAN_POINT('Origin',(0.0286360159659496,0.,-5.55111512312578E-16));
#5012=CARTESIAN_POINT('Ctrl Pts',(6.58868818557923,-1.39296769380893,3.5));
#5013=CARTESIAN_POINT('Ctrl Pts',(6.55866210077262,-0.696483846904463,3.5));
#5014=CARTESIAN_POINT('Ctrl Pts',(6.528636015966,0.,3.5));
#5015=CARTESIAN_POINT('Ctrl Pts',(6.466136015966,1.44974746830583,3.5));
#5016=CARTESIAN_POINT('Ctrl Pts',(6.403636015966,2.47487373415292,2.47487373415292));
#5017=CARTESIAN_POINT('Ctrl Pts',(6.341136015966,3.5,1.44974746830583));
#5018=CARTESIAN_POINT('Ctrl Pts',(6.278636015966,3.5,2.14313189850787E-16));
#5019=CARTESIAN_POINT('Ctrl Pts',(6.216136015966,3.5,-1.44974746830583));
#5020=CARTESIAN_POINT('Ctrl Pts',(6.153636015966,2.47487373415292,-2.47487373415292));
#5021=CARTESIAN_POINT('Ctrl Pts',(6.091136015966,1.44974746830583,-3.5));
#5022=CARTESIAN_POINT('Ctrl Pts',(6.028636015966,4.28626379701574E-16,-3.5));
#5023=CARTESIAN_POINT('Ctrl Pts',(5.966136015966,-1.44974746830583,-3.5));
#5024=CARTESIAN_POINT('Ctrl Pts',(5.903636015966,-2.47487373415292,-2.47487373415292));
#5025=CARTESIAN_POINT('Ctrl Pts',(5.841136015966,-3.5,-1.44974746830584));
#5026=CARTESIAN_POINT('Ctrl Pts',(5.778636015966,-3.5,-6.4293956955236E-16));
#5027=CARTESIAN_POINT('Ctrl Pts',(5.716136015966,-3.5,1.44974746830583));
#5028=CARTESIAN_POINT('Ctrl Pts',(5.653636015966,-2.47487373415292,2.47487373415292));
#5029=CARTESIAN_POINT('Ctrl Pts',(5.591136015966,-1.44974746830584,3.5));
#5030=CARTESIAN_POINT('Ctrl Pts',(5.528636015966,0.,3.5));
#5031=CARTESIAN_POINT('Ctrl Pts',(5.466136015966,1.44974746830583,3.5));
#5032=CARTESIAN_POINT('Ctrl Pts',(5.403636015966,2.47487373415292,2.47487373415292));
#5033=CARTESIAN_POINT('Ctrl Pts',(5.341136015966,3.5,1.44974746830583));
#5034=CARTESIAN_POINT('Ctrl Pts',(5.278636015966,3.5,2.14313189850787E-16));
#5035=CARTESIAN_POINT('Ctrl Pts',(5.216136015966,3.5,-1.44974746830583));
#5036=CARTESIAN_POINT('Ctrl Pts',(5.153636015966,2.47487373415292,-2.47487373415292));
#5037=CARTESIAN_POINT('Ctrl Pts',(5.091136015966,1.44974746830583,-3.5));
#5038=CARTESIAN_POINT('Ctrl Pts',(5.028636015966,4.28626379701574E-16,-3.5));
#5039=CARTESIAN_POINT('Ctrl Pts',(4.966136015966,-1.44974746830583,-3.5));
#5040=CARTESIAN_POINT('Ctrl Pts',(4.903636015966,-2.47487373415292,-2.47487373415292));
#5041=CARTESIAN_POINT('Ctrl Pts',(4.841136015966,-3.5,-1.44974746830584));
#5042=CARTESIAN_POINT('Ctrl Pts',(4.778636015966,-3.5,-6.4293956955236E-16));
#5043=CARTESIAN_POINT('Ctrl Pts',(4.716136015966,-3.5,1.44974746830583));
#5044=CARTESIAN_POINT('Ctrl Pts',(4.653636015966,-2.47487373415292,2.47487373415292));
#5045=CARTESIAN_POINT('Ctrl Pts',(4.591136015966,-1.44974746830584,3.5));
#5046=CARTESIAN_POINT('Ctrl Pts',(4.528636015966,0.,3.5));
#5047=CARTESIAN_POINT('Ctrl Pts',(4.466136015966,1.44974746830583,3.5));
#5048=CARTESIAN_POINT('Ctrl Pts',(4.403636015966,2.47487373415292,2.47487373415292));
#5049=CARTESIAN_POINT('Ctrl Pts',(4.341136015966,3.5,1.44974746830583));
#5050=CARTESIAN_POINT('Ctrl Pts',(4.278636015966,3.5,2.14313189850787E-16));
#5051=CARTESIAN_POINT('Ctrl Pts',(4.216136015966,3.5,-1.44974746830583));
#5052=CARTESIAN_POINT('Ctrl Pts',(4.153636015966,2.47487373415292,-2.47487373415292));
#5053=CARTESIAN_POINT('Ctrl Pts',(4.091136015966,1.44974746830583,-3.5));
#5054=CARTESIAN_POINT('Ctrl Pts',(4.028636015966,4.28626379701574E-16,-3.5));
#5055=CARTESIAN_POINT('Ctrl Pts',(3.966136015966,-1.44974746830583,-3.5));
#5056=CARTESIAN_POINT('Ctrl Pts',(3.903636015966,-2.47487373415292,-2.47487373415292));
#5057=CARTESIAN_POINT('Ctrl Pts',(3.841136015966,-3.5,-1.44974746830584));
#5058=CARTESIAN_POINT('Ctrl Pts',(3.778636015966,-3.5,-6.4293956955236E-16));
#5059=CARTESIAN_POINT('Ctrl Pts',(3.716136015966,-3.5,1.44974746830583));
#5060=CARTESIAN_POINT('Ctrl Pts',(3.653636015966,-2.47487373415292,2.47487373415292));
#5061=CARTESIAN_POINT('Ctrl Pts',(3.591136015966,-1.44974746830584,3.5));
#5062=CARTESIAN_POINT('Ctrl Pts',(3.528636015966,0.,3.5));
#5063=CARTESIAN_POINT('Ctrl Pts',(3.466136015966,1.44974746830583,3.5));
#5064=CARTESIAN_POINT('Ctrl Pts',(3.403636015966,2.47487373415292,2.47487373415292));
#5065=CARTESIAN_POINT('Ctrl Pts',(3.341136015966,3.5,1.44974746830583));
#5066=CARTESIAN_POINT('Ctrl Pts',(3.278636015966,3.5,2.14313189850787E-16));
#5067=CARTESIAN_POINT('Ctrl Pts',(3.216136015966,3.5,-1.44974746830583));
#5068=CARTESIAN_POINT('Ctrl Pts',(3.153636015966,2.47487373415292,-2.47487373415292));
#5069=CARTESIAN_POINT('Ctrl Pts',(3.091136015966,1.44974746830583,-3.5));
#5070=CARTESIAN_POINT('Ctrl Pts',(3.028636015966,4.28626379701574E-16,-3.5));
#5071=CARTESIAN_POINT('Ctrl Pts',(2.966136015966,-1.44974746830583,-3.5));
#5072=CARTESIAN_POINT('Ctrl Pts',(2.903636015966,-2.47487373415292,-2.47487373415292));
#5073=CARTESIAN_POINT('Ctrl Pts',(2.841136015966,-3.5,-1.44974746830584));
#5074=CARTESIAN_POINT('Ctrl Pts',(2.778636015966,-3.5,-6.4293956955236E-16));
#5075=CARTESIAN_POINT('Ctrl Pts',(2.716136015966,-3.5,1.44974746830583));
#5076=CARTESIAN_POINT('Ctrl Pts',(2.653636015966,-2.47487373415292,2.47487373415292));
#5077=CARTESIAN_POINT('Ctrl Pts',(2.591136015966,-1.44974746830584,3.5));
#5078=CARTESIAN_POINT('Ctrl Pts',(2.528636015966,0.,3.5));
#5079=CARTESIAN_POINT('Ctrl Pts',(2.466136015966,1.44974746830583,3.5));
#5080=CARTESIAN_POINT('Ctrl Pts',(2.403636015966,2.47487373415292,2.47487373415292));
#5081=CARTESIAN_POINT('Ctrl Pts',(2.341136015966,3.5,1.44974746830583));
#5082=CARTESIAN_POINT('Ctrl Pts',(2.278636015966,3.5,2.14313189850787E-16));
#5083=CARTESIAN_POINT('Ctrl Pts',(2.216136015966,3.5,-1.44974746830583));
#5084=CARTESIAN_POINT('Ctrl Pts',(2.153636015966,2.47487373415292,-2.47487373415292));
#5085=CARTESIAN_POINT('Ctrl Pts',(2.091136015966,1.44974746830583,-3.5));
#5086=CARTESIAN_POINT('Ctrl Pts',(2.028636015966,4.28626379701574E-16,-3.5));
#5087=CARTESIAN_POINT('Ctrl Pts',(1.966136015966,-1.44974746830583,-3.5));
#5088=CARTESIAN_POINT('Ctrl Pts',(1.903636015966,-2.47487373415292,-2.47487373415292));
#5089=CARTESIAN_POINT('Ctrl Pts',(1.841136015966,-3.5,-1.44974746830584));
#5090=CARTESIAN_POINT('Ctrl Pts',(1.778636015966,-3.5,-6.4293956955236E-16));
#5091=CARTESIAN_POINT('Ctrl Pts',(1.716136015966,-3.5,1.44974746830583));
#5092=CARTESIAN_POINT('Ctrl Pts',(1.653636015966,-2.47487373415292,2.47487373415292));
#5093=CARTESIAN_POINT('Ctrl Pts',(1.591136015966,-1.44974746830584,3.5));
#5094=CARTESIAN_POINT('Ctrl Pts',(1.528636015966,0.,3.5));
#5095=CARTESIAN_POINT('Ctrl Pts',(1.466136015966,1.44974746830583,3.5));
#5096=CARTESIAN_POINT('Ctrl Pts',(1.403636015966,2.47487373415292,2.47487373415292));
#5097=CARTESIAN_POINT('Ctrl Pts',(1.341136015966,3.5,1.44974746830583));
#5098=CARTESIAN_POINT('Ctrl Pts',(1.278636015966,3.5,2.14313189850787E-16));
#5099=CARTESIAN_POINT('Ctrl Pts',(1.216136015966,3.5,-1.44974746830583));
#5100=CARTESIAN_POINT('Ctrl Pts',(1.153636015966,2.47487373415292,-2.47487373415292));
#5101=CARTESIAN_POINT('Ctrl Pts',(1.091136015966,1.44974746830583,-3.5));
#5102=CARTESIAN_POINT('Ctrl Pts',(1.028636015966,4.28626379701574E-16,-3.5));
#5103=CARTESIAN_POINT('Ctrl Pts',(0.966136015966001,-1.44974746830583,-3.5));
#5104=CARTESIAN_POINT('Ctrl Pts',(0.903636015966001,-2.47487373415292,-2.47487373415292));
#5105=CARTESIAN_POINT('Ctrl Pts',(0.841136015966,-3.5,-1.44974746830584));
#5106=CARTESIAN_POINT('Ctrl Pts',(0.778636015966,-3.5,-6.4293956955236E-16));
#5107=CARTESIAN_POINT('Ctrl Pts',(0.716136015966,-3.5,1.44974746830583));
#5108=CARTESIAN_POINT('Ctrl Pts',(0.653636015966,-2.47487373415292,2.47487373415292));
#5109=CARTESIAN_POINT('Ctrl Pts',(0.591136015966,-1.44974746830584,3.5));
#5110=CARTESIAN_POINT('Ctrl Pts',(0.528636015966,0.,3.5));
#5111=CARTESIAN_POINT('Ctrl Pts',(0.466136015966,1.44974746830583,3.5));
#5112=CARTESIAN_POINT('Ctrl Pts',(0.403636015966,2.47487373415292,2.47487373415292));
#5113=CARTESIAN_POINT('Ctrl Pts',(0.341136015966,3.5,1.44974746830583));
#5114=CARTESIAN_POINT('Ctrl Pts',(0.278636015966,3.5,2.14313189850787E-16));
#5115=CARTESIAN_POINT('Ctrl Pts',(0.216136015966,3.5,-1.44974746830583));
#5116=CARTESIAN_POINT('Ctrl Pts',(0.153636015966,2.47487373415292,-2.47487373415292));
#5117=CARTESIAN_POINT('Ctrl Pts',(0.0911360159659997,1.44974746830583,-3.5));
#5118=CARTESIAN_POINT('Ctrl Pts',(0.0286360159659996,4.28626379701574E-16,
-3.5));
#5119=CARTESIAN_POINT('Ctrl Pts',(5.71368818831042,-1.39296769380893,3.5));
#5120=CARTESIAN_POINT('Ctrl Pts',(5.6836621035038,-0.696483846904463,3.5));
#5121=CARTESIAN_POINT('Ctrl Pts',(5.65363601869719,0.,3.5));
#5122=CARTESIAN_POINT('Ctrl Pts',(5.59113601869719,1.44974746830583,3.5));
#5123=CARTESIAN_POINT('Ctrl Pts',(5.52863601869719,2.47487373415292,2.47487373415292));
#5124=CARTESIAN_POINT('Ctrl Pts',(5.46613601869719,3.5,1.44974746830583));
#5125=CARTESIAN_POINT('Ctrl Pts',(5.40363601869719,3.5,2.14313189850787E-16));
#5126=CARTESIAN_POINT('Ctrl Pts',(5.34113601869719,3.5,-1.44974746830583));
#5127=CARTESIAN_POINT('Ctrl Pts',(5.27863601869719,2.47487373415292,-2.47487373415292));
#5128=CARTESIAN_POINT('Ctrl Pts',(5.21613601869719,1.44974746830583,-3.5));
#5129=CARTESIAN_POINT('Ctrl Pts',(5.15363601869719,4.28626379701574E-16,
-3.5));
#5130=CARTESIAN_POINT('Ctrl Pts',(5.09113601869719,-1.44974746830583,-3.5));
#5131=CARTESIAN_POINT('Ctrl Pts',(5.02863601869719,-2.47487373415292,-2.47487373415292));
#5132=CARTESIAN_POINT('Ctrl Pts',(4.96613601869719,-3.5,-1.44974746830584));
#5133=CARTESIAN_POINT('Ctrl Pts',(4.90363601869719,-3.5,-6.4293956955236E-16));
#5134=CARTESIAN_POINT('Ctrl Pts',(4.84113601869719,-3.5,1.44974746830583));
#5135=CARTESIAN_POINT('Ctrl Pts',(4.77863601869719,-2.47487373415292,2.47487373415292));
#5136=CARTESIAN_POINT('Ctrl Pts',(4.71613601869719,-1.44974746830584,3.5));
#5137=CARTESIAN_POINT('Ctrl Pts',(4.65363601869719,0.,3.5));
#5138=CARTESIAN_POINT('Ctrl Pts',(4.59113601869719,1.44974746830583,3.5));
#5139=CARTESIAN_POINT('Ctrl Pts',(4.52863601869719,2.47487373415292,2.47487373415292));
#5140=CARTESIAN_POINT('Ctrl Pts',(4.46613601869719,3.5,1.44974746830583));
#5141=CARTESIAN_POINT('Ctrl Pts',(4.40363601869719,3.5,2.14313189850787E-16));
#5142=CARTESIAN_POINT('Ctrl Pts',(4.34113601869719,3.5,-1.44974746830583));
#5143=CARTESIAN_POINT('Ctrl Pts',(4.27863601869719,2.47487373415292,-2.47487373415292));
#5144=CARTESIAN_POINT('Ctrl Pts',(4.21613601869719,1.44974746830583,-3.5));
#5145=CARTESIAN_POINT('Ctrl Pts',(4.15363601869719,4.28626379701574E-16,
-3.5));
#5146=CARTESIAN_POINT('Ctrl Pts',(4.09113601869719,-1.44974746830583,-3.5));
#5147=CARTESIAN_POINT('Ctrl Pts',(4.02863601869719,-2.47487373415292,-2.47487373415292));
#5148=CARTESIAN_POINT('Ctrl Pts',(3.96613601869719,-3.5,-1.44974746830584));
#5149=CARTESIAN_POINT('Ctrl Pts',(3.90363601869719,-3.5,-6.4293956955236E-16));
#5150=CARTESIAN_POINT('Ctrl Pts',(3.84113601869719,-3.5,1.44974746830583));
#5151=CARTESIAN_POINT('Ctrl Pts',(3.77863601869719,-2.47487373415292,2.47487373415292));
#5152=CARTESIAN_POINT('Ctrl Pts',(3.71613601869719,-1.44974746830584,3.5));
#5153=CARTESIAN_POINT('Ctrl Pts',(3.65363601869719,0.,3.5));
#5154=CARTESIAN_POINT('Ctrl Pts',(3.59113601869719,1.44974746830583,3.5));
#5155=CARTESIAN_POINT('Ctrl Pts',(3.52863601869719,2.47487373415292,2.47487373415292));
#5156=CARTESIAN_POINT('Ctrl Pts',(3.46613601869719,3.5,1.44974746830583));
#5157=CARTESIAN_POINT('Ctrl Pts',(3.40363601869719,3.5,2.14313189850787E-16));
#5158=CARTESIAN_POINT('Ctrl Pts',(3.34113601869719,3.5,-1.44974746830583));
#5159=CARTESIAN_POINT('Ctrl Pts',(3.27863601869719,2.47487373415292,-2.47487373415292));
#5160=CARTESIAN_POINT('Ctrl Pts',(3.21613601869719,1.44974746830583,-3.5));
#5161=CARTESIAN_POINT('Ctrl Pts',(3.15363601869719,4.28626379701574E-16,
-3.5));
#5162=CARTESIAN_POINT('Ctrl Pts',(3.09113601869719,-1.44974746830583,-3.5));
#5163=CARTESIAN_POINT('Ctrl Pts',(3.02863601869719,-2.47487373415292,-2.47487373415292));
#5164=CARTESIAN_POINT('Ctrl Pts',(2.96613601869719,-3.5,-1.44974746830584));
#5165=CARTESIAN_POINT('Ctrl Pts',(2.90363601869719,-3.5,-6.4293956955236E-16));
#5166=CARTESIAN_POINT('Ctrl Pts',(2.84113601869719,-3.5,1.44974746830583));
#5167=CARTESIAN_POINT('Ctrl Pts',(2.77863601869719,-2.47487373415292,2.47487373415292));
#5168=CARTESIAN_POINT('Ctrl Pts',(2.71613601869719,-1.44974746830584,3.5));
#5169=CARTESIAN_POINT('Ctrl Pts',(2.65363601869719,0.,3.5));
#5170=CARTESIAN_POINT('Ctrl Pts',(2.59113601869719,1.44974746830583,3.5));
#5171=CARTESIAN_POINT('Ctrl Pts',(2.52863601869719,2.47487373415292,2.47487373415292));
#5172=CARTESIAN_POINT('Ctrl Pts',(2.46613601869719,3.5,1.44974746830583));
#5173=CARTESIAN_POINT('Ctrl Pts',(2.40363601869719,3.5,2.14313189850787E-16));
#5174=CARTESIAN_POINT('Ctrl Pts',(2.34113601869719,3.5,-1.44974746830583));
#5175=CARTESIAN_POINT('Ctrl Pts',(2.27863601869719,2.47487373415292,-2.47487373415292));
#5176=CARTESIAN_POINT('Ctrl Pts',(2.21613601869719,1.44974746830583,-3.5));
#5177=CARTESIAN_POINT('Ctrl Pts',(2.15363601869719,4.28626379701574E-16,
-3.5));
#5178=CARTESIAN_POINT('Ctrl Pts',(2.09113601869719,-1.44974746830583,-3.5));
#5179=CARTESIAN_POINT('Ctrl Pts',(2.02863601869719,-2.47487373415292,-2.47487373415292));
#5180=CARTESIAN_POINT('Ctrl Pts',(1.96613601869719,-3.5,-1.44974746830584));
#5181=CARTESIAN_POINT('Ctrl Pts',(1.90363601869719,-3.5,-6.4293956955236E-16));
#5182=CARTESIAN_POINT('Ctrl Pts',(1.84113601869719,-3.5,1.44974746830583));
#5183=CARTESIAN_POINT('Ctrl Pts',(1.77863601869719,-2.47487373415292,2.47487373415292));
#5184=CARTESIAN_POINT('Ctrl Pts',(1.71613601869719,-1.44974746830584,3.5));
#5185=CARTESIAN_POINT('Ctrl Pts',(1.65363601869719,0.,3.5));
#5186=CARTESIAN_POINT('Ctrl Pts',(1.59113601869719,1.44974746830583,3.5));
#5187=CARTESIAN_POINT('Ctrl Pts',(1.52863601869719,2.47487373415292,2.47487373415292));
#5188=CARTESIAN_POINT('Ctrl Pts',(1.46613601869719,3.5,1.44974746830583));
#5189=CARTESIAN_POINT('Ctrl Pts',(1.40363601869719,3.5,2.14313189850787E-16));
#5190=CARTESIAN_POINT('Ctrl Pts',(1.34113601869719,3.5,-1.44974746830583));
#5191=CARTESIAN_POINT('Ctrl Pts',(1.27863601869719,2.47487373415292,-2.47487373415292));
#5192=CARTESIAN_POINT('Ctrl Pts',(1.21613601869719,1.44974746830583,-3.5));
#5193=CARTESIAN_POINT('Ctrl Pts',(1.15363601869719,4.28626379701574E-16,
-3.5));
#5194=CARTESIAN_POINT('Ctrl Pts',(1.09113601869719,-1.44974746830583,-3.5));
#5195=CARTESIAN_POINT('Ctrl Pts',(1.02863601869719,-2.47487373415292,-2.47487373415292));
#5196=CARTESIAN_POINT('Ctrl Pts',(0.966136018697187,-3.5,-1.44974746830584));
#5197=CARTESIAN_POINT('Ctrl Pts',(0.903636018697187,-3.5,-6.4293956955236E-16));
#5198=CARTESIAN_POINT('Ctrl Pts',(0.841136018697187,-3.5,1.44974746830583));
#5199=CARTESIAN_POINT('Ctrl Pts',(0.778636018697187,-2.47487373415292,2.47487373415292));
#5200=CARTESIAN_POINT('Ctrl Pts',(0.716136018697187,-1.44974746830584,3.5));
#5201=CARTESIAN_POINT('Ctrl Pts',(0.653636018697187,0.,3.5));
#5202=CARTESIAN_POINT('Ctrl Pts',(0.591136018697187,1.44974746830583,3.5));
#5203=CARTESIAN_POINT('Ctrl Pts',(0.528636018697187,2.47487373415292,2.47487373415292));
#5204=CARTESIAN_POINT('Ctrl Pts',(0.466136018697187,3.5,1.44974746830583));
#5205=CARTESIAN_POINT('Ctrl Pts',(0.403636018697187,3.5,2.14313189850787E-16));
#5206=CARTESIAN_POINT('Ctrl Pts',(0.341136018697187,3.5,-1.44974746830583));
#5207=CARTESIAN_POINT('Ctrl Pts',(0.278636018697187,2.47487373415292,-2.47487373415292));
#5208=CARTESIAN_POINT('Ctrl Pts',(0.216136018697187,1.44974746830583,-3.5));
#5209=CARTESIAN_POINT('Ctrl Pts',(0.153636018697187,4.28626379701574E-16,
-3.5));
#5210=CARTESIAN_POINT('Ctrl Pts',(0.0911360186971874,-1.44974746830583,
-3.5));
#5211=CARTESIAN_POINT('Ctrl Pts',(0.0286360186971873,-2.47487373415292,
-2.47487373415292));
#5212=CARTESIAN_POINT('Ctrl Pts',(-0.0338639813028127,-3.5,-1.44974746830584));
#5213=CARTESIAN_POINT('Ctrl Pts',(-0.0963639813028128,-3.5,-6.4293956955236E-16));
#5214=CARTESIAN_POINT('Ctrl Pts',(-0.158863981302813,-3.5,1.44974746830583));
#5215=CARTESIAN_POINT('Ctrl Pts',(-0.221363981302813,-2.47487373415292,
2.47487373415292));
#5216=CARTESIAN_POINT('Ctrl Pts',(-0.283863981302813,-1.44974746830584,
3.5));
#5217=CARTESIAN_POINT('Ctrl Pts',(-0.346363981302813,0.,3.5));
#5218=CARTESIAN_POINT('Ctrl Pts',(-0.408863981302813,1.44974746830583,3.5));
#5219=CARTESIAN_POINT('Ctrl Pts',(-0.471363981302813,2.47487373415292,2.47487373415292));
#5220=CARTESIAN_POINT('Ctrl Pts',(-0.533863981302813,3.5,1.44974746830583));
#5221=CARTESIAN_POINT('Ctrl Pts',(-0.596363981302813,3.5,2.14313189850787E-16));
#5222=CARTESIAN_POINT('Ctrl Pts',(-0.658863981302813,3.5,-1.44974746830583));
#5223=CARTESIAN_POINT('Ctrl Pts',(-0.721363981302813,2.47487373415292,-2.47487373415292));
#5224=CARTESIAN_POINT('Ctrl Pts',(-0.783863981302814,1.44974746830583,-3.5));
#5225=CARTESIAN_POINT('Ctrl Pts',(-0.846363981302813,4.28626379701574E-16,
-3.5));
#5226=CARTESIAN_POINT('Ctrl Pts',(5.62618818858354,-1.39296769380893,3.5));
#5227=CARTESIAN_POINT('Ctrl Pts',(5.59616210377692,-0.696483846904463,3.5));
#5228=CARTESIAN_POINT('Ctrl Pts',(5.56613601897031,0.,3.5));
#5229=CARTESIAN_POINT('Ctrl Pts',(5.50363601897031,1.44974746830583,3.5));
#5230=CARTESIAN_POINT('Ctrl Pts',(5.4411360189703,2.47487373415292,2.47487373415292));
#5231=CARTESIAN_POINT('Ctrl Pts',(5.37863601897031,3.5,1.44974746830583));
#5232=CARTESIAN_POINT('Ctrl Pts',(5.31613601897031,3.5,2.14313189850787E-16));
#5233=CARTESIAN_POINT('Ctrl Pts',(5.25363601897031,3.5,-1.44974746830583));
#5234=CARTESIAN_POINT('Ctrl Pts',(5.1911360189703,2.47487373415292,-2.47487373415292));
#5235=CARTESIAN_POINT('Ctrl Pts',(5.12863601897031,1.44974746830583,-3.5));
#5236=CARTESIAN_POINT('Ctrl Pts',(5.06613601897031,4.28626379701574E-16,
-3.5));
#5237=CARTESIAN_POINT('Ctrl Pts',(5.00363601897031,-1.44974746830583,-3.5));
#5238=CARTESIAN_POINT('Ctrl Pts',(4.94113601897031,-2.47487373415292,-2.47487373415292));
#5239=CARTESIAN_POINT('Ctrl Pts',(4.87863601897031,-3.5,-1.44974746830584));
#5240=CARTESIAN_POINT('Ctrl Pts',(4.81613601897031,-3.5,-6.4293956955236E-16));
#5241=CARTESIAN_POINT('Ctrl Pts',(4.75363601897031,-3.5,1.44974746830583));
#5242=CARTESIAN_POINT('Ctrl Pts',(4.69113601897031,-2.47487373415292,2.47487373415292));
#5243=CARTESIAN_POINT('Ctrl Pts',(4.62863601897031,-1.44974746830584,3.5));
#5244=CARTESIAN_POINT('Ctrl Pts',(4.56613601897031,0.,3.5));
#5245=CARTESIAN_POINT('Ctrl Pts',(4.50363601897031,1.44974746830583,3.5));
#5246=CARTESIAN_POINT('Ctrl Pts',(4.44113601897031,2.47487373415292,2.47487373415292));
#5247=CARTESIAN_POINT('Ctrl Pts',(4.3786360189703,3.5,1.44974746830583));
#5248=CARTESIAN_POINT('Ctrl Pts',(4.31613601897031,3.5,2.14313189850787E-16));
#5249=CARTESIAN_POINT('Ctrl Pts',(4.25363601897031,3.5,-1.44974746830583));
#5250=CARTESIAN_POINT('Ctrl Pts',(4.19113601897031,2.47487373415292,-2.47487373415292));
#5251=CARTESIAN_POINT('Ctrl Pts',(4.12863601897031,1.44974746830583,-3.5));
#5252=CARTESIAN_POINT('Ctrl Pts',(4.0661360189703,4.28626379701574E-16,
-3.5));
#5253=CARTESIAN_POINT('Ctrl Pts',(4.00363601897031,-1.44974746830583,-3.5));
#5254=CARTESIAN_POINT('Ctrl Pts',(3.94113601897031,-2.47487373415292,-2.47487373415292));
#5255=CARTESIAN_POINT('Ctrl Pts',(3.87863601897031,-3.5,-1.44974746830584));
#5256=CARTESIAN_POINT('Ctrl Pts',(3.81613601897031,-3.5,-6.4293956955236E-16));
#5257=CARTESIAN_POINT('Ctrl Pts',(3.75363601897031,-3.5,1.44974746830583));
#5258=CARTESIAN_POINT('Ctrl Pts',(3.69113601897031,-2.47487373415292,2.47487373415292));
#5259=CARTESIAN_POINT('Ctrl Pts',(3.62863601897031,-1.44974746830584,3.5));
#5260=CARTESIAN_POINT('Ctrl Pts',(3.56613601897031,0.,3.5));
#5261=CARTESIAN_POINT('Ctrl Pts',(3.50363601897031,1.44974746830583,3.5));
#5262=CARTESIAN_POINT('Ctrl Pts',(3.44113601897031,2.47487373415292,2.47487373415292));
#5263=CARTESIAN_POINT('Ctrl Pts',(3.37863601897031,3.5,1.44974746830583));
#5264=CARTESIAN_POINT('Ctrl Pts',(3.31613601897031,3.5,2.14313189850787E-16));
#5265=CARTESIAN_POINT('Ctrl Pts',(3.25363601897031,3.5,-1.44974746830583));
#5266=CARTESIAN_POINT('Ctrl Pts',(3.19113601897031,2.47487373415292,-2.47487373415292));
#5267=CARTESIAN_POINT('Ctrl Pts',(3.12863601897031,1.44974746830583,-3.5));
#5268=CARTESIAN_POINT('Ctrl Pts',(3.06613601897031,4.28626379701574E-16,
-3.5));
#5269=CARTESIAN_POINT('Ctrl Pts',(3.00363601897031,-1.44974746830583,-3.5));
#5270=CARTESIAN_POINT('Ctrl Pts',(2.94113601897031,-2.47487373415292,-2.47487373415292));
#5271=CARTESIAN_POINT('Ctrl Pts',(2.87863601897031,-3.5,-1.44974746830584));
#5272=CARTESIAN_POINT('Ctrl Pts',(2.81613601897031,-3.5,-6.4293956955236E-16));
#5273=CARTESIAN_POINT('Ctrl Pts',(2.75363601897031,-3.5,1.44974746830583));
#5274=CARTESIAN_POINT('Ctrl Pts',(2.69113601897031,-2.47487373415292,2.47487373415292));
#5275=CARTESIAN_POINT('Ctrl Pts',(2.62863601897031,-1.44974746830584,3.5));
#5276=CARTESIAN_POINT('Ctrl Pts',(2.56613601897031,0.,3.5));
#5277=CARTESIAN_POINT('Ctrl Pts',(2.50363601897031,1.44974746830583,3.5));
#5278=CARTESIAN_POINT('Ctrl Pts',(2.44113601897031,2.47487373415292,2.47487373415292));
#5279=CARTESIAN_POINT('Ctrl Pts',(2.37863601897031,3.5,1.44974746830583));
#5280=CARTESIAN_POINT('Ctrl Pts',(2.31613601897031,3.5,2.14313189850787E-16));
#5281=CARTESIAN_POINT('Ctrl Pts',(2.25363601897031,3.5,-1.44974746830583));
#5282=CARTESIAN_POINT('Ctrl Pts',(2.19113601897031,2.47487373415292,-2.47487373415292));
#5283=CARTESIAN_POINT('Ctrl Pts',(2.12863601897031,1.44974746830583,-3.5));
#5284=CARTESIAN_POINT('Ctrl Pts',(2.06613601897031,4.28626379701574E-16,
-3.5));
#5285=CARTESIAN_POINT('Ctrl Pts',(2.00363601897031,-1.44974746830583,-3.5));
#5286=CARTESIAN_POINT('Ctrl Pts',(1.94113601897031,-2.47487373415292,-2.47487373415292));
#5287=CARTESIAN_POINT('Ctrl Pts',(1.87863601897031,-3.5,-1.44974746830584));
#5288=CARTESIAN_POINT('Ctrl Pts',(1.81613601897031,-3.5,-6.4293956955236E-16));
#5289=CARTESIAN_POINT('Ctrl Pts',(1.75363601897031,-3.5,1.44974746830583));
#5290=CARTESIAN_POINT('Ctrl Pts',(1.69113601897031,-2.47487373415292,2.47487373415292));
#5291=CARTESIAN_POINT('Ctrl Pts',(1.62863601897031,-1.44974746830584,3.5));
#5292=CARTESIAN_POINT('Ctrl Pts',(1.56613601897031,0.,3.5));
#5293=CARTESIAN_POINT('Ctrl Pts',(1.50363601897031,1.44974746830583,3.5));
#5294=CARTESIAN_POINT('Ctrl Pts',(1.44113601897031,2.47487373415292,2.47487373415292));
#5295=CARTESIAN_POINT('Ctrl Pts',(1.37863601897031,3.5,1.44974746830583));
#5296=CARTESIAN_POINT('Ctrl Pts',(1.31613601897031,3.5,2.14313189850787E-16));
#5297=CARTESIAN_POINT('Ctrl Pts',(1.25363601897031,3.5,-1.44974746830583));
#5298=CARTESIAN_POINT('Ctrl Pts',(1.19113601897031,2.47487373415292,-2.47487373415292));
#5299=CARTESIAN_POINT('Ctrl Pts',(1.12863601897031,1.44974746830583,-3.5));
#5300=CARTESIAN_POINT('Ctrl Pts',(1.06613601897031,4.28626379701574E-16,
-3.5));
#5301=CARTESIAN_POINT('Ctrl Pts',(1.00363601897031,-1.44974746830583,-3.5));
#5302=CARTESIAN_POINT('Ctrl Pts',(0.941136018970306,-2.47487373415292,-2.47487373415292));
#5303=CARTESIAN_POINT('Ctrl Pts',(0.878636018970306,-3.5,-1.44974746830584));
#5304=CARTESIAN_POINT('Ctrl Pts',(0.816136018970306,-3.5,-6.4293956955236E-16));
#5305=CARTESIAN_POINT('Ctrl Pts',(0.753636018970306,-3.5,1.44974746830583));
#5306=CARTESIAN_POINT('Ctrl Pts',(0.691136018970306,-2.47487373415292,2.47487373415292));
#5307=CARTESIAN_POINT('Ctrl Pts',(0.628636018970306,-1.44974746830584,3.5));
#5308=CARTESIAN_POINT('Ctrl Pts',(0.566136018970306,0.,3.5));
#5309=CARTESIAN_POINT('Ctrl Pts',(0.503636018970306,1.44974746830583,3.5));
#5310=CARTESIAN_POINT('Ctrl Pts',(0.441136018970306,2.47487373415292,2.47487373415292));
#5311=CARTESIAN_POINT('Ctrl Pts',(0.378636018970305,3.5,1.44974746830583));
#5312=CARTESIAN_POINT('Ctrl Pts',(0.316136018970305,3.5,2.14313189850787E-16));
#5313=CARTESIAN_POINT('Ctrl Pts',(0.253636018970305,3.5,-1.44974746830583));
#5314=CARTESIAN_POINT('Ctrl Pts',(0.191136018970305,2.47487373415292,-2.47487373415292));
#5315=CARTESIAN_POINT('Ctrl Pts',(0.128636018970305,1.44974746830583,-3.5));
#5316=CARTESIAN_POINT('Ctrl Pts',(0.066136018970306,4.28626379701574E-16,
-3.5));
#5317=CARTESIAN_POINT('Ctrl Pts',(0.00363601897030598,-1.44974746830583,
-3.5));
#5318=CARTESIAN_POINT('Ctrl Pts',(-0.0588639810296941,-2.47487373415292,
-2.47487373415292));
#5319=CARTESIAN_POINT('Ctrl Pts',(-0.121363981029694,-3.5,-1.44974746830584));
#5320=CARTESIAN_POINT('Ctrl Pts',(-0.183863981029694,-3.5,-6.4293956955236E-16));
#5321=CARTESIAN_POINT('Ctrl Pts',(-0.246363981029694,-3.5,1.44974746830583));
#5322=CARTESIAN_POINT('Ctrl Pts',(-0.308863981029694,-2.47487373415292,
2.47487373415292));
#5323=CARTESIAN_POINT('Ctrl Pts',(-0.371363981029694,-1.44974746830584,
3.5));
#5324=CARTESIAN_POINT('Ctrl Pts',(-0.433863981029694,0.,3.5));
#5325=CARTESIAN_POINT('Ctrl Pts',(-0.496363981029694,1.44974746830583,3.5));
#5326=CARTESIAN_POINT('Ctrl Pts',(-0.558863981029694,2.47487373415292,2.47487373415292));
#5327=CARTESIAN_POINT('Ctrl Pts',(-0.621363981029695,3.5,1.44974746830583));
#5328=CARTESIAN_POINT('Ctrl Pts',(-0.683863981029695,3.5,2.14313189850787E-16));
#5329=CARTESIAN_POINT('Ctrl Pts',(-0.746363981029695,3.5,-1.44974746830583));
#5330=CARTESIAN_POINT('Ctrl Pts',(-0.808863981029695,2.47487373415292,-2.47487373415292));
#5331=CARTESIAN_POINT('Ctrl Pts',(-0.871363981029695,1.44974746830583,-3.5));
#5332=CARTESIAN_POINT('Ctrl Pts',(-0.933863981029695,4.28626379701574E-16,
-3.5));
#5333=CARTESIAN_POINT('',(0.0275420326476255,-2.50912788070477,-2.43741742148114));
#5334=CARTESIAN_POINT('Ctrl Pts',(0.0264410044136779,-2.51050825791172,
-2.43871857477591));
#5335=CARTESIAN_POINT('Ctrl Pts',(0.00654397932716082,-2.83020504088579,
-2.10961073019489));
#5336=CARTESIAN_POINT('Ctrl Pts',(-0.014713219396859,-3.08206463248103,
-1.72085326831263));
#5337=CARTESIAN_POINT('Ctrl Pts',(-0.0578474449200568,-3.42402046149709,
-0.8619562624302));
#5338=CARTESIAN_POINT('Ctrl Pts',(-0.0790049959263589,-3.50818607372572,
-0.399267538870169));
#5339=CARTESIAN_POINT('Ctrl Pts',(-0.118827674174418,-3.49083425592482,
0.517270334405384));
#5340=CARTESIAN_POINT('Ctrl Pts',(-0.139724943255915,-3.39518145305055,
0.962381853302346));
#5341=CARTESIAN_POINT('Ctrl Pts',(-0.182512051219662,-3.03439514687708,
1.80542729531194));
#5342=CARTESIAN_POINT('Ctrl Pts',(-0.203718189576168,-2.76737341655872,
2.19286609771472));
#5343=CARTESIAN_POINT('Ctrl Pts',(-0.243518030893419,-2.10811440867157,
2.83006517352298));
#5344=CARTESIAN_POINT('Ctrl Pts',(-0.264403745388334,-1.72629337669323,
3.07786767143684));
#5345=CARTESIAN_POINT('Ctrl Pts',(-0.307198891692774,-0.875593891607208,
3.42062563008694));
#5346=CARTESIAN_POINT('Ctrl Pts',(-0.3284508165902,-0.412741586465877,3.506690888105));
#5347=CARTESIAN_POINT('Ctrl Pts',(-0.368229281992512,0.504174609135055,
3.49272834055488));
#5348=CARTESIAN_POINT('Ctrl Pts',(-0.389104148468934,0.949476982600609,
3.3987908472527));
#5349=CARTESIAN_POINT('Ctrl Pts',(-0.431149328900509,1.77922962708102,3.04746083080405));
#5350=CARTESIAN_POINT('Ctrl Pts',(-0.451930041190233,2.15609126995682,2.79356543194847));
#5351=CARTESIAN_POINT('Ctrl Pts',(-0.49152541051131,2.80558951438356,2.1442522204007));
#5352=CARTESIAN_POINT('Ctrl Pts',(-0.513181287535273,3.06697146690113,1.75013610383754));
#5353=CARTESIAN_POINT('Ctrl Pts',(-0.556040528645042,3.41239026042625,0.899052032135838));
#5354=CARTESIAN_POINT('Ctrl Pts',(-0.57682539710124,3.49964183752951,0.453067851935361));
#5355=CARTESIAN_POINT('Ctrl Pts',(-0.616428762386192,3.50037003783213,-0.46526857455517));
#5356=CARTESIAN_POINT('Ctrl Pts',(-0.638066571617026,3.4068506529657,-0.928747872809399));
#5357=CARTESIAN_POINT('Ctrl Pts',(-0.680923188584157,3.0499310377422,-1.77500727867886));
#5358=CARTESIAN_POINT('Ctrl Pts',(-0.701712529325876,2.79652035894068,-2.15226984439795));
#5359=CARTESIAN_POINT('Ctrl Pts',(-0.741324507176559,2.14817619230535,-2.80255473114996));
#5360=CARTESIAN_POINT('Ctrl Pts',(-0.762942897830487,1.75459738394099,-3.06439212636445));
#5361=CARTESIAN_POINT('Ctrl Pts',(-0.805920306170417,0.901700108091648,
-3.41205082273397));
#5362=CARTESIAN_POINT('Ctrl Pts',(-0.826834361748894,0.453008264084336,
-3.5));
#5363=CARTESIAN_POINT('Ctrl Pts',(-0.846363981302813,-4.16333634234434E-16,
-3.5));
#5364=CARTESIAN_POINT('Ctrl Pts',(0.02863601596595,-2.51057729904018,-2.43864749923889));
#5365=CARTESIAN_POINT('Ctrl Pts',(0.02863601596595,-2.75557163831697,-2.18642686186772));
#5366=CARTESIAN_POINT('Ctrl Pts',(0.0286360159659501,-2.96116476868045,
-1.89872080330923));
#5367=CARTESIAN_POINT('Ctrl Pts',(0.0286360159659501,-3.27601694074055,
-1.2789559788331));
#5368=CARTESIAN_POINT('Ctrl Pts',(0.0286360159658132,-3.38567438587297,
-0.951432785148635));
#5369=CARTESIAN_POINT('Ctrl Pts',(0.0286360159658132,-3.52709123089883,
-0.156760802144631));
#5370=CARTESIAN_POINT('Ctrl Pts',(0.0286360159659498,-3.51682096766581,
0.311314602225093));
#5371=CARTESIAN_POINT('Ctrl Pts',(0.0286360159659498,-3.31774345296062,
1.20161401786479));
#5372=CARTESIAN_POINT('Ctrl Pts',(0.0286360159658195,-3.13655275480316,
1.61658117146307));
#5373=CARTESIAN_POINT('Ctrl Pts',(0.0286360159658195,-2.61889232416423,
2.36777269189675));
#5374=CARTESIAN_POINT('Ctrl Pts',(0.0286360159659497,-2.28256839700584,
2.6934784274333));
#5375=CARTESIAN_POINT('Ctrl Pts',(0.0286360159659497,-1.51476459911637,
3.18703787348245));
#5376=CARTESIAN_POINT('Ctrl Pts',(0.02863601596595,-1.09371536858005,3.35492308261747));
#5377=CARTESIAN_POINT('Ctrl Pts',(0.02863601596595,-0.435930692808988,3.47973192925588));
#5378=CARTESIAN_POINT('Ctrl Pts',(0.0286360159659492,-0.216010910098686,
3.5002727258221));
#5379=CARTESIAN_POINT('Ctrl Pts',(0.0286360159659492,0.471414347690294,
3.49941351346301));
#5380=CARTESIAN_POINT('Ctrl Pts',(0.0286360159659496,0.933647560789222,
3.40535294171517));
#5381=CARTESIAN_POINT('Ctrl Pts',(0.0286360159659497,1.57236900589884,3.13511663267979));
#5382=CARTESIAN_POINT('Ctrl Pts',(0.02863601596595,1.7719052864216,3.02682213669187));
#5383=CARTESIAN_POINT('Ctrl Pts',(0.02863601596595,2.346394641195,2.63863244587316));
#5384=CARTESIAN_POINT('Ctrl Pts',(0.0286360159659497,2.67703746287189,2.30248114411902));
#5385=CARTESIAN_POINT('Ctrl Pts',(0.0286360159659497,3.17822009594383,1.53369065360768));
#5386=CARTESIAN_POINT('Ctrl Pts',(0.0286360159659495,3.34916093893252,1.11194019819115));
#5387=CARTESIAN_POINT('Ctrl Pts',(0.0286360159659496,3.52470218418693,0.21103552682828));
#5388=CARTESIAN_POINT('Ctrl Pts',(0.0286360159659495,3.52138546332114,-0.260587604283748));
#5389=CARTESIAN_POINT('Ctrl Pts',(0.0286360159659495,3.33321179563052,-1.15883436195439));
#5390=CARTESIAN_POINT('Ctrl Pts',(0.0286360159659508,3.15641513125429,-1.57804989533463));
#5391=CARTESIAN_POINT('Ctrl Pts',(0.0286360159659508,2.64445966224635,-2.33987273713706));
#5392=CARTESIAN_POINT('Ctrl Pts',(0.0286360159659502,2.30894264081869,-2.67150804091146));
#5393=CARTESIAN_POINT('Ctrl Pts',(0.0286360159659502,1.63883366872367,-3.11059861075553));
#5394=CARTESIAN_POINT('Ctrl Pts',(0.0286360159659489,1.33463171951593,-3.25274617580875));
#5395=CARTESIAN_POINT('Ctrl Pts',(0.0286360159659489,0.685839794107512,
-3.44932743586383));
#5396=CARTESIAN_POINT('Ctrl Pts',(0.0286360159659501,0.343854595700557,
-3.5));
#5397=CARTESIAN_POINT('Ctrl Pts',(0.0286360159659501,2.08166817117217E-15,
-3.5));
#5398=CARTESIAN_POINT('Ctrl Pts',(5.64993503639258,0.,3.5064102893895));
#5399=CARTESIAN_POINT('Ctrl Pts',(5.58743503639258,1.4524026971097,3.5064102893895));
#5400=CARTESIAN_POINT('Ctrl Pts',(5.52493503639258,2.4794064932496,2.4794064932496));
#5401=CARTESIAN_POINT('Ctrl Pts',(5.46243503639258,3.5064102893895,1.4524026971097));
#5402=CARTESIAN_POINT('Ctrl Pts',(5.39993503639258,3.5064102893895,2.1470570686991E-16));
#5403=CARTESIAN_POINT('Ctrl Pts',(5.33743503639258,3.5064102893895,-1.4524026971097));
#5404=CARTESIAN_POINT('Ctrl Pts',(5.27493503639258,2.4794064932496,-2.4794064932496));
#5405=CARTESIAN_POINT('Ctrl Pts',(5.21243503639258,1.4524026971097,-3.5064102893895));
#5406=CARTESIAN_POINT('Ctrl Pts',(5.14993503639258,4.29411413739819E-16,
-3.5064102893895));
#5407=CARTESIAN_POINT('Ctrl Pts',(5.08743503639258,-1.4524026971097,-3.5064102893895));
#5408=CARTESIAN_POINT('Ctrl Pts',(5.02493503639258,-2.4794064932496,-2.4794064932496));
#5409=CARTESIAN_POINT('Ctrl Pts',(4.96243503639258,-3.5064102893895,-1.4524026971097));
#5410=CARTESIAN_POINT('Ctrl Pts',(4.89993503639258,-3.5064102893895,-6.44117120609729E-16));
#5411=CARTESIAN_POINT('Ctrl Pts',(4.83743503639258,-3.5064102893895,1.4524026971097));
#5412=CARTESIAN_POINT('Ctrl Pts',(4.77493503639258,-2.4794064932496,2.4794064932496));
#5413=CARTESIAN_POINT('Ctrl Pts',(4.71243503639258,-1.4524026971097,3.5064102893895));
#5414=CARTESIAN_POINT('Ctrl Pts',(4.64993503639258,0.,3.5064102893895));
#5415=CARTESIAN_POINT('Ctrl Pts',(4.58743503639258,1.4524026971097,3.5064102893895));
#5416=CARTESIAN_POINT('Ctrl Pts',(4.52493503639258,2.4794064932496,2.4794064932496));
#5417=CARTESIAN_POINT('Ctrl Pts',(4.46243503639258,3.5064102893895,1.4524026971097));
#5418=CARTESIAN_POINT('Ctrl Pts',(4.39993503639258,3.5064102893895,2.1470570686991E-16));
#5419=CARTESIAN_POINT('Ctrl Pts',(4.33743503639258,3.5064102893895,-1.4524026971097));
#5420=CARTESIAN_POINT('Ctrl Pts',(4.27493503639258,2.4794064932496,-2.4794064932496));
#5421=CARTESIAN_POINT('Ctrl Pts',(4.21243503639258,1.4524026971097,-3.5064102893895));
#5422=CARTESIAN_POINT('Ctrl Pts',(4.14993503639258,4.29411413739819E-16,
-3.5064102893895));
#5423=CARTESIAN_POINT('Ctrl Pts',(4.08743503639258,-1.4524026971097,-3.5064102893895));
#5424=CARTESIAN_POINT('Ctrl Pts',(4.02493503639258,-2.4794064932496,-2.4794064932496));
#5425=CARTESIAN_POINT('Ctrl Pts',(3.96243503639258,-3.5064102893895,-1.4524026971097));
#5426=CARTESIAN_POINT('Ctrl Pts',(3.89993503639258,-3.5064102893895,-6.44117120609729E-16));
#5427=CARTESIAN_POINT('Ctrl Pts',(3.83743503639258,-3.5064102893895,1.4524026971097));
#5428=CARTESIAN_POINT('Ctrl Pts',(3.77493503639258,-2.4794064932496,2.4794064932496));
#5429=CARTESIAN_POINT('Ctrl Pts',(3.71243503639258,-1.4524026971097,3.5064102893895));
#5430=CARTESIAN_POINT('Ctrl Pts',(3.64993503639258,0.,3.5064102893895));
#5431=CARTESIAN_POINT('Ctrl Pts',(3.58743503639258,1.4524026971097,3.5064102893895));
#5432=CARTESIAN_POINT('Ctrl Pts',(3.52493503639258,2.4794064932496,2.4794064932496));
#5433=CARTESIAN_POINT('Ctrl Pts',(3.46243503639258,3.5064102893895,1.4524026971097));
#5434=CARTESIAN_POINT('Ctrl Pts',(3.39993503639258,3.5064102893895,2.1470570686991E-16));
#5435=CARTESIAN_POINT('Ctrl Pts',(3.33743503639258,3.5064102893895,-1.4524026971097));
#5436=CARTESIAN_POINT('Ctrl Pts',(3.27493503639258,2.4794064932496,-2.4794064932496));
#5437=CARTESIAN_POINT('Ctrl Pts',(3.21243503639258,1.4524026971097,-3.5064102893895));
#5438=CARTESIAN_POINT('Ctrl Pts',(3.14993503639258,4.29411413739819E-16,
-3.5064102893895));
#5439=CARTESIAN_POINT('Ctrl Pts',(3.08743503639258,-1.4524026971097,-3.5064102893895));
#5440=CARTESIAN_POINT('Ctrl Pts',(3.02493503639258,-2.4794064932496,-2.4794064932496));
#5441=CARTESIAN_POINT('Ctrl Pts',(2.96243503639258,-3.5064102893895,-1.4524026971097));
#5442=CARTESIAN_POINT('Ctrl Pts',(2.89993503639258,-3.5064102893895,-6.44117120609729E-16));
#5443=CARTESIAN_POINT('Ctrl Pts',(2.83743503639258,-3.5064102893895,1.4524026971097));
#5444=CARTESIAN_POINT('Ctrl Pts',(2.77493503639258,-2.4794064932496,2.4794064932496));
#5445=CARTESIAN_POINT('Ctrl Pts',(2.71243503639258,-1.4524026971097,3.5064102893895));
#5446=CARTESIAN_POINT('Ctrl Pts',(2.64993503639258,0.,3.5064102893895));
#5447=CARTESIAN_POINT('Ctrl Pts',(2.58743503639258,1.4524026971097,3.5064102893895));
#5448=CARTESIAN_POINT('Ctrl Pts',(2.52493503639258,2.4794064932496,2.4794064932496));
#5449=CARTESIAN_POINT('Ctrl Pts',(2.46243503639258,3.5064102893895,1.4524026971097));
#5450=CARTESIAN_POINT('Ctrl Pts',(2.39993503639258,3.5064102893895,2.1470570686991E-16));
#5451=CARTESIAN_POINT('Ctrl Pts',(2.33743503639258,3.5064102893895,-1.4524026971097));
#5452=CARTESIAN_POINT('Ctrl Pts',(2.27493503639258,2.4794064932496,-2.4794064932496));
#5453=CARTESIAN_POINT('Ctrl Pts',(2.21243503639258,1.4524026971097,-3.5064102893895));
#5454=CARTESIAN_POINT('Ctrl Pts',(2.14993503639258,4.29411413739819E-16,
-3.5064102893895));
#5455=CARTESIAN_POINT('Ctrl Pts',(2.08743503639258,-1.4524026971097,-3.5064102893895));
#5456=CARTESIAN_POINT('Ctrl Pts',(2.02493503639258,-2.4794064932496,-2.4794064932496));
#5457=CARTESIAN_POINT('Ctrl Pts',(1.96243503639258,-3.5064102893895,-1.4524026971097));
#5458=CARTESIAN_POINT('Ctrl Pts',(1.89993503639258,-3.5064102893895,-6.44117120609729E-16));
#5459=CARTESIAN_POINT('Ctrl Pts',(1.83743503639258,-3.5064102893895,1.4524026971097));
#5460=CARTESIAN_POINT('Ctrl Pts',(1.77493503639258,-2.4794064932496,2.4794064932496));
#5461=CARTESIAN_POINT('Ctrl Pts',(1.71243503639258,-1.4524026971097,3.5064102893895));
#5462=CARTESIAN_POINT('Ctrl Pts',(1.64993503639258,0.,3.5064102893895));
#5463=CARTESIAN_POINT('Ctrl Pts',(1.58743503639258,1.4524026971097,3.5064102893895));
#5464=CARTESIAN_POINT('Ctrl Pts',(1.52493503639258,2.4794064932496,2.4794064932496));
#5465=CARTESIAN_POINT('Ctrl Pts',(1.46243503639258,3.5064102893895,1.4524026971097));
#5466=CARTESIAN_POINT('Ctrl Pts',(1.39993503639258,3.5064102893895,2.1470570686991E-16));
#5467=CARTESIAN_POINT('Ctrl Pts',(1.33743503639258,3.5064102893895,-1.4524026971097));
#5468=CARTESIAN_POINT('Ctrl Pts',(1.27493503639258,2.4794064932496,-2.4794064932496));
#5469=CARTESIAN_POINT('Ctrl Pts',(1.21243503639258,1.4524026971097,-3.5064102893895));
#5470=CARTESIAN_POINT('Ctrl Pts',(1.14993503639258,4.29411413739819E-16,
-3.5064102893895));
#5471=CARTESIAN_POINT('Ctrl Pts',(1.08743503639258,-1.4524026971097,-3.5064102893895));
#5472=CARTESIAN_POINT('Ctrl Pts',(1.02493503639258,-2.4794064932496,-2.4794064932496));
#5473=CARTESIAN_POINT('Ctrl Pts',(0.962435036392576,-3.5064102893895,-1.4524026971097));
#5474=CARTESIAN_POINT('Ctrl Pts',(0.899935036392576,-3.5064102893895,-6.44117120609729E-16));
#5475=CARTESIAN_POINT('Ctrl Pts',(0.837435036392576,-3.5064102893895,1.4524026971097));
#5476=CARTESIAN_POINT('Ctrl Pts',(0.774935036392576,-2.4794064932496,2.4794064932496));
#5477=CARTESIAN_POINT('Ctrl Pts',(0.712435036392576,-1.4524026971097,3.5064102893895));
#5478=CARTESIAN_POINT('Ctrl Pts',(0.649935036392576,0.,3.5064102893895));
#5479=CARTESIAN_POINT('Ctrl Pts',(0.587435036392576,1.4524026971097,3.5064102893895));
#5480=CARTESIAN_POINT('Ctrl Pts',(0.524935036392576,2.4794064932496,2.4794064932496));
#5481=CARTESIAN_POINT('Ctrl Pts',(0.462435036392576,3.5064102893895,1.4524026971097));
#5482=CARTESIAN_POINT('Ctrl Pts',(0.399935036392576,3.5064102893895,2.1470570686991E-16));
#5483=CARTESIAN_POINT('Ctrl Pts',(0.337435036392576,3.5064102893895,-1.4524026971097));
#5484=CARTESIAN_POINT('Ctrl Pts',(0.274935036392576,2.4794064932496,-2.4794064932496));
#5485=CARTESIAN_POINT('Ctrl Pts',(0.212435036392576,1.4524026971097,-3.5064102893895));
#5486=CARTESIAN_POINT('Ctrl Pts',(0.149935036392577,4.29411413739819E-16,
-3.5064102893895));
#5487=CARTESIAN_POINT('Ctrl Pts',(0.0874350363925767,-1.4524026971097,-3.5064102893895));
#5488=CARTESIAN_POINT('Ctrl Pts',(0.0249350363925766,-2.4794064932496,-2.4794064932496));
#5489=CARTESIAN_POINT('Ctrl Pts',(-0.0375649636074235,-3.5064102893895,
-1.4524026971097));
#5490=CARTESIAN_POINT('Ctrl Pts',(-0.100064963607424,-3.5064102893895,-6.44117120609729E-16));
#5491=CARTESIAN_POINT('Ctrl Pts',(-0.162564963607424,-3.5064102893895,1.4524026971097));
#5492=CARTESIAN_POINT('Ctrl Pts',(-0.225064963607424,-2.4794064932496,2.4794064932496));
#5493=CARTESIAN_POINT('Ctrl Pts',(-0.287564963607424,-1.4524026971097,3.5064102893895));
#5494=CARTESIAN_POINT('Ctrl Pts',(-0.350064963607424,0.,3.5064102893895));
#5495=CARTESIAN_POINT('Ctrl Pts',(-0.412564963607424,1.4524026971097,3.5064102893895));
#5496=CARTESIAN_POINT('Ctrl Pts',(-0.475064963607424,2.4794064932496,2.4794064932496));
#5497=CARTESIAN_POINT('Ctrl Pts',(-0.537564963607424,3.5064102893895,1.4524026971097));
#5498=CARTESIAN_POINT('Ctrl Pts',(-0.600064963607424,3.5064102893895,2.1470570686991E-16));
#5499=CARTESIAN_POINT('Ctrl Pts',(-0.662564963607424,3.5064102893895,-1.4524026971097));
#5500=CARTESIAN_POINT('Ctrl Pts',(-0.725064963607424,2.4794064932496,-2.4794064932496));
#5501=CARTESIAN_POINT('Ctrl Pts',(-0.787564963607424,1.4524026971097,-3.5064102893895));
#5502=CARTESIAN_POINT('Ctrl Pts',(-0.850064963607424,4.29411413739819E-16,
-3.5064102893895));
#5503=CARTESIAN_POINT('Ctrl Pts',(5.65363601869719,0.,3.5));
#5504=CARTESIAN_POINT('Ctrl Pts',(5.59113601869719,1.44974746830583,3.5));
#5505=CARTESIAN_POINT('Ctrl Pts',(5.52863601869719,2.47487373415292,2.47487373415292));
#5506=CARTESIAN_POINT('Ctrl Pts',(5.46613601869719,3.5,1.44974746830583));
#5507=CARTESIAN_POINT('Ctrl Pts',(5.40363601869719,3.5,2.14313189850787E-16));
#5508=CARTESIAN_POINT('Ctrl Pts',(5.34113601869719,3.5,-1.44974746830583));
#5509=CARTESIAN_POINT('Ctrl Pts',(5.27863601869719,2.47487373415292,-2.47487373415292));
#5510=CARTESIAN_POINT('Ctrl Pts',(5.21613601869719,1.44974746830583,-3.5));
#5511=CARTESIAN_POINT('Ctrl Pts',(5.15363601869719,4.28626379701574E-16,
-3.5));
#5512=CARTESIAN_POINT('Ctrl Pts',(5.09113601869719,-1.44974746830583,-3.5));
#5513=CARTESIAN_POINT('Ctrl Pts',(5.02863601869719,-2.47487373415292,-2.47487373415292));
#5514=CARTESIAN_POINT('Ctrl Pts',(4.96613601869719,-3.5,-1.44974746830584));
#5515=CARTESIAN_POINT('Ctrl Pts',(4.90363601869719,-3.5,-6.4293956955236E-16));
#5516=CARTESIAN_POINT('Ctrl Pts',(4.84113601869719,-3.5,1.44974746830583));
#5517=CARTESIAN_POINT('Ctrl Pts',(4.77863601869719,-2.47487373415292,2.47487373415292));
#5518=CARTESIAN_POINT('Ctrl Pts',(4.71613601869719,-1.44974746830584,3.5));
#5519=CARTESIAN_POINT('Ctrl Pts',(4.65363601869719,0.,3.5));
#5520=CARTESIAN_POINT('Ctrl Pts',(4.59113601869719,1.44974746830583,3.5));
#5521=CARTESIAN_POINT('Ctrl Pts',(4.52863601869719,2.47487373415292,2.47487373415292));
#5522=CARTESIAN_POINT('Ctrl Pts',(4.46613601869719,3.5,1.44974746830583));
#5523=CARTESIAN_POINT('Ctrl Pts',(4.40363601869719,3.5,2.14313189850787E-16));
#5524=CARTESIAN_POINT('Ctrl Pts',(4.34113601869719,3.5,-1.44974746830583));
#5525=CARTESIAN_POINT('Ctrl Pts',(4.27863601869719,2.47487373415292,-2.47487373415292));
#5526=CARTESIAN_POINT('Ctrl Pts',(4.21613601869719,1.44974746830583,-3.5));
#5527=CARTESIAN_POINT('Ctrl Pts',(4.15363601869719,4.28626379701574E-16,
-3.5));
#5528=CARTESIAN_POINT('Ctrl Pts',(4.09113601869719,-1.44974746830583,-3.5));
#5529=CARTESIAN_POINT('Ctrl Pts',(4.02863601869719,-2.47487373415292,-2.47487373415292));
#5530=CARTESIAN_POINT('Ctrl Pts',(3.96613601869719,-3.5,-1.44974746830584));
#5531=CARTESIAN_POINT('Ctrl Pts',(3.90363601869719,-3.5,-6.4293956955236E-16));
#5532=CARTESIAN_POINT('Ctrl Pts',(3.84113601869719,-3.5,1.44974746830583));
#5533=CARTESIAN_POINT('Ctrl Pts',(3.77863601869719,-2.47487373415292,2.47487373415292));
#5534=CARTESIAN_POINT('Ctrl Pts',(3.71613601869719,-1.44974746830584,3.5));
#5535=CARTESIAN_POINT('Ctrl Pts',(3.65363601869719,0.,3.5));
#5536=CARTESIAN_POINT('Ctrl Pts',(3.59113601869719,1.44974746830583,3.5));
#5537=CARTESIAN_POINT('Ctrl Pts',(3.52863601869719,2.47487373415292,2.47487373415292));
#5538=CARTESIAN_POINT('Ctrl Pts',(3.46613601869719,3.5,1.44974746830583));
#5539=CARTESIAN_POINT('Ctrl Pts',(3.40363601869719,3.5,2.14313189850787E-16));
#5540=CARTESIAN_POINT('Ctrl Pts',(3.34113601869719,3.5,-1.44974746830583));
#5541=CARTESIAN_POINT('Ctrl Pts',(3.27863601869719,2.47487373415292,-2.47487373415292));
#5542=CARTESIAN_POINT('Ctrl Pts',(3.21613601869719,1.44974746830583,-3.5));
#5543=CARTESIAN_POINT('Ctrl Pts',(3.15363601869719,4.28626379701574E-16,
-3.5));
#5544=CARTESIAN_POINT('Ctrl Pts',(3.09113601869719,-1.44974746830583,-3.5));
#5545=CARTESIAN_POINT('Ctrl Pts',(3.02863601869719,-2.47487373415292,-2.47487373415292));
#5546=CARTESIAN_POINT('Ctrl Pts',(2.96613601869719,-3.5,-1.44974746830584));
#5547=CARTESIAN_POINT('Ctrl Pts',(2.90363601869719,-3.5,-6.4293956955236E-16));
#5548=CARTESIAN_POINT('Ctrl Pts',(2.84113601869719,-3.5,1.44974746830583));
#5549=CARTESIAN_POINT('Ctrl Pts',(2.77863601869719,-2.47487373415292,2.47487373415292));
#5550=CARTESIAN_POINT('Ctrl Pts',(2.71613601869719,-1.44974746830584,3.5));
#5551=CARTESIAN_POINT('Ctrl Pts',(2.65363601869719,0.,3.5));
#5552=CARTESIAN_POINT('Ctrl Pts',(2.59113601869719,1.44974746830583,3.5));
#5553=CARTESIAN_POINT('Ctrl Pts',(2.52863601869719,2.47487373415292,2.47487373415292));
#5554=CARTESIAN_POINT('Ctrl Pts',(2.46613601869719,3.5,1.44974746830583));
#5555=CARTESIAN_POINT('Ctrl Pts',(2.40363601869719,3.5,2.14313189850787E-16));
#5556=CARTESIAN_POINT('Ctrl Pts',(2.34113601869719,3.5,-1.44974746830583));
#5557=CARTESIAN_POINT('Ctrl Pts',(2.27863601869719,2.47487373415292,-2.47487373415292));
#5558=CARTESIAN_POINT('Ctrl Pts',(2.21613601869719,1.44974746830583,-3.5));
#5559=CARTESIAN_POINT('Ctrl Pts',(2.15363601869719,4.28626379701574E-16,
-3.5));
#5560=CARTESIAN_POINT('Ctrl Pts',(2.09113601869719,-1.44974746830583,-3.5));
#5561=CARTESIAN_POINT('Ctrl Pts',(2.02863601869719,-2.47487373415292,-2.47487373415292));
#5562=CARTESIAN_POINT('Ctrl Pts',(1.96613601869719,-3.5,-1.44974746830584));
#5563=CARTESIAN_POINT('Ctrl Pts',(1.90363601869719,-3.5,-6.4293956955236E-16));
#5564=CARTESIAN_POINT('Ctrl Pts',(1.84113601869719,-3.5,1.44974746830583));
#5565=CARTESIAN_POINT('Ctrl Pts',(1.77863601869719,-2.47487373415292,2.47487373415292));
#5566=CARTESIAN_POINT('Ctrl Pts',(1.71613601869719,-1.44974746830584,3.5));
#5567=CARTESIAN_POINT('Ctrl Pts',(1.65363601869719,0.,3.5));
#5568=CARTESIAN_POINT('Ctrl Pts',(1.59113601869719,1.44974746830583,3.5));
#5569=CARTESIAN_POINT('Ctrl Pts',(1.52863601869719,2.47487373415292,2.47487373415292));
#5570=CARTESIAN_POINT('Ctrl Pts',(1.46613601869719,3.5,1.44974746830583));
#5571=CARTESIAN_POINT('Ctrl Pts',(1.40363601869719,3.5,2.14313189850787E-16));
#5572=CARTESIAN_POINT('Ctrl Pts',(1.34113601869719,3.5,-1.44974746830583));
#5573=CARTESIAN_POINT('Ctrl Pts',(1.27863601869719,2.47487373415292,-2.47487373415292));
#5574=CARTESIAN_POINT('Ctrl Pts',(1.21613601869719,1.44974746830583,-3.5));
#5575=CARTESIAN_POINT('Ctrl Pts',(1.15363601869719,4.28626379701574E-16,
-3.5));
#5576=CARTESIAN_POINT('Ctrl Pts',(1.09113601869719,-1.44974746830583,-3.5));
#5577=CARTESIAN_POINT('Ctrl Pts',(1.02863601869719,-2.47487373415292,-2.47487373415292));
#5578=CARTESIAN_POINT('Ctrl Pts',(0.966136018697187,-3.5,-1.44974746830584));
#5579=CARTESIAN_POINT('Ctrl Pts',(0.903636018697187,-3.5,-6.4293956955236E-16));
#5580=CARTESIAN_POINT('Ctrl Pts',(0.841136018697187,-3.5,1.44974746830583));
#5581=CARTESIAN_POINT('Ctrl Pts',(0.778636018697187,-2.47487373415292,2.47487373415292));
#5582=CARTESIAN_POINT('Ctrl Pts',(0.716136018697187,-1.44974746830584,3.5));
#5583=CARTESIAN_POINT('Ctrl Pts',(0.653636018697187,0.,3.5));
#5584=CARTESIAN_POINT('Ctrl Pts',(0.591136018697187,1.44974746830583,3.5));
#5585=CARTESIAN_POINT('Ctrl Pts',(0.528636018697187,2.47487373415292,2.47487373415292));
#5586=CARTESIAN_POINT('Ctrl Pts',(0.466136018697187,3.5,1.44974746830583));
#5587=CARTESIAN_POINT('Ctrl Pts',(0.403636018697187,3.5,2.14313189850787E-16));
#5588=CARTESIAN_POINT('Ctrl Pts',(0.341136018697187,3.5,-1.44974746830583));
#5589=CARTESIAN_POINT('Ctrl Pts',(0.278636018697187,2.47487373415292,-2.47487373415292));
#5590=CARTESIAN_POINT('Ctrl Pts',(0.216136018697187,1.44974746830583,-3.5));
#5591=CARTESIAN_POINT('Ctrl Pts',(0.153636018697187,4.28626379701574E-16,
-3.5));
#5592=CARTESIAN_POINT('Ctrl Pts',(0.0911360186971874,-1.44974746830583,
-3.5));
#5593=CARTESIAN_POINT('Ctrl Pts',(0.0286360186971873,-2.47487373415292,
-2.47487373415292));
#5594=CARTESIAN_POINT('Ctrl Pts',(-0.0338639813028127,-3.5,-1.44974746830584));
#5595=CARTESIAN_POINT('Ctrl Pts',(-0.0963639813028128,-3.5,-6.4293956955236E-16));
#5596=CARTESIAN_POINT('Ctrl Pts',(-0.158863981302813,-3.5,1.44974746830583));
#5597=CARTESIAN_POINT('Ctrl Pts',(-0.221363981302813,-2.47487373415292,
2.47487373415292));
#5598=CARTESIAN_POINT('Ctrl Pts',(-0.283863981302813,-1.44974746830584,
3.5));
#5599=CARTESIAN_POINT('Ctrl Pts',(-0.346363981302813,0.,3.5));
#5600=CARTESIAN_POINT('Ctrl Pts',(-0.408863981302813,1.44974746830583,3.5));
#5601=CARTESIAN_POINT('Ctrl Pts',(-0.471363981302813,2.47487373415292,2.47487373415292));
#5602=CARTESIAN_POINT('Ctrl Pts',(-0.533863981302813,3.5,1.44974746830583));
#5603=CARTESIAN_POINT('Ctrl Pts',(-0.596363981302813,3.5,2.14313189850787E-16));
#5604=CARTESIAN_POINT('Ctrl Pts',(-0.658863981302813,3.5,-1.44974746830583));
#5605=CARTESIAN_POINT('Ctrl Pts',(-0.721363981302813,2.47487373415292,-2.47487373415292));
#5606=CARTESIAN_POINT('Ctrl Pts',(-0.783863981302814,1.44974746830583,-3.5));
#5607=CARTESIAN_POINT('Ctrl Pts',(-0.846363981302813,4.28626379701574E-16,
-3.5));
#5608=CARTESIAN_POINT('Ctrl Pts',(5.96613601733159,0.,2.958734125));
#5609=CARTESIAN_POINT('Ctrl Pts',(5.90363601733159,1.22554780203109,2.958734125));
#5610=CARTESIAN_POINT('Ctrl Pts',(5.84113601733159,2.09214096351555,2.09214096351555));
#5611=CARTESIAN_POINT('Ctrl Pts',(5.77863601733159,2.958734125,1.22554780203109));
#5612=CARTESIAN_POINT('Ctrl Pts',(5.71613601733159,2.958734125,1.81170213785465E-16));
#5613=CARTESIAN_POINT('Ctrl Pts',(5.65363601733159,2.958734125,-1.22554780203109));
#5614=CARTESIAN_POINT('Ctrl Pts',(5.59113601733159,2.09214096351555,-2.09214096351555));
#5615=CARTESIAN_POINT('Ctrl Pts',(5.52863601733159,1.22554780203109,-2.958734125));
#5616=CARTESIAN_POINT('Ctrl Pts',(5.46613601733159,3.62340427570929E-16,
-2.958734125));
#5617=CARTESIAN_POINT('Ctrl Pts',(5.40363601733159,-1.22554780203109,-2.958734125));
#5618=CARTESIAN_POINT('Ctrl Pts',(5.34113601733159,-2.09214096351555,-2.09214096351555));
#5619=CARTESIAN_POINT('Ctrl Pts',(5.27863601733159,-2.958734125,-1.22554780203109));
#5620=CARTESIAN_POINT('Ctrl Pts',(5.21613601733159,-2.958734125,-5.43510641356394E-16));
#5621=CARTESIAN_POINT('Ctrl Pts',(5.15363601733159,-2.958734125,1.22554780203109));
#5622=CARTESIAN_POINT('Ctrl Pts',(5.09113601733159,-2.09214096351555,2.09214096351555));
#5623=CARTESIAN_POINT('Ctrl Pts',(5.02863601733159,-1.22554780203109,2.958734125));
#5624=CARTESIAN_POINT('Ctrl Pts',(4.96613601733159,0.,2.958734125));
#5625=CARTESIAN_POINT('Ctrl Pts',(4.90363601733159,1.22554780203109,2.958734125));
#5626=CARTESIAN_POINT('Ctrl Pts',(4.84113601733159,2.09214096351555,2.09214096351555));
#5627=CARTESIAN_POINT('Ctrl Pts',(4.77863601733159,2.958734125,1.22554780203109));
#5628=CARTESIAN_POINT('Ctrl Pts',(4.71613601733159,2.958734125,1.81170213785465E-16));
#5629=CARTESIAN_POINT('Ctrl Pts',(4.65363601733159,2.958734125,-1.22554780203109));
#5630=CARTESIAN_POINT('Ctrl Pts',(4.59113601733159,2.09214096351555,-2.09214096351555));
#5631=CARTESIAN_POINT('Ctrl Pts',(4.52863601733159,1.22554780203109,-2.958734125));
#5632=CARTESIAN_POINT('Ctrl Pts',(4.46613601733159,3.62340427570929E-16,
-2.958734125));
#5633=CARTESIAN_POINT('Ctrl Pts',(4.40363601733159,-1.22554780203109,-2.958734125));
#5634=CARTESIAN_POINT('Ctrl Pts',(4.34113601733159,-2.09214096351555,-2.09214096351555));
#5635=CARTESIAN_POINT('Ctrl Pts',(4.27863601733159,-2.958734125,-1.22554780203109));
#5636=CARTESIAN_POINT('Ctrl Pts',(4.21613601733159,-2.958734125,-5.43510641356394E-16));
#5637=CARTESIAN_POINT('Ctrl Pts',(4.15363601733159,-2.958734125,1.22554780203109));
#5638=CARTESIAN_POINT('Ctrl Pts',(4.09113601733159,-2.09214096351555,2.09214096351555));
#5639=CARTESIAN_POINT('Ctrl Pts',(4.02863601733159,-1.22554780203109,2.958734125));
#5640=CARTESIAN_POINT('Ctrl Pts',(3.96613601733159,0.,2.958734125));
#5641=CARTESIAN_POINT('Ctrl Pts',(3.90363601733159,1.22554780203109,2.958734125));
#5642=CARTESIAN_POINT('Ctrl Pts',(3.84113601733159,2.09214096351555,2.09214096351555));
#5643=CARTESIAN_POINT('Ctrl Pts',(3.77863601733159,2.958734125,1.22554780203109));
#5644=CARTESIAN_POINT('Ctrl Pts',(3.71613601733159,2.958734125,1.81170213785465E-16));
#5645=CARTESIAN_POINT('Ctrl Pts',(3.65363601733159,2.958734125,-1.22554780203109));
#5646=CARTESIAN_POINT('Ctrl Pts',(3.59113601733159,2.09214096351555,-2.09214096351555));
#5647=CARTESIAN_POINT('Ctrl Pts',(3.52863601733159,1.22554780203109,-2.958734125));
#5648=CARTESIAN_POINT('Ctrl Pts',(3.46613601733159,3.62340427570929E-16,
-2.958734125));
#5649=CARTESIAN_POINT('Ctrl Pts',(3.40363601733159,-1.22554780203109,-2.958734125));
#5650=CARTESIAN_POINT('Ctrl Pts',(3.34113601733159,-2.09214096351555,-2.09214096351555));
#5651=CARTESIAN_POINT('Ctrl Pts',(3.27863601733159,-2.958734125,-1.22554780203109));
#5652=CARTESIAN_POINT('Ctrl Pts',(3.21613601733159,-2.958734125,-5.43510641356394E-16));
#5653=CARTESIAN_POINT('Ctrl Pts',(3.15363601733159,-2.958734125,1.22554780203109));
#5654=CARTESIAN_POINT('Ctrl Pts',(3.09113601733159,-2.09214096351555,2.09214096351555));
#5655=CARTESIAN_POINT('Ctrl Pts',(3.02863601733159,-1.22554780203109,2.958734125));
#5656=CARTESIAN_POINT('Ctrl Pts',(2.96613601733159,0.,2.958734125));
#5657=CARTESIAN_POINT('Ctrl Pts',(2.90363601733159,1.22554780203109,2.958734125));
#5658=CARTESIAN_POINT('Ctrl Pts',(2.84113601733159,2.09214096351555,2.09214096351555));
#5659=CARTESIAN_POINT('Ctrl Pts',(2.77863601733159,2.958734125,1.22554780203109));
#5660=CARTESIAN_POINT('Ctrl Pts',(2.71613601733159,2.958734125,1.81170213785465E-16));
#5661=CARTESIAN_POINT('Ctrl Pts',(2.65363601733159,2.958734125,-1.22554780203109));
#5662=CARTESIAN_POINT('Ctrl Pts',(2.59113601733159,2.09214096351555,-2.09214096351555));
#5663=CARTESIAN_POINT('Ctrl Pts',(2.52863601733159,1.22554780203109,-2.958734125));
#5664=CARTESIAN_POINT('Ctrl Pts',(2.46613601733159,3.62340427570929E-16,
-2.958734125));
#5665=CARTESIAN_POINT('Ctrl Pts',(2.40363601733159,-1.22554780203109,-2.958734125));
#5666=CARTESIAN_POINT('Ctrl Pts',(2.34113601733159,-2.09214096351555,-2.09214096351555));
#5667=CARTESIAN_POINT('Ctrl Pts',(2.27863601733159,-2.958734125,-1.22554780203109));
#5668=CARTESIAN_POINT('Ctrl Pts',(2.21613601733159,-2.958734125,-5.43510641356394E-16));
#5669=CARTESIAN_POINT('Ctrl Pts',(2.15363601733159,-2.958734125,1.22554780203109));
#5670=CARTESIAN_POINT('Ctrl Pts',(2.09113601733159,-2.09214096351555,2.09214096351555));
#5671=CARTESIAN_POINT('Ctrl Pts',(2.02863601733159,-1.22554780203109,2.958734125));
#5672=CARTESIAN_POINT('Ctrl Pts',(1.96613601733159,0.,2.958734125));
#5673=CARTESIAN_POINT('Ctrl Pts',(1.90363601733159,1.22554780203109,2.958734125));
#5674=CARTESIAN_POINT('Ctrl Pts',(1.84113601733159,2.09214096351555,2.09214096351555));
#5675=CARTESIAN_POINT('Ctrl Pts',(1.77863601733159,2.958734125,1.22554780203109));
#5676=CARTESIAN_POINT('Ctrl Pts',(1.71613601733159,2.958734125,1.81170213785465E-16));
#5677=CARTESIAN_POINT('Ctrl Pts',(1.65363601733159,2.958734125,-1.22554780203109));
#5678=CARTESIAN_POINT('Ctrl Pts',(1.59113601733159,2.09214096351555,-2.09214096351555));
#5679=CARTESIAN_POINT('Ctrl Pts',(1.52863601733159,1.22554780203109,-2.958734125));
#5680=CARTESIAN_POINT('Ctrl Pts',(1.46613601733159,3.62340427570929E-16,
-2.958734125));
#5681=CARTESIAN_POINT('Ctrl Pts',(1.40363601733159,-1.22554780203109,-2.958734125));
#5682=CARTESIAN_POINT('Ctrl Pts',(1.34113601733159,-2.09214096351555,-2.09214096351555));
#5683=CARTESIAN_POINT('Ctrl Pts',(1.27863601733159,-2.958734125,-1.22554780203109));
#5684=CARTESIAN_POINT('Ctrl Pts',(1.21613601733159,-2.958734125,-5.43510641356394E-16));
#5685=CARTESIAN_POINT('Ctrl Pts',(1.15363601733159,-2.958734125,1.22554780203109));
#5686=CARTESIAN_POINT('Ctrl Pts',(1.09113601733159,-2.09214096351555,2.09214096351555));
#5687=CARTESIAN_POINT('Ctrl Pts',(1.02863601733159,-1.22554780203109,2.958734125));
#5688=CARTESIAN_POINT('Ctrl Pts',(0.966136017331593,0.,2.958734125));
#5689=CARTESIAN_POINT('Ctrl Pts',(0.903636017331593,1.22554780203109,2.958734125));
#5690=CARTESIAN_POINT('Ctrl Pts',(0.841136017331593,2.09214096351555,2.09214096351555));
#5691=CARTESIAN_POINT('Ctrl Pts',(0.778636017331593,2.958734125,1.22554780203109));
#5692=CARTESIAN_POINT('Ctrl Pts',(0.716136017331593,2.958734125,1.81170213785465E-16));
#5693=CARTESIAN_POINT('Ctrl Pts',(0.653636017331593,2.958734125,-1.22554780203109));
#5694=CARTESIAN_POINT('Ctrl Pts',(0.591136017331593,2.09214096351555,-2.09214096351555));
#5695=CARTESIAN_POINT('Ctrl Pts',(0.528636017331593,1.22554780203109,-2.958734125));
#5696=CARTESIAN_POINT('Ctrl Pts',(0.466136017331593,3.62340427570929E-16,
-2.958734125));
#5697=CARTESIAN_POINT('Ctrl Pts',(0.403636017331593,-1.22554780203109,-2.958734125));
#5698=CARTESIAN_POINT('Ctrl Pts',(0.341136017331593,-2.09214096351555,-2.09214096351555));
#5699=CARTESIAN_POINT('Ctrl Pts',(0.278636017331593,-2.958734125,-1.22554780203109));
#5700=CARTESIAN_POINT('Ctrl Pts',(0.216136017331593,-2.958734125,-5.43510641356394E-16));
#5701=CARTESIAN_POINT('Ctrl Pts',(0.153636017331593,-2.958734125,1.22554780203109));
#5702=CARTESIAN_POINT('Ctrl Pts',(0.0911360173315931,-2.09214096351555,
2.09214096351555));
#5703=CARTESIAN_POINT('Ctrl Pts',(0.028636017331593,-1.22554780203109,2.958734125));
#5704=CARTESIAN_POINT('Ctrl Pts',(-0.033863982668407,0.,2.958734125));
#5705=CARTESIAN_POINT('Ctrl Pts',(-0.0963639826684071,1.22554780203109,
2.958734125));
#5706=CARTESIAN_POINT('Ctrl Pts',(-0.158863982668407,2.09214096351555,2.09214096351555));
#5707=CARTESIAN_POINT('Ctrl Pts',(-0.221363982668407,2.958734125,1.22554780203109));
#5708=CARTESIAN_POINT('Ctrl Pts',(-0.283863982668407,2.958734125,1.81170213785465E-16));
#5709=CARTESIAN_POINT('Ctrl Pts',(-0.346363982668407,2.958734125,-1.22554780203109));
#5710=CARTESIAN_POINT('Ctrl Pts',(-0.408863982668407,2.09214096351555,-2.09214096351555));
#5711=CARTESIAN_POINT('Ctrl Pts',(-0.471363982668407,1.22554780203109,-2.958734125));
#5712=CARTESIAN_POINT('Ctrl Pts',(-0.533863982668408,3.62340427570929E-16,
-2.958734125));
#5713=CARTESIAN_POINT('Ctrl Pts',(0.0286360159659499,-2.50774424958382,
-2.4361137843682));
#5714=CARTESIAN_POINT('Ctrl Pts',(0.0286360159659499,-2.7136802667745,-2.18955316874772));
#5715=CARTESIAN_POINT('Ctrl Pts',(0.02863601596595,-2.88347419075208,-1.91495470876424));
#5716=CARTESIAN_POINT('Ctrl Pts',(0.02863601596595,-3.13411835767457,-1.34063650120287));
#5717=CARTESIAN_POINT('Ctrl Pts',(0.0286360159659507,-3.21777592408697,
-1.04550946501075));
#5718=CARTESIAN_POINT('Ctrl Pts',(0.0286360159659507,-3.30767580901051,
-0.411665489887001));
#5719=CARTESIAN_POINT('Ctrl Pts',(0.0286360159659491,-3.32159393825214,
0.0305412058401852));
#5720=CARTESIAN_POINT('Ctrl Pts',(0.0286360159659491,-3.10005215449484,
0.908969386604914));
#5721=CARTESIAN_POINT('Ctrl Pts',(0.0286360159659502,-2.9310328202877,1.27275549133518));
#5722=CARTESIAN_POINT('Ctrl Pts',(0.0286360159659502,-2.60153595232497,
1.73134983985769));
#5723=CARTESIAN_POINT('Ctrl Pts',(0.0286360158500482,-2.49349745273257,
1.85904596107885));
#5724=CARTESIAN_POINT('Ctrl Pts',(0.0286360158500482,-2.18549740061009,
2.16956045566993));
#5725=CARTESIAN_POINT('Ctrl Pts',(0.0286360159659503,-1.98734805737963,
2.32198636154076));
#5726=CARTESIAN_POINT('Ctrl Pts',(0.0286360159659503,-1.5764729895058,2.56742570104512));
#5727=CARTESIAN_POINT('Ctrl Pts',(0.02863601596595,-1.35898374629729,2.66402975573714));
#5728=CARTESIAN_POINT('Ctrl Pts',(0.02863601596595,-1.13225850755377,2.73351390969785));
#5729=CARTESIAN_POINT('Origin',(-4.895814629367,-9.7,-2.5));
#5730=CARTESIAN_POINT('',(-5.095814629367,-9.85000000000007,-2.75980762113528));
#5731=CARTESIAN_POINT('',(-4.895814629367,-9.8500000000001,-2.75980762113511));
#5732=CARTESIAN_POINT('',(-4.895814629367,-9.85000000000014,-2.75980762113524));
#5733=CARTESIAN_POINT('',(-4.895814629367,-9.8500000000001,-2.24019237886489));
#5734=CARTESIAN_POINT('Origin',(-4.895814629367,-9.7,-2.5));
#5735=CARTESIAN_POINT('',(-5.095814629367,-9.8500000000001,-2.24019237886489));
#5736=CARTESIAN_POINT('',(-4.895814629367,-9.85000000000014,-2.24019237886475));
#5737=CARTESIAN_POINT('Origin',(-5.095814629367,-9.7,-2.5));
#5738=CARTESIAN_POINT('Origin',(-4.895814629367,-9.7,2.5));
#5739=CARTESIAN_POINT('',(-5.095814629367,-9.85000000000007,2.24019237886472));
#5740=CARTESIAN_POINT('',(-4.895814629367,-9.8500000000001,2.24019237886489));
#5741=CARTESIAN_POINT('',(-4.895814629367,-9.85000000000014,2.24019237886476));
#5742=CARTESIAN_POINT('',(-4.895814629367,-9.8500000000001,2.75980762113511));
#5743=CARTESIAN_POINT('Origin',(-4.895814629367,-9.7,2.5));
#5744=CARTESIAN_POINT('',(-5.095814629367,-9.8500000000001,2.75980762113511));
#5745=CARTESIAN_POINT('',(-4.895814629367,-9.85000000000014,2.75980762113525));
#5746=CARTESIAN_POINT('Origin',(-5.095814629367,-9.7,2.5));
#5747=CARTESIAN_POINT('Origin',(-11.14581462937,-9.520577136594,2.95));
#5748=CARTESIAN_POINT('',(-10.09581462937,-9.520577136594,2.95));
#5749=CARTESIAN_POINT('',(-9.895814629367,-9.520577136594,2.95));
#5750=CARTESIAN_POINT('',(-11.14581462937,-9.520577136594,2.95));
#5751=CARTESIAN_POINT('',(-10.09581462937,-9.8500000000001,2.75980762113511));
#5752=CARTESIAN_POINT('',(-10.09581462937,-9.85,2.759807621135));
#5753=CARTESIAN_POINT('',(-9.895814629367,-9.8500000000001,2.75980762113511));
#5754=CARTESIAN_POINT('',(-11.14581462937,-9.85000000000014,2.75980762113524));
#5755=CARTESIAN_POINT('',(-9.895814629367,-9.520577136594,2.95));
#5756=CARTESIAN_POINT('Origin',(-11.14581462937,-9.7,2.5));
#5757=CARTESIAN_POINT('',(-10.09581462937,-9.8500000000001,2.24019237886489));
#5758=CARTESIAN_POINT('Origin',(-10.09581462937,-9.7,2.5));
#5759=CARTESIAN_POINT('',(-9.895814629367,-9.8500000000001,2.24019237886489));
#5760=CARTESIAN_POINT('',(-11.14581462937,-9.85000000000014,2.24019237886475));
#5761=CARTESIAN_POINT('Origin',(-9.895814629367,-9.7,2.5));
#5762=CARTESIAN_POINT('Origin',(-11.14581462937,-9.85,2.240192378865));
#5763=CARTESIAN_POINT('',(-10.09581462937,-9.520577136594,2.05));
#5764=CARTESIAN_POINT('',(-10.09581462937,-9.520577136594,2.05));
#5765=CARTESIAN_POINT('',(-9.895814629367,-9.52057713659399,2.05));
#5766=CARTESIAN_POINT('',(-11.14581462937,-9.520577136594,2.05));
#5767=CARTESIAN_POINT('',(-9.895814629367,-9.85,2.240192378865));
#5768=CARTESIAN_POINT('Origin',(-11.14581462937,-9.520577136594,-2.05));
#5769=CARTESIAN_POINT('',(-10.09581462937,-9.520577136594,-2.05));
#5770=CARTESIAN_POINT('',(-9.895814629367,-9.520577136594,-2.05));
#5771=CARTESIAN_POINT('',(-11.14581462937,-9.520577136594,-2.05));
#5772=CARTESIAN_POINT('',(-10.09581462937,-9.8500000000001,-2.24019237886489));
#5773=CARTESIAN_POINT('',(-10.09581462937,-9.85,-2.240192378865));
#5774=CARTESIAN_POINT('',(-9.895814629367,-9.8500000000001,-2.24019237886489));
#5775=CARTESIAN_POINT('',(-11.14581462937,-9.85000000000014,-2.24019237886476));
#5776=CARTESIAN_POINT('',(-9.895814629367,-9.520577136594,-2.05));
#5777=CARTESIAN_POINT('Origin',(-11.14581462937,-9.7,-2.5));
#5778=CARTESIAN_POINT('',(-10.09581462937,-9.8500000000001,-2.75980762113511));
#5779=CARTESIAN_POINT('Origin',(-10.09581462937,-9.7,-2.5));
#5780=CARTESIAN_POINT('',(-9.895814629367,-9.8500000000001,-2.75980762113511));
#5781=CARTESIAN_POINT('',(-11.14581462937,-9.85000000000014,-2.75980762113525));
#5782=CARTESIAN_POINT('Origin',(-9.895814629367,-9.7,-2.5));
#5783=CARTESIAN_POINT('Origin',(-11.14581462937,-9.85,-2.759807621135));
#5784=CARTESIAN_POINT('',(-10.09581462937,-9.520577136594,-2.95));
#5785=CARTESIAN_POINT('',(-10.09581462937,-9.520577136594,-2.95));
#5786=CARTESIAN_POINT('',(-9.895814629367,-9.52057713659399,-2.95));
#5787=CARTESIAN_POINT('',(-11.14581462937,-9.520577136594,-2.95));
#5788=CARTESIAN_POINT('',(-9.895814629367,-9.85,-2.759807621135));
#5789=CARTESIAN_POINT('Origin',(-4.895814629367,-9.85,-2.240192378865));
#5790=CARTESIAN_POINT('',(-5.095814629367,-9.52057713659394,-2.05000000000008));
#5791=CARTESIAN_POINT('',(-5.095814629367,-9.85,-2.240192378865));
#5792=CARTESIAN_POINT('',(-4.895814629367,-9.52057713659395,-2.05000000000008));
#5793=CARTESIAN_POINT('',(-4.895814629367,-9.520577136594,-2.05));
#5794=CARTESIAN_POINT('',(-4.895814629367,-9.52057713659386,-2.05000000000024));
#5795=CARTESIAN_POINT('Origin',(-5.095814629367,-10.,0.));
#5796=CARTESIAN_POINT('',(-5.095814629367,-6.5,-2.95));
#5797=CARTESIAN_POINT('',(-5.095814629367,-6.5,-2.05));
#5798=CARTESIAN_POINT('',(-5.095814629367,-6.5,0.));
#5799=CARTESIAN_POINT('',(-5.095814629367,-9.520577136594,-2.95));
#5800=CARTESIAN_POINT('',(-5.095814629367,-6.05,-2.95));
#5801=CARTESIAN_POINT('',(-5.095814629367,-9.520577136594,-2.95));
#5802=CARTESIAN_POINT('',(-5.095814629367,-10.,-2.05));
#5803=CARTESIAN_POINT('Origin',(-4.895814629367,-9.520577136594,-2.95));
#5804=CARTESIAN_POINT('',(-4.895814629367,-9.520577136594,-2.95));
#5805=CARTESIAN_POINT('',(-4.895814629367,-9.520577136594,-2.95));
#5806=CARTESIAN_POINT('',(-4.895814629367,-9.85,-2.759807621135));
#5807=CARTESIAN_POINT('Origin',(-4.895814629367,-6.5,0.));
#5808=CARTESIAN_POINT('',(-4.89581462936699,-6.50000000000001,-2.95));
#5809=CARTESIAN_POINT('',(-4.895814629367,-6.05,-2.95));
#5810=CARTESIAN_POINT('',(-4.89581462936699,-6.50000000000001,-2.05));
#5811=CARTESIAN_POINT('',(-4.89581462936698,-6.50000000000002,0.));
#5812=CARTESIAN_POINT('',(-4.895814629367,-6.5,-2.05));
#5813=CARTESIAN_POINT('Origin',(-4.895814629367,-9.85,2.759807621135));
#5814=CARTESIAN_POINT('',(-5.095814629367,-9.52057713659394,2.94999999999992));
#5815=CARTESIAN_POINT('',(-5.095814629367,-9.85,2.759807621135));
#5816=CARTESIAN_POINT('',(-4.895814629367,-9.52057713659395,2.94999999999992));
#5817=CARTESIAN_POINT('',(-4.895814629367,-9.520577136594,2.95));
#5818=CARTESIAN_POINT('',(-4.895814629367,-9.52057713659386,2.94999999999976));
#5819=CARTESIAN_POINT('Origin',(-5.095814629367,-10.,0.));
#5820=CARTESIAN_POINT('',(-5.095814629367,-6.5,2.05));
#5821=CARTESIAN_POINT('',(-5.095814629367,-6.5,2.95));
#5822=CARTESIAN_POINT('',(-5.095814629367,-6.5,0.));
#5823=CARTESIAN_POINT('',(-5.095814629367,-9.520577136594,2.05));
#5824=CARTESIAN_POINT('',(-5.095814629367,-6.05,2.05));
#5825=CARTESIAN_POINT('',(-5.095814629367,-9.520577136594,2.05));
#5826=CARTESIAN_POINT('',(-5.095814629367,-10.,2.95));
#5827=CARTESIAN_POINT('Origin',(-4.895814629367,-9.520577136594,2.05));
#5828=CARTESIAN_POINT('',(-4.895814629367,-9.520577136594,2.05));
#5829=CARTESIAN_POINT('',(-4.895814629367,-9.520577136594,2.05));
#5830=CARTESIAN_POINT('',(-4.895814629367,-9.85,2.240192378865));
#5831=CARTESIAN_POINT('Origin',(-4.895814629367,-6.5,0.));
#5832=CARTESIAN_POINT('',(-4.89581462936699,-6.50000000000001,2.05));
#5833=CARTESIAN_POINT('',(-4.895814629367,-6.05,2.05));
#5834=CARTESIAN_POINT('',(-4.89581462936699,-6.50000000000001,2.95));
#5835=CARTESIAN_POINT('',(-4.89581462936698,-6.50000000000002,0.));
#5836=CARTESIAN_POINT('',(-4.895814629367,-6.5,2.95));
#5837=CARTESIAN_POINT('Origin',(-4.84548218764,-9.859046106882,0.2598076211353));
#5838=CARTESIAN_POINT('',(-4.73281293268291,-9.54948987302103,0.45));
#5839=CARTESIAN_POINT('',(-4.73281293268273,-9.5494898730211,0.45));
#5840=CARTESIAN_POINT('',(-4.92075145684006,-9.48108584435598,0.45));
#5841=CARTESIAN_POINT('',(-4.92075145684,-9.481085844356,0.45));
#5842=CARTESIAN_POINT('',(-5.03342071179709,-9.79064207821697,0.2598076211353));
#5843=CARTESIAN_POINT('Origin',(-5.084723733296,-9.931595971335,0.));
#5844=CARTESIAN_POINT('',(-4.573906843131,-8.528138100132,0.45));
#5845=CARTESIAN_POINT('',(-4.92075145684006,-9.48108584435598,-0.45));
#5846=CARTESIAN_POINT('',(-4.573906843131,-8.528138100132,-0.45));
#5847=CARTESIAN_POINT('',(-4.92075145684012,-9.48108584435596,-0.45));
#5848=CARTESIAN_POINT('Origin',(-4.732812932683,-9.549489873021,-0.45));
#5849=CARTESIAN_POINT('',(-4.73281293268291,-9.54948987302103,-0.45));
#5850=CARTESIAN_POINT('',(-4.8454821876397,-9.85904610688211,-0.2598076211353));
#5851=CARTESIAN_POINT('',(-4.92075145684,-9.481085844356,-0.45));
#5852=CARTESIAN_POINT('Origin',(-4.385968318974,-8.596542128797,0.));
#5853=CARTESIAN_POINT('',(-4.732812932683,-9.549489873021,0.45));
#5854=CARTESIAN_POINT('',(-4.732812932683,-9.549489873021,-0.45));
#5855=CARTESIAN_POINT('Origin',(-4.895814629367,-7.6,0.));
#5856=CARTESIAN_POINT('',(-4.895814629367,-7.6,0.45));
#5857=CARTESIAN_POINT('',(-4.895814629367,-7.6,-0.45));
#5858=CARTESIAN_POINT('',(-4.895814629367,-7.6,0.));
#5859=CARTESIAN_POINT('',(-4.472792407808,-8.104138252291,0.45));
#5860=CARTESIAN_POINT('',(-4.472792407808,-8.104138252291,-0.45));
#5861=CARTESIAN_POINT('Origin',(-5.095814629367,-7.672794046853,0.));
#5862=CARTESIAN_POINT('',(-5.09581462936716,-7.67279404685321,0.45));
#5863=CARTESIAN_POINT('',(-5.09581462936716,-7.67279404685314,-0.45));
#5864=CARTESIAN_POINT('',(-5.09581462936749,-7.67279404685342,0.));
#5865=CARTESIAN_POINT('',(-5.095814629367,-6.5,0.45));
#5866=CARTESIAN_POINT('',(-5.095814629367,-8.005905039967,0.45));
#5867=CARTESIAN_POINT('',(-5.095814629367,-6.5,-0.45));
#5868=CARTESIAN_POINT('',(-5.095814629367,-6.5,0.));
#5869=CARTESIAN_POINT('',(-5.095814629367,-8.005905039967,-0.45));
#5870=CARTESIAN_POINT('Origin',(-4.626001296432,-8.232695774228,0.));
#5871=CARTESIAN_POINT('',(-5.095814629367,-7.672794046853,0.45));
#5872=CARTESIAN_POINT('',(-5.095814629367,-7.672794046853,-0.45));
#5873=CARTESIAN_POINT('Origin',(-4.895814629367,-6.5,0.));
#5874=CARTESIAN_POINT('',(-4.89581462936699,-6.5,0.45));
#5875=CARTESIAN_POINT('',(-4.89581462936699,-6.5,-0.45));
#5876=CARTESIAN_POINT('',(-4.89581462936698,-6.50000000000002,0.));
#5877=CARTESIAN_POINT('',(-4.895814629367,-8.005905039967,0.45));
#5878=CARTESIAN_POINT('',(-4.895814629367,-8.005905039967,-0.45));
#5879=CARTESIAN_POINT('Origin',(-13.09581462937,-6.5,-3.85));
#5880=CARTESIAN_POINT('',(-8.895814629367,-6.5,-3.85));
#5881=CARTESIAN_POINT('',(-12.02086398403,-6.5,-3.85));
#5882=CARTESIAN_POINT('',(-11.89581462937,-6.5,-3.85));
#5883=CARTESIAN_POINT('',(-8.895814629367,-6.25,-3.85));
#5884=CARTESIAN_POINT('',(-8.895814629367,-6.5,-3.85));
#5885=CARTESIAN_POINT('',(-12.02086398403,-6.25,-3.85));
#5886=CARTESIAN_POINT('',(-11.37081462937,-6.25,-3.85));
#5887=CARTESIAN_POINT('',(-12.02086398403,-6.5,-3.85));
#5888=CARTESIAN_POINT('Origin',(-11.89581462937,-6.5,3.85));
#5889=CARTESIAN_POINT('',(-8.895814629367,-6.25,3.85));
#5890=CARTESIAN_POINT('',(-12.02086398403,-6.25,3.85));
#5891=CARTESIAN_POINT('',(-11.37081462937,-6.25,3.85));
#5892=CARTESIAN_POINT('',(-8.895814629367,-6.5,3.85));
#5893=CARTESIAN_POINT('',(-8.895814629367,-6.5,3.85));
#5894=CARTESIAN_POINT('',(-12.02086398403,-6.5,3.85));
#5895=CARTESIAN_POINT('',(-11.89581462937,-6.5,3.85));
#5896=CARTESIAN_POINT('',(-12.02086398403,-6.5,3.85));
#5897=CARTESIAN_POINT('Origin',(-11.14581462937,-9.520577136594,2.05));
#5898=CARTESIAN_POINT('',(-10.09581462937,-6.25,2.05));
#5899=CARTESIAN_POINT('',(-10.09581462937,0.,2.05));
#5900=CARTESIAN_POINT('',(-9.895814629367,-6.25,2.05));
#5901=CARTESIAN_POINT('',(-11.14581462937,-6.25,2.05));
#5902=CARTESIAN_POINT('',(-9.895814629367,0.,2.05));
#5903=CARTESIAN_POINT('Origin',(-9.895814629367,0.,0.));
#5904=CARTESIAN_POINT('',(-9.895814629367,-6.25,2.95));
#5905=CARTESIAN_POINT('',(-9.895814629367,-6.25,0.));
#5906=CARTESIAN_POINT('',(-9.895814629367,-6.25,2.95));
#5907=CARTESIAN_POINT('Origin',(-11.14581462937,-6.25,2.95));
#5908=CARTESIAN_POINT('',(-10.09581462937,-6.25,2.95));
#5909=CARTESIAN_POINT('',(-11.37081462937,-6.25,2.95));
#5910=CARTESIAN_POINT('',(-10.09581462937,-6.25,2.95));
#5911=CARTESIAN_POINT('Origin',(-10.09581462937,0.,0.));
#5912=CARTESIAN_POINT('',(-10.09581462937,-6.25,0.));
#5913=CARTESIAN_POINT('Origin',(-11.14581462937,-9.520577136594,-2.95));
#5914=CARTESIAN_POINT('',(-10.09581462937,-6.25,-2.95));
#5915=CARTESIAN_POINT('',(-10.09581462937,0.,-2.95));
#5916=CARTESIAN_POINT('',(-9.895814629367,-6.25,-2.95));
#5917=CARTESIAN_POINT('',(-11.14581462937,-6.25,-2.95));
#5918=CARTESIAN_POINT('',(-9.895814629367,0.,-2.95));
#5919=CARTESIAN_POINT('Origin',(-9.895814629367,0.,0.));
#5920=CARTESIAN_POINT('',(-9.895814629367,-6.25,-2.05));
#5921=CARTESIAN_POINT('',(-9.895814629367,-6.25,0.));
#5922=CARTESIAN_POINT('',(-9.895814629367,-6.25,-2.05));
#5923=CARTESIAN_POINT('Origin',(-11.14581462937,-6.25,-2.05));
#5924=CARTESIAN_POINT('',(-10.09581462937,-6.25,-2.05));
#5925=CARTESIAN_POINT('',(-11.37081462937,-6.25,-2.05));
#5926=CARTESIAN_POINT('',(-10.09581462937,-6.25,-2.05));
#5927=CARTESIAN_POINT('Origin',(-10.09581462937,0.,0.));
#5928=CARTESIAN_POINT('',(-10.09581462937,-6.25,0.));
#5929=CARTESIAN_POINT('Origin',(-4.895814629367,-9.520577136594,-2.05));
#5930=CARTESIAN_POINT('',(-4.845814629367,-6.05,-2.05));
#5931=CARTESIAN_POINT('',(-4.645814629367,-6.05,-2.05));
#5932=CARTESIAN_POINT('',(-4.895814629367,-6.05,-2.05));
#5933=CARTESIAN_POINT('',(-5.095814629367,-6.5,-2.05));
#5934=CARTESIAN_POINT('',(-4.645814629367,-6.05,-2.05));
#5935=CARTESIAN_POINT('Origin',(-5.095814629367,-6.5,0.));
#5936=CARTESIAN_POINT('',(-4.84581462936701,-6.04999999999999,-2.95));
#5937=CARTESIAN_POINT('',(-4.845814629367,-6.05,0.));
#5938=CARTESIAN_POINT('',(-4.845814629367,-6.05,-2.95));
#5939=CARTESIAN_POINT('Origin',(-4.895814629367,-6.05,-2.95));
#5940=CARTESIAN_POINT('',(-4.645814629367,-6.05,-2.95));
#5941=CARTESIAN_POINT('',(-4.845814629367,-6.05,-2.95));
#5942=CARTESIAN_POINT('',(-4.895814629367,-6.5,-2.95));
#5943=CARTESIAN_POINT('Origin',(-4.645814629367,-6.05,0.));
#5944=CARTESIAN_POINT('',(-4.645814629367,-6.05,0.));
#5945=CARTESIAN_POINT('Origin',(-4.895814629367,-9.520577136594,2.95));
#5946=CARTESIAN_POINT('',(-4.845814629367,-6.05,2.95));
#5947=CARTESIAN_POINT('',(-4.645814629367,-6.05,2.95));
#5948=CARTESIAN_POINT('',(-4.895814629367,-6.05,2.95));
#5949=CARTESIAN_POINT('',(-5.095814629367,-6.5,2.95));
#5950=CARTESIAN_POINT('',(-4.645814629367,-6.05,2.95));
#5951=CARTESIAN_POINT('Origin',(-5.095814629367,-6.5,0.));
#5952=CARTESIAN_POINT('',(-4.84581462936701,-6.04999999999999,2.05));
#5953=CARTESIAN_POINT('',(-4.845814629367,-6.05,0.));
#5954=CARTESIAN_POINT('',(-4.845814629367,-6.05,2.05));
#5955=CARTESIAN_POINT('Origin',(-4.895814629367,-6.05,2.05));
#5956=CARTESIAN_POINT('',(-4.645814629367,-6.05,2.05));
#5957=CARTESIAN_POINT('',(-4.845814629367,-6.05,2.05));
#5958=CARTESIAN_POINT('',(-4.895814629367,-6.5,2.05));
#5959=CARTESIAN_POINT('Origin',(-4.645814629367,-6.05,0.));
#5960=CARTESIAN_POINT('',(-4.645814629367,-6.05,0.));
#5961=CARTESIAN_POINT('Origin',(-4.804804335735,-8.005905039967,0.45));
#5962=CARTESIAN_POINT('',(-4.645814629367,-6.05,0.45));
#5963=CARTESIAN_POINT('',(-4.645814629367,-6.05,0.45));
#5964=CARTESIAN_POINT('',(-4.845814629367,-6.05,0.45));
#5965=CARTESIAN_POINT('',(-4.845814629367,-6.05,0.45));
#5966=CARTESIAN_POINT('',(-4.845814629367,-6.05,0.45));
#5967=CARTESIAN_POINT('Origin',(-5.095814629367,-6.5,0.));
#5968=CARTESIAN_POINT('',(-4.845814629367,-6.05,-0.45));
#5969=CARTESIAN_POINT('',(-4.845814629367,-6.05,0.));
#5970=CARTESIAN_POINT('',(-4.845814629367,-6.05,-0.45));
#5971=CARTESIAN_POINT('Origin',(-4.804804335735,-8.005905039967,-0.45));
#5972=CARTESIAN_POINT('',(-4.645814629367,-6.05,-0.45));
#5973=CARTESIAN_POINT('',(-4.845814629367,-6.05,-0.45));
#5974=CARTESIAN_POINT('',(-4.895814629367,-6.5,-0.45));
#5975=CARTESIAN_POINT('Origin',(-4.645814629367,-6.05,0.));
#5976=CARTESIAN_POINT('',(-4.645814629367,-6.05,0.));
#5977=CARTESIAN_POINT('Origin',(-3.595814629367,-6.5,-3.85));
#5978=CARTESIAN_POINT('',(-2.995814629367,-6.05,-3.85));
#5979=CARTESIAN_POINT('',(-2.995814629367,-6.5,-3.85));
#5980=CARTESIAN_POINT('',(-2.995814629367,-6.5,-3.85));
#5981=CARTESIAN_POINT('',(-3.595814629367,-6.05,-3.85));
#5982=CARTESIAN_POINT('',(-4.845814629367,-6.05,-3.85));
#5983=CARTESIAN_POINT('',(-3.595814629367,-6.5,-3.85));
#5984=CARTESIAN_POINT('',(-3.595814629367,-6.5,-3.85));
#5985=CARTESIAN_POINT('',(-2.995814629367,-6.5,-3.85));
#5986=CARTESIAN_POINT('Origin',(-2.995814629367,-6.5,3.85));
#5987=CARTESIAN_POINT('',(-2.995814629367,-6.5,3.85));
#5988=CARTESIAN_POINT('',(-2.995814629367,-6.05,3.85));
#5989=CARTESIAN_POINT('',(-2.995814629367,-6.5,3.85));
#5990=CARTESIAN_POINT('',(-3.595814629367,-6.5,3.85));
#5991=CARTESIAN_POINT('',(-2.995814629367,-6.5,3.85));
#5992=CARTESIAN_POINT('',(-3.595814629367,-6.05,3.85));
#5993=CARTESIAN_POINT('',(-3.595814629367,-6.5,3.85));
#5994=CARTESIAN_POINT('',(-4.845814629367,-6.05,3.85));
#5995=CARTESIAN_POINT('Origin',(-11.89581462937,-6.5,0.));
#5996=CARTESIAN_POINT('',(-8.895814629367,-6.5,4.85));
#5997=CARTESIAN_POINT('',(-8.895814629367,-6.5,3.85));
#5998=CARTESIAN_POINT('',(-12.02086398403,-6.5,4.85));
#5999=CARTESIAN_POINT('',(7.328636015966,-6.5,4.85));
#6000=CARTESIAN_POINT('',(-12.02086398403,-6.5,0.));
#6001=CARTESIAN_POINT('Origin',(-2.995814629367,-6.5,0.));
#6002=CARTESIAN_POINT('',(-3.595814629367,-6.5,4.85));
#6003=CARTESIAN_POINT('',(-3.595814629367,-6.5,0.));
#6004=CARTESIAN_POINT('',(-2.995814629367,-6.5,4.85));
#6005=CARTESIAN_POINT('',(-2.995814629367,-6.5,0.));
#6006=CARTESIAN_POINT('',(7.328636015966,-6.5,4.85));
#6007=CARTESIAN_POINT('Origin',(-3.595814629367,-6.5,0.));
#6008=CARTESIAN_POINT('',(-3.595814629367,-6.05,4.85));
#6009=CARTESIAN_POINT('',(-3.595814629367,-6.05,0.));
#6010=CARTESIAN_POINT('',(-3.595814629367,0.,4.85));
#6011=CARTESIAN_POINT('Origin',(-8.895814629367,-6.25,3.85));
#6012=CARTESIAN_POINT('',(-8.895814629367,-6.25,4.85));
#6013=CARTESIAN_POINT('',(-8.895814629367,-6.25,0.));
#6014=CARTESIAN_POINT('',(-8.895814629367,0.,4.85));
#6015=CARTESIAN_POINT('Origin',(-12.02086398403,0.,0.));
#6016=CARTESIAN_POINT('',(-12.02086398403,-6.25,0.));
#6017=CARTESIAN_POINT('',(-12.02086398403,4.35000155313256,4.8499999999992));
#6018=CARTESIAN_POINT('',(-12.02086398403,0.,4.85));
#6019=CARTESIAN_POINT('',(-12.02086398403,4.85,4.35));
#6020=CARTESIAN_POINT('Origin',(-12.02086398403,4.35,4.35));
#6021=CARTESIAN_POINT('',(-12.02086398403,4.85,-4.35));
#6022=CARTESIAN_POINT('',(-12.02086398403,4.85,0.));
#6023=CARTESIAN_POINT('',(-12.02086398403,4.35000155313256,-4.8499999999992));
#6024=CARTESIAN_POINT('Origin',(-12.02086398403,4.35,-4.35));
#6025=CARTESIAN_POINT('',(-12.02086398403,-6.5,-4.85));
#6026=CARTESIAN_POINT('',(-12.02086398403,0.,-4.85));
#6027=CARTESIAN_POINT('',(-12.02086398403,-6.5,0.));
#6028=CARTESIAN_POINT('Origin',(-11.89581462937,-6.5,0.));
#6029=CARTESIAN_POINT('',(-8.895814629367,-6.5,-4.85));
#6030=CARTESIAN_POINT('',(-8.895814629367,-6.5,-4.85));
#6031=CARTESIAN_POINT('',(7.328636015966,-6.5,-4.85));
#6032=CARTESIAN_POINT('Origin',(-8.895814629367,-6.25,-4.85));
#6033=CARTESIAN_POINT('',(-8.895814629367,-6.25,-4.85));
#6034=CARTESIAN_POINT('',(-8.895814629367,0.,-4.85));
#6035=CARTESIAN_POINT('',(-8.895814629367,-6.25,-4.85));
#6036=CARTESIAN_POINT('Origin',(-11.37081462937,-6.25,0.));
#6037=CARTESIAN_POINT('',(-7.495814629367,-6.25,-4.85));
#6038=CARTESIAN_POINT('',(-11.37081462937,-6.25,-4.85));
#6039=CARTESIAN_POINT('',(-7.495814629367,-6.25,4.85));
#6040=CARTESIAN_POINT('',(-7.495814629367,-6.25,0.));
#6041=CARTESIAN_POINT('',(-11.37081462937,-6.25,4.85));
#6042=CARTESIAN_POINT('Origin',(-7.495814629367,-5.5,0.));
#6043=CARTESIAN_POINT('',(-7.495814629367,-5.5,-4.85));
#6044=CARTESIAN_POINT('',(-7.495814629367,-5.5,4.85));
#6045=CARTESIAN_POINT('',(-7.495814629367,-5.5,0.));
#6046=CARTESIAN_POINT('',(-7.495814629367,0.,4.85));
#6047=CARTESIAN_POINT('',(-7.495814629367,-5.5,-4.85));
#6048=CARTESIAN_POINT('Origin',(-6.245814629367,-5.5,0.));
#6049=CARTESIAN_POINT('',(-6.245814629367,-5.5,4.85));
#6050=CARTESIAN_POINT('',(-6.245814629367,-5.5,-4.85));
#6051=CARTESIAN_POINT('',(-6.245814629367,-5.5,0.));
#6052=CARTESIAN_POINT('',(-6.245814629367,-5.5,4.85));
#6053=CARTESIAN_POINT('',(-6.245814629367,-5.5,-4.85));
#6054=CARTESIAN_POINT('Origin',(-6.245814629367,-6.05,0.));
#6055=CARTESIAN_POINT('',(-6.245814629367,-6.05,4.85));
#6056=CARTESIAN_POINT('',(-6.245814629367,-6.05,-4.85));
#6057=CARTESIAN_POINT('',(-6.245814629367,-6.05,0.));
#6058=CARTESIAN_POINT('',(-6.245814629367,0.,4.85));
#6059=CARTESIAN_POINT('',(-6.245814629367,-6.05,-4.85));
#6060=CARTESIAN_POINT('Origin',(-4.845814629367,-6.05,0.));
#6061=CARTESIAN_POINT('',(-4.845814629367,-6.05,4.85));
#6062=CARTESIAN_POINT('',(-3.595814629367,-6.05,-4.85));
#6063=CARTESIAN_POINT('',(7.328636015966,-6.05,-4.85));
#6064=CARTESIAN_POINT('',(-3.595814629367,-6.05,0.));
#6065=CARTESIAN_POINT('',(-2.995814629367,-6.05,0.));
#6066=CARTESIAN_POINT('Origin',(-3.595814629367,-6.5,0.));
#6067=CARTESIAN_POINT('',(-3.595814629367,-6.5,-4.85));
#6068=CARTESIAN_POINT('',(-3.595814629367,-6.5,0.));
#6069=CARTESIAN_POINT('',(-3.595814629367,0.,-4.85));
#6070=CARTESIAN_POINT('Origin',(-2.995814629367,-6.5,0.));
#6071=CARTESIAN_POINT('',(-2.995814629367,-6.5,-4.85));
#6072=CARTESIAN_POINT('',(-2.995814629367,-6.5,0.));
#6073=CARTESIAN_POINT('',(7.328636015966,-6.5,-4.85));
#6074=CARTESIAN_POINT('Origin',(-2.995814629367,-5.5,0.));
#6075=CARTESIAN_POINT('',(-2.995814629367,-5.5,-4.85));
#6076=CARTESIAN_POINT('',(-2.995814629367,-5.5,-4.85));
#6077=CARTESIAN_POINT('',(-2.995814629367,-5.5,4.85));
#6078=CARTESIAN_POINT('',(-2.995814629367,-5.5,0.));
#6079=CARTESIAN_POINT('',(-2.995814629367,0.,4.85));
#6080=CARTESIAN_POINT('Origin',(-2.495814629367,-5.5,0.));
#6081=CARTESIAN_POINT('',(-2.495814629367,-5.5,-4.85));
#6082=CARTESIAN_POINT('',(-2.495814629367,-5.5,4.85));
#6083=CARTESIAN_POINT('',(-2.495814629367,-5.5,0.));
#6084=CARTESIAN_POINT('',(-2.495814629367,-5.5,4.85));
#6085=CARTESIAN_POINT('',(-2.495814629367,-5.5,-4.85));
#6086=CARTESIAN_POINT('Origin',(-2.495814629367,-5.,0.));
#6087=CARTESIAN_POINT('',(-2.495814629367,-5.,-4.85));
#6088=CARTESIAN_POINT('',(-2.495814629367,-5.,4.85));
#6089=CARTESIAN_POINT('',(-2.495814629367,-5.,0.));
#6090=CARTESIAN_POINT('',(-2.495814629367,-5.,4.85));
#6091=CARTESIAN_POINT('',(-2.495814629367,-5.,-4.85));
#6092=CARTESIAN_POINT('Origin',(-1.795814629367,-5.,0.));
#6093=CARTESIAN_POINT('',(-1.795814629367,-5.,4.85));
#6094=CARTESIAN_POINT('',(-1.795814629367,-5.,-4.85));
#6095=CARTESIAN_POINT('',(-1.795814629367,-5.,0.));
#6096=CARTESIAN_POINT('',(-1.795814629367,-5.,4.85));
#6097=CARTESIAN_POINT('',(-1.795814629367,-5.,-4.85));
#6098=CARTESIAN_POINT('Origin',(-1.795814629367,-6.25,0.));
#6099=CARTESIAN_POINT('',(-1.795814629367,-5.75,-4.85));
#6100=CARTESIAN_POINT('',(-1.795814629367,-6.25,-4.85));
#6101=CARTESIAN_POINT('',(-1.795814629367,-6.25,-4.35));
#6102=CARTESIAN_POINT('Origin',(-1.795814629367,-5.75,-4.35));
#6103=CARTESIAN_POINT('',(-1.795814629367,-6.25,4.35));
#6104=CARTESIAN_POINT('',(-1.795814629367,-6.25,0.));
#6105=CARTESIAN_POINT('',(-1.795814629367,-5.75,4.85));
#6106=CARTESIAN_POINT('Origin',(-1.795814629367,-5.75,4.35));
#6107=CARTESIAN_POINT('',(-1.795814629367,-6.25,4.85));
#6108=CARTESIAN_POINT('Origin',(3.416410693299,-5.75,4.35));
#6109=CARTESIAN_POINT('',(-0.495814629367197,-5.75000077727591,4.84999999999867));
#6110=CARTESIAN_POINT('',(7.328636015966,-5.75,4.85));
#6111=CARTESIAN_POINT('',(-0.495814629367154,-6.24999999999985,4.35000000000001));
#6112=CARTESIAN_POINT('',(-0.4958146293672,-6.25,4.35));
#6113=CARTESIAN_POINT('Origin',(-0.49581462936714,-5.74999999999976,4.34999999999926));
#6114=CARTESIAN_POINT('Origin',(2.416410693299,4.35,4.35));
#6115=CARTESIAN_POINT('',(-0.4958146293672,4.85000000000003,4.35));
#6116=CARTESIAN_POINT('',(-2.495814629367,4.85,4.35));
#6117=CARTESIAN_POINT('',(-0.495814629367193,4.35000155437477,4.8499999999982));
#6118=CARTESIAN_POINT('',(7.328636015966,4.350001554908,4.85));
#6119=CARTESIAN_POINT('Origin',(-0.4958146293672,4.35,4.35));
#6120=CARTESIAN_POINT('Origin',(3.416410693299,-5.75,-4.35));
#6121=CARTESIAN_POINT('',(-0.495814629367182,-6.25000000000005,-4.35));
#6122=CARTESIAN_POINT('',(-0.4958146293672,-6.25,-4.35));
#6123=CARTESIAN_POINT('',(-0.495814629383702,-5.75000038890477,-4.84999999999944));
#6124=CARTESIAN_POINT('',(7.328636015966,-5.75,-4.85));
#6125=CARTESIAN_POINT('Origin',(-0.495814629367156,-5.75000000000027,-4.34999999999974));
#6126=CARTESIAN_POINT('Origin',(2.416410693299,4.35,-4.35));
#6127=CARTESIAN_POINT('',(-0.4958146293672,4.350001554908,-4.8499999999987));
#6128=CARTESIAN_POINT('',(7.328636015966,4.350001554908,-4.85));
#6129=CARTESIAN_POINT('',(-0.4958146293672,4.85000000000003,-4.35));
#6130=CARTESIAN_POINT('',(2.416410693299,4.85,-4.35));
#6131=CARTESIAN_POINT('Origin',(-0.4958146293672,4.35,-4.35));
#6132=CARTESIAN_POINT('Origin',(-0.771363984034,-6.1,0.));
#6133=CARTESIAN_POINT('',(-0.771363984034,-6.5,-0.75));
#6134=CARTESIAN_POINT('',(-0.771363984034,-6.25,-1.));
#6135=CARTESIAN_POINT('Origin',(-0.771363984034,-6.25,-0.75));
#6136=CARTESIAN_POINT('',(-0.771363984034,-6.5,0.75));
#6137=CARTESIAN_POINT('',(-0.771363984034,-6.5,0.));
#6138=CARTESIAN_POINT('',(-0.771363984034,-6.25,1.));
#6139=CARTESIAN_POINT('Origin',(-0.771363984034,-6.25,0.75));
#6140=CARTESIAN_POINT('',(-0.771363984034,-6.25,0.));
#6141=CARTESIAN_POINT('Origin',(0.02863601596596,-6.5,-1.));
#6142=CARTESIAN_POINT('',(0.02863601596595,-6.5,-0.75));
#6143=CARTESIAN_POINT('',(0.02863601596596,-6.5,-0.75));
#6144=CARTESIAN_POINT('',(0.02863601596595,-6.5,0.75));
#6145=CARTESIAN_POINT('',(0.02863601596595,-6.5,-1.));
#6146=CARTESIAN_POINT('',(0.02863601596596,-6.5,0.75));
#6147=CARTESIAN_POINT('Origin',(0.02863601596596,-6.25,0.75));
#6148=CARTESIAN_POINT('',(0.02863601596595,-6.25,1.));
#6149=CARTESIAN_POINT('Origin',(0.02863601596595,-6.25,0.75));
#6150=CARTESIAN_POINT('',(-0.4958146293672,-6.25000000000005,1.));
#6151=CARTESIAN_POINT('',(0.02863601596596,-6.25,1.));
#6152=CARTESIAN_POINT('',(0.02863601596596,-6.25,1.));
#6153=CARTESIAN_POINT('Origin',(0.02863601596596,-6.25,-0.75));
#6154=CARTESIAN_POINT('',(0.02863601596595,-6.25,-1.));
#6155=CARTESIAN_POINT('',(-0.4958146293672,-6.25000000000005,-1.));
#6156=CARTESIAN_POINT('',(0.02863601596595,-6.25,-1.));
#6157=CARTESIAN_POINT('Origin',(0.02863601596595,-6.25,-0.75));
#6158=CARTESIAN_POINT('',(0.02863601596596,-6.25,-1.));
#6159=CARTESIAN_POINT('Origin',(0.02863601596595,-5.7,-1.));
#6160=CARTESIAN_POINT('',(0.02863601596595,-5.95,-1.));
#6161=CARTESIAN_POINT('',(-0.0218205500793844,-5.95,-1.));
#6162=CARTESIAN_POINT('',(0.02863601596595,-5.95,-1.));
#6163=CARTESIAN_POINT('',(0.02863601596595,-5.7,-1.));
#6164=CARTESIAN_POINT('Origin',(-0.4958146293672,-5.725549354667,-1.));
#6165=CARTESIAN_POINT('Origin',(0.02863601596595,-5.95,-0.75));
#6166=CARTESIAN_POINT('',(0.0286360159659251,-5.72554935466694,-0.860099535918975));
#6167=CARTESIAN_POINT('Ctrl Pts',(0.0286360159659001,-5.72554935466694,
-0.860099535918975));
#6168=CARTESIAN_POINT('Ctrl Pts',(0.0286360159659015,-5.73797489974295,
-0.885430447513156));
#6169=CARTESIAN_POINT('Ctrl Pts',(0.0281625703339125,-5.75477031998587,
-0.908402530099769));
#6170=CARTESIAN_POINT('Ctrl Pts',(0.0243123967249615,-5.7966179870852,-0.950073246116425));
#6171=CARTESIAN_POINT('Ctrl Pts',(0.0199754417571034,-5.82572214247161,
-0.969480796751816));
#6172=CARTESIAN_POINT('Ctrl Pts',(0.00395564099684439,-5.88773340469456,
-0.994417001385808));
#6173=CARTESIAN_POINT('Ctrl Pts',(-0.00788787203086426,-5.92057701975495,
-1.));
#6174=CARTESIAN_POINT('Ctrl Pts',(-0.0218205500793837,-5.95,-1.));
#6175=CARTESIAN_POINT('Origin',(0.02863601596595,-5.95,-0.75));
#6176=CARTESIAN_POINT('Ctrl Pts',(-0.495814629367776,4.35000155437443,4.849999999997));
#6177=CARTESIAN_POINT('Ctrl Pts',(-0.4713624296593,4.35000155437517,4.849999999997));
#6178=CARTESIAN_POINT('Ctrl Pts',(-0.471362429659291,4.3255493546667,4.849999999997));
#6179=CARTESIAN_POINT('Ctrl Pts',(-0.495814629383205,4.84999999999917,4.84999844562716));
#6180=CARTESIAN_POINT('Ctrl Pts',(0.0286360159652633,4.85000000001516,4.84999844562711));
#6181=CARTESIAN_POINT('Ctrl Pts',(0.0286360159654563,4.3255493546667,4.84999844562716));
#6182=CARTESIAN_POINT('Ctrl Pts',(-0.495814629383254,4.84999999999989,4.35));
#6183=CARTESIAN_POINT('Ctrl Pts',(0.0286360159659777,4.85000000001588,4.34999999999995));
#6184=CARTESIAN_POINT('Ctrl Pts',(0.0286360159661707,4.32554935466665,4.35));
#6185=CARTESIAN_POINT('',(-0.471362429659291,4.32554935466697,4.84999999999806));
#6186=CARTESIAN_POINT('Origin',(-0.495814629367022,4.3255493546667,4.849999999997));
#6187=CARTESIAN_POINT('',(0.0286360159659429,4.32554935466703,4.35));
#6188=CARTESIAN_POINT('Origin',(-0.471363984034119,4.32554935466679,4.3499999999995));
#6189=CARTESIAN_POINT('Origin',(-0.4958146293672,4.325549354667,4.35));
#6190=CARTESIAN_POINT('Origin',(0.02863601596596,-5.95,0.75));
#6191=CARTESIAN_POINT('',(-0.0218205500793844,-5.95,1.));
#6192=CARTESIAN_POINT('',(0.02863601596595,-5.95,1.));
#6193=CARTESIAN_POINT('',(0.02863601596596,-5.95,1.));
#6194=CARTESIAN_POINT('',(0.0286360159659251,-5.72554935466694,0.860099535918975));
#6195=CARTESIAN_POINT('Origin',(0.02863601596595,-5.95,0.75));
#6196=CARTESIAN_POINT('Ctrl Pts',(0.0286360159659001,-5.72554935466694,
0.860099535918975));
#6197=CARTESIAN_POINT('Ctrl Pts',(0.0286360159659015,-5.73797489974295,
0.885430447513156));
#6198=CARTESIAN_POINT('Ctrl Pts',(0.0281625703339125,-5.75477031998587,
0.908402530099769));
#6199=CARTESIAN_POINT('Ctrl Pts',(0.0243123967249615,-5.7966179870852,0.950073246116425));
#6200=CARTESIAN_POINT('Ctrl Pts',(0.0199754417571035,-5.82572214247161,
0.969480796751815));
#6201=CARTESIAN_POINT('Ctrl Pts',(0.00395564099684487,-5.88773340469456,
0.994417001385808));
#6202=CARTESIAN_POINT('Ctrl Pts',(-0.00788787203086428,-5.92057701975495,
1.));
#6203=CARTESIAN_POINT('Ctrl Pts',(-0.0218205500793837,-5.95,1.));
#6204=CARTESIAN_POINT('Origin',(0.02863601596596,-6.5,1.));
#6205=CARTESIAN_POINT('',(0.02863601596595,-6.5,1.));
#6206=CARTESIAN_POINT('Origin',(-0.4958146293672,-5.725549354667,1.));
#6207=CARTESIAN_POINT('Origin',(-0.4958146293672,-6.25,0.));
#6208=CARTESIAN_POINT('',(-0.4958146293672,-6.2500000000001,0.));
#6209=CARTESIAN_POINT('',(-0.4958146293672,-6.2500000000001,0.));
#6210=CARTESIAN_POINT('Ctrl Pts',(-0.471363206757804,-5.72554935466619,
4.84999999999899));
#6211=CARTESIAN_POINT('Ctrl Pts',(-0.471363206757293,-5.75000077727651,
4.84999999999899));
#6212=CARTESIAN_POINT('Ctrl Pts',(-0.495814629367622,-5.75000077727591,
4.84999999999899));
#6213=CARTESIAN_POINT('Ctrl Pts',(0.0286360159654617,-5.72554935465576,
4.84999922272387));
#6214=CARTESIAN_POINT('Ctrl Pts',(0.0286360159764001,-6.25000000001207,
4.84999922272382));
#6215=CARTESIAN_POINT('Ctrl Pts',(-0.49581462937991,-6.24999999999918,4.84999922272387));
#6216=CARTESIAN_POINT('Ctrl Pts',(0.0286360159659869,-5.72554935465571,
4.35));
#6217=CARTESIAN_POINT('Ctrl Pts',(0.0286360159769253,-6.25000000001259,
4.34999999999995));
#6218=CARTESIAN_POINT('Ctrl Pts',(-0.495814629379959,-6.2499999999997,4.35));
#6219=CARTESIAN_POINT('',(-0.471362429659633,-5.72554935466699,4.84999999999825));
#6220=CARTESIAN_POINT('Origin',(-0.495814629367021,-5.7255493546667,4.84999999999718));
#6221=CARTESIAN_POINT('',(0.0286360159660536,-5.72554935466703,4.35));
#6222=CARTESIAN_POINT('Origin',(-0.49581462936656,-5.72554935466651,4.34999999999999));
#6223=CARTESIAN_POINT('Origin',(-0.471363984034,-5.725549354667,4.35));
#6224=CARTESIAN_POINT('Origin',(-0.4958146293672,-5.725549354667,0.));
#6225=CARTESIAN_POINT('',(0.02863601596595,-5.725549354667,0.));
#6226=CARTESIAN_POINT('Origin',(7.328636015966,0.,4.85));
#6227=CARTESIAN_POINT('',(-0.4713624291264,0.,4.85));
#6228=CARTESIAN_POINT('Origin',(-0.471363984034,-1.75,4.35));
#6229=CARTESIAN_POINT('',(0.02863601596595,-3.5,4.35));
#6230=CARTESIAN_POINT('Origin',(-2.495814629367,4.85,0.));
#6231=CARTESIAN_POINT('',(-0.4958146293672,4.85,0.));
#6232=CARTESIAN_POINT('Ctrl Pts',(0.0286360159661002,-5.7255493545964,-4.34999999999864));
#6233=CARTESIAN_POINT('Ctrl Pts',(0.0286360160363928,-6.25000000074457,
-4.35000000000037));
#6234=CARTESIAN_POINT('Ctrl Pts',(-0.495814630111783,-6.2500000000001,-4.34999999999993));
#6235=CARTESIAN_POINT('Ctrl Pts',(0.0286360159670514,-5.72554935459475,
-4.84999961109384));
#6236=CARTESIAN_POINT('Ctrl Pts',(0.028636016037344,-6.2500000007443,-4.84999961109557));
#6237=CARTESIAN_POINT('Ctrl Pts',(-0.495814630112199,-6.24999999999982,
-4.84999961109513));
#6238=CARTESIAN_POINT('Ctrl Pts',(-0.471363595127997,-5.72554935466177,
-4.84999999999941));
#6239=CARTESIAN_POINT('Ctrl Pts',(-0.47136359512472,-5.75000038893948,-4.84999999999949));
#6240=CARTESIAN_POINT('Ctrl Pts',(-0.49581462940243,-5.75000038890477,-4.84999999999947));
#6241=CARTESIAN_POINT('',(-0.4713634065263,-5.725549354667,-4.84999999999974));
#6242=CARTESIAN_POINT('Origin',(-0.495813450916938,-5.72555073305296,-4.85000000000153));
#6243=CARTESIAN_POINT('',(0.0286360159659626,-5.725549354667,-4.35));
#6244=CARTESIAN_POINT('Origin',(-0.471363984034,-5.725549354667,-4.35));
#6245=CARTESIAN_POINT('Origin',(-0.4958146293672,-5.725549354667,-4.35));
#6246=CARTESIAN_POINT('Ctrl Pts',(-0.495814629645668,4.84999999999956,-4.35));
#6247=CARTESIAN_POINT('Ctrl Pts',(0.0286360162044978,4.85000000027906,-4.34999999999785));
#6248=CARTESIAN_POINT('Ctrl Pts',(0.0286360159657427,4.32554935442889,-4.34999999999971));
#6249=CARTESIAN_POINT('Ctrl Pts',(-0.495814629643615,4.84999999999941,-4.84999903079587));
#6250=CARTESIAN_POINT('Ctrl Pts',(0.0286360162046156,4.8500000002789,-4.84999903079372));
#6251=CARTESIAN_POINT('Ctrl Pts',(0.0286360159658605,4.32554935443067,-4.84999903079559));
#6252=CARTESIAN_POINT('Ctrl Pts',(-0.495814629377151,4.35000096920447,-4.84999999999869));
#6253=CARTESIAN_POINT('Ctrl Pts',(-0.471363014817944,4.3500009692175,-4.84999999999859));
#6254=CARTESIAN_POINT('Ctrl Pts',(-0.471363014829075,4.3255493546583,-4.84999999999868));
#6255=CARTESIAN_POINT('',(-0.471363014829076,4.32554935466345,-4.8499999999988));
#6256=CARTESIAN_POINT('Origin',(-0.495814584951653,4.32554959344511,-4.84999999999788));
#6257=CARTESIAN_POINT('',(0.0286360159659622,4.32554935466701,-4.35));
#6258=CARTESIAN_POINT('Origin',(-0.4958146293672,4.325549354667,-4.35));
#6259=CARTESIAN_POINT('Origin',(-0.471363984034064,4.3255493546664,-4.3499999999995));
#6260=CARTESIAN_POINT('Origin',(7.328636015966,0.,-4.85));
#6261=CARTESIAN_POINT('',(-0.4713634065263,0.,-4.85));
#6262=CARTESIAN_POINT('Origin',(-0.471363984034,-1.75,-4.35));
#6263=CARTESIAN_POINT('',(0.0286360159660001,-1.75,-4.35));
#6264=CARTESIAN_POINT('Origin',(-0.4958146293672,4.325549354667,0.));
#6265=CARTESIAN_POINT('',(0.02863601596595,4.325549354667,0.));
#6266=CARTESIAN_POINT('Origin',(-0.4958146293672,-5.725549354667,0.));
#6267=CARTESIAN_POINT('',(0.02863601596595,-5.725549354667,0.));
#6268=CARTESIAN_POINT('Origin',(0.02863601596595,0.,0.));
#6269=UNCERTAINTY_MEASURE_WITH_UNIT(LENGTH_MEASURE(0.01),#6273,
'DISTANCE_ACCURACY_VALUE',
'Maximum model space distance between geometric entities at asserted c
onnectivities');
#6270=UNCERTAINTY_MEASURE_WITH_UNIT(LENGTH_MEASURE(0.01),#6273,
'DISTANCE_ACCURACY_VALUE',
'Maximum model space distance between geometric entities at asserted c
onnectivities');
#6271=(
GEOMETRIC_REPRESENTATION_CONTEXT(3)
GLOBAL_UNCERTAINTY_ASSIGNED_CONTEXT((#6269))
GLOBAL_UNIT_ASSIGNED_CONTEXT((#6273,#6275,#6276))
REPRESENTATION_CONTEXT('','3D')
);
#6272=(
GEOMETRIC_REPRESENTATION_CONTEXT(3)
GLOBAL_UNCERTAINTY_ASSIGNED_CONTEXT((#6270))
GLOBAL_UNIT_ASSIGNED_CONTEXT((#6273,#6275,#6276))
REPRESENTATION_CONTEXT('','3D')
);
#6273=(
LENGTH_UNIT()
NAMED_UNIT(*)
SI_UNIT(.MILLI.,.METRE.)
);
#6274=(
LENGTH_UNIT()
NAMED_UNIT(*)
SI_UNIT($,.METRE.)
);
#6275=(
NAMED_UNIT(*)
PLANE_ANGLE_UNIT()
SI_UNIT($,.RADIAN.)
);
#6276=(
NAMED_UNIT(*)
SI_UNIT($,.STERADIAN.)
SOLID_ANGLE_UNIT()
);
#6277=SHAPE_DEFINITION_REPRESENTATION(#6278,#6279);
#6278=PRODUCT_DEFINITION_SHAPE('',$,#6281);
#6279=SHAPE_REPRESENTATION('',(#2536),#6271);
#6280=PRODUCT_DEFINITION_CONTEXT('part definition',#6285,'design');
#6281=PRODUCT_DEFINITION('PEC09-2120F-S0012','PEC09-2120F-S0012 v1',#6282,
#6280);
#6282=PRODUCT_DEFINITION_FORMATION('',$,#6287);
#6283=PRODUCT_RELATED_PRODUCT_CATEGORY('PEC09-2120F-S0012 v1',
'PEC09-2120F-S0012 v1',(#6287));
#6284=APPLICATION_PROTOCOL_DEFINITION('international standard',
'automotive_design',2009,#6285);
#6285=APPLICATION_CONTEXT(
'Core Data for Automotive Mechanical Design Process');
#6286=PRODUCT_CONTEXT('part definition',#6285,'mechanical');
#6287=PRODUCT('PEC09-2120F-S0012','PEC09-2120F-S0012 v1',$,(#6286));
#6288=PRESENTATION_STYLE_ASSIGNMENT((#6291));
#6289=PRESENTATION_STYLE_ASSIGNMENT((#6292));
#6290=PRESENTATION_STYLE_ASSIGNMENT((#6293));
#6291=SURFACE_STYLE_USAGE(.BOTH.,#6294);
#6292=SURFACE_STYLE_USAGE(.BOTH.,#6295);
#6293=SURFACE_STYLE_USAGE(.BOTH.,#6296);
#6294=SURFACE_SIDE_STYLE('',(#6297));
#6295=SURFACE_SIDE_STYLE('',(#6298));
#6296=SURFACE_SIDE_STYLE('',(#6299));
#6297=SURFACE_STYLE_FILL_AREA(#6300);
#6298=SURFACE_STYLE_FILL_AREA(#6301);
#6299=SURFACE_STYLE_FILL_AREA(#6302);
#6300=FILL_AREA_STYLE('Steel - Satin',(#6303));
#6301=FILL_AREA_STYLE('Opaque(165,158,150)',(#6304));
#6302=FILL_AREA_STYLE('Opaque(64,64,64)',(#6305));
#6303=FILL_AREA_STYLE_COLOUR('Steel - Satin',#6306);
#6304=FILL_AREA_STYLE_COLOUR('Opaque(165,158,150)',#6307);
#6305=FILL_AREA_STYLE_COLOUR('Opaque(64,64,64)',#6308);
#6306=COLOUR_RGB('Steel - Satin',0.627450980392157,0.627450980392157,0.627450980392157);
#6307=COLOUR_RGB('Opaque(165,158,150)',0.647058823529412,0.619607843137255,
0.588235294117647);
#6308=COLOUR_RGB('Opaque(64,64,64)',0.250980392156863,0.250980392156863,
0.250980392156863);
ENDSEC;
END-ISO-10303-21;
