#VRML V2.0 utf8
# META "generator" "CAD Exchanger 3.8.1 (cadexchanger.com)"
DEF __1 Transform {
  children [
    DEF PEC09-2120F-S0012 Group {
      children [
        DEF PEC09-2120F-S0012_1 Shape {
          appearance DEF __4 Appearance {
            material DEF __5 Material {
              ambientIntensity 0.320933669806
              diffuseColor 0.647058844566 0.61960786581 0.588235318661
              shininess 0
            }
          }
          geometry DEF __6 IndexedFaceSet {
            solid FALSE
            coord Coordinate {
              point [
                0.000653636018697 0 0.0035,
                0.000153636018697 4.28626379702e-19 -0.0035,
                2.8636015966e-05 4.28626379702e-19 -0.0035,
                0.000528636015966 0 0.0035,
                0.00652863601597 0 0.0035,
                0.00652863601597 4.28626379711e-19 -0.00350000000008,
                0.00602863601597 4.28626379702e-19 -0.0035,
                0.0056536360187 0 0.0035,
                0.0051536360187 4.28626379702e-19 -0.0035,
                0.00502863601597 4.28626379702e-19 -0.0035,
                0.00552863601597 0 0.0035,
                0.0046536360187 0 0.0035,
                0.0041536360187 4.28626379702e-19 -0.0035,
                0.00402863601597 4.28626379702e-19 -0.0035,
                0.00452863601597 0 0.0035,
                0.0036536360187 0 0.0035,
                0.0031536360187 4.28626379702e-19 -0.0035,
                0.00302863601597 4.28626379702e-19 -0.0035,
                0.00352863601597 0 0.0035,
                0.0026536360187 0 0.0035,
                0.0021536360187 4.28626379702e-19 -0.0035,
                0.00202863601597 4.28626379702e-19 -0.0035,
                0.00252863601597 0 0.0035,
                0.0016536360187 0 0.0035,
                0.0011536360187 4.28626379702e-19 -0.0035,
                0.00102863601597 4.28626379702e-19 -0.0035,
                0.00152863601597 0 0.0035,
                0.00702863601606 0 0.00299999999999,
                0.00702863601606 3.98010209722e-19 -0.00299999999999,
                0.00702863601597 1.83697019872e-19 0.0015,
                0.00702863601597 0 -0.0015,
                0.00902863601597 1.83697019872e-19 0.0015,
                0.00902863601597 0 -0.0015,
                0.00902863601597 3.67394039744e-19 0.003,
                0.00902863601597 0 -0.003,
                0.019528636016 0 0.00300000000006,
                0.019528636016 0.0015 0.00259807621138,
                0.010028636016 0.0015 0.00259807621135,
                0.010028636016 0.0015 -0.00259807621135,
                0.019528636016 0.0015 -0.00259807621138,
                0.019528636016 3.67394039752e-19 -0.00300000000006,
                0.020028636016 0.0015 -0.00200000000007,
                0.020028636016 3.36777869773e-19 -0.00250000000005,
                0.020028636016 0 0.00250000000005,
                2.8636015966e-05 0.0027335139097 0.00113225850755,
                2.86360159659e-05 -0.00113225850755 0.0027335139097,
                2.86118507925e-05 -0.00251025567626 -0.00243618716404,
                2.86370013107e-05 -0.00247485759485 -0.00247488987325,
                2.91022258292e-05 -0.00244617659902 -0.00250541370216,
                0.00596613601733 0 0.002958734125,
                0.00621613601733 0 0.002958734125,
                0.020028636016 0.0015 0.00200000000005,
                0.000591136018697 0.00133939201328 0.00323357836379,
                0.000528636018697 0.00247487373415 0.00247487373415,
                0.000466136018697 0.00323357836379 0.00133939201328,
                0.000403636018697 0.0035 2.14313189851e-19,
                0.000341136018697 0.00323357836379 -0.00133939201328,
                0.000278636018697 0.00247487373415 -0.00247487373415,
                0.000216136018697 0.00133939201328 -0.00323357836379,
                0.000466136015966 0.00133939201328 0.00323357836379,
                0.000403636015966 0.00247487373415 0.00247487373415,
                0.000341136015966 0.00323357836379 0.00133939201328,
                0.000278636015966 0.0035 2.14313189851e-19,
                0.000216136015966 0.00323357836379 -0.00133939201328,
                0.000153636015966 0.00247487373415 -0.00247487373415,
                9.1136015966e-05 0.00133939201328 -0.00323357836379,
                0.00652863601597 0.00175 0.00303108891325,
                0.00652863601597 0.00303108891325 0.00175,
                0.00652863601597 0.0035 2.14313189851e-19,
                0.00652863601597 0.00303108891325 -0.00175,
                0.00652863601597 0.00175 -0.00303108891325,
                0.00646613601597 0.00133939201328 0.00323357836379,
                0.00640363601597 0.00247487373415 0.00247487373415,
                0.00634113601597 0.00323357836379 0.00133939201328,
                0.00627863601597 0.0035 2.14313189851e-19,
                0.00621613601597 0.00323357836379 -0.00133939201328,
                0.00615363601597 0.00247487373415 -0.00247487373415,
                0.00609113601597 0.00133939201328 -0.00323357836379,
                0.0055911360187 0.00133939201328 0.00323357836379,
                0.0055286360187 0.00247487373415 0.00247487373415,
                0.0054661360187 0.00323357836379 0.00133939201328,
                0.0054036360187 0.0035 2.14313189851e-19,
                0.0053411360187 0.00323357836379 -0.00133939201328,
                0.0052786360187 0.00247487373415 -0.00247487373415,
                0.0052161360187 0.00133939201328 -0.00323357836379,
                0.00546613601597 0.00133939201328 0.00323357836379,
                0.00540363601597 0.00247487373415 0.00247487373415,
                0.00534113601597 0.00323357836379 0.00133939201328,
                0.00527863601597 0.0035 2.14313189851e-19,
                0.00521613601597 0.00323357836379 -0.00133939201328,
                0.00515363601597 0.00247487373415 -0.00247487373415,
                0.00509113601597 0.00133939201328 -0.00323357836379,
                0.0045911360187 0.00133939201328 0.00323357836379,
                0.0045286360187 0.00247487373415 0.00247487373415,
                0.0044661360187 0.00323357836379 0.00133939201328,
                0.0044036360187 0.0035 2.14313189851e-19,
                0.0043411360187 0.00323357836379 -0.00133939201328,
                0.0042786360187 0.00247487373415 -0.00247487373415,
                0.0042161360187 0.00133939201328 -0.00323357836379,
                0.00446613601597 0.00133939201328 0.00323357836379,
                0.00440363601597 0.00247487373415 0.00247487373415,
                0.00434113601597 0.00323357836379 0.00133939201328,
                0.00427863601597 0.0035 2.14313189851e-19,
                0.00421613601597 0.00323357836379 -0.00133939201328,
                0.00415363601597 0.00247487373415 -0.00247487373415,
                0.00409113601597 0.00133939201328 -0.00323357836379,
                0.0035911360187 0.00133939201328 0.00323357836379,
                0.0035286360187 0.00247487373415 0.00247487373415,
                0.0034661360187 0.00323357836379 0.00133939201328,
                0.0034036360187 0.0035 2.14313189851e-19,
                0.0033411360187 0.00323357836379 -0.00133939201328,
                0.0032786360187 0.00247487373415 -0.00247487373415,
                0.0032161360187 0.00133939201328 -0.00323357836379,
                0.00346613601597 0.00133939201328 0.00323357836379,
                0.00340363601597 0.00247487373415 0.00247487373415,
                0.00334113601597 0.00323357836379 0.00133939201328,
                0.00327863601597 0.0035 2.14313189851e-19,
                0.00321613601597 0.00323357836379 -0.00133939201328,
                0.00315363601597 0.00247487373415 -0.00247487373415,
                0.00309113601597 0.00133939201328 -0.00323357836379,
                0.0025911360187 0.00133939201328 0.00323357836379,
                0.0025286360187 0.00247487373415 0.00247487373415,
                0.0024661360187 0.00323357836379 0.00133939201328,
                0.0024036360187 0.0035 2.14313189851e-19,
                0.0023411360187 0.00323357836379 -0.00133939201328,
                0.0022786360187 0.00247487373415 -0.00247487373415,
                0.0022161360187 0.00133939201328 -0.00323357836379,
                0.00246613601597 0.00133939201328 0.00323357836379,
                0.00240363601597 0.00247487373415 0.00247487373415,
                0.00234113601597 0.00323357836379 0.00133939201328,
                0.00227863601597 0.0035 2.14313189851e-19,
                0.00221613601597 0.00323357836379 -0.00133939201328,
                0.00215363601597 0.00247487373415 -0.00247487373415,
                0.00209113601597 0.00133939201328 -0.00323357836379,
                0.0015911360187 0.00133939201328 0.00323357836379,
                0.0015286360187 0.00247487373415 0.00247487373415,
                0.0014661360187 0.00323357836379 0.00133939201328,
                0.0014036360187 0.0035 2.14313189851e-19,
                0.0013411360187 0.00323357836379 -0.00133939201328,
                0.0012786360187 0.00247487373415 -0.00247487373415,
                0.0012161360187 0.00133939201328 -0.00323357836379,
                0.00146613601597 0.00133939201328 0.00323357836379,
                0.00140363601597 0.00247487373415 0.00247487373415,
                0.00134113601597 0.00323357836379 0.00133939201328,
                0.00127863601597 0.0035 2.14313189851e-19,
                0.00121613601597 0.00323357836379 -0.00133939201328,
                0.00115363601597 0.00247487373415 -0.00247487373415,
                0.00109113601597 0.00133939201328 -0.00323357836379,
                0.00652863601597 -0.00175 -0.00303108891325,
                0.00652863601597 -0.00303108891325 -0.00175,
                0.00652863601597 -0.0035 -6.42939569552e-19,
                0.00652863601597 -0.00303108891325 0.00175,
                0.00652863601597 -0.00175 0.00303108891325,
                0.00596613601597 -0.00133939201328 -0.00323357836379,
                0.00590363601597 -0.00247487373415 -0.00247487373415,
                0.00584113601597 -0.00323357836379 -0.00133939201328,
                0.00577863601597 -0.0035 -6.42939569552e-19,
                0.00571613601597 -0.00323357836379 0.00133939201328,
                0.00565363601597 -0.00247487373415 0.00247487373415,
                0.00559113601597 -0.00133939201328 0.00323357836379,
                0.0050911360187 -0.00133939201328 -0.00323357836379,
                0.0050286360187 -0.00247487373415 -0.00247487373415,
                0.0049661360187 -0.00323357836379 -0.00133939201328,
                0.0049036360187 -0.0035 -6.42939569552e-19,
                0.0048411360187 -0.00323357836379 0.00133939201328,
                0.0047786360187 -0.00247487373415 0.00247487373415,
                0.0047161360187 -0.00133939201328 0.00323357836379,
                0.00496613601597 -0.00133939201328 -0.00323357836379,
                0.00490363601597 -0.00247487373415 -0.00247487373415,
                0.00484113601597 -0.00323357836379 -0.00133939201328,
                0.00477863601597 -0.0035 -6.42939569552e-19,
                0.00471613601597 -0.00323357836379 0.00133939201328,
                0.00465363601597 -0.00247487373415 0.00247487373415,
                0.00459113601597 -0.00133939201328 0.00323357836379,
                0.0040911360187 -0.00133939201328 -0.00323357836379,
                0.0040286360187 -0.00247487373415 -0.00247487373415,
                0.0039661360187 -0.00323357836379 -0.00133939201328,
                0.0039036360187 -0.0035 -6.42939569552e-19,
                0.0038411360187 -0.00323357836379 0.00133939201328,
                0.0037786360187 -0.00247487373415 0.00247487373415,
                0.0037161360187 -0.00133939201328 0.00323357836379,
                0.00396613601597 -0.00133939201328 -0.00323357836379,
                0.00390363601597 -0.00247487373415 -0.00247487373415,
                0.00384113601597 -0.00323357836379 -0.00133939201328,
                0.00377863601597 -0.0035 -6.42939569552e-19,
                0.00371613601597 -0.00323357836379 0.00133939201328,
                0.00365363601597 -0.00247487373415 0.00247487373415,
                0.00359113601597 -0.00133939201328 0.00323357836379,
                0.0030911360187 -0.00133939201328 -0.00323357836379,
                0.0030286360187 -0.00247487373415 -0.00247487373415,
                0.0029661360187 -0.00323357836379 -0.00133939201328,
                0.0029036360187 -0.0035 -6.42939569552e-19,
                0.0028411360187 -0.00323357836379 0.00133939201328,
                0.0027786360187 -0.00247487373415 0.00247487373415,
                0.0027161360187 -0.00133939201328 0.00323357836379,
                0.00296613601597 -0.00133939201328 -0.00323357836379,
                0.00290363601597 -0.00247487373415 -0.00247487373415,
                0.00284113601597 -0.00323357836379 -0.00133939201328,
                0.00277863601597 -0.0035 -6.42939569552e-19,
                0.00271613601597 -0.00323357836379 0.00133939201328,
                0.00265363601597 -0.00247487373415 0.00247487373415,
                0.00259113601597 -0.00133939201328 0.00323357836379,
                0.0020911360187 -0.00133939201328 -0.00323357836379,
                0.0020286360187 -0.00247487373415 -0.00247487373415,
                0.0019661360187 -0.00323357836379 -0.00133939201328,
                0.0019036360187 -0.0035 -6.42939569552e-19,
                0.0018411360187 -0.00323357836379 0.00133939201328,
                0.0017786360187 -0.00247487373415 0.00247487373415,
                0.0017161360187 -0.00133939201328 0.00323357836379,
                0.00196613601597 -0.00133939201328 -0.00323357836379,
                0.00190363601597 -0.00247487373415 -0.00247487373415,
                0.00184113601597 -0.00323357836379 -0.00133939201328,
                0.00177863601597 -0.0035 -6.42939569552e-19,
                0.00171613601597 -0.00323357836379 0.00133939201328,
                0.00165363601597 -0.00247487373415 0.00247487373415,
                0.00159113601597 -0.00133939201328 0.00323357836379,
                0.0010911360187 -0.00133939201328 -0.00323357836379,
                0.0010286360187 -0.00247487373415 -0.00247487373415,
                0.000966136018697 -0.00323357836379 -0.00133939201328,
                0.000903636018697 -0.0035 -6.42939569552e-19,
                0.000841136018697 -0.00323357836379 0.00133939201328,
                0.000778636018697 -0.00247487373415 0.00247487373415,
                0.000716136018697 -0.00133939201328 0.00323357836379,
                0.000966136015966 -0.00133939201328 -0.00323357836379,
                0.000903636015966 -0.00247487373415 -0.00247487373415,
                0.000841136015966 -0.00323357836379 -0.00133939201328,
                0.000778636015966 -0.0035 -6.42939569552e-19,
                0.000716136015966 -0.00323357836379 0.00133939201328,
                0.000653636015966 -0.00247487373415 0.00247487373415,
                0.000591136015966 -0.00133939201328 0.00323357836379,
                0.00702863601606 0.00149999999999 0.00259807621134,
                0.00702863601606 0.00259807621134 0.00149999999999,
                0.00702863601606 0.00299999999999 1.83697019871e-19,
                0.00702863601606 0.00259807621134 -0.00149999999999,
                0.00702863601606 0.00149999999999 -0.00259807621134,
                0.00702863601597 0.00075 0.00129903810568,
                0.00702863601597 0.00129903810568 0.00075,
                0.00702863601597 0.0015 2.75545529808e-19,
                0.00702863601597 0.00129903810568 -0.00075,
                0.00702863601597 0.00075 -0.00129903810568,
                0.00902863601597 0.00075 0.00129903810568,
                0.00902863601597 0.00129903810568 0.00075,
                0.00902863601597 0.0015 2.75545529808e-19,
                0.00902863601597 0.00129903810568 -0.00075,
                0.00902863601597 0.00075 -0.00129903810568,
                0.00902863601597 0.0015 0.00259807621135,
                0.00902863601597 0.00259807621135 0.0015,
                0.00902863601597 0.003 5.51091059616e-19,
                0.00902863601597 0.00259807621135 -0.0015,
                0.00902863601597 0.0015 -0.00259807621135,
                0.010028636016 0.00259807621135 0.0015,
                0.010028636016 0.003 5.51091059616e-19,
                0.010028636016 0.00259807621135 -0.0015,
                0.020028636016 0.000790569415038 -0.00237170824519,
                0.020028636016 -0.00125000000003 -0.00216506350951,
                0.020028636016 -0.00216506350951 -0.00125000000003,
                0.020028636016 -0.00250000000005 -4.5924254969e-19,
                0.020028636016 -0.00216506350951 0.00125000000003,
                0.020028636016 -0.00125000000003 0.00216506350951,
                0.019528636016 -0.0015 -0.00259807621135,
                0.019528636016 -0.00259807621135 -0.0015,
                0.019528636016 -0.003 -1.83697019872e-19,
                0.019528636016 -0.00259807621135 0.0015,
                0.019528636016 -0.0015 0.00259807621135,
                2.86360159659e-05 0.00300761210189 0.000388568016303,
                2.86360159659e-05 0.0030675285999 -6.42979900664e-06,
                2.86360159659e-05 0.00307556402452 -0.000403111583888,
                2.86360159659e-05 0.00294228704714 -0.00118674895513,
                2.86360159659e-05 0.00261839586951 -0.00191153216399,
                2.8636015966e-05 0.00212644232757 -0.00253212992034,
                2.86360159659e-05 0.00150045498588 -0.00302023700022,
                2.8636015966e-05 0.000777201451861 -0.00334912270936,
                2.86360159659e-05 1.63803334555e-06 0.00295873367157,
                2.86360159659e-05 0.000579769579686 0.00290137464953,
                2.8636015966e-05 0.00113243317651 0.00273344155291,
                2.8636015966e-05 0.00164451648834 0.00245960833102,
                2.86360159659e-05 0.00209194752806 0.00209233438109,
                2.86360159659e-05 0.00245947774304 0.00164471178445,
                2.86360159659e-05 -0.00293824545869 -0.00177824761401,
                2.8636015966e-05 -0.00320556285778 -0.00103728616979,
                2.8636015966e-05 -0.0032725352371 -0.000650170524359,
                2.8636015966e-05 -0.00329413097203 -0.000254733274618,
                2.8636015966e-05 -0.00319727146261 0.000523488233239,
                2.8636015966e-05 -0.00307652692944 0.000900805291806,
                2.8636015966e-05 -0.00291124318131 0.00125700874438,
                2.8636015966e-05 -0.00245230802518 0.00189783252512,
                2.8636015966e-05 -0.00184934506427 0.00240311526182,
                2.8636015966e-05 -0.00131984608769 -0.00324160431711,
                9.18068078012e-05 -0.00131945727135 -0.0032421279195,
                0.00590363601733 0.00113225853041 0.00273351390023,
                0.00584113601733 0.00209214096352 0.00209214096352,
                0.00577863601733 0.00273351390023 0.00113225853041,
                0.00571613601733 0.002958734125 1.81170213785e-19,
                0.00565363601733 0.00273351390023 -0.00113225853041,
                0.00559113601733 0.00209214096352 -0.00209214096352,
                0.00552863601733 0.00113225853041 -0.00273351390023,
                0.00546613601733 3.62340427571e-19 -0.002958734125,
                0.00540363601733 -0.00113225853041 -0.00273351390023,
                0.00534113601733 -0.00209214096352 -0.00209214096352,
                0.00527863601733 -0.00273351390023 -0.00113225853041,
                0.00521613601733 -0.002958734125 -5.43510641356e-19,
                0.00515363601733 -0.00273351390023 0.00113225853041,
                0.00509113601733 -0.00209214096352 0.00209214096352,
                0.00502863601733 -0.00113225853041 0.00273351390023,
                0.00496613601733 0 0.002958734125,
                0.00490363601733 0.00113225853041 0.00273351390023,
                0.00484113601733 0.00209214096352 0.00209214096352,
                0.00477863601733 0.00273351390023 0.00113225853041,
                0.00471613601733 0.002958734125 1.81170213785e-19,
                0.00465363601733 0.00273351390023 -0.00113225853041,
                0.00459113601733 0.00209214096352 -0.00209214096352,
                0.00452863601733 0.00113225853041 -0.00273351390023,
                0.00446613601733 3.62340427571e-19 -0.002958734125,
                0.00440363601733 -0.00113225853041 -0.00273351390023,
                0.00434113601733 -0.00209214096352 -0.00209214096352,
                0.00427863601733 -0.00273351390023 -0.00113225853041,
                0.00421613601733 -0.002958734125 -5.43510641356e-19,
                0.00415363601733 -0.00273351390023 0.00113225853041,
                0.00409113601733 -0.00209214096352 0.00209214096352,
                0.00402863601733 -0.00113225853041 0.00273351390023,
                0.00396613601733 0 0.002958734125,
                0.00390363601733 0.00113225853041 0.00273351390023,
                0.00384113601733 0.00209214096352 0.00209214096352,
                0.00377863601733 0.00273351390023 0.00113225853041,
                0.00371613601733 0.002958734125 1.81170213785e-19,
                0.00365363601733 0.00273351390023 -0.00113225853041,
                0.00359113601733 0.00209214096352 -0.00209214096352,
                0.00352863601733 0.00113225853041 -0.00273351390023,
                0.00346613601733 3.62340427571e-19 -0.002958734125,
                0.00340363601733 -0.00113225853041 -0.00273351390023,
                0.00334113601733 -0.00209214096352 -0.00209214096352,
                0.00327863601733 -0.00273351390023 -0.00113225853041,
                0.00321613601733 -0.002958734125 -5.43510641356e-19,
                0.00315363601733 -0.00273351390023 0.00113225853041,
                0.00309113601733 -0.00209214096352 0.00209214096352,
                0.00302863601733 -0.00113225853041 0.00273351390023,
                0.00296613601733 0 0.002958734125,
                0.00290363601733 0.00113225853041 0.00273351390023,
                0.00284113601733 0.00209214096352 0.00209214096352,
                0.00277863601733 0.00273351390023 0.00113225853041,
                0.00271613601733 0.002958734125 1.81170213785e-19,
                0.00265363601733 0.00273351390023 -0.00113225853041,
                0.00259113601733 0.00209214096352 -0.00209214096352,
                0.00252863601733 0.00113225853041 -0.00273351390023,
                0.00246613601733 3.62340427571e-19 -0.002958734125,
                0.00240363601733 -0.00113225853041 -0.00273351390023,
                0.00234113601733 -0.00209214096352 -0.00209214096352,
                0.00227863601733 -0.00273351390023 -0.00113225853041,
                0.00221613601733 -0.002958734125 -5.43510641356e-19,
                0.00215363601733 -0.00273351390023 0.00113225853041,
                0.00209113601733 -0.00209214096352 0.00209214096352,
                0.00202863601733 -0.00113225853041 0.00273351390023,
                0.00196613601733 0 0.002958734125,
                0.00190363601733 0.00113225853041 0.00273351390023,
                0.00184113601733 0.00209214096352 0.00209214096352,
                0.00177863601733 0.00273351390023 0.00113225853041,
                0.00171613601733 0.002958734125 1.81170213785e-19,
                0.00165363601733 0.00273351390023 -0.00113225853041,
                0.00159113601733 0.00209214096352 -0.00209214096352,
                0.00152863601733 0.00113225853041 -0.00273351390023,
                0.00146613601733 3.62340427571e-19 -0.002958734125,
                0.00140363601733 -0.00113225853041 -0.00273351390023,
                0.00134113601733 -0.00209214096352 -0.00209214096352,
                0.00127863601733 -0.00273351390023 -0.00113225853041,
                0.00121613601733 -0.002958734125 -5.43510641356e-19,
                0.00115363601733 -0.00273351390023 0.00113225853041,
                0.00109113601733 -0.00209214096352 0.00209214096352,
                0.00102863601733 -0.00113225853041 0.00273351390023,
                0.000966136017332 0 0.002958734125,
                0.000903636017332 0.00113225853041 0.00273351390023,
                0.000841136017332 0.00209214096352 0.00209214096352,
                0.000778636017332 0.00273351390023 0.00113225853041,
                0.000716136017332 0.002958734125 1.81170213785e-19,
                0.000653636017332 0.00273351390023 -0.00113225853041,
                0.000591136017332 0.00209214096352 -0.00209214096352,
                0.000528636017332 0.00113225853041 -0.00273351390023,
                0.000466136017332 3.62340427571e-19 -0.002958734125,
                0.000403636017332 -0.00113225853041 -0.00273351390023,
                0.000341136017332 -0.00209214096352 -0.00209214096352,
                0.000278636017332 -0.00273351390023 -0.00113225853041,
                0.000216136017332 -0.002958734125 -5.43510641356e-19,
                0.000153636017332 -0.00273351390023 0.00113225853041,
                9.11360173316e-05 -0.00209214096352 0.00209214096352,
                0.00615363601733 0.00113225853041 0.00273351390023,
                0.00609113601733 0.00209214096352 0.00209214096352,
                0.00602863601733 0.00273351390023 0.00113225853041,
                0.00596613601733 0.002958734125 1.81170213785e-19,
                0.00590363601733 0.00273351390023 -0.00113225853041,
                0.00584113601733 0.00209214096352 -0.00209214096352,
                0.00577863601733 0.00113225853041 -0.00273351390023,
                0.00571613601733 3.62340427571e-19 -0.002958734125,
                0.00565363601733 -0.00113225853041 -0.00273351390023,
                0.00559113601733 -0.00209214096352 -0.00209214096352,
                0.00552863601733 -0.00273351390023 -0.00113225853041,
                0.00546613601733 -0.002958734125 -5.43510641356e-19,
                0.00540363601733 -0.00273351390023 0.00113225853041,
                0.00534113601733 -0.00209214096352 0.00209214096352,
                0.00527863601733 -0.00113225853041 0.00273351390023,
                0.00521613601733 0 0.002958734125,
                0.00515363601733 0.00113225853041 0.00273351390023,
                0.00509113601733 0.00209214096352 0.00209214096352,
                0.00502863601733 0.00273351390023 0.00113225853041,
                0.00496613601733 0.002958734125 1.81170213785e-19,
                0.00490363601733 0.00273351390023 -0.00113225853041,
                0.00484113601733 0.00209214096352 -0.00209214096352,
                0.00477863601733 0.00113225853041 -0.00273351390023,
                0.00471613601733 3.62340427571e-19 -0.002958734125,
                0.00465363601733 -0.00113225853041 -0.00273351390023,
                0.00459113601733 -0.00209214096352 -0.00209214096352,
                0.00452863601733 -0.00273351390023 -0.00113225853041,
                0.00446613601733 -0.002958734125 -5.43510641356e-19,
                0.00440363601733 -0.00273351390023 0.00113225853041,
                0.00434113601733 -0.00209214096352 0.00209214096352,
                0.00427863601733 -0.00113225853041 0.00273351390023,
                0.00421613601733 0 0.002958734125,
                0.00415363601733 0.00113225853041 0.00273351390023,
                0.00409113601733 0.00209214096352 0.00209214096352,
                0.00402863601733 0.00273351390023 0.00113225853041,
                0.00396613601733 0.002958734125 1.81170213785e-19,
                0.00390363601733 0.00273351390023 -0.00113225853041,
                0.00384113601733 0.00209214096352 -0.00209214096352,
                0.00377863601733 0.00113225853041 -0.00273351390023,
                0.00371613601733 3.62340427571e-19 -0.002958734125,
                0.00365363601733 -0.00113225853041 -0.00273351390023,
                0.00359113601733 -0.00209214096352 -0.00209214096352,
                0.00352863601733 -0.00273351390023 -0.00113225853041,
                0.00346613601733 -0.002958734125 -5.43510641356e-19,
                0.00340363601733 -0.00273351390023 0.00113225853041,
                0.00334113601733 -0.00209214096352 0.00209214096352,
                0.00327863601733 -0.00113225853041 0.00273351390023,
                0.00321613601733 0 0.002958734125,
                0.00315363601733 0.00113225853041 0.00273351390023,
                0.00309113601733 0.00209214096352 0.00209214096352,
                0.00302863601733 0.00273351390023 0.00113225853041,
                0.00296613601733 0.002958734125 1.81170213785e-19,
                0.00290363601733 0.00273351390023 -0.00113225853041,
                0.00284113601733 0.00209214096352 -0.00209214096352,
                0.00277863601733 0.00113225853041 -0.00273351390023,
                0.00271613601733 3.62340427571e-19 -0.002958734125,
                0.00265363601733 -0.00113225853041 -0.00273351390023,
                0.00259113601733 -0.00209214096352 -0.00209214096352,
                0.00252863601733 -0.00273351390023 -0.00113225853041,
                0.00246613601733 -0.002958734125 -5.43510641356e-19,
                0.00240363601733 -0.00273351390023 0.00113225853041,
                0.00234113601733 -0.00209214096352 0.00209214096352,
                0.00227863601733 -0.00113225853041 0.00273351390023,
                0.00221613601733 0 0.002958734125,
                0.00215363601733 0.00113225853041 0.00273351390023,
                0.00209113601733 0.00209214096352 0.00209214096352,
                0.00202863601733 0.00273351390023 0.00113225853041,
                0.00196613601733 0.002958734125 1.81170213785e-19,
                0.00190363601733 0.00273351390023 -0.00113225853041,
                0.00184113601733 0.00209214096352 -0.00209214096352,
                0.00177863601733 0.00113225853041 -0.00273351390023,
                0.00171613601733 3.62340427571e-19 -0.002958734125,
                0.00165363601733 -0.00113225853041 -0.00273351390023,
                0.00159113601733 -0.00209214096352 -0.00209214096352,
                0.00152863601733 -0.00273351390023 -0.00113225853041,
                0.00146613601733 -0.002958734125 -5.43510641356e-19,
                0.00140363601733 -0.00273351390023 0.00113225853041,
                0.00134113601733 -0.00209214096352 0.00209214096352,
                0.00127863601733 -0.00113225853041 0.00273351390023,
                0.00121613601733 0 0.002958734125,
                0.00115363601733 0.00113225853041 0.00273351390023,
                0.00109113601733 0.00209214096352 0.00209214096352,
                0.00102863601733 0.00273351390023 0.00113225853041,
                0.000966136017332 0.002958734125 1.81170213785e-19,
                0.000903636017332 0.00273351390023 -0.00113225853041,
                0.000841136017332 0.00209214096352 -0.00209214096352,
                0.000778636017332 0.00113225853041 -0.00273351390023,
                0.000716136017332 3.62340427571e-19 -0.002958734125,
                0.000653636017332 -0.00113225853041 -0.00273351390023,
                0.000591136017332 -0.00209214096352 -0.00209214096352,
                0.000528636017332 -0.00273351390023 -0.00113225853041,
                0.000466136017332 -0.002958734125 -5.43510641356e-19,
                0.000403636017332 -0.00273351390023 0.00113225853041,
                0.000341136017332 -0.00209214096352 0.00209214096352,
                0.000278636017332 -0.00113225853041 0.00273351390023,
                0.000216136017332 0 0.002958734125,
                0.000153636017332 0.00113225853041 0.00273351390023,
                9.11360173316e-05 0.00209214096352 0.00209214096352,
                0.00702863601606 -0.00149999999999 -0.00259807621134,
                0.00702863601606 -0.00259807621134 -0.00149999999999,
                0.00702863601606 -0.00299999999999 -5.51091059614e-19,
                0.00702863601606 -0.00259807621134 0.00149999999999,
                0.00702863601606 -0.00149999999999 0.00259807621134,
                0.00702863601597 -0.00075 -0.00129903810568,
                0.00702863601597 -0.00129903810568 -0.00075,
                0.00702863601597 -0.0015 -9.18485099361e-20,
                0.00702863601597 -0.00129903810568 0.00075,
                0.00702863601597 -0.00075 0.00129903810568,
                0.00902863601597 -0.00075 -0.00129903810568,
                0.00902863601597 -0.00129903810568 -0.00075,
                0.00902863601597 -0.0015 -9.18485099361e-20,
                0.00902863601597 -0.00129903810568 0.00075,
                0.00902863601597 -0.00075 0.00129903810568,
                0.00902863601597 -0.0015 -0.00259807621135,
                0.00902863601597 -0.00259807621135 -0.0015,
                0.00902863601597 -0.003 -1.83697019872e-19,
                0.00902863601597 -0.00259807621135 0.0015,
                0.00902863601597 -0.0015 0.00259807621135,
                0.020028636016 0.000790569415045 0.00237170824518

              ]
            }
            normal Normal {
              vector [
                0 0 1,
                0 0.38268536 0.92387873,
                0 0.70710695 0.70710659,
                0 0.92387605 0.38269183,
                0 1 6.1232343e-17,
                0 0.92387605 -0.38269183,
                0 0.70710695 -0.70710659,
                0 0.38268536 -0.92387873,
                0 1.2246469e-16 -1,
                0 1.2246469e-16 -1,
                0 0.38268536 -0.92387873,
                0 0.70710695 -0.70710659,
                0 0.92387605 -0.38269183,
                0 1 2.8327693e-16,
                0 0.92387605 0.38269183,
                0 0.70710695 0.70710659,
                0 0.38268536 0.92387873,
                0 0 1,
                0 0 1,
                0 0.5 0.86602539,
                0 0.86602539 0.5,
                0 1 6.1232343e-17,
                0 0.86602539 -0.5,
                0 0.5 -0.86602539,
                0 1.2246469e-16 -1,
                0 1.2246469e-16 -1,
                0 0.38268536 -0.92387873,
                0 0.70710695 -0.70710659,
                0 0.92387605 -0.38269183,
                0 1 2.8327693e-16,
                0 0.92387605 0.38269183,
                0 0.70710695 0.70710659,
                0 0.38268536 0.92387873,
                0 0 1,
                0 0.38268536 0.92387873,
                0 0.70710695 0.70710659,
                0 0.92387605 0.38269183,
                0 1 2.8327693e-16,
                0 0.92387605 -0.38269183,
                0 0.70710695 -0.70710659,
                0 0.38268536 -0.92387873,
                0 1.2246469e-16 -1,
                0 1.2246469e-16 -1,
                0 0.38268536 -0.92387873,
                0 0.70710695 -0.70710659,
                0 0.92387605 -0.38269183,
                0 1 -1.6081226e-16,
                0 0.92387605 0.38269183,
                0 0.70710695 0.70710659,
                0 0.38268536 0.92387873,
                0 0 1,
                0 0 1,
                0 0.38268536 0.92387873,
                0 0.70710695 0.70710659,
                0 0.92387605 0.38269183,
                0 1 -1.6081226e-16,
                0 0.92387605 -0.38269183,
                0 0.70710695 -0.70710659,
                0 0.38268536 -0.92387873,
                0 1.2246469e-16 -1,
                0 1.2246469e-16 -1,
                0 0.38268536 -0.92387873,
                0 0.70710695 -0.70710659,
                0 0.92387605 -0.38269183,
                0 1 2.8327693e-16,
                0 0.92387605 0.38269183,
                0 0.70710695 0.70710659,
                0 0.38268536 0.92387873,
                0 0 1,
                0 0 1,
                0 0.38268536 0.92387873,
                0 0.70710695 0.70710659,
                0 0.92387605 0.38269183,
                0 1 2.8327693e-16,
                0 0.92387605 -0.38269183,
                0 0.70710695 -0.70710659,
                0 0.38268536 -0.92387873,
                0 1.2246469e-16 -1,
                0 1.2246469e-16 -1,
                0 0.38268536 -0.92387873,
                0 0.70710695 -0.70710659,
                0 0.92387605 -0.38269183,
                0 1 6.1232343e-17,
                0 0.92387605 0.38269183,
                0 0.70710695 0.70710659,
                0 0.38268536 0.92387873,
                0 0 1,
                0 0 1,
                0 0.38268536 0.92387873,
                0 0.70710695 0.70710659,
                0 0.92387605 0.38269183,
                0 1 6.1232343e-17,
                0 0.92387605 -0.38269183,
                0 0.70710695 -0.70710659,
                0 0.38268536 -0.92387873,
                0 1.2246469e-16 -1,
                0 1.2246469e-16 -1,
                0 0.38268536 -0.92387873,
                0 0.70710695 -0.70710659,
                0 0.92387605 -0.38269183,
                0 1 2.8327693e-16,
                0 0.92387605 0.38269183,
                0 0.70710695 0.70710659,
                0 0.38268536 0.92387873,
                0 0 1,
                0 0 1,
                0 0.38268536 0.92387873,
                0 0.70710695 0.70710659,
                0 0.92387605 0.38269183,
                0 1 2.8327693e-16,
                0 0.92387605 -0.38269183,
                0 0.70710695 -0.70710659,
                0 0.38268536 -0.92387873,
                0 1.2246469e-16 -1,
                0 1.2246469e-16 -1,
                0 0.38268536 -0.92387873,
                0 0.70710695 -0.70710659,
                0 0.92387605 -0.38269183,
                0 1 6.1232343e-17,
                0 0.92387605 0.38269183,
                0 0.70710695 0.70710659,
                0 0.38268536 0.92387873,
                0 0 1,
                0 1.2246469e-16 -1,
                0 1.2246469e-16 -1,
                0 -0.5 -0.86602539,
                0 -0.86602539 -0.5,
                0 -1 -1.8369701e-16,
                0 -0.86602539 0.5,
                0 -0.5 0.86602539,
                0 -2.4492937e-16 1,
                0 -2.4492937e-16 1,
                0 -2.4492937e-16 1,
                0 -0.38268536 0.92387873,
                0 -0.70710695 0.70710659,
                0 -0.92387605 0.38269183,
                0 -1 -1.0718754e-15,
                0 -0.92387605 -0.38269183,
                0 -0.70710695 -0.70710659,
                0 -0.38268536 -0.92387873,
                0 1.2246469e-16 -1,
                0 1.2246469e-16 -1,
                0 -0.38268536 -0.92387873,
                0 -0.70710695 -0.70710659,
                0 -0.92387605 -0.38269183,
                0 -1 -1.0718754e-15,
                0 -0.92387605 0.38269183,
                0 -0.70710695 0.70710659,
                0 -0.38268536 0.92387873,
                0 -2.4492937e-16 1,
                0 -2.4492937e-16 1,
                0 -0.38268536 0.92387873,
                0 -0.70710695 0.70710659,
                0 -0.92387605 0.38269183,
                0 -1 -1.0718754e-15,
                0 -0.92387605 -0.38269183,
                0 -0.70710695 -0.70710659,
                0 -0.38268536 -0.92387873,
                0 1.2246469e-16 -1,
                0 1.2246469e-16 -1,
                0 -0.38268536 -0.92387873,
                0 -0.70710695 -0.70710659,
                0 -0.92387605 -0.38269183,
                0 -1 -1.0718754e-15,
                0 -0.92387605 0.38269183,
                0 -0.70710695 0.70710659,
                0 -0.38268536 0.92387873,
                0 6.4324905e-16 1,
                0 -2.4492937e-16 1,
                0 -0.38268536 0.92387873,
                0 -0.70710695 0.70710659,
                0 -0.92387605 0.38269183,
                0 -1 7.0448138e-16,
                0 -0.92387605 -0.38269183,
                0 -0.70710695 -0.70710659,
                0 -0.38268536 -0.92387873,
                0 1.2246469e-16 -1,
                0 1.2246469e-16 -1,
                0 -0.38268536 -0.92387873,
                0 -0.70710695 -0.70710659,
                0 -0.92387605 -0.38269183,
                0 -1 7.0448138e-16,
                0 -0.92387605 0.38269183,
                0 -0.70710695 0.70710659,
                0 -0.38268536 0.92387873,
                0 -1.1331077e-15 1,
                0 -2.4492937e-16 1,
                0 -0.38268536 0.92387873,
                0 -0.70710695 0.70710659,
                0 -0.92387605 0.38269183,
                0 -1 -1.0718754e-15,
                0 -0.92387605 -0.38269183,
                0 -0.70710695 -0.70710659,
                0 -0.38268536 -0.92387873,
                0 1.2246469e-16 -1,
                0 1.2246469e-16 -1,
                0 -0.38268536 -0.92387873,
                0 -0.70710695 -0.70710659,
                0 -0.92387605 -0.38269183,
                0 -1 -1.0718754e-15,
                0 -0.92387605 0.38269183,
                0 -0.70710695 0.70710659,
                0 -0.38268536 0.92387873,
                0 -2.4492937e-16 1,
                0 -2.4492937e-16 1,
                0 -0.38268536 0.92387873,
                0 -0.70710695 0.70710659,
                0 -0.92387605 0.38269183,
                0 -1 -1.8369701e-16,
                0 -0.92387605 -0.38269183,
                0 -0.70710695 -0.70710659,
                0 -0.38268536 -0.92387873,
                0 1.2246469e-16 -1,
                0 1.2246469e-16 -1,
                0 -0.38268536 -0.92387873,
                0 -0.70710695 -0.70710659,
                0 -0.92387605 -0.38269183,
                0 -1 -1.8369701e-16,
                0 -0.92387605 0.38269183,
                0 -0.70710695 0.70710659,
                0 -0.38268536 0.92387873,
                0 6.4324905e-16 1,
                0 -2.4492937e-16 1,
                0 -0.38268536 0.92387873,
                0 -0.70710695 0.70710659,
                0 -0.92387605 0.38269183,
                0 -1 -1.0718754e-15,
                0 -0.92387605 -0.38269183,
                0 -0.70710695 -0.70710659,
                0 -0.38268536 -0.92387873,
                0.70710677 0 0.70710677,
                0.70710677 0.35355338 0.61237246,
                0.70710677 0.61237246 0.35355338,
                0.70710677 0.70710677 4.3297803e-17,
                0.70710677 0.61237246 -0.35355338,
                0.70710677 0.35355338 -0.61237246,
                0.70710677 8.6595606e-17 -0.70710677,
                0.70710677 8.6595606e-17 -0.70710677,
                0.70710677 0.35355338 -0.61237246,
                0.70710677 0.61237246 -0.35355338,
                0.70710677 0.70710677 4.3297803e-17,
                0.70710677 0.61237246 0.35355338,
                0.70710677 0.35355338 0.61237246,
                0.70710677 0 0.70710677,
                0 0 -1,
                0 0.5 -0.86602539,
                0 0.86602539 -0.5,
                0 1 -6.1232343e-17,
                0 0.86602539 0.5,
                0 0.5 0.86602539,
                0 1.2246469e-16 1,
                0 1.2246469e-16 1,
                0 0.5 0.86602539,
                0 0.86602539 0.5,
                0 1 -6.1232343e-17,
                0 0.86602539 -0.5,
                0 0.5 -0.86602539,
                0 0 -1,
                0 0 -1,
                0 0.5 -0.86602539,
                0 0.86602539 -0.5,
                0 1 -6.1232343e-17,
                0 0.86602539 0.5,
                0 0.5 0.86602539,
                0 1.2246469e-16 1,
                0 1.2246469e-16 1,
                0 0.5 0.86602539,
                0 0.5 0.86602539,
                0 0.86602539 0.5,
                0 1 -6.1232343e-17,
                0 0.86602539 -0.5,
                0 0.5 -0.86602539,
                0 0.5 -0.86602539,
                0 8.8817842e-16 -1,
                0.70710677 0.42426407 -0.56568545,
                0.70710677 0.2236068 -0.67082042,
                0.70710677 8.6595606e-17 -0.70710677,
                0.70710677 8.6595606e-17 -0.70710677,
                0.70710677 0.35355338 -0.61237246,
                0.70710677 8.6595606e-17 -0.70710677,
                0.70710677 8.6595606e-17 -0.70710677,
                0.70710677 -0.35355338 -0.61237246,
                0.70710677 -0.61237246 -0.35355338,
                0.70710677 -0.70710677 -1.298934e-16,
                0.70710677 -0.61237246 0.35355338,
                0.70710677 -0.35355338 0.61237246,
                0.70710677 -1.7319121e-16 0.70710677,
                0.70710677 -1.7319121e-16 0.70710677,
                0.70710677 -0.35355338 0.61237246,
                0.70710677 -0.61237246 0.35355338,
                0.70710677 -0.70710677 -1.298934e-16,
                0.70710677 -0.61237246 -0.35355338,
                0.70710677 -0.35355338 -0.61237246,
                -1 -0 -0,
                -1 -0 -0,
                -1 -0 -0,
                -1 -0 -0,
                -1 -0 -0,
                -1 -0 -0,
                -1 -0 -0,
                -1 -0 -0,
                -1 -0 -0,
                -1 -0 -0,
                -1 -0 -0,
                -1 -0 -0,
                -1 -0 -0,
                -1 -0 -0,
                -1 -0 -0,
                -1 -0 -0,
                -1 -0 -0,
                -1 -0 -0,
                -1 -0 -0,
                -1 -0 -0,
                -1 -0 -0,
                -1 -0 -0,
                -1 -0 -0,
                -1 -0 -0,
                -1 -0 -0,
                -1 -0 -0,
                -1 -0 -0,
                -1 -0 -0,
                -1 -0 -0,
                -1 -0 -0,
                0.86503756 -0.14700861 0.47968581,
                0.86514843 -0.26897329 0.42328662,
                0.86518794 -0.36812761 0.34048769,
                0.86516541 -0.44092005 0.2389107,
                0.86519343 -0.46707946 0.1824201,
                0.86524421 -0.48612356 0.12262253,
                0.86530918 -0.50123447 0.0020210149,
                0.86527789 -0.49808621 -0.056606151,
                0.86526811 -0.48817006 -0.11402217,
                0.86530864 -0.44846812 -0.22386895,
                0.86541426 -0.3847104 -0.32102346,
                0.86542243 -0.37968674 -0.32692805,
                0.86541718 -0.37586686 -0.33132648,
                0.86531931 -0.2257175 -0.44751993,
                0.86542243 -0.037309188 -0.49965188,
                0.86531913 0.15388094 -0.47701517,
                0.86542243 0.32692567 -0.37968883,
                0.86531913 0.4461109 -0.22849041,
                0.86542243 0.49965188 -0.037309188,
                0.86531913 0.47701517 0.15388094,
                0.86542243 0.37968883 0.32692567,
                0.86531913 0.22849041 0.4461109,
                0.86542243 0.037309188 0.49965188,
                0.86531913 -0.15388094 0.47701517,
                0.86542243 -0.32692567 0.37968883,
                0.86531913 -0.4461109 0.22849041,
                0.86542243 -0.49965188 0.037309188,
                0.86531913 -0.47701517 -0.15388094,
                0.86542243 -0.37968883 -0.32692567,
                0.86531913 -0.22849041 -0.4461109,
                0.86542243 -0.037309188 -0.49965188,
                0.86531913 0.15388094 -0.47701517,
                0.86542243 0.32692567 -0.37968883,
                0.86531913 0.4461109 -0.22849041,
                0.86542243 0.49965188 -0.037309188,
                0.86531913 0.47701517 0.15388094,
                0.86542243 0.37968883 0.32692567,
                0.86531913 0.22849041 0.4461109,
                0.86542243 0.037309188 0.49965188,
                0.86531913 -0.15388094 0.47701517,
                0.86542243 -0.32692567 0.37968883,
                0.86531913 -0.4461109 0.22849041,
                0.86542243 -0.49965188 0.037309188,
                0.86531913 -0.47701517 -0.15388094,
                0.86542243 -0.37968883 -0.32692567,
                0.86531913 -0.22849041 -0.4461109,
                0.86542243 -0.037309188 -0.49965188,
                0.86531913 0.15388094 -0.47701517,
                0.86542243 0.32692567 -0.37968883,
                0.86531913 0.4461109 -0.22849041,
                0.86542243 0.49965188 -0.037309188,
                0.86531913 0.47701517 0.15388094,
                0.86542243 0.37968883 0.32692567,
                0.86531913 0.22849041 0.4461109,
                0.86542243 0.037309188 0.49965188,
                0.86531913 -0.15388094 0.47701517,
                0.86542243 -0.32692567 0.37968883,
                0.86531913 -0.4461109 0.22849041,
                0.86542243 -0.49965188 0.037309188,
                0.86531913 -0.47701517 -0.15388094,
                0.86542243 -0.37968883 -0.32692567,
                0.86531913 -0.22849041 -0.4461109,
                0.86542243 -0.037309188 -0.49965188,
                0.86531913 0.15388094 -0.47701517,
                0.86542243 0.32692567 -0.37968883,
                0.86531913 0.4461109 -0.22849041,
                0.86542243 0.49965188 -0.037309188,
                0.86531913 0.47701517 0.15388094,
                0.86542243 0.37968883 0.32692567,
                0.86531913 0.22849041 0.4461109,
                0.86542243 0.037309188 0.49965188,
                0.86531913 -0.15388094 0.47701517,
                0.86542243 -0.32692567 0.37968883,
                0.86531913 -0.4461109 0.22849041,
                0.86542243 -0.49965188 0.037309188,
                0.86531913 -0.47701517 -0.15388094,
                0.86542243 -0.37968883 -0.32692567,
                0.86531913 -0.22849041 -0.4461109,
                0.86542243 -0.037309188 -0.49965188,
                0.86531913 0.15388094 -0.47701517,
                0.86542243 0.32692567 -0.37968883,
                0.86531913 0.4461109 -0.22849041,
                0.86542243 0.49965188 -0.037309188,
                0.86531913 0.47701517 0.15388094,
                0.86542243 0.37968883 0.32692567,
                0.86531913 0.22849041 0.4461109,
                0.86542243 0.037309188 0.49965188,
                0.86531913 -0.15388094 0.47701517,
                0.86542243 -0.32692567 0.37968883,
                0.86531913 -0.4461109 0.22849041,
                0.86542243 -0.49965188 0.037309188,
                0.86531913 -0.47701517 -0.15388094,
                0.86542243 -0.37968883 -0.32692567,
                0.86531913 -0.22849041 -0.4461109,
                0.86542243 -0.037309188 -0.49965188,
                0.86531913 0.15388094 -0.47701517,
                0.86542243 0.32692567 -0.37968883,
                0.86531913 0.4461109 -0.22849041,
                0.86542243 0.49965188 -0.037309188,
                0.86531913 0.47701517 0.15388094,
                0.86542243 0.37968883 0.32692567,
                0.86531913 0.22849041 0.4461109,
                0.86542243 0.037309188 0.49965188,
                0.86518204 0.044122208 0.49951306,
                0.86503756 0.2352383 0.44313988,
                0.86518204 0.38440821 0.32200998,
                0.86503756 0.47968581 0.14700861,
                0.86518204 0.49951306 -0.044122208,
                0.86503756 0.44313988 -0.2352383,
                0.86518204 0.32200998 -0.38440821,
                0.86503756 0.14700861 -0.47968581,
                0.86518204 -0.044122208 -0.49951306,
                0.86503756 -0.2352383 -0.44313988,
                0.86518204 -0.38440821 -0.32200998,
                0.86503756 -0.47968581 -0.14700861,
                0.86518204 -0.49951306 0.044122208,
                0.86503756 -0.44313988 0.2352383,
                0.86518204 -0.32200998 0.38440821,
                0.86503756 -0.14700861 0.47968581,
                0.86518204 0.044122208 0.49951306,
                0.86503756 0.2352383 0.44313988,
                0.86518204 0.38440821 0.32200998,
                0.86503756 0.47968581 0.14700861,
                0.86518204 0.49951306 -0.044122208,
                0.86503756 0.44313988 -0.2352383,
                0.86518204 0.32200998 -0.38440821,
                0.86503756 0.14700861 -0.47968581,
                0.86518204 -0.044122208 -0.49951306,
                0.86503756 -0.2352383 -0.44313988,
                0.86518204 -0.38440821 -0.32200998,
                0.86503756 -0.47968581 -0.14700861,
                0.86518204 -0.49951306 0.044122208,
                0.86503756 -0.44313988 0.2352383,
                0.86518204 -0.32200998 0.38440821,
                0.86503756 -0.14700861 0.47968581,
                0.86518204 0.044122208 0.49951306,
                0.86503756 0.2352383 0.44313988,
                0.86518204 0.38440821 0.32200998,
                0.86503756 0.47968581 0.14700861,
                0.86518204 0.49951306 -0.044122208,
                0.86503756 0.44313988 -0.2352383,
                0.86518204 0.32200998 -0.38440821,
                0.86503756 0.14700861 -0.47968581,
                0.86518204 -0.044122208 -0.49951306,
                0.86503756 -0.2352383 -0.44313988,
                0.86518204 -0.38440821 -0.32200998,
                0.86503756 -0.47968581 -0.14700861,
                0.86518204 -0.49951306 0.044122208,
                0.86503756 -0.44313988 0.2352383,
                0.86518204 -0.32200998 0.38440821,
                0.86503756 -0.14700861 0.47968581,
                0.86518204 0.044122208 0.49951306,
                0.86503756 0.2352383 0.44313988,
                0.86518204 0.38440821 0.32200998,
                0.86503756 0.47968581 0.14700861,
                0.86518204 0.49951306 -0.044122208,
                0.86503756 0.44313988 -0.2352383,
                0.86518204 0.32200998 -0.38440821,
                0.86503756 0.14700861 -0.47968581,
                0.86518204 -0.044122208 -0.49951306,
                0.86503756 -0.2352383 -0.44313988,
                0.86518204 -0.38440821 -0.32200998,
                0.86503756 -0.47968581 -0.14700861,
                0.86518204 -0.49951306 0.044122208,
                0.86503756 -0.44313988 0.2352383,
                0.86518204 -0.32200998 0.38440821,
                0.86503756 -0.14700861 0.47968581,
                0.86518204 0.044122208 0.49951306,
                0.86503756 0.2352383 0.44313988,
                0.86518204 0.38440821 0.32200998,
                0.86503756 0.47968581 0.14700861,
                0.86518204 0.49951306 -0.044122208,
                0.86503756 0.44313988 -0.2352383,
                0.86518204 0.32200998 -0.38440821,
                0.86503756 0.14700861 -0.47968581,
                0.86518204 -0.044122208 -0.49951306,
                0.86503756 -0.2352383 -0.44313988,
                0.86518204 -0.38440821 -0.32200998,
                0.86503756 -0.47968581 -0.14700861,
                0.86518204 -0.49951306 0.044122208,
                0.86503756 -0.44313988 0.2352383,
                0.86518204 -0.32200998 0.38440821,
                0.86503756 -0.14700861 0.47968581,
                0.86518204 0.044122208 0.49951306,
                0.86503756 0.2352383 0.44313988,
                0.86518204 0.38440821 0.32200998,
                0.86503756 0.47968581 0.14700861,
                0.86518204 0.49951306 -0.044122208,
                0.86503756 0.44313988 -0.2352383,
                0.86518204 0.32200998 -0.38440821,
                0.86503756 0.14700861 -0.47968581,
                0.86518204 -0.044122208 -0.49951306,
                0.86503756 -0.2352383 -0.44313988,
                0.86518204 -0.38440821 -0.32200998,
                0.86503756 -0.47968581 -0.14700861,
                0.86518204 -0.49951306 0.044122208,
                0.86503756 -0.44313988 0.2352383,
                0.86518204 -0.32200998 0.38440821,
                0 1.2246469e-16 -1,
                0 1.2246469e-16 -1,
                0 -0.37695146 -0.92623299,
                0 -0.69859749 -0.7155149,
                0 -0.37709901 -0.92617297,
                -0 1 -0,
                -0 1 -0,
                -0 1 -0,
                -0 1 -0,
                -1.4562247e-15 0.92387956 0.38268343,
                -1.6125795e-15 0.83126044 0.55588317,
                -2.5115874e-15 0.70704138 0.70717216,
                -1.6123504e-15 0.55581671 0.83130485,
                -1.4561378e-15 0.38274246 0.92385507,
                -2.1371376e-15 0.19595075 0.98061377,
                -3.5479669e-15 0.00055362639 0.99999982,
                -1.4562247e-15 -0.38268343 0.92387956,
                -1.2560739e-15 -0.70710677 0.70710677,
                -1.8827429e-15 -0.9238795 0.38268343,
                -3.5527137e-15 -1 -5.8612576e-17,
                -1.4562247e-15 -0.9238795 -0.38268343,
                -1.2560739e-15 -0.70710677 -0.70710677,
                -2.2360823e-15 -0.38268343 -0.9238795,
                -3.5527137e-15 9.1658367e-16 -1,
                -1.4562247e-15 0.38268343 -0.9238795,
                -2.5121479e-15 0.70710677 -0.70710677,
                -1.4562247e-15 0.9238795 -0.38268343,
                -3.5527137e-15 1 2.0569335e-16,
                -1.4562247e-15 0.9238795 0.38268343,
                -2.5121479e-15 0.70710677 0.70710677,
                -1.4562247e-15 0.38268343 0.9238795,
                -3.5527137e-15 -3.0374718e-16 1,
                -1.4562247e-15 -0.38268343 0.9238795,
                -1.2560739e-15 -0.70710677 0.70710677,
                -1.8827429e-15 -0.9238795 0.38268343,
                -3.5527137e-15 -1 -1.3215296e-16,
                -1.4562247e-15 -0.9238795 -0.38268343,
                -1.2560739e-15 -0.70710677 -0.70710677,
                -2.2360823e-15 -0.38268343 -0.9238795,
                -3.5527137e-15 8.9207022e-16 -1,
                -1.4562247e-15 0.38268343 -0.9238795,
                -2.5121479e-15 0.70710677 -0.70710677,
                -1.4562247e-15 0.9238795 -0.38268343,
                -3.5527137e-15 1 3.2826066e-16,
                -1.4562247e-15 0.9238795 0.38268343,
                -2.5121479e-15 0.70710677 0.70710677,
                -1.4562247e-15 0.38268343 0.9238795,
                -3.5527137e-15 -2.0569335e-16 1,
                -1.4562247e-15 -0.38268343 0.9238795,
                -1.2560739e-15 -0.70710677 0.70710677,
                -1.8827429e-15 -0.9238795 0.38268343,
                -3.5527137e-15 -1 -1.5666642e-16,
                -1.4562247e-15 -0.9238795 -0.38268343,
                -1.2560739e-15 -0.70710677 -0.70710677,
                -2.2360823e-15 -0.38268343 -0.9238795,
                -3.5527137e-15 8.4304332e-16 -1,
                -1.4562247e-15 0.38268343 -0.9238795,
                -2.5121479e-15 0.70710677 -0.70710677,
                -1.4562247e-15 0.9238795 -0.38268343,
                -3.5527137e-15 1 3.2826066e-16,
                -1.4562247e-15 0.9238795 0.38268343,
                -2.5121479e-15 0.70710677 0.70710677,
                -1.4562247e-15 0.38268343 0.9238795,
                -3.5527137e-15 -2.5472028e-16 1,
                -1.4562247e-15 -0.38268343 0.9238795,
                -1.2560739e-15 -0.70710677 0.70710677,
                -1.8827429e-15 -0.9238795 0.38268343,
                -3.5527137e-15 -1 3.9441272e-17,
                -1.4562247e-15 -0.9238795 -0.38268343,
                -1.2560739e-15 -0.70710677 -0.70710677,
                -2.2360823e-15 -0.38268343 -0.9238795,
                -3.5527137e-15 7.4498951e-16 -1,
                -1.4562247e-15 0.38268343 -0.9238795,
                -2.5121479e-15 0.70710677 -0.70710677,
                -1.4562247e-15 0.9238795 -0.38268343,
                -3.5527137e-15 1 1.5666642e-16,
                -1.4562247e-15 0.9238795 0.38268343,
                -2.5121479e-15 0.70710677 0.70710677,
                -1.4562247e-15 0.38268343 0.9238795,
                -3.5527137e-15 -2.7923373e-16 1,
                -1.4562247e-15 -0.38268343 0.9238795,
                -1.2560739e-15 -0.70710677 0.70710677,
                -1.8827429e-15 -0.9238795 0.38268343,
                -3.5527137e-15 -1 -8.3126033e-17,
                -1.4562247e-15 -0.9238795 -0.38268343,
                -1.2560739e-15 -0.70710677 -0.70710677,
                -2.2360823e-15 -0.38268343 -0.9238795,
                -3.5527137e-15 8.9207022e-16 -1,
                -1.4562247e-15 0.38268343 -0.9238795,
                -2.5121479e-15 0.70710677 -0.70710677,
                -1.4562247e-15 0.9238795 -0.38268343,
                -3.5527137e-15 1 1.5666642e-16,
                -1.4562247e-15 0.9238795 0.38268343,
                -2.5121479e-15 0.70710677 0.70710677,
                -1.4562247e-15 0.38268343 0.9238795,
                -3.5527137e-15 -2.7923373e-16 1,
                -1.4562247e-15 -0.38268343 0.9238795,
                -1.2560739e-15 -0.70710677 0.70710677,
                -1.8827429e-15 -0.9238795 0.38268343,
                -3.5527137e-15 -1 -9.5856518e-18,
                -1.4562247e-15 -0.9238795 -0.38268343,
                -1.2560739e-15 -0.70710677 -0.70710677,
                -2.2360823e-15 -0.38268343 -0.9238795,
                -3.5527137e-15 7.9401641e-16 -1,
                -1.4562247e-15 0.38268343 -0.9238795,
                -2.5121479e-15 0.70710677 -0.70710677,
                -1.4562247e-15 0.9238795 -0.38268343,
                -3.5527137e-15 1 2.302068e-16,
                -1.4562247e-15 0.9238795 0.38268343,
                -2.5121479e-15 0.70710677 0.70710677,
                -1.4562247e-15 0.38268343 0.9238795,
                -3.5527137e-15 -3.2125681e-16 1,
                -3.5527137e-15 4.3165665e-16 1,
                -1.4562247e-15 0.38268343 0.9238795,
                -2.5121479e-15 0.70710677 0.70710677,
                -1.4562247e-15 0.9238795 0.38268343,
                -3.5527137e-15 1 -4.8068357e-16,
                -1.4562247e-15 0.9238795 -0.38268343,
                -2.5121479e-15 0.70710677 -0.70710677,
                -1.4562247e-15 0.38268343 -0.9238795,
                -3.5527137e-15 8.4304332e-16 -1,
                -2.2360823e-15 -0.38268343 -0.9238795,
                -1.2560739e-15 -0.70710677 -0.70710677,
                -1.4562247e-15 -0.9238795 -0.38268343,
                -3.5527137e-15 -1 3.3360281e-16,
                -1.8827429e-15 -0.9238795 0.38268343,
                -1.2560739e-15 -0.70710677 0.70710677,
                -1.4562247e-15 -0.38268343 0.9238795,
                -3.5527137e-15 4.3165665e-16 1,
                -1.4562247e-15 0.38268343 0.9238795,
                -2.5121479e-15 0.70710677 0.70710677,
                -1.4562247e-15 0.9238795 0.38268343,
                -3.5527137e-15 1 -1.6083027e-15,
                -1.4562247e-15 0.9238795 -0.38268343,
                -2.5121479e-15 0.70710677 -0.70710677,
                -1.4562247e-15 0.38268343 -0.9238795,
                -3.5527137e-15 5.488818e-16 -1,
                -2.2360823e-15 -0.38268343 -0.9238795,
                -1.2560739e-15 -0.70710677 -0.70710677,
                -1.4562247e-15 -0.9238795 -0.38268343,
                -3.5527137e-15 -1 -1.2842856e-15,
                -1.8827429e-15 -0.9238795 0.38268343,
                -1.2560739e-15 -0.70710677 0.70710677,
                -1.4562247e-15 -0.38268343 0.9238795,
                -3.5527137e-15 -1.1372048e-15 1,
                -1.4562247e-15 0.38268343 0.9238795,
                -2.5121479e-15 0.70710677 0.70710677,
                -1.4562247e-15 0.9238795 0.38268343,
                -3.5527137e-15 1 -5.5422398e-16,
                -1.4562247e-15 0.9238795 -0.38268343,
                -2.5121479e-15 0.70710677 -0.70710677,
                -1.4562247e-15 0.38268343 -0.9238795,
                -3.5527137e-15 -1.8289239e-15 -1,
                -2.2360823e-15 -0.38268343 -0.9238795,
                -1.2560739e-15 -0.70710677 -0.70710677,
                -1.4562247e-15 -0.9238795 -0.38268343,
                -3.5527137e-15 -1 3.5811627e-16,
                -1.8827429e-15 -0.9238795 0.38268343,
                -1.2560739e-15 -0.70710677 0.70710677,
                -1.4562247e-15 -0.38268343 0.9238795,
                -3.5527137e-15 4.8068357e-16 1,
                -1.4562247e-15 0.38268343 0.9238795,
                -2.5121479e-15 0.70710677 0.70710677,
                -1.4562247e-15 0.9238795 0.38268343,
                -3.5527137e-15 1 -3.8262972e-16,
                -1.4562247e-15 0.9238795 -0.38268343,
                -2.5121479e-15 0.70710677 -0.70710677,
                -1.4562247e-15 0.38268343 -0.9238795,
                -3.5527137e-15 4.9985489e-16 -1,
                -2.2360823e-15 -0.38268343 -0.9238795,
                -1.2560739e-15 -0.70710677 -0.70710677,
                -1.4562247e-15 -0.9238795 -0.38268343,
                -3.5527137e-15 -1 1.6200858e-16,
                -1.8827429e-15 -0.9238795 0.38268343,
                -1.2560739e-15 -0.70710677 0.70710677,
                -1.4562247e-15 -0.38268343 0.9238795,
                -3.5527137e-15 5.2971048e-16 1,
                -1.4562247e-15 0.38268343 0.9238795,
                -2.5121479e-15 0.70710677 0.70710677,
                -1.4562247e-15 0.9238795 0.38268343,
                -3.5527137e-15 1 -3.8262972e-16,
                -1.4562247e-15 0.9238795 -0.38268343,
                -2.5121479e-15 0.70710677 -0.70710677,
                -1.4562247e-15 0.38268343 -0.9238795,
                -3.5527137e-15 5.488818e-16 -1,
                -2.2360823e-15 -0.38268343 -0.9238795,
                -1.2560739e-15 -0.70710677 -0.70710677,
                -1.4562247e-15 -0.9238795 -0.38268343,
                -3.5527137e-15 -1 -1.2107453e-15,
                -1.8827429e-15 -0.9238795 0.38268343,
                -1.2560739e-15 -0.70710677 0.70710677,
                -1.4562247e-15 -0.38268343 0.9238795,
                -3.5527137e-15 5.1137276e-15 1,
                -1.4562247e-15 0.38268343 0.9238795,
                -2.5121479e-15 0.70710677 0.70710677,
                -1.4562247e-15 0.9238795 0.38268343,
                -3.5527137e-15 1 9.6561068e-16,
                -1.4562247e-15 0.9238795 -0.38268343,
                -2.5121479e-15 0.70710677 -0.70710677,
                -1.4562247e-15 0.38268343 -0.9238795,
                -3.5527137e-15 5.979087e-16 -1,
                -2.2360823e-15 -0.38268343 -0.9238795,
                -1.2560739e-15 -0.70710677 -0.70710677,
                -1.4562247e-15 -0.9238795 -0.38268343,
                -3.5527137e-15 -1 2.8457589e-16,
                -1.8827429e-15 -0.9238795 0.38268343,
                -1.2560739e-15 -0.70710677 0.70710677,
                -1.4562247e-15 -0.38268343 0.9238795,
                -3.5527137e-15 3.8262972e-16 1,
                -1.4562247e-15 0.38268343 0.9238795,
                -2.5121479e-15 0.70710677 0.70710677,
                -0.86542243 0.037309188 -0.49965188,
                -0.86531317 0.15243411 -0.47749031,
                -0.86526829 0.25970519 -0.42879364,
                -0.86530584 0.35249111 -0.35636476,
                -0.86524802 0.42845121 -0.2603372,
                -0.86516613 0.47990096 -0.14554249,
                -0.86518687 0.50099725 -0.021293953,
                -0.86523938 0.49963361 0.041558415,
                -0.86514908 0.48961475 0.1086024,
                -0.86503756 0.44313988 0.2352383,
                -0.86518204 0.32200998 0.38440821,
                -0.86503756 0.14700861 0.47968581,
                -0.86518204 -0.044122208 0.49951306,
                -0.86503756 -0.2352383 0.44313988,
                -0.86518204 -0.38440821 0.32200998,
                -0.86503756 -0.47968581 0.14700861,
                -0.86518204 -0.49951306 -0.044122208,
                -0.86503756 -0.44313988 -0.2352383,
                -0.86518204 -0.32200998 -0.38440821,
                -0.86503756 -0.14700861 -0.47968581,
                -0.86518204 0.044122208 -0.49951306,
                -0.86503756 0.2352383 -0.44313988,
                -0.86518204 0.38440821 -0.32200998,
                -0.86503756 0.47968581 -0.14700861,
                -0.86518204 0.49951306 0.044122208,
                -0.86503756 0.44313988 0.2352383,
                -0.86518204 0.32200998 0.38440821,
                -0.86503756 0.14700861 0.47968581,
                -0.86518204 -0.044122208 0.49951306,
                -0.86503756 -0.2352383 0.44313988,
                -0.86518204 -0.38440821 0.32200998,
                -0.86503756 -0.47968581 0.14700861,
                -0.86518204 -0.49951306 -0.044122208,
                -0.86503756 -0.44313988 -0.2352383,
                -0.86518204 -0.32200998 -0.38440821,
                -0.86503756 -0.14700861 -0.47968581,
                -0.86518204 0.044122208 -0.49951306,
                -0.86503756 0.2352383 -0.44313988,
                -0.86518204 0.38440821 -0.32200998,
                -0.86503756 0.47968581 -0.14700861,
                -0.86518204 0.49951306 0.044122208,
                -0.86503756 0.44313988 0.2352383,
                -0.86518204 0.32200998 0.38440821,
                -0.86503756 0.14700861 0.47968581,
                -0.86518204 -0.044122208 0.49951306,
                -0.86503756 -0.2352383 0.44313988,
                -0.86518204 -0.38440821 0.32200998,
                -0.86503756 -0.47968581 0.14700861,
                -0.86518204 -0.49951306 -0.044122208,
                -0.86503756 -0.44313988 -0.2352383,
                -0.86518204 -0.32200998 -0.38440821,
                -0.86503756 -0.14700861 -0.47968581,
                -0.86518204 0.044122208 -0.49951306,
                -0.86503756 0.2352383 -0.44313988,
                -0.86518204 0.38440821 -0.32200998,
                -0.86503756 0.47968581 -0.14700861,
                -0.86518204 0.49951306 0.044122208,
                -0.86503756 0.44313988 0.2352383,
                -0.86518204 0.32200998 0.38440821,
                -0.86503756 0.14700861 0.47968581,
                -0.86518204 -0.044122208 0.49951306,
                -0.86503756 -0.2352383 0.44313988,
                -0.86518204 -0.38440821 0.32200998,
                -0.86503756 -0.47968581 0.14700861,
                -0.86518204 -0.49951306 -0.044122208,
                -0.86503756 -0.44313988 -0.2352383,
                -0.86518204 -0.32200998 -0.38440821,
                -0.86503756 -0.14700861 -0.47968581,
                -0.86518204 0.044122208 -0.49951306,
                -0.86503756 0.2352383 -0.44313988,
                -0.86518204 0.38440821 -0.32200998,
                -0.86503756 0.47968581 -0.14700861,
                -0.86518204 0.49951306 0.044122208,
                -0.86503756 0.44313988 0.2352383,
                -0.86518204 0.32200998 0.38440821,
                -0.86503756 0.14700861 0.47968581,
                -0.86518204 -0.044122208 0.49951306,
                -0.86503756 -0.2352383 0.44313988,
                -0.86518204 -0.38440821 0.32200998,
                -0.86503756 -0.47968581 0.14700861,
                -0.86518204 -0.49951306 -0.044122208,
                -0.86503756 -0.44313988 -0.2352383,
                -0.86518204 -0.32200998 -0.38440821,
                -0.86503756 -0.14700861 -0.47968581,
                -0.86518204 0.044122208 -0.49951306,
                -0.86503756 0.2352383 -0.44313988,
                -0.86518204 0.38440821 -0.32200998,
                -0.86503756 0.47968581 -0.14700861,
                -0.86518204 0.49951306 0.044122208,
                -0.86503756 0.44313988 0.2352383,
                -0.86518204 0.32200998 0.38440821,
                -0.86503756 0.14700861 0.47968581,
                -0.86518204 -0.044122208 0.49951306,
                -0.86503756 -0.2352383 0.44313988,
                -0.86518204 -0.38440821 0.32200998,
                -0.86503756 -0.47968581 0.14700861,
                -0.86518204 -0.49951306 -0.044122208,
                -0.86503756 -0.44313988 -0.2352383,
                -0.86518204 -0.32200998 -0.38440821,
                -0.86503756 -0.14700861 -0.47968581,
                -0.86518204 0.044122208 -0.49951306,
                -0.86503756 0.2352383 -0.44313988,
                -0.86518204 0.38440821 -0.32200998,
                -0.86503756 0.47968581 -0.14700861,
                -0.86518204 0.49951306 0.044122208,
                -0.86503756 0.44313988 0.2352383,
                -0.86518204 0.32200998 0.38440821,
                -0.86503756 0.14700861 0.47968581,
                -0.86518204 -0.044122208 0.49951306,
                -0.86542243 -0.037309188 0.49965188,
                -0.86531913 0.15388094 0.47701517,
                -0.86542243 0.32692567 0.37968883,
                -0.86531913 0.4461109 0.22849041,
                -0.86542243 0.49965188 0.037309188,
                -0.86531913 0.47701517 -0.15388094,
                -0.86542243 0.37968883 -0.32692567,
                -0.86531913 0.22849041 -0.4461109,
                -0.86542243 0.037309188 -0.49965188,
                -0.86531913 -0.15388094 -0.47701517,
                -0.86542243 -0.32692567 -0.37968883,
                -0.86531913 -0.4461109 -0.22849041,
                -0.86542243 -0.49965188 -0.037309188,
                -0.86531913 -0.47701517 0.15388094,
                -0.86542243 -0.37968883 0.32692567,
                -0.86531913 -0.22849041 0.4461109,
                -0.86542243 -0.037309188 0.49965188,
                -0.86531913 0.15388094 0.47701517,
                -0.86542243 0.32692567 0.37968883,
                -0.86531913 0.4461109 0.22849041,
                -0.86542243 0.49965188 0.037309188,
                -0.86531913 0.47701517 -0.15388094,
                -0.86542243 0.37968883 -0.32692567,
                -0.86531913 0.22849041 -0.4461109,
                -0.86542243 0.037309188 -0.49965188,
                -0.86531913 -0.15388094 -0.47701517,
                -0.86542243 -0.32692567 -0.37968883,
                -0.86531913 -0.4461109 -0.22849041,
                -0.86542243 -0.49965188 -0.037309188,
                -0.86531913 -0.47701517 0.15388094,
                -0.86542243 -0.37968883 0.32692567,
                -0.86531913 -0.22849041 0.4461109,
                -0.86542243 -0.037309188 0.49965188,
                -0.86531913 0.15388094 0.47701517,
                -0.86542243 0.32692567 0.37968883,
                -0.86531913 0.4461109 0.22849041,
                -0.86542243 0.49965188 0.037309188,
                -0.86531913 0.47701517 -0.15388094,
                -0.86542243 0.37968883 -0.32692567,
                -0.86531913 0.22849041 -0.4461109,
                -0.86542243 0.037309188 -0.49965188,
                -0.86531913 -0.15388094 -0.47701517,
                -0.86542243 -0.32692567 -0.37968883,
                -0.86531913 -0.4461109 -0.22849041,
                -0.86542243 -0.49965188 -0.037309188,
                -0.86531913 -0.47701517 0.15388094,
                -0.86542243 -0.37968883 0.32692567,
                -0.86531913 -0.22849041 0.4461109,
                -0.86542243 -0.037309188 0.49965188,
                -0.86531913 0.15388094 0.47701517,
                -0.86542243 0.32692567 0.37968883,
                -0.86531913 0.4461109 0.22849041,
                -0.86542243 0.49965188 0.037309188,
                -0.86531913 0.47701517 -0.15388094,
                -0.86542243 0.37968883 -0.32692567,
                -0.86531913 0.22849041 -0.4461109,
                -0.86542243 0.037309188 -0.49965188,
                -0.86531913 -0.15388094 -0.47701517,
                -0.86542243 -0.32692567 -0.37968883,
                -0.86531913 -0.4461109 -0.22849041,
                -0.86542243 -0.49965188 -0.037309188,
                -0.86531913 -0.47701517 0.15388094,
                -0.86542243 -0.37968883 0.32692567,
                -0.86531913 -0.22849041 0.4461109,
                -0.86542243 -0.037309188 0.49965188,
                -0.86531913 0.15388094 0.47701517,
                -0.86542243 0.32692567 0.37968883,
                -0.86531913 0.4461109 0.22849041,
                -0.86542243 0.49965188 0.037309188,
                -0.86531913 0.47701517 -0.15388094,
                -0.86542243 0.37968883 -0.32692567,
                -0.86531913 0.22849041 -0.4461109,
                -0.86542243 0.037309188 -0.49965188,
                -0.86531913 -0.15388094 -0.47701517,
                -0.86542243 -0.32692567 -0.37968883,
                -0.86531913 -0.4461109 -0.22849041,
                -0.86542243 -0.49965188 -0.037309188,
                -0.86531913 -0.47701517 0.15388094,
                -0.86542243 -0.37968883 0.32692567,
                -0.86531913 -0.22849041 0.4461109,
                -0.86542243 -0.037309188 0.49965188,
                -0.86531913 0.15388094 0.47701517,
                -0.86542243 0.32692567 0.37968883,
                -0.86531913 0.4461109 0.22849041,
                -0.86542243 0.49965188 0.037309188,
                -0.86531913 0.47701517 -0.15388094,
                -0.86542243 0.37968883 -0.32692567,
                -0.86531913 0.22849041 -0.4461109,
                -0.86542243 0.037309188 -0.49965188,
                -0.86531913 -0.15388094 -0.47701517,
                -0.86542243 -0.32692567 -0.37968883,
                -0.86531913 -0.4461109 -0.22849041,
                -0.86542243 -0.49965188 -0.037309188,
                -0.86531913 -0.47701517 0.15388094,
                -0.86542243 -0.37968883 0.32692567,
                -0.86531913 -0.22849041 0.4461109,
                -0.86542243 -0.037309188 0.49965188,
                -0.86531913 0.15388094 0.47701517,
                -0.86542243 0.32692567 0.37968883,
                -0.86531913 0.4461109 0.22849041,
                -0.86542243 0.49965188 0.037309188,
                -0.86531913 0.47701517 -0.15388094,
                -0.86542243 0.37968883 -0.32692567,
                -0.86531913 0.22849041 -0.4461109,
                0.70710677 8.6595606e-17 -0.70710677,
                0.70710677 8.6595606e-17 -0.70710677,
                0.70710677 -0.35355338 -0.61237246,
                0.70710677 -0.61237246 -0.35355338,
                0.70710677 -0.70710677 -1.298934e-16,
                0.70710677 -0.61237246 0.35355338,
                0.70710677 -0.35355338 0.61237246,
                0.70710677 -1.7319121e-16 0.70710677,
                0.70710677 -1.7319121e-16 0.70710677,
                0.70710677 -0.35355338 0.61237246,
                0.70710677 -0.61237246 0.35355338,
                0.70710677 -0.70710677 -1.298934e-16,
                0.70710677 -0.61237246 -0.35355338,
                0.70710677 -0.35355338 -0.61237246,
                1 -0 0,
                1 -0 0,
                1 -0 0,
                1 -0 0,
                1 -0 0,
                1 -0 0,
                1 -0 0,
                1 -0 0,
                1 -0 0,
                1 -0 0,
                1 -0 0,
                1 -0 0,
                1 -0 0,
                1 -0 0,
                1 -0 0,
                1 -0 0,
                1 -0 0,
                1 -0 0,
                1 -0 0,
                1 -0 0,
                1 -0 0,
                1 -0 0,
                1 -0 0,
                1 -0 0,
                0 1.2246469e-16 1,
                0 1.2246469e-16 1,
                0 -0.5 0.86602539,
                0 -0.86602539 0.5,
                0 -1 1.8369701e-16,
                0 -0.86602539 -0.5,
                0 -0.5 -0.86602539,
                0 -2.4492937e-16 -1,
                0 -2.4492937e-16 -1,
                0 -0.5 -0.86602539,
                0 -0.86602539 -0.5,
                0 -1 1.8369701e-16,
                0 -0.86602539 0.5,
                0 -0.5 0.86602539,
                -1 0 0,
                -1 0 0,
                -1 0 0,
                -1 0 0,
                -1 0 0,
                -1 0 0,
                -1 0 0,
                -1 0 0,
                -1 0 0,
                -1 0 0,
                -1 0 0,
                -1 0 0,
                -1 0 0,
                -1 0 0,
                -1 0 0,
                -1 0 0,
                -1 0 0,
                -1 0 0,
                -1 0 0,
                -1 0 0,
                -1 0 0,
                -1 0 0,
                -1 0 0,
                -1 0 0,
                0 1.2246469e-16 1,
                0 1.2246469e-16 1,
                0 -0.5 0.86602539,
                0 -0.86602539 0.5,
                0 -1 1.8369701e-16,
                0 -0.86602539 -0.5,
                0 -0.5 -0.86602539,
                0 -2.4492937e-16 -1,
                0 -2.4492937e-16 -1,
                0 -0.5 -0.86602539,
                0 -0.86602539 -0.5,
                0 -1 1.8369701e-16,
                0 -0.86602539 0.5,
                0 -0.5 0.86602539,
                0.70710677 0 0.70710677,
                0.70710677 0 0.70710677,
                0.70710677 0.2236068 0.67082042,
                0.70710677 0.42426407 0.56568545,
                0.70710677 0.35355338 0.61237246,
                -0 1 -0,
                -0 1 -0,
                -0 1 -0,
                -0 1 -0,
                -0 1 -0,
                -0 1 -0,
                1 -0 0,
                1 -0 0,
                1 -0 0,
                1 -0 0,
                1 -0 0,
                1 -0 0,
                1 -0 0,
                1 -0 0,
                1 -0 0,
                1 -0 0,
                1 -0 0,
                1 -0 0,
                1 -0 0,
                1 -0 0,
                1 -0 0,
                1 -0 0

              ]
            }
            coordIndex [
              63 56 57 -1 
              64 57 58 -1 
              65 58 1 -1 
              62 55 56 -1 
              65 1 2 -1 
              61 54 55 -1 
              64 58 65 -1 
              63 57 64 -1 
              60 53 54 -1 
              62 56 63 -1 
              59 52 53 -1 
              61 55 62 -1 
              3 0 52 -1 
              60 54 61 -1 
              59 53 60 -1 
              3 52 59 -1 
              75 68 69 -1 
              76 69 70 -1 
              77 70 5 -1 
              77 5 6 -1 
              73 67 68 -1 
              76 70 77 -1 
              75 69 76 -1 
              72 66 67 -1 
              74 68 75 -1 
              73 68 74 -1 
              71 4 66 -1 
              72 67 73 -1 
              71 66 72 -1 
              90 83 84 -1 
              91 84 8 -1 
              89 82 83 -1 
              91 8 9 -1 
              88 81 82 -1 
              90 84 91 -1 
              87 80 81 -1 
              89 83 90 -1 
              86 79 80 -1 
              88 82 89 -1 
              85 78 79 -1 
              87 81 88 -1 
              10 7 78 -1 
              86 80 87 -1 
              85 79 86 -1 
              10 78 85 -1 
              104 97 98 -1 
              105 98 12 -1 
              103 96 97 -1 
              105 12 13 -1 
              102 95 96 -1 
              104 98 105 -1 
              101 94 95 -1 
              103 97 104 -1 
              100 93 94 -1 
              102 96 103 -1 
              99 92 93 -1 
              101 95 102 -1 
              14 11 92 -1 
              100 94 101 -1 
              99 93 100 -1 
              14 92 99 -1 
              118 111 112 -1 
              119 112 16 -1 
              117 110 111 -1 
              119 16 17 -1 
              116 109 110 -1 
              118 112 119 -1 
              115 108 109 -1 
              117 111 118 -1 
              114 107 108 -1 
              116 110 117 -1 
              113 106 107 -1 
              115 109 116 -1 
              18 15 106 -1 
              114 108 115 -1 
              113 107 114 -1 
              18 106 113 -1 
              132 125 126 -1 
              133 126 20 -1 
              131 124 125 -1 
              133 20 21 -1 
              130 123 124 -1 
              132 126 133 -1 
              129 122 123 -1 
              131 125 132 -1 
              128 121 122 -1 
              130 124 131 -1 
              127 120 121 -1 
              129 123 130 -1 
              22 19 120 -1 
              128 122 129 -1 
              127 121 128 -1 
              22 120 127 -1 
              146 139 140 -1 
              147 140 24 -1 
              145 138 139 -1 
              147 24 25 -1 
              144 137 138 -1 
              146 140 147 -1 
              143 136 137 -1 
              145 139 146 -1 
              142 135 136 -1 
              144 138 145 -1 
              141 134 135 -1 
              143 137 144 -1 
              26 23 134 -1 
              142 136 143 -1 
              141 135 142 -1 
              26 134 141 -1 
              153 6 5 -1 
              157 150 151 -1 
              158 151 152 -1 
              7 152 4 -1 
              159 152 7 -1 
              155 149 150 -1 
              159 7 10 -1 
              158 152 159 -1 
              157 151 158 -1 
              154 148 149 -1 
              156 150 157 -1 
              153 5 148 -1 
              155 150 156 -1 
              154 149 155 -1 
              153 148 154 -1 
              160 9 8 -1 
              167 9 160 -1 
              171 164 165 -1 
              172 165 166 -1 
              173 166 11 -1 
              170 163 164 -1 
              173 11 14 -1 
              169 162 163 -1 
              172 166 173 -1 
              171 165 172 -1 
              168 161 162 -1 
              170 164 171 -1 
              167 160 161 -1 
              169 163 170 -1 
              168 162 169 -1 
              167 161 168 -1 
              12 174 13 -1 
              181 13 174 -1 
              185 178 179 -1 
              186 179 180 -1 
              187 180 15 -1 
              184 177 178 -1 
              187 15 18 -1 
              183 176 177 -1 
              186 180 187 -1 
              185 179 186 -1 
              182 175 176 -1 
              184 178 185 -1 
              181 174 175 -1 
              183 177 184 -1 
              182 176 183 -1 
              181 175 182 -1 
              16 188 17 -1 
              195 17 188 -1 
              199 192 193 -1 
              200 193 194 -1 
              201 194 19 -1 
              198 191 192 -1 
              201 19 22 -1 
              197 190 191 -1 
              200 194 201 -1 
              199 193 200 -1 
              196 189 190 -1 
              198 192 199 -1 
              195 188 189 -1 
              197 191 198 -1 
              196 190 197 -1 
              195 189 196 -1 
              20 202 21 -1 
              209 21 202 -1 
              213 206 207 -1 
              214 207 208 -1 
              215 208 23 -1 
              212 205 206 -1 
              215 23 26 -1 
              211 204 205 -1 
              214 208 215 -1 
              213 207 214 -1 
              210 203 204 -1 
              212 206 213 -1 
              209 202 203 -1 
              211 205 212 -1 
              210 204 211 -1 
              209 203 210 -1 
              24 216 25 -1 
              223 25 216 -1 
              227 220 221 -1 
              228 221 222 -1 
              229 222 0 -1 
              226 219 220 -1 
              229 0 3 -1 
              225 218 219 -1 
              228 222 229 -1 
              227 221 228 -1 
              224 217 218 -1 
              226 220 227 -1 
              223 216 217 -1 
              225 219 226 -1 
              224 218 225 -1 
              223 217 224 -1 
              69 232 233 -1 
              70 233 234 -1 
              5 234 28 -1 
              68 231 232 -1 
              70 234 5 -1 
              67 230 231 -1 
              69 233 70 -1 
              66 27 230 -1 
              68 232 69 -1 
              67 231 68 -1 
              66 230 67 -1 
              4 27 66 -1 
              244 30 239 -1 
              243 239 238 -1 
              242 238 237 -1 
              241 237 236 -1 
              240 236 235 -1 
              31 235 29 -1 
              240 235 31 -1 
              241 236 240 -1 
              242 237 241 -1 
              243 238 242 -1 
              244 239 243 -1 
              32 30 244 -1 
              34 249 38 -1 
              249 248 252 -1 
              248 247 251 -1 
              37 246 245 -1 
              37 245 33 -1 
              37 33 35 -1 
              37 35 36 -1 
              250 247 246 -1 
              250 246 37 -1 
              251 247 250 -1 
              252 248 251 -1 
              38 40 34 -1 
              38 249 252 -1 
              40 38 39 -1 
              39 41 253 -1 
              40 253 42 -1 
              39 253 40 -1 
              254 40 42 -1 
              259 254 260 -1 
              261 256 262 -1 
              263 258 35 -1 
              262 256 257 -1 
              263 257 258 -1 
              35 258 43 -1 
              262 257 263 -1 
              261 255 256 -1 
              260 255 261 -1 
              260 254 255 -1 
              259 40 254 -1 
              287 271 2 -1 
              287 270 271 -1 
              280 269 270 -1 
              44 268 269 -1 
              44 267 268 -1 
              44 266 267 -1 
              44 265 266 -1 
              44 264 265 -1 
              45 44 269 -1 
              276 277 44 -1 
              275 276 44 -1 
              274 275 44 -1 
              273 274 44 -1 
              272 273 44 -1 
              45 272 44 -1 
              281 45 269 -1 
              285 286 45 -1 
              284 285 45 -1 
              283 284 45 -1 
              282 283 45 -1 
              281 282 45 -1 
              280 281 269 -1 
              279 280 270 -1 
              287 279 270 -1 
              287 278 279 -1 
              47 46 278 -1 
              48 47 278 -1 
              287 48 278 -1 
              288 47 48 -1 
              323 109 108 -1 
              322 108 107 -1 
              321 107 106 -1 
              320 106 15 -1 
              319 15 180 -1 
              318 180 179 -1 
              317 179 178 -1 
              316 178 177 -1 
              315 177 176 -1 
              314 176 175 -1 
              313 175 174 -1 
              312 174 12 -1 
              311 12 98 -1 
              310 98 97 -1 
              309 97 96 -1 
              308 96 95 -1 
              307 95 94 -1 
              306 94 93 -1 
              305 93 92 -1 
              304 92 11 -1 
              303 11 166 -1 
              302 166 165 -1 
              301 165 164 -1 
              300 164 163 -1 
              299 163 162 -1 
              298 162 161 -1 
              297 161 160 -1 
              296 160 8 -1 
              295 8 84 -1 
              294 84 83 -1 
              293 83 82 -1 
              292 82 81 -1 
              291 81 80 -1 
              290 80 79 -1 
              289 79 78 -1 
              49 78 7 -1 
              289 78 49 -1 
              290 79 289 -1 
              291 80 290 -1 
              292 81 291 -1 
              293 82 292 -1 
              294 83 293 -1 
              295 84 294 -1 
              296 8 295 -1 
              297 160 296 -1 
              298 161 297 -1 
              299 162 298 -1 
              300 163 299 -1 
              301 164 300 -1 
              302 165 301 -1 
              303 166 302 -1 
              304 11 303 -1 
              305 92 304 -1 
              306 93 305 -1 
              307 94 306 -1 
              308 95 307 -1 
              309 96 308 -1 
              310 97 309 -1 
              311 98 310 -1 
              312 12 311 -1 
              313 174 312 -1 
              314 175 313 -1 
              315 176 314 -1 
              316 177 315 -1 
              317 178 316 -1 
              318 179 317 -1 
              319 180 318 -1 
              320 15 319 -1 
              321 106 320 -1 
              322 107 321 -1 
              323 108 322 -1 
              324 109 323 -1 
              382 45 286 -1 
              1 47 288 -1 
              325 109 324 -1 
              110 109 325 -1 
              326 110 325 -1 
              326 111 110 -1 
              327 111 326 -1 
              112 111 327 -1 
              328 112 327 -1 
              328 16 112 -1 
              329 16 328 -1 
              188 16 329 -1 
              330 188 329 -1 
              330 189 188 -1 
              331 189 330 -1 
              190 189 331 -1 
              332 190 331 -1 
              332 191 190 -1 
              333 191 332 -1 
              192 191 333 -1 
              334 192 333 -1 
              334 193 192 -1 
              335 193 334 -1 
              194 193 335 -1 
              336 194 335 -1 
              336 19 194 -1 
              337 19 336 -1 
              120 19 337 -1 
              338 120 337 -1 
              338 121 120 -1 
              339 121 338 -1 
              122 121 339 -1 
              340 122 339 -1 
              340 123 122 -1 
              341 123 340 -1 
              124 123 341 -1 
              342 124 341 -1 
              342 125 124 -1 
              343 125 342 -1 
              126 125 343 -1 
              344 126 343 -1 
              344 20 126 -1 
              345 20 344 -1 
              202 20 345 -1 
              346 202 345 -1 
              346 203 202 -1 
              347 203 346 -1 
              204 203 347 -1 
              348 204 347 -1 
              348 205 204 -1 
              349 205 348 -1 
              206 205 349 -1 
              350 206 349 -1 
              350 207 206 -1 
              351 207 350 -1 
              208 207 351 -1 
              352 208 351 -1 
              352 23 208 -1 
              353 23 352 -1 
              134 23 353 -1 
              354 134 353 -1 
              354 135 134 -1 
              355 135 354 -1 
              136 135 355 -1 
              356 136 355 -1 
              356 137 136 -1 
              357 137 356 -1 
              138 137 357 -1 
              358 138 357 -1 
              358 139 138 -1 
              359 139 358 -1 
              140 139 359 -1 
              360 140 359 -1 
              360 24 140 -1 
              361 24 360 -1 
              216 24 361 -1 
              362 216 361 -1 
              362 217 216 -1 
              363 217 362 -1 
              218 217 363 -1 
              364 218 363 -1 
              364 219 218 -1 
              365 219 364 -1 
              220 219 365 -1 
              366 220 365 -1 
              366 221 220 -1 
              367 221 366 -1 
              222 221 367 -1 
              368 222 367 -1 
              368 0 222 -1 
              369 0 368 -1 
              52 0 369 -1 
              370 52 369 -1 
              370 53 52 -1 
              371 53 370 -1 
              54 53 371 -1 
              372 54 371 -1 
              372 55 54 -1 
              373 55 372 -1 
              56 55 373 -1 
              374 56 373 -1 
              374 57 56 -1 
              375 57 374 -1 
              58 57 375 -1 
              376 58 375 -1 
              376 1 58 -1 
              47 278 46 -1 
              378 279 278 -1 
              378 280 279 -1 
              280 378 281 -1 
              47 378 278 -1 
              377 1 376 -1 
              47 1 377 -1 
              378 47 377 -1 
              380 283 282 -1 
              380 284 283 -1 
              284 380 285 -1 
              281 380 282 -1 
              379 281 378 -1 
              380 281 379 -1 
              285 382 286 -1 
              381 285 380 -1 
              382 285 381 -1 
              1 288 2 -1 
              287 2 288 -1 
              287 288 48 -1 
              49 7 4 -1 
              50 49 4 -1 
              382 272 45 -1 
              383 289 50 -1 
              422 329 328 -1 
              421 328 327 -1 
              420 327 326 -1 
              419 326 325 -1 
              418 325 324 -1 
              417 324 323 -1 
              416 323 322 -1 
              415 322 321 -1 
              414 321 320 -1 
              413 320 319 -1 
              412 319 318 -1 
              411 318 317 -1 
              410 317 316 -1 
              409 316 315 -1 
              408 315 314 -1 
              407 314 313 -1 
              406 313 312 -1 
              405 312 311 -1 
              404 311 310 -1 
              403 310 309 -1 
              402 309 308 -1 
              401 308 307 -1 
              400 307 306 -1 
              399 306 305 -1 
              398 305 304 -1 
              397 304 303 -1 
              396 303 302 -1 
              395 302 301 -1 
              394 301 300 -1 
              393 300 299 -1 
              392 299 298 -1 
              391 298 297 -1 
              390 297 296 -1 
              389 296 295 -1 
              388 295 294 -1 
              387 294 293 -1 
              386 293 292 -1 
              385 292 291 -1 
              384 291 290 -1 
              383 290 289 -1 
              50 289 49 -1 
              385 291 384 -1 
              384 290 383 -1 
              386 292 385 -1 
              388 294 387 -1 
              387 293 386 -1 
              389 295 388 -1 
              391 297 390 -1 
              390 296 389 -1 
              392 298 391 -1 
              394 300 393 -1 
              393 299 392 -1 
              395 301 394 -1 
              397 303 396 -1 
              396 302 395 -1 
              398 304 397 -1 
              399 305 398 -1 
              401 307 400 -1 
              400 306 399 -1 
              402 308 401 -1 
              404 310 403 -1 
              403 309 402 -1 
              405 311 404 -1 
              407 313 406 -1 
              406 312 405 -1 
              408 314 407 -1 
              410 316 409 -1 
              409 315 408 -1 
              411 317 410 -1 
              413 319 412 -1 
              412 318 411 -1 
              414 320 413 -1 
              416 322 415 -1 
              415 321 414 -1 
              417 323 416 -1 
              419 325 418 -1 
              418 324 417 -1 
              420 326 419 -1 
              422 328 421 -1 
              421 327 420 -1 
              423 329 422 -1 
              480 44 277 -1 
              424 329 423 -1 
              424 330 329 -1 
              425 330 424 -1 
              331 330 425 -1 
              426 331 425 -1 
              426 332 331 -1 
              427 332 426 -1 
              333 332 427 -1 
              428 333 427 -1 
              428 334 333 -1 
              429 334 428 -1 
              335 334 429 -1 
              430 335 429 -1 
              430 336 335 -1 
              431 336 430 -1 
              337 336 431 -1 
              432 337 431 -1 
              432 338 337 -1 
              433 338 432 -1 
              339 338 433 -1 
              434 339 433 -1 
              434 340 339 -1 
              435 340 434 -1 
              341 340 435 -1 
              436 341 435 -1 
              436 342 341 -1 
              437 342 436 -1 
              343 342 437 -1 
              438 343 437 -1 
              438 344 343 -1 
              439 344 438 -1 
              345 344 439 -1 
              440 345 439 -1 
              440 346 345 -1 
              441 346 440 -1 
              347 346 441 -1 
              442 347 441 -1 
              442 348 347 -1 
              443 348 442 -1 
              349 348 443 -1 
              444 349 443 -1 
              444 350 349 -1 
              445 350 444 -1 
              351 350 445 -1 
              446 351 445 -1 
              446 352 351 -1 
              447 352 446 -1 
              353 352 447 -1 
              448 353 447 -1 
              448 354 353 -1 
              449 354 448 -1 
              355 354 449 -1 
              450 355 449 -1 
              450 356 355 -1 
              451 356 450 -1 
              357 356 451 -1 
              452 357 451 -1 
              452 358 357 -1 
              453 358 452 -1 
              359 358 453 -1 
              454 359 453 -1 
              454 360 359 -1 
              455 360 454 -1 
              361 360 455 -1 
              456 361 455 -1 
              456 362 361 -1 
              457 362 456 -1 
              363 362 457 -1 
              458 363 457 -1 
              458 364 363 -1 
              459 364 458 -1 
              365 364 459 -1 
              460 365 459 -1 
              460 366 365 -1 
              461 366 460 -1 
              367 366 461 -1 
              462 367 461 -1 
              462 368 367 -1 
              463 368 462 -1 
              369 368 463 -1 
              464 369 463 -1 
              464 370 369 -1 
              465 370 464 -1 
              371 370 465 -1 
              466 371 465 -1 
              466 372 371 -1 
              467 372 466 -1 
              373 372 467 -1 
              468 373 467 -1 
              468 374 373 -1 
              469 374 468 -1 
              375 374 469 -1 
              470 375 469 -1 
              470 376 375 -1 
              471 376 470 -1 
              377 376 471 -1 
              472 377 471 -1 
              472 378 377 -1 
              473 378 472 -1 
              379 378 473 -1 
              474 379 473 -1 
              474 380 379 -1 
              382 476 272 -1 
              475 380 474 -1 
              381 380 475 -1 
              476 381 475 -1 
              476 382 381 -1 
              478 274 273 -1 
              478 275 274 -1 
              275 478 276 -1 
              272 478 273 -1 
              477 272 476 -1 
              478 272 477 -1 
              276 480 277 -1 
              479 276 478 -1 
              480 276 479 -1 
              480 264 44 -1 
              153 391 6 -1 
              185 428 427 -1 
              184 427 426 -1 
              183 426 425 -1 
              182 425 424 -1 
              181 424 423 -1 
              13 423 422 -1 
              105 422 421 -1 
              104 421 420 -1 
              103 420 419 -1 
              102 419 418 -1 
              101 418 417 -1 
              100 417 416 -1 
              99 416 415 -1 
              14 415 414 -1 
              173 414 413 -1 
              172 413 412 -1 
              171 412 411 -1 
              170 411 410 -1 
              169 410 409 -1 
              168 409 408 -1 
              167 408 407 -1 
              9 407 406 -1 
              91 406 405 -1 
              90 405 404 -1 
              89 404 403 -1 
              88 403 402 -1 
              87 402 401 -1 
              86 401 400 -1 
              85 400 399 -1 
              10 399 398 -1 
              159 398 397 -1 
              158 397 396 -1 
              157 396 395 -1 
              156 395 394 -1 
              155 394 393 -1 
              154 393 392 -1 
              153 392 391 -1 
              6 391 390 -1 
              77 390 389 -1 
              76 389 388 -1 
              75 388 387 -1 
              74 387 386 -1 
              73 386 385 -1 
              72 385 384 -1 
              71 384 383 -1 
              4 383 50 -1 
              71 383 4 -1 
              72 384 71 -1 
              73 385 72 -1 
              74 386 73 -1 
              75 387 74 -1 
              76 388 75 -1 
              77 389 76 -1 
              6 390 77 -1 
              154 392 153 -1 
              155 393 154 -1 
              156 394 155 -1 
              157 395 156 -1 
              158 396 157 -1 
              159 397 158 -1 
              10 398 159 -1 
              167 407 9 -1 
              85 399 10 -1 
              86 400 85 -1 
              87 401 86 -1 
              88 402 87 -1 
              89 403 88 -1 
              90 404 89 -1 
              91 405 90 -1 
              9 406 91 -1 
              168 408 167 -1 
              169 409 168 -1 
              170 410 169 -1 
              171 411 170 -1 
              172 412 171 -1 
              173 413 172 -1 
              14 414 173 -1 
              184 426 183 -1 
              99 415 14 -1 
              100 416 99 -1 
              101 417 100 -1 
              102 418 101 -1 
              103 419 102 -1 
              104 420 103 -1 
              105 421 104 -1 
              13 422 105 -1 
              181 423 13 -1 
              182 424 181 -1 
              183 425 182 -1 
              185 427 184 -1 
              186 428 185 -1 
              65 2 271 -1 
              65 271 64 -1 
              187 428 186 -1 
              429 428 187 -1 
              18 429 187 -1 
              18 430 429 -1 
              113 430 18 -1 
              431 430 113 -1 
              114 431 113 -1 
              114 432 431 -1 
              115 432 114 -1 
              433 432 115 -1 
              116 433 115 -1 
              116 434 433 -1 
              117 434 116 -1 
              435 434 117 -1 
              118 435 117 -1 
              118 436 435 -1 
              119 436 118 -1 
              437 436 119 -1 
              17 437 119 -1 
              17 438 437 -1 
              195 438 17 -1 
              439 438 195 -1 
              196 439 195 -1 
              196 440 439 -1 
              197 440 196 -1 
              441 440 197 -1 
              198 441 197 -1 
              198 442 441 -1 
              199 442 198 -1 
              443 442 199 -1 
              200 443 199 -1 
              200 444 443 -1 
              201 444 200 -1 
              445 444 201 -1 
              22 445 201 -1 
              22 446 445 -1 
              127 446 22 -1 
              447 446 127 -1 
              128 447 127 -1 
              128 448 447 -1 
              129 448 128 -1 
              449 448 129 -1 
              130 449 129 -1 
              130 450 449 -1 
              131 450 130 -1 
              451 450 131 -1 
              132 451 131 -1 
              132 452 451 -1 
              133 452 132 -1 
              453 452 133 -1 
              21 453 133 -1 
              21 454 453 -1 
              209 454 21 -1 
              455 454 209 -1 
              210 455 209 -1 
              210 456 455 -1 
              211 456 210 -1 
              457 456 211 -1 
              212 457 211 -1 
              212 458 457 -1 
              213 458 212 -1 
              459 458 213 -1 
              214 459 213 -1 
              214 460 459 -1 
              215 460 214 -1 
              461 460 215 -1 
              26 461 215 -1 
              26 462 461 -1 
              141 462 26 -1 
              463 462 141 -1 
              142 463 141 -1 
              142 464 463 -1 
              143 464 142 -1 
              465 464 143 -1 
              144 465 143 -1 
              144 466 465 -1 
              145 466 144 -1 
              467 466 145 -1 
              146 467 145 -1 
              146 468 467 -1 
              147 468 146 -1 
              469 468 147 -1 
              25 469 147 -1 
              25 470 469 -1 
              223 470 25 -1 
              471 470 223 -1 
              224 471 223 -1 
              224 472 471 -1 
              225 472 224 -1 
              473 472 225 -1 
              226 473 225 -1 
              226 474 473 -1 
              227 474 226 -1 
              475 474 227 -1 
              228 475 227 -1 
              228 476 475 -1 
              229 476 228 -1 
              477 476 229 -1 
              3 477 229 -1 
              3 478 477 -1 
              480 265 264 -1 
              59 478 3 -1 
              479 478 59 -1 
              60 479 59 -1 
              60 480 479 -1 
              62 267 266 -1 
              62 268 267 -1 
              268 62 269 -1 
              265 62 266 -1 
              265 480 60 -1 
              265 60 61 -1 
              62 265 61 -1 
              64 271 270 -1 
              269 64 270 -1 
              63 269 62 -1 
              64 269 63 -1 
              481 5 28 -1 
              148 481 149 -1 
              150 483 151 -1 
              152 485 4 -1 
              151 483 484 -1 
              152 484 485 -1 
              4 485 27 -1 
              151 484 152 -1 
              150 482 483 -1 
              149 482 150 -1 
              149 481 482 -1 
              148 5 481 -1 
              486 28 30 -1 
              481 28 486 -1 
              482 486 487 -1 
              484 488 489 -1 
              27 490 29 -1 
              232 236 237 -1 
              28 239 30 -1 
              233 237 238 -1 
              482 487 483 -1 
              234 238 239 -1 
              234 239 28 -1 
              233 238 234 -1 
              231 235 236 -1 
              232 237 233 -1 
              230 29 235 -1 
              231 236 232 -1 
              230 235 231 -1 
              27 29 230 -1 
              485 489 490 -1 
              485 490 27 -1 
              483 487 488 -1 
              484 489 485 -1 
              483 488 484 -1 
              481 486 482 -1 
              490 31 29 -1 
              495 490 494 -1 
              493 488 492 -1 
              491 486 32 -1 
              492 488 487 -1 
              491 487 486 -1 
              32 486 30 -1 
              492 487 491 -1 
              493 489 488 -1 
              494 489 493 -1 
              494 490 489 -1 
              495 31 490 -1 
              499 495 494 -1 
              248 243 247 -1 
              497 493 492 -1 
              244 34 32 -1 
              249 34 244 -1 
              247 243 242 -1 
              33 31 500 -1 
              246 242 241 -1 
              34 491 32 -1 
              496 492 491 -1 
              496 491 34 -1 
              498 494 493 -1 
              497 492 496 -1 
              498 493 497 -1 
              500 31 495 -1 
              499 494 498 -1 
              33 240 31 -1 
              500 495 499 -1 
              245 241 240 -1 
              245 240 33 -1 
              246 241 245 -1 
              248 244 243 -1 
              247 242 246 -1 
              249 244 248 -1 
              500 35 33 -1 
              263 500 262 -1 
              261 498 260 -1 
              259 496 40 -1 
              260 498 497 -1 
              34 40 496 -1 
              259 497 496 -1 
              260 497 259 -1 
              261 499 498 -1 
              262 499 261 -1 
              262 500 499 -1 
              263 35 500 -1 
              501 35 43 -1 
              51 36 501 -1 
              36 35 501 -1 
              36 39 37 -1 
              51 41 39 -1 
              36 51 39 -1 
              38 37 39 -1 
              252 37 38 -1 
              251 37 252 -1 
              250 37 251 -1 
              41 42 253 -1 
              51 42 41 -1 
              501 42 51 -1 
              43 42 501 -1 
              258 42 43 -1 
              257 42 258 -1 
              256 42 257 -1 
              255 42 256 -1 
              254 42 255 -1 
            ]
            normalIndex [
              12 5 6 -1 
              11 6 7 -1 
              10 7 8 -1 
              13 4 5 -1 
              10 8 9 -1 
              14 3 4 -1 
              11 7 10 -1 
              12 6 11 -1 
              15 2 3 -1 
              13 5 12 -1 
              16 1 2 -1 
              14 4 13 -1 
              17 0 1 -1 
              15 3 14 -1 
              16 2 15 -1 
              17 1 16 -1 
              28 21 22 -1 
              27 22 23 -1 
              26 23 24 -1 
              26 24 25 -1 
              30 20 21 -1 
              27 23 26 -1 
              28 22 27 -1 
              31 19 20 -1 
              29 21 28 -1 
              30 21 29 -1 
              32 18 19 -1 
              31 20 30 -1 
              32 19 31 -1 
              44 39 40 -1 
              43 40 41 -1 
              45 38 39 -1 
              43 41 42 -1 
              46 37 38 -1 
              44 40 43 -1 
              47 36 37 -1 
              45 39 44 -1 
              48 35 36 -1 
              46 38 45 -1 
              49 34 35 -1 
              47 37 46 -1 
              50 33 34 -1 
              48 36 47 -1 
              49 35 48 -1 
              50 34 49 -1 
              62 57 58 -1 
              61 58 59 -1 
              63 56 57 -1 
              61 59 60 -1 
              64 55 56 -1 
              62 58 61 -1 
              65 54 55 -1 
              63 57 62 -1 
              66 53 54 -1 
              64 56 63 -1 
              67 52 53 -1 
              65 55 64 -1 
              68 51 52 -1 
              66 54 65 -1 
              67 53 66 -1 
              68 52 67 -1 
              80 75 76 -1 
              79 76 77 -1 
              81 74 75 -1 
              79 77 78 -1 
              82 73 74 -1 
              80 76 79 -1 
              83 72 73 -1 
              81 75 80 -1 
              84 71 72 -1 
              82 74 81 -1 
              85 70 71 -1 
              83 73 82 -1 
              86 69 70 -1 
              84 72 83 -1 
              85 71 84 -1 
              86 70 85 -1 
              98 93 94 -1 
              97 94 95 -1 
              99 92 93 -1 
              97 95 96 -1 
              100 91 92 -1 
              98 94 97 -1 
              101 90 91 -1 
              99 93 98 -1 
              102 89 90 -1 
              100 92 99 -1 
              103 88 89 -1 
              101 91 100 -1 
              104 87 88 -1 
              102 90 101 -1 
              103 89 102 -1 
              104 88 103 -1 
              116 111 112 -1 
              115 112 113 -1 
              117 110 111 -1 
              115 113 114 -1 
              118 109 110 -1 
              116 112 115 -1 
              119 108 109 -1 
              117 111 116 -1 
              120 107 108 -1 
              118 110 117 -1 
              121 106 107 -1 
              119 109 118 -1 
              122 105 106 -1 
              120 108 119 -1 
              121 107 120 -1 
              122 106 121 -1 
              139 123 124 -1 
              135 127 128 -1 
              134 128 129 -1 
              131 129 130 -1 
              133 129 131 -1 
              137 126 127 -1 
              133 131 132 -1 
              134 129 133 -1 
              135 128 134 -1 
              138 125 126 -1 
              136 127 135 -1 
              139 124 125 -1 
              137 127 136 -1 
              138 126 137 -1 
              139 125 138 -1 
              142 140 141 -1 
              157 140 142 -1 
              153 146 147 -1 
              152 147 148 -1 
              151 148 149 -1 
              154 145 146 -1 
              151 149 150 -1 
              155 144 145 -1 
              152 148 151 -1 
              153 147 152 -1 
              156 143 144 -1 
              154 146 153 -1 
              157 142 143 -1 
              155 145 154 -1 
              156 144 155 -1 
              157 143 156 -1 
              159 160 158 -1 
              175 158 160 -1 
              171 164 165 -1 
              170 165 166 -1 
              169 166 167 -1 
              172 163 164 -1 
              169 167 168 -1 
              173 162 163 -1 
              170 166 169 -1 
              171 165 170 -1 
              174 161 162 -1 
              172 164 171 -1 
              175 160 161 -1 
              173 163 172 -1 
              174 162 173 -1 
              175 161 174 -1 
              177 178 176 -1 
              193 176 178 -1 
              189 182 183 -1 
              188 183 184 -1 
              187 184 185 -1 
              190 181 182 -1 
              187 185 186 -1 
              191 180 181 -1 
              188 184 187 -1 
              189 183 188 -1 
              192 179 180 -1 
              190 182 189 -1 
              193 178 179 -1 
              191 181 190 -1 
              192 180 191 -1 
              193 179 192 -1 
              195 196 194 -1 
              211 194 196 -1 
              207 200 201 -1 
              206 201 202 -1 
              205 202 203 -1 
              208 199 200 -1 
              205 203 204 -1 
              209 198 199 -1 
              206 202 205 -1 
              207 201 206 -1 
              210 197 198 -1 
              208 200 207 -1 
              211 196 197 -1 
              209 199 208 -1 
              210 198 209 -1 
              211 197 210 -1 
              213 214 212 -1 
              229 212 214 -1 
              225 218 219 -1 
              224 219 220 -1 
              223 220 221 -1 
              226 217 218 -1 
              223 221 222 -1 
              227 216 217 -1 
              224 220 223 -1 
              225 219 224 -1 
              228 215 216 -1 
              226 218 225 -1 
              229 214 215 -1 
              227 217 226 -1 
              228 216 227 -1 
              229 215 228 -1 
              239 233 234 -1 
              238 234 235 -1 
              237 235 236 -1 
              240 232 233 -1 
              238 235 237 -1 
              241 231 232 -1 
              239 234 238 -1 
              242 230 231 -1 
              240 233 239 -1 
              241 232 240 -1 
              242 231 241 -1 
              243 230 242 -1 
              256 244 245 -1 
              255 245 246 -1 
              254 246 247 -1 
              253 247 248 -1 
              252 248 249 -1 
              251 249 250 -1 
              252 249 251 -1 
              253 248 252 -1 
              254 247 253 -1 
              255 246 254 -1 
              256 245 255 -1 
              257 244 256 -1 
              258 259 271 -1 
              259 260 270 -1 
              260 261 269 -1 
              267 262 263 -1 
              267 263 264 -1 
              267 264 265 -1 
              267 265 266 -1 
              268 261 262 -1 
              268 262 267 -1 
              269 261 268 -1 
              270 260 269 -1 
              271 273 258 -1 
              271 259 270 -1 
              273 271 272 -1 
              278 274 275 -1 
              277 275 276 -1 
              278 275 277 -1 
              281 279 280 -1 
              292 281 291 -1 
              290 283 289 -1 
              288 285 287 -1 
              289 283 284 -1 
              288 284 285 -1 
              287 285 286 -1 
              289 284 288 -1 
              290 282 283 -1 
              291 282 290 -1 
              291 281 282 -1 
              292 279 281 -1 
              322 294 293 -1 
              322 295 294 -1 
              316 296 295 -1 
              302 297 296 -1 
              302 298 297 -1 
              302 299 298 -1 
              302 300 299 -1 
              302 301 300 -1 
              309 302 296 -1 
              304 303 302 -1 
              305 304 302 -1 
              306 305 302 -1 
              307 306 302 -1 
              308 307 302 -1 
              309 308 302 -1 
              315 309 296 -1 
              311 310 309 -1 
              312 311 309 -1 
              313 312 309 -1 
              314 313 309 -1 
              315 314 309 -1 
              316 315 296 -1 
              317 316 295 -1 
              322 317 295 -1 
              322 318 317 -1 
              320 319 318 -1 
              321 320 318 -1 
              322 321 318 -1 
              336 334 335 -1 
              461 389 390 -1 
              460 390 391 -1 
              459 391 392 -1 
              458 392 393 -1 
              457 393 394 -1 
              456 394 395 -1 
              455 395 396 -1 
              454 396 397 -1 
              453 397 398 -1 
              452 398 399 -1 
              451 399 400 -1 
              450 400 401 -1 
              449 401 402 -1 
              448 402 403 -1 
              447 403 404 -1 
              446 404 405 -1 
              445 405 406 -1 
              444 406 407 -1 
              443 407 408 -1 
              442 408 409 -1 
              441 409 410 -1 
              440 410 411 -1 
              439 411 412 -1 
              438 412 413 -1 
              437 413 414 -1 
              436 414 415 -1 
              435 415 416 -1 
              434 416 417 -1 
              433 417 418 -1 
              432 418 419 -1 
              431 419 420 -1 
              430 420 421 -1 
              429 421 422 -1 
              428 422 423 -1 
              427 423 424 -1 
              426 424 425 -1 
              427 424 426 -1 
              428 423 427 -1 
              429 422 428 -1 
              430 421 429 -1 
              431 420 430 -1 
              432 419 431 -1 
              433 418 432 -1 
              434 417 433 -1 
              435 416 434 -1 
              436 415 435 -1 
              437 414 436 -1 
              438 413 437 -1 
              439 412 438 -1 
              440 411 439 -1 
              441 410 440 -1 
              442 409 441 -1 
              443 408 442 -1 
              444 407 443 -1 
              445 406 444 -1 
              446 405 445 -1 
              447 404 446 -1 
              448 403 447 -1 
              449 402 448 -1 
              450 401 449 -1 
              451 400 450 -1 
              452 399 451 -1 
              453 398 452 -1 
              454 397 453 -1 
              455 396 454 -1 
              456 395 455 -1 
              457 394 456 -1 
              458 393 457 -1 
              459 392 458 -1 
              460 391 459 -1 
              461 390 460 -1 
              462 389 461 -1 
              520 323 324 -1 
              337 334 336 -1 
              463 389 462 -1 
              388 389 463 -1 
              464 388 463 -1 
              464 387 388 -1 
              465 387 464 -1 
              386 387 465 -1 
              466 386 465 -1 
              466 385 386 -1 
              467 385 466 -1 
              384 385 467 -1 
              468 384 467 -1 
              468 383 384 -1 
              469 383 468 -1 
              382 383 469 -1 
              470 382 469 -1 
              470 381 382 -1 
              471 381 470 -1 
              380 381 471 -1 
              472 380 471 -1 
              472 379 380 -1 
              473 379 472 -1 
              378 379 473 -1 
              474 378 473 -1 
              474 377 378 -1 
              475 377 474 -1 
              376 377 475 -1 
              476 376 475 -1 
              476 375 376 -1 
              477 375 476 -1 
              374 375 477 -1 
              478 374 477 -1 
              478 373 374 -1 
              479 373 478 -1 
              372 373 479 -1 
              480 372 479 -1 
              480 371 372 -1 
              481 371 480 -1 
              370 371 481 -1 
              482 370 481 -1 
              482 369 370 -1 
              483 369 482 -1 
              368 369 483 -1 
              484 368 483 -1 
              484 367 368 -1 
              485 367 484 -1 
              366 367 485 -1 
              486 366 485 -1 
              486 365 366 -1 
              487 365 486 -1 
              364 365 487 -1 
              488 364 487 -1 
              488 363 364 -1 
              489 363 488 -1 
              362 363 489 -1 
              490 362 489 -1 
              490 361 362 -1 
              491 361 490 -1 
              360 361 491 -1 
              492 360 491 -1 
              492 359 360 -1 
              493 359 492 -1 
              358 359 493 -1 
              494 358 493 -1 
              494 357 358 -1 
              495 357 494 -1 
              356 357 495 -1 
              496 356 495 -1 
              496 355 356 -1 
              497 355 496 -1 
              354 355 497 -1 
              498 354 497 -1 
              498 353 354 -1 
              499 353 498 -1 
              352 353 499 -1 
              500 352 499 -1 
              500 351 352 -1 
              501 351 500 -1 
              350 351 501 -1 
              502 350 501 -1 
              502 349 350 -1 
              503 349 502 -1 
              348 349 503 -1 
              504 348 503 -1 
              504 347 348 -1 
              505 347 504 -1 
              346 347 505 -1 
              506 346 505 -1 
              506 345 346 -1 
              507 345 506 -1 
              344 345 507 -1 
              508 344 507 -1 
              508 343 344 -1 
              509 343 508 -1 
              342 343 509 -1 
              510 342 509 -1 
              510 341 342 -1 
              511 341 510 -1 
              340 341 511 -1 
              512 340 511 -1 
              512 339 340 -1 
              513 339 512 -1 
              338 339 513 -1 
              514 338 513 -1 
              514 337 338 -1 
              334 332 333 -1 
              516 331 332 -1 
              516 330 331 -1 
              330 516 329 -1 
              334 516 332 -1 
              515 337 514 -1 
              334 337 515 -1 
              516 334 515 -1 
              518 327 328 -1 
              518 326 327 -1 
              326 518 325 -1 
              329 518 328 -1 
              517 329 516 -1 
              518 329 517 -1 
              325 520 324 -1 
              519 325 518 -1 
              520 325 519 -1 
              522 523 521 -1 
              525 521 523 -1 
              525 523 524 -1 
              528 527 526 -1 
              529 528 526 -1 
              538 536 537 -1 
              634 631 633 -1 
              673 591 592 -1 
              672 592 593 -1 
              671 593 594 -1 
              670 594 595 -1 
              669 595 596 -1 
              668 596 597 -1 
              667 597 598 -1 
              666 598 599 -1 
              665 599 600 -1 
              664 600 601 -1 
              663 601 602 -1 
              662 602 603 -1 
              661 603 604 -1 
              660 604 605 -1 
              659 605 606 -1 
              658 606 607 -1 
              657 607 608 -1 
              656 608 609 -1 
              655 609 610 -1 
              654 610 611 -1 
              653 611 612 -1 
              652 612 613 -1 
              651 613 614 -1 
              650 614 615 -1 
              649 615 616 -1 
              648 616 617 -1 
              647 617 618 -1 
              646 618 619 -1 
              645 619 620 -1 
              644 620 621 -1 
              643 621 622 -1 
              642 622 623 -1 
              641 623 624 -1 
              640 624 625 -1 
              639 625 626 -1 
              638 626 627 -1 
              637 627 628 -1 
              636 628 629 -1 
              635 629 630 -1 
              634 630 631 -1 
              633 631 632 -1 
              636 629 635 -1 
              635 630 634 -1 
              637 628 636 -1 
              639 626 638 -1 
              638 627 637 -1 
              640 625 639 -1 
              642 623 641 -1 
              641 624 640 -1 
              643 622 642 -1 
              645 620 644 -1 
              644 621 643 -1 
              646 619 645 -1 
              648 617 647 -1 
              647 618 646 -1 
              649 616 648 -1 
              650 615 649 -1 
              652 613 651 -1 
              651 614 650 -1 
              653 612 652 -1 
              655 610 654 -1 
              654 611 653 -1 
              656 609 655 -1 
              658 607 657 -1 
              657 608 656 -1 
              659 606 658 -1 
              661 604 660 -1 
              660 605 659 -1 
              662 603 661 -1 
              664 601 663 -1 
              663 602 662 -1 
              665 600 664 -1 
              667 598 666 -1 
              666 599 665 -1 
              668 597 667 -1 
              670 595 669 -1 
              669 596 668 -1 
              671 594 670 -1 
              673 592 672 -1 
              672 593 671 -1 
              674 591 673 -1 
              731 530 531 -1 
              675 591 674 -1 
              675 590 591 -1 
              676 590 675 -1 
              589 590 676 -1 
              677 589 676 -1 
              677 588 589 -1 
              678 588 677 -1 
              587 588 678 -1 
              679 587 678 -1 
              679 586 587 -1 
              680 586 679 -1 
              585 586 680 -1 
              681 585 680 -1 
              681 584 585 -1 
              682 584 681 -1 
              583 584 682 -1 
              683 583 682 -1 
              683 582 583 -1 
              684 582 683 -1 
              581 582 684 -1 
              685 581 684 -1 
              685 580 581 -1 
              686 580 685 -1 
              579 580 686 -1 
              687 579 686 -1 
              687 578 579 -1 
              688 578 687 -1 
              577 578 688 -1 
              689 577 688 -1 
              689 576 577 -1 
              690 576 689 -1 
              575 576 690 -1 
              691 575 690 -1 
              691 574 575 -1 
              692 574 691 -1 
              573 574 692 -1 
              693 573 692 -1 
              693 572 573 -1 
              694 572 693 -1 
              571 572 694 -1 
              695 571 694 -1 
              695 570 571 -1 
              696 570 695 -1 
              569 570 696 -1 
              697 569 696 -1 
              697 568 569 -1 
              698 568 697 -1 
              567 568 698 -1 
              699 567 698 -1 
              699 566 567 -1 
              700 566 699 -1 
              565 566 700 -1 
              701 565 700 -1 
              701 564 565 -1 
              702 564 701 -1 
              563 564 702 -1 
              703 563 702 -1 
              703 562 563 -1 
              704 562 703 -1 
              561 562 704 -1 
              705 561 704 -1 
              705 560 561 -1 
              706 560 705 -1 
              559 560 706 -1 
              707 559 706 -1 
              707 558 559 -1 
              708 558 707 -1 
              557 558 708 -1 
              709 557 708 -1 
              709 556 557 -1 
              710 556 709 -1 
              555 556 710 -1 
              711 555 710 -1 
              711 554 555 -1 
              712 554 711 -1 
              553 554 712 -1 
              713 553 712 -1 
              713 552 553 -1 
              714 552 713 -1 
              551 552 714 -1 
              715 551 714 -1 
              715 550 551 -1 
              716 550 715 -1 
              549 550 716 -1 
              717 549 716 -1 
              717 548 549 -1 
              718 548 717 -1 
              547 548 718 -1 
              719 547 718 -1 
              719 546 547 -1 
              720 546 719 -1 
              545 546 720 -1 
              721 545 720 -1 
              721 544 545 -1 
              722 544 721 -1 
              543 544 722 -1 
              723 543 722 -1 
              723 542 543 -1 
              724 542 723 -1 
              541 542 724 -1 
              725 541 724 -1 
              725 540 541 -1 
              538 727 536 -1 
              726 540 725 -1 
              539 540 726 -1 
              727 539 726 -1 
              727 538 539 -1 
              729 534 535 -1 
              729 533 534 -1 
              533 729 532 -1 
              536 729 535 -1 
              728 536 727 -1 
              729 536 728 -1 
              532 731 531 -1 
              730 532 729 -1 
              731 532 730 -1 
              742 740 741 -1 
              850 831 849 -1 
              886 794 795 -1 
              885 795 796 -1 
              884 796 797 -1 
              883 797 798 -1 
              882 798 799 -1 
              881 799 800 -1 
              880 800 801 -1 
              879 801 802 -1 
              878 802 803 -1 
              877 803 804 -1 
              876 804 805 -1 
              875 805 806 -1 
              874 806 807 -1 
              873 807 808 -1 
              872 808 809 -1 
              871 809 810 -1 
              870 810 811 -1 
              869 811 812 -1 
              868 812 813 -1 
              867 813 814 -1 
              866 814 815 -1 
              865 815 816 -1 
              864 816 817 -1 
              863 817 818 -1 
              862 818 819 -1 
              861 819 820 -1 
              860 820 821 -1 
              859 821 822 -1 
              858 822 823 -1 
              857 823 824 -1 
              856 824 825 -1 
              855 825 826 -1 
              854 826 827 -1 
              853 827 828 -1 
              852 828 829 -1 
              851 829 830 -1 
              850 830 831 -1 
              849 831 832 -1 
              848 832 833 -1 
              847 833 834 -1 
              846 834 835 -1 
              845 835 836 -1 
              844 836 837 -1 
              843 837 838 -1 
              842 838 839 -1 
              841 839 840 -1 
              842 839 841 -1 
              843 838 842 -1 
              844 837 843 -1 
              845 836 844 -1 
              846 835 845 -1 
              847 834 846 -1 
              848 833 847 -1 
              849 832 848 -1 
              851 830 850 -1 
              852 829 851 -1 
              853 828 852 -1 
              854 827 853 -1 
              855 826 854 -1 
              856 825 855 -1 
              857 824 856 -1 
              866 815 865 -1 
              858 823 857 -1 
              859 822 858 -1 
              860 821 859 -1 
              861 820 860 -1 
              862 819 861 -1 
              863 818 862 -1 
              864 817 863 -1 
              865 816 864 -1 
              867 814 866 -1 
              868 813 867 -1 
              869 812 868 -1 
              870 811 869 -1 
              871 810 870 -1 
              872 809 871 -1 
              873 808 872 -1 
              885 796 884 -1 
              874 807 873 -1 
              875 806 874 -1 
              876 805 875 -1 
              877 804 876 -1 
              878 803 877 -1 
              879 802 878 -1 
              880 801 879 -1 
              881 800 880 -1 
              882 799 881 -1 
              883 798 882 -1 
              884 797 883 -1 
              886 795 885 -1 
              887 794 886 -1 
              944 732 733 -1 
              944 733 943 -1 
              888 794 887 -1 
              793 794 888 -1 
              889 793 888 -1 
              889 792 793 -1 
              890 792 889 -1 
              791 792 890 -1 
              891 791 890 -1 
              891 790 791 -1 
              892 790 891 -1 
              789 790 892 -1 
              893 789 892 -1 
              893 788 789 -1 
              894 788 893 -1 
              787 788 894 -1 
              895 787 894 -1 
              895 786 787 -1 
              896 786 895 -1 
              785 786 896 -1 
              897 785 896 -1 
              897 784 785 -1 
              898 784 897 -1 
              783 784 898 -1 
              899 783 898 -1 
              899 782 783 -1 
              900 782 899 -1 
              781 782 900 -1 
              901 781 900 -1 
              901 780 781 -1 
              902 780 901 -1 
              779 780 902 -1 
              903 779 902 -1 
              903 778 779 -1 
              904 778 903 -1 
              777 778 904 -1 
              905 777 904 -1 
              905 776 777 -1 
              906 776 905 -1 
              775 776 906 -1 
              907 775 906 -1 
              907 774 775 -1 
              908 774 907 -1 
              773 774 908 -1 
              909 773 908 -1 
              909 772 773 -1 
              910 772 909 -1 
              771 772 910 -1 
              911 771 910 -1 
              911 770 771 -1 
              912 770 911 -1 
              769 770 912 -1 
              913 769 912 -1 
              913 768 769 -1 
              914 768 913 -1 
              767 768 914 -1 
              915 767 914 -1 
              915 766 767 -1 
              916 766 915 -1 
              765 766 916 -1 
              917 765 916 -1 
              917 764 765 -1 
              918 764 917 -1 
              763 764 918 -1 
              919 763 918 -1 
              919 762 763 -1 
              920 762 919 -1 
              761 762 920 -1 
              921 761 920 -1 
              921 760 761 -1 
              922 760 921 -1 
              759 760 922 -1 
              923 759 922 -1 
              923 758 759 -1 
              924 758 923 -1 
              757 758 924 -1 
              925 757 924 -1 
              925 756 757 -1 
              926 756 925 -1 
              755 756 926 -1 
              927 755 926 -1 
              927 754 755 -1 
              928 754 927 -1 
              753 754 928 -1 
              929 753 928 -1 
              929 752 753 -1 
              930 752 929 -1 
              751 752 930 -1 
              931 751 930 -1 
              931 750 751 -1 
              932 750 931 -1 
              749 750 932 -1 
              933 749 932 -1 
              933 748 749 -1 
              934 748 933 -1 
              747 748 934 -1 
              935 747 934 -1 
              935 746 747 -1 
              936 746 935 -1 
              745 746 936 -1 
              937 745 936 -1 
              937 744 745 -1 
              742 739 740 -1 
              938 744 937 -1 
              743 744 938 -1 
              939 743 938 -1 
              939 742 743 -1 
              941 737 738 -1 
              941 736 737 -1 
              736 941 735 -1 
              739 941 738 -1 
              739 742 939 -1 
              739 939 940 -1 
              941 739 940 -1 
              943 733 734 -1 
              735 943 734 -1 
              942 735 941 -1 
              943 735 942 -1 
              947 945 946 -1 
              958 947 957 -1 
              956 949 955 -1 
              954 951 953 -1 
              955 949 950 -1 
              954 950 951 -1 
              953 951 952 -1 
              955 950 954 -1 
              956 948 949 -1 
              957 948 956 -1 
              957 947 948 -1 
              958 945 947 -1 
              960 971 959 -1 
              982 971 960 -1 
              981 960 961 -1 
              979 962 963 -1 
              977 964 965 -1 
              974 967 968 -1 
              971 970 959 -1 
              973 968 969 -1 
              981 961 980 -1 
              972 969 970 -1 
              972 970 971 -1 
              973 969 972 -1 
              975 966 967 -1 
              974 968 973 -1 
              976 965 966 -1 
              975 967 974 -1 
              976 966 975 -1 
              977 965 976 -1 
              978 963 964 -1 
              978 964 977 -1 
              980 961 962 -1 
              979 963 978 -1 
              980 962 979 -1 
              982 960 981 -1 
              985 983 984 -1 
              996 985 995 -1 
              994 987 993 -1 
              992 989 991 -1 
              993 987 988 -1 
              992 988 989 -1 
              991 989 990 -1 
              993 988 992 -1 
              994 986 987 -1 
              995 986 994 -1 
              995 985 986 -1 
              996 983 985 -1 
              1013 998 999 -1 
              1019 1005 1018 -1 
              1011 1000 1001 -1 
              1004 1009 1003 -1 
              1020 1009 1004 -1 
              1018 1005 1006 -1 
              1015 997 1014 -1 
              1017 1006 1007 -1 
              1009 1002 1003 -1 
              1010 1001 1002 -1 
              1010 1002 1009 -1 
              1012 999 1000 -1 
              1011 1001 1010 -1 
              1012 1000 1011 -1 
              1014 997 998 -1 
              1013 999 1012 -1 
              1015 1008 997 -1 
              1014 998 1013 -1 
              1016 1007 1008 -1 
              1016 1008 1015 -1 
              1017 1007 1016 -1 
              1019 1004 1005 -1 
              1018 1006 1017 -1 
              1020 1004 1019 -1 
              1023 1021 1022 -1 
              1034 1023 1033 -1 
              1032 1025 1031 -1 
              1030 1027 1029 -1 
              1031 1025 1026 -1 
              1028 1029 1027 -1 
              1030 1026 1027 -1 
              1031 1026 1030 -1 
              1032 1024 1025 -1 
              1033 1024 1032 -1 
              1033 1023 1024 -1 
              1034 1021 1023 -1 
              1037 1035 1036 -1 
              1038 1039 1037 -1 
              1039 1035 1037 -1 
              1043 1040 1044 -1 
              1042 1041 1040 -1 
              1043 1042 1040 -1 
              1045 1044 1040 -1 
              1048 1046 1047 -1 
              1049 1046 1048 -1 
              1050 1046 1049 -1 
              1053 1051 1052 -1 
              1054 1051 1053 -1 
              1055 1051 1054 -1 
              1056 1051 1055 -1 
              1057 1051 1056 -1 
              1058 1051 1057 -1 
              1059 1051 1058 -1 
              1060 1051 1059 -1 
              1061 1051 1060 -1 
            ]
          }
        }
        DEF PEC09-2120F-S0012_2 Shape {
          appearance DEF __8 Appearance {
            material DEF __9 Material {
              ambientIntensity 0.796874940395
              diffuseColor 0.250980407 0.250980407 0.250980407
              shininess 0
            }
          }
          geometry DEF __10 IndexedFaceSet {
            solid FALSE
            coord Coordinate {
              point [
                2.8636015966e-05 -0.00595 0.001,
                2.8636015966e-05 -0.0057 0.00075,
                2.8636015966e-05 -0.0057 -0.00075,
                2.8636015966e-05 -0.00595 -0.001,
                2.8636015966e-05 -0.00625 -0.001,
                2.8636015966e-05 -0.0065 -0.00075,
                2.8636015966e-05 -0.0065 0.00075,
                2.8636015966e-05 -0.00625 0.001,
                0.000828636015966 -0.00625 0.00075,
                0.000578636015966 -0.0065 0.00075,
                0.000578636015966 -0.00625 0.001,
                0.000828636015966 -0.00625 -0.00075,
                0.000578636015966 -0.0065 -0.00075,
                0.000578636015966 -0.00625 -0.001,
                0.000828636015966 -0.00595 0.00075,
                0.000578636015966 -0.00595 0.001,
                0.000828636015966 -0.00595 -0.00075,
                0.000578636015966 -0.00595 -0.001,
                0.000755412711263 -0.00595 -0.000926776695297,
                0.000578636015966 -0.0057 0.00075,
                0.000578636015966 -0.0057 -0.00075,
                2.8636015966e-05 -0.005825 0.000966506350946,
                2.8636015966e-05 -0.00573349364905 0.000875,
                2.8636015966e-05 -0.00573349364905 -0.000875,
                2.8636015966e-05 -0.005825 -0.000966506350946,
                2.8636015966e-05 -0.006375 -0.000966506350946,
                2.8636015966e-05 -0.00646650635095 -0.000875,
                2.8636015966e-05 -0.00646650635095 0.000875,
                2.8636015966e-05 -0.006375 0.000966506350946,
                0.000795142366912 -0.006375 0.00075,
                0.000703636015966 -0.00646650635095 0.00075,
                0.000703636015966 -0.00625 0.000966506350946,
                0.000795142366912 -0.00625 0.000875,
                0.000578636015966 -0.00646650635095 0.000875,
                0.000578636015966 -0.006375 0.000966506350946,
                0.000795142366912 -0.006375 -0.00075,
                0.000703636015966 -0.00646650635095 -0.00075,
                0.000795142366912 -0.00625 -0.000875,
                0.000703636015966 -0.00625 -0.000966506350946,
                0.000578636015966 -0.006375 -0.000966506350946,
                0.000578636015966 -0.00646650635095 -0.000875,
                0.000674306874057 -0.00595 0.000980969883128,
                0.000755412711263 -0.00595 0.000926776695297,
                0.000809605899094 -0.00595 0.000845670858091,
                0.000674306874057 -0.00595 -0.000980969883128,
                0.000809605899094 -0.00595 -0.000845670858091,
                0.000703636015966 -0.00573349364905 0.00075,
                0.000795142366912 -0.005825 0.00075,
                0.000578636015966 -0.005825 0.000966506350946,
                0.000578636015966 -0.00573349364905 0.000875,
                0.000703636015966 -0.00573349364905 -0.00075,
                0.000795142366912 -0.005825 -0.00075,
                0.000578636015966 -0.00573349364905 -0.000875,
                0.000578636015966 -0.005825 -0.000966506350946,
                0.000755412711263 -0.006375 0.000875,
                0.000755412711263 -0.006375 -0.000875,
                0.000755412711263 -0.005825 0.000875,
                0.000755412711263 -0.005825 -0.000875000000003

              ]
            }
            normal Normal {
              vector [
                -1 -0 -0,
                -1 -0 -0,
                -1 -0 -0,
                -1 -0 -0,
                -1 -0 -0,
                -1 -0 -0,
                -1 -0 -0,
                -1 -0 -0,
                -1 -0 -0,
                -1 -0 -0,
                -1 -0 -0,
                -1 -0 -0,
                -1 -0 -0,
                -1 -0 -0,
                -1 -0 -0,
                -1 -0 -0,
                1.2560739e-15 -1 -1.2560739e-15,
                0.5 -0.86602539 -4.6527109e-15,
                0.86602539 -0.5 -6.4124002e-15,
                1 -1.2560739e-15 -2.7309244e-15,
                1 -2.5225134e-16 4.0822406e-15,
                0.86602539 1.9379573e-16 0.5,
                0.5 3.6237717e-15 0.86602539,
                3.1401849e-16 -3.1401849e-16 1,
                1.5658938e-16 -0.5 0.86602539,
                1.1623081e-15 -0.86602539 0.5,
                0.70710677 -0.5 0.5,
                1 0 0,
                1 0 0,
                0.86602539 -0.5 0,
                0.5 -0.86602539 0,
                -2.220446e-16 -1 0,
                -2.220446e-16 -1 0,
                0.5 -0.86602539 0,
                0.86602539 -0.5 0,
                4.396259e-15 1.2560739e-15 -1,
                0.5 -1.4540059e-15 -0.86602539,
                0.86602539 -1.12035e-15 -0.5,
                1 -1.8321484e-15 -1.240373e-14,
                1 -2.8261665e-15 5.7042955e-15,
                0.86602539 -0.5 -2.6992257e-15,
                0.5 -0.86602539 -8.5896612e-15,
                2.5121479e-15 -1 3.9443045e-31,
                8.872394e-15 -0.86602539 -0.5,
                6.0845007e-15 -0.5 -0.86602539,
                0.70710677 -0.5 -0.5,
                0 -1 0,
                0 -1 0,
                0 -1 0,
                0 -1 0,
                0 0 1,
                0 -0.5 0.86602539,
                0 -0.86602539 0.5,
                0 -1 -2.220446e-16,
                0 -1 -2.220446e-16,
                0 -0.86602539 0.5,
                0 -0.5 0.86602539,
                0 0 1,
                1 0 1.110223e-16,
                1 0 1.110223e-16,
                0.9238795 0 0.38268343,
                0.70710677 0 0.70710677,
                0.38268343 0 0.9238795,
                0 0 1,
                0 0 1,
                0.5 0 0.86602539,
                0.86602539 0 0.5,
                1 -0 0,
                1 -0 0,
                1 -0 0,
                1 -0 0,
                1 0 -1.110223e-16,
                1 0 -1.110223e-16,
                0.86602539 0 -0.5,
                0.5 0 -0.86602539,
                0 0 -1,
                0 0 -1,
                0.38268343 0 -0.9238795,
                0.70710677 0 -0.70710677,
                0.9238795 0 -0.38268343,
                0 -1 2.220446e-16,
                0 -0.86602539 -0.5,
                0 -0.5 -0.86602539,
                0 0 -1,
                0 0 -1,
                0 -0.5 -0.86602539,
                0 -0.86602539 -0.5,
                0 -1 2.220446e-16,
                0 0 1,
                0 0 1,
                0 0 1,
                0 0 1,
                3.1401849e-16 3.1401849e-16 1,
                0.38268346 2.416535e-15 0.9238795,
                0.70710677 2.7592166e-15 0.70710677,
                0.9238795 3.0510279e-15 0.38268346,
                1 -4.9007616e-16 1.4130833e-15,
                1 -3.1401849e-16 -2.0601686e-15,
                0.86602539 0.5 -1.0139489e-15,
                0.5 0.86602539 -2.9974143e-15,
                6.2803698e-15 1 6.2803698e-15,
                1.5239358e-15 0.86602539 0.5,
                -1.133332e-15 0.5 0.86602539,
                0.70710677 0.5 0.5,
                1 0 0,
                1 0 0,
                0.86602539 0.5 0,
                0.5 0.86602539 0,
                -1.110223e-16 1 0,
                -1.110223e-16 1 0,
                0.5 0.86602539 0,
                0.86602539 0.5 0,
                -2.5121479e-15 1 -1.256074e-14,
                0.5 0.86602539 -1.9013425e-14,
                0.86602539 0.5 -5.7860427e-15,
                1 1.5700925e-15 -3.1728668e-16,
                1 -2.1948612e-15 -1.5700925e-15,
                0.9238795 -1.7355327e-11 -0.38268343,
                0.70710677 -3.2065961e-11 -0.70710677,
                0.38268343 -4.1897361e-11 -0.9238795,
                3.1401849e-16 -4.534741e-11 -1,
                2.1697662e-15 0.5 -0.86602539,
                3.4869242e-15 0.86602539 -0.5,
                0.70710677 0.5 -0.5,
                0 0 -1,
                0 0 -1,
                0 0 -1,
                0 0 -1,
                0 1 -1.110223e-16,
                0 0.86602539 0.5,
                0 0.5 0.86602539,
                0 0 1,
                0 0 1,
                0 0.5 0.86602539,
                0 0.86602539 0.5,
                0 1 -1.110223e-16,
                0 1 0,
                0 1 0,
                0 1 0,
                0 1 0,
                0 0 -1,
                0 0.5 -0.86602539,
                0 0.86602539 -0.5,
                0 1 -1.110223e-16,
                0 1 -1.110223e-16,
                0 0.86602539 -0.5,
                0 0.5 -0.86602539,
                0 0 -1

              ]
            }
            coordIndex [
              6 7 0 -1 
              27 28 7 -1 
              6 27 7 -1 
              1 6 0 -1 
              2 5 6 -1 
              25 26 5 -1 
              4 25 5 -1 
              3 4 5 -1 
              2 3 5 -1 
              23 24 3 -1 
              2 23 3 -1 
              1 2 6 -1 
              22 1 0 -1 
              21 22 0 -1 
              54 8 32 -1 
              8 54 29 -1 
              33 9 30 -1 
              54 32 31 -1 
              34 31 10 -1 
              34 54 31 -1 
              33 54 34 -1 
              54 33 30 -1 
              54 30 29 -1 
              29 11 8 -1 
              35 29 36 -1 
              36 30 12 -1 
              12 30 9 -1 
              36 29 30 -1 
              35 11 29 -1 
              55 38 37 -1 
              11 55 37 -1 
              39 13 38 -1 
              55 39 38 -1 
              40 55 36 -1 
              40 36 12 -1 
              39 55 40 -1 
              55 11 35 -1 
              55 35 36 -1 
              12 6 5 -1 
              9 6 12 -1 
              28 34 7 -1 
              27 33 28 -1 
              6 9 27 -1 
              33 27 9 -1 
              34 28 33 -1 
              10 7 34 -1 
              43 8 14 -1 
              32 8 43 -1 
              10 31 41 -1 
              31 42 41 -1 
              10 41 15 -1 
              32 43 42 -1 
              32 42 31 -1 
              14 11 16 -1 
              8 11 14 -1 
              45 16 11 -1 
              18 38 44 -1 
              44 13 17 -1 
              44 38 13 -1 
              18 37 38 -1 
              45 37 18 -1 
              45 11 37 -1 
              40 5 26 -1 
              39 26 25 -1 
              13 25 4 -1 
              39 25 13 -1 
              40 26 39 -1 
              12 5 40 -1 
              10 0 7 -1 
              15 0 10 -1 
              56 48 41 -1 
              43 56 42 -1 
              14 56 43 -1 
              49 46 19 -1 
              56 41 42 -1 
              49 56 46 -1 
              48 15 41 -1 
              48 56 49 -1 
              56 14 47 -1 
              56 47 46 -1 
              51 14 16 -1 
              47 14 51 -1 
              46 51 50 -1 
              19 50 20 -1 
              46 50 19 -1 
              47 51 46 -1 
              57 45 18 -1 
              16 57 51 -1 
              52 20 50 -1 
              57 16 45 -1 
              52 57 53 -1 
              53 44 17 -1 
              57 18 44 -1 
              57 44 53 -1 
              57 52 50 -1 
              57 50 51 -1 
              17 4 3 -1 
              13 4 17 -1 
              49 1 22 -1 
              48 22 21 -1 
              15 21 0 -1 
              48 21 15 -1 
              49 22 48 -1 
              19 1 49 -1 
              19 2 1 -1 
              20 2 19 -1 
              52 24 23 -1 
              20 23 2 -1 
              53 3 24 -1 
              52 23 20 -1 
              53 24 52 -1 
              17 3 53 -1 
            ]
            normalIndex [
              4 1 0 -1 
              3 2 1 -1 
              4 3 1 -1 
              13 4 0 -1 
              12 5 4 -1 
              7 6 5 -1 
              8 7 5 -1 
              9 8 5 -1 
              12 9 5 -1 
              11 10 9 -1 
              12 11 9 -1 
              13 12 4 -1 
              14 13 0 -1 
              15 14 0 -1 
              26 20 21 -1 
              19 26 18 -1 
              25 16 17 -1 
              26 21 22 -1 
              24 22 23 -1 
              24 26 22 -1 
              25 26 24 -1 
              26 25 17 -1 
              26 17 18 -1 
              29 27 28 -1 
              34 29 33 -1 
              33 30 32 -1 
              32 30 31 -1 
              33 29 30 -1 
              34 27 29 -1 
              45 36 37 -1 
              38 45 37 -1 
              44 35 36 -1 
              45 44 36 -1 
              43 45 41 -1 
              43 41 42 -1 
              44 45 43 -1 
              45 39 40 -1 
              45 40 41 -1 
              48 46 47 -1 
              49 46 48 -1 
              51 56 50 -1 
              52 55 51 -1 
              53 54 52 -1 
              55 52 54 -1 
              56 51 55 -1 
              57 50 56 -1 
              60 58 59 -1 
              66 58 60 -1 
              64 65 62 -1 
              65 61 62 -1 
              64 62 63 -1 
              66 60 61 -1 
              66 61 65 -1 
              69 67 68 -1 
              70 67 69 -1 
              79 71 72 -1 
              78 74 77 -1 
              77 75 76 -1 
              77 74 75 -1 
              78 73 74 -1 
              79 73 78 -1 
              79 72 73 -1 
              86 80 81 -1 
              85 81 82 -1 
              84 82 83 -1 
              85 82 84 -1 
              86 81 85 -1 
              87 80 86 -1 
              90 88 89 -1 
              91 88 90 -1 
              103 102 93 -1 
              95 103 94 -1 
              96 103 95 -1 
              101 99 100 -1 
              103 93 94 -1 
              101 103 99 -1 
              102 92 93 -1 
              102 103 101 -1 
              103 97 98 -1 
              103 98 99 -1 
              106 104 105 -1 
              111 104 106 -1 
              110 106 107 -1 
              109 107 108 -1 
              110 107 109 -1 
              111 106 110 -1 
              123 117 118 -1 
              115 123 114 -1 
              122 112 113 -1 
              123 116 117 -1 
              122 123 121 -1 
              121 119 120 -1 
              123 118 119 -1 
              123 119 121 -1 
              123 122 113 -1 
              123 113 114 -1 
              126 124 125 -1 
              127 124 126 -1 
              134 128 129 -1 
              133 129 130 -1 
              132 130 131 -1 
              133 130 132 -1 
              134 129 133 -1 
              135 128 134 -1 
              138 136 137 -1 
              139 136 138 -1 
              145 141 142 -1 
              144 142 143 -1 
              146 140 141 -1 
              145 142 144 -1 
              146 141 145 -1 
              147 140 146 -1 
            ]
          }
        }
        DEF PEC09-2120F-S0012_3 Shape {
          appearance DEF __12 Appearance {
            material DEF __13 Material {
              ambientIntensity 0.320933669806
              diffuseColor 0.647058844566 0.61960786581 0.588235318661
              shininess 0
            }
          }
          geometry DEF __14 IndexedFaceSet {
            solid FALSE
            coord Coordinate {
              point [
                -0.00462600129643 -0.00823269577423 -0.00045,
                -0.00455581462937 -0.00842553205713 -0.00045,
                -0.00455581462937 -0.00842553205713 0.00045,
                -0.00462600129643 -0.00823269577423 0.00045,
                -0.00438596831897 -0.0085965421288 -0.00045,
                -0.00435581462937 -0.00842553205713 -0.00045,
                -0.00435581462937 -0.00842553205713 0.00045,
                -0.00438596831897 -0.0085965421288 0.00045,
                -0.00489678520914 -0.01 0,
                -0.00484548218764 -0.00985904610688 -0.000259807621135,
                -0.0050847237333 -0.00993159597133 0,
                -0.0050334207118 -0.00979064207822 -0.000259807621135,
                -0.00509581462937 -0.00985 -0.00275980762114,
                -0.00489581462937 -0.00985 -0.00275980762114,
                -0.00489581462937 -0.00985 -0.00224019237886,
                -0.00509581462937 -0.00985 -0.00224019237886,
                -0.00509581462937 -0.00985 0.00224019237886,
                -0.00489581462937 -0.00985 0.00224019237886,
                -0.00489581462937 -0.00985 0.00275980762114,
                -0.00509581462937 -0.00985 0.00275980762114,
                -0.00484548218764 -0.00985904610688 0.000259807621135,
                -0.0050334207118 -0.00979064207822 0.000259807621135,
                -0.0100958146294 -0.00952057713659 0.00295,
                -0.00989581462937 -0.00952057713659 0.00295,
                -0.0100958146294 -0.00985 0.00275980762114,
                -0.00989581462937 -0.00985 0.00275980762114,
                -0.0100958146294 -0.00985 0.00224019237886,
                -0.00989581462937 -0.00985 0.00224019237886,
                -0.0100958146294 -0.00952057713659 0.00205,
                -0.00989581462937 -0.00952057713659 0.00205,
                -0.0100958146294 -0.00952057713659 -0.00205,
                -0.00989581462937 -0.00952057713659 -0.00205,
                -0.0100958146294 -0.00985 -0.00224019237886,
                -0.00989581462937 -0.00985 -0.00224019237886,
                -0.0100958146294 -0.00985 -0.00275980762114,
                -0.00989581462937 -0.00985 -0.00275980762114,
                -0.0100958146294 -0.00952057713659 -0.00295,
                -0.00989581462937 -0.00952057713659 -0.00295,
                -0.00509581462937 -0.00952057713659 -0.00205,
                -0.00489581462937 -0.00952057713659 -0.00205,
                -0.00509581462937 -0.0065 -0.00295,
                -0.00509581462937 -0.0065 -0.00205,
                -0.00509581462937 -0.00952057713659 -0.00295,
                -0.00489581462937 -0.00952057713659 -0.00295,
                -0.00489581462937 -0.0065 -0.00295,
                -0.00489581462937 -0.0065 -0.00205,
                -0.00509581462937 -0.00952057713659 0.00295,
                -0.00489581462937 -0.00952057713659 0.00295,
                -0.00509581462937 -0.0065 0.00205,
                -0.00509581462937 -0.0065 0.00295,
                -0.00509581462937 -0.00952057713659 0.00205,
                -0.00489581462937 -0.00952057713659 0.00205,
                -0.00489581462937 -0.0065 0.00205,
                -0.00489581462937 -0.0065 0.00295,
                -0.00473281293268 -0.00954948987302 0.00045,
                -0.00492075145684 -0.00948108584436 0.00045,
                -0.00457390684313 -0.00852813810013 0.00045,
                -0.00457390684313 -0.00852813810013 -0.00045,
                -0.00492075145684 -0.00948108584436 -0.00045,
                -0.00473281293268 -0.00954948987302 -0.00045,
                -0.00447279240781 -0.00810413825229 -0.00045,
                -0.00447279240781 -0.00810413825229 0.00045,
                -0.00489581462937 -0.0076 0.00045,
                -0.00489581462937 -0.0076 -0.00045,
                -0.00509581462937 -0.00767279404685 0.00045,
                -0.00509581462937 -0.00767279404685 -0.00045,
                -0.00509581462937 -0.0065 0.00045,
                -0.00509581462937 -0.0065 -0.00045,
                -0.00489581462937 -0.0065 0.00045,
                -0.00489581462937 -0.0065 -0.00045,
                -0.0100958146294 -0.00625 0.00205,
                -0.00989581462937 -0.00625 0.00205,
                -0.00989581462937 -0.00625 0.00295,
                -0.0100958146294 -0.00625 0.00295,
                -0.0100958146294 -0.00625 -0.00295,
                -0.00989581462937 -0.00625 -0.00295,
                -0.00989581462937 -0.00625 -0.00205,
                -0.0100958146294 -0.00625 -0.00205,
                -0.00484581462937 -0.00605 -0.00205,
                -0.00464581462937 -0.00605 -0.00205,
                -0.00484581462937 -0.00605 -0.00295,
                -0.00464581462937 -0.00605 -0.00295,
                -0.00484581462937 -0.00605 0.00295,
                -0.00464581462937 -0.00605 0.00295,
                -0.00484581462937 -0.00605 0.00205,
                -0.00464581462937 -0.00605 0.00205,
                -0.00464581462937 -0.00605 0.00045,
                -0.00484581462937 -0.00605 0.00045,
                -0.00484581462937 -0.00605 -0.00045,
                -0.00464581462937 -0.00605 -0.00045,
                -0.00457390684313 -0.00832292601414 -0.00045,
                -0.00457390684313 -0.00832292601414 0.00045,
                -0.00488303860596 -0.00996223151817 -0.00015,
                -0.00507097713012 -0.0098938274895 -0.00015,
                -0.00489581462937 -0.00995980762114 -0.00235,
                -0.00489581462937 -0.01 -0.0025,
                -0.00489581462937 -0.00995980762114 -0.00265,
                -0.00509581462937 -0.00995980762114 -0.00265,
                -0.00509581462937 -0.01 -0.0025,
                -0.00509581462937 -0.00995980762114 -0.00235,
                -0.00489581462937 -0.00995980762114 0.00265,
                -0.00489581462937 -0.01 0.0025,
                -0.00489581462937 -0.00995980762114 0.00235,
                -0.00509581462937 -0.00995980762114 0.00235,
                -0.00509581462937 -0.01 0.0025,
                -0.00509581462937 -0.00995980762114 0.00265,
                -0.00488303860596 -0.00996223151817 0.00015,
                -0.00507097713012 -0.0098938274895 0.00015,
                -0.0100958146294 -0.00995980762114 0.00235,
                -0.0100958146294 -0.01 0.0025,
                -0.0100958146294 -0.00995980762114 0.00265,
                -0.00989581462937 -0.00995980762114 0.00265,
                -0.00989581462937 -0.01 0.0025,
                -0.00989581462937 -0.00995980762114 0.00235,
                -0.0100958146294 -0.00995980762114 -0.00265,
                -0.0100958146294 -0.01 -0.0025,
                -0.0100958146294 -0.00995980762114 -0.00235,
                -0.00989581462937 -0.00995980762114 -0.00235,
                -0.00989581462937 -0.01 -0.0025,
                -0.00989581462937 -0.00995980762114 -0.00265,
                -0.00438596831897 -0.00825452198547 -0.00045,
                -0.00438596831897 -0.00825452198547 0.00045

              ]
            }
            normal Normal {
              vector [
                -0.76604444 -0.64278764 -0,
                -0.76604444 -0.64278764 -0,
                -0.93969262 -0.34202015 -0,
                -1 -2.1316282e-14 -0,
                -1 -0 -0,
                -0.93969262 -0.34202015 -0,
                0.93969262 -0.34202015 0,
                1 0 0,
                1 0 0,
                0.93969262 -0.34202015 0,
                -0.17101008 -0.46984631 -0.86602539,
                -0.29619813 -0.81379765 -0.5,
                -0.34202015 -0.93969262 -2.4492937e-16,
                -0.34202015 -0.93969262 -2.4492937e-16,
                -0.29619813 -0.81379765 -0.5,
                -0.17101008 -0.46984631 -0.86602539,
                0 -0.5 -0.86602539,
                0 -0.5 -0.86602539,
                0 -0.86602539 -0.5,
                0 -1 3.5527137e-15,
                0 -0.86602539 0.5,
                0 -0.5 0.86602539,
                0 -0.5 0.86602539,
                0 -0.86602539 0.5,
                0 -1 -1.8474111e-13,
                0 -0.86602539 -0.5,
                0 -0.5 -0.86602539,
                0 -0.5 -0.86602539,
                0 -0.86602539 -0.5,
                0 -1 3.5527137e-15,
                0 -0.86602539 0.5,
                0 -0.5 0.86602539,
                0 -0.5 0.86602539,
                0 -0.86602539 0.5,
                0 -1 -1.8474111e-13,
                0 -0.86602539 -0.5,
                -0.34202015 -0.93969262 0,
                -0.34202015 -0.93969262 0,
                -0.29619813 -0.81379765 0.5,
                -0.17101008 -0.46984631 0.86602539,
                -0.17101008 -0.46984631 0.86602539,
                -0.29619813 -0.81379765 0.5,
                0 -0.5 0.86602539,
                0 -0.5 0.86602539,
                0 -0.5 0.86602539,
                0 -0.5 0.86602539,
                0 -0.5 0.86602539,
                0 -0.5 0.86602539,
                0 -0.86602539 0.5,
                0 -1 -3.5527137e-15,
                0 -0.86602539 -0.5,
                0 -0.5 -0.86602539,
                0 -0.5 -0.86602539,
                0 -0.86602539 -0.5,
                0 -1 -1.7763568e-15,
                0 -0.86602539 0.5,
                0 -0.5 -0.86602539,
                0 -0.5 -0.86602539,
                0 -0.5 -0.86602539,
                0 -0.5 -0.86602539,
                0 -0.5 0.86602539,
                0 -0.5 0.86602539,
                0 -0.5 0.86602539,
                0 -0.5 0.86602539,
                0 -0.5 0.86602539,
                0 -0.5 0.86602539,
                0 -0.86602539 0.5,
                0 -1 -3.5527137e-15,
                0 -0.86602539 -0.5,
                0 -0.5 -0.86602539,
                0 -0.5 -0.86602539,
                0 -0.86602539 -0.5,
                0 -1 -1.7763568e-15,
                0 -0.86602539 0.5,
                0 -0.5 -0.86602539,
                0 -0.5 -0.86602539,
                0 -0.5 -0.86602539,
                0 -0.5 -0.86602539,
                -0 -0.5 0.86602539,
                -0 -0.5 0.86602539,
                -0 -0.5 0.86602539,
                -0 -0.5 0.86602539,
                -1 0 0,
                -1 0 0,
                -1 0 0,
                -1 0 0,
                -1 0 0,
                -1 0 0,
                -1 0 0,
                -1 0 0,
                -1 0 0,
                0 -0.5 -0.86602539,
                0 -0.5 -0.86602539,
                0 -0.5 -0.86602539,
                0 -0.5 -0.86602539,
                1 -0 0,
                1 -0 0,
                1 -0 0,
                1 -0 0,
                1 -0 0,
                1 -0 0,
                1 -0 0,
                1 -0 0,
                1 -0 0,
                -0 -0.5 0.86602539,
                -0 -0.5 0.86602539,
                -0 -0.5 0.86602539,
                -0 -0.5 0.86602539,
                -1 0 0,
                -1 0 0,
                -1 0 0,
                -1 0 0,
                -1 0 0,
                -1 0 0,
                -1 0 0,
                -1 0 0,
                -1 0 0,
                0 -0.5 -0.86602539,
                0 -0.5 -0.86602539,
                0 -0.5 -0.86602539,
                0 -0.5 -0.86602539,
                1 -0 0,
                1 -0 0,
                1 -0 0,
                1 -0 0,
                1 -0 0,
                1 -0 0,
                1 -0 0,
                1 -0 0,
                1 -0 0,
                -0.17101008 -0.46984631 0.86602539,
                -0.17101008 -0.46984631 0.86602539,
                -0.17101008 -0.46984631 0.86602539,
                -0.17101008 -0.46984631 0.86602539,
                -0.93969262 0.34202015 0,
                -0.93969262 0.34202015 0,
                -0.93969262 0.34202015 0,
                -0.93969262 0.34202015 0,
                -0.93969262 0.34202015 0,
                -0.93969262 0.34202015 0,
                -0.93969262 0.34202015 0,
                -0.93969262 0.34202015 0,
                -0.93969262 0.34202015 0,
                -0.17101008 -0.46984631 -0.86602539,
                -0.17101008 -0.46984631 -0.86602539,
                -0.17101008 -0.46984631 -0.86602539,
                -0.17101008 -0.46984631 -0.86602539,
                0.93969262 -0.34202015 0,
                0.93969262 -0.34202015 0,
                0.93969262 -0.34202015 0,
                0.93969262 -0.34202015 0,
                0.93969262 -0.34202015 0,
                0.93969262 -0.34202015 0,
                0.93969262 -0.34202015 0,
                0.93969262 -0.34202015 0,
                0.93969262 -0.34202015 0,
                1 0 0,
                1 0 0,
                0.93969262 0.34202015 0,
                0.76604444 0.64278764 0,
                0.76604444 0.64278764 0,
                0.93969262 0.34202015 0,
                0.76604444 0.64278764 0,
                0.76604444 0.64278764 0,
                0.76604444 0.64278764 0,
                0.76604444 0.64278764 0,
                -1 0 0,
                -1 0 0,
                -1 0 0,
                -1 0 0,
                -0.76604444 -0.64278764 0,
                -0.76604444 -0.64278764 0,
                -0.76604444 -0.64278764 0,
                -0.76604444 -0.64278764 0,
                -1 -0 -0,
                -0.93969262 0.34202015 -0,
                -0.93969262 0.34202015 -0,
                -1 -0 -0,
                1 -0 0,
                1 -0 0,
                1 -0 0,
                1 -0 0,
                0 0 -1,
                0 0 -1,
                0 0 -1,
                0 0 -1,
                1 0 -0,
                1 0 -0,
                1 0 -0,
                1 0 -0,
                1 0 -0,
                1 0 -0,
                1 0 -0,
                1 0 -0,
                1 0 -0,
                0 0 1,
                0 0 1,
                0 0 1,
                0 0 1,
                -1 0 0,
                -1 0 0,
                -1 0 0,
                -1 0 0,
                -1 0 0,
                -1 0 0,
                -1 0 0,
                -1 0 0,
                -1 0 0,
                0 0 -1,
                0 0 -1,
                0 0 -1,
                0 0 -1,
                1 0 -0,
                1 0 -0,
                1 0 -0,
                1 0 -0,
                1 0 -0,
                1 0 -0,
                1 0 -0,
                1 0 -0,
                1 0 -0,
                0 0 1,
                0 0 1,
                0 0 1,
                0 0 1,
                -1 0 0,
                -1 0 0,
                -1 0 0,
                -1 0 0,
                -1 0 0,
                -1 0 0,
                -1 0 0,
                -1 0 0,
                -1 0 0,
                -0 -0 1,
                -0 -0 1,
                -0 -0 1,
                -0 -0 1,
                -0 -0 1,
                -0 -0 1,
                -0.87415725 0.48564294 0,
                -0.87415725 0.48564294 0,
                -0.87415725 0.48564294 0,
                -0.87415725 0.48564294 0,
                -0 -0 -1,
                -0 -0 -1,
                -0 -0 -1,
                -0 -0 -1,
                -0 -0 -1,
                -0 -0 -1,
                0.87415725 -0.48564294 0,
                0.87415725 -0.48564294 0,
                0.87415725 -0.48564294 0,
                0.87415725 -0.48564294 0,
                -0 -0 1,
                -0 -0 1,
                -0 -0 1,
                -0 -0 1,
                -0 -0 1,
                -0 -0 1,
                -0.87415725 0.48564294 0,
                -0.87415725 0.48564294 0,
                -0.87415725 0.48564294 0,
                -0.87415725 0.48564294 0,
                -0 -0 -1,
                -0 -0 -1,
                -0 -0 -1,
                -0 -0 -1,
                -0 -0 -1,
                -0 -0 -1,
                0.87415725 -0.48564294 0,
                0.87415725 -0.48564294 0,
                0.87415725 -0.48564294 0,
                0.87415725 -0.48564294 0,
                0 0 1,
                0 0 1,
                0 0 1,
                0 0 1,
                0 0 1,
                0 0 1,
                0 0 1,
                0 0 1,
                0 0 1,
                0 0 1,
                0 0 1,
                0 0 1,
                0 0 1,
                0 0 1,
                0 0 1,
                0 0 1,
                -0.87415725 0.48564294 0,
                -0.87415725 0.48564294 0,
                -0.87415725 0.48564294 0,
                -0.87415725 0.48564294 0,
                -0 -0 -1,
                -0 -0 -1,
                -0 -0 -1,
                -0 -0 -1,
                -0 -0 -1,
                -0 -0 -1,
                -0 -0 -1,
                -0 -0 -1,
                -0 -0 -1,
                -0 -0 -1,
                -0 -0 -1,
                -0 -0 -1,
                -0 -0 -1,
                -0 -0 -1,
                -0 -0 -1,
                -0 -0 -1,
                0.87415725 -0.48564294 0,
                0.87415725 -0.48564294 0,
                0.87415725 -0.48564294 0,
                0.87415725 -0.48564294 0

              ]
            }
            coordIndex [
              91 3 0 -1 
              90 91 0 -1 
              1 2 91 -1 
              90 1 91 -1 
              6 4 5 -1 
              7 4 6 -1 
              93 9 92 -1 
              10 92 8 -1 
              93 92 10 -1 
              11 9 93 -1 
              96 12 13 -1 
              97 96 98 -1 
              99 94 15 -1 
              99 95 94 -1 
              15 94 14 -1 
              98 95 99 -1 
              98 96 95 -1 
              97 12 96 -1 
              102 16 17 -1 
              103 102 104 -1 
              105 100 19 -1 
              105 101 100 -1 
              19 100 18 -1 
              104 101 105 -1 
              104 102 101 -1 
              103 16 102 -1 
              106 10 8 -1 
              21 106 20 -1 
              107 10 106 -1 
              107 106 21 -1 
              24 23 22 -1 
              25 23 24 -1 
              110 25 24 -1 
              111 25 110 -1 
              112 110 109 -1 
              113 109 108 -1 
              27 108 26 -1 
              113 108 27 -1 
              112 109 113 -1 
              111 110 112 -1 
              28 27 26 -1 
              29 27 28 -1 
              32 31 30 -1 
              33 31 32 -1 
              116 33 32 -1 
              117 33 116 -1 
              118 116 115 -1 
              119 115 114 -1 
              35 114 34 -1 
              119 114 35 -1 
              118 115 119 -1 
              117 116 118 -1 
              36 35 34 -1 
              37 35 36 -1 
              14 39 38 -1 
              15 14 38 -1 
              40 42 41 -1 
              38 41 42 -1 
              15 42 12 -1 
              98 12 97 -1 
              99 12 98 -1 
              15 12 99 -1 
              38 42 15 -1 
              43 13 12 -1 
              42 43 12 -1 
              39 13 43 -1 
              45 43 44 -1 
              39 43 45 -1 
              14 13 39 -1 
              94 13 14 -1 
              95 13 94 -1 
              96 13 95 -1 
              18 47 46 -1 
              19 18 46 -1 
              48 50 49 -1 
              46 49 50 -1 
              19 50 16 -1 
              104 16 103 -1 
              105 16 104 -1 
              19 16 105 -1 
              46 50 19 -1 
              51 17 16 -1 
              50 51 16 -1 
              47 17 51 -1 
              53 51 52 -1 
              47 51 53 -1 
              18 17 47 -1 
              100 17 18 -1 
              101 102 17 -1 
              101 17 100 -1 
              21 20 55 -1 
              54 55 20 -1 
              10 11 93 -1 
              107 11 10 -1 
              21 11 107 -1 
              55 11 21 -1 
              58 11 55 -1 
              57 58 55 -1 
              57 55 56 -1 
              11 58 59 -1 
              9 11 59 -1 
              59 7 54 -1 
              9 54 20 -1 
              8 20 106 -1 
              92 20 8 -1 
              9 59 54 -1 
              9 20 92 -1 
              4 7 59 -1 
              120 6 5 -1 
              60 61 120 -1 
              121 120 61 -1 
              121 6 120 -1 
              61 63 62 -1 
              60 63 61 -1 
              66 65 64 -1 
              67 65 66 -1 
              64 0 3 -1 
              65 0 64 -1 
              56 2 57 -1 
              1 57 2 -1 
              68 62 69 -1 
              63 69 62 -1 
              70 29 28 -1 
              71 29 70 -1 
              72 29 71 -1 
              23 29 72 -1 
              25 29 23 -1 
              111 112 25 -1 
              27 29 25 -1 
              113 25 112 -1 
              27 25 113 -1 
              73 22 72 -1 
              23 72 22 -1 
              70 28 73 -1 
              22 73 28 -1 
              24 28 26 -1 
              109 26 108 -1 
              110 26 109 -1 
              24 26 110 -1 
              22 28 24 -1 
              74 37 36 -1 
              75 37 74 -1 
              76 37 75 -1 
              31 33 37 -1 
              31 37 76 -1 
              35 37 33 -1 
              118 33 117 -1 
              119 33 118 -1 
              35 33 119 -1 
              77 30 76 -1 
              31 76 30 -1 
              74 36 77 -1 
              30 77 36 -1 
              32 36 34 -1 
              115 34 114 -1 
              116 34 115 -1 
              32 34 116 -1 
              30 36 32 -1 
              38 45 41 -1 
              38 39 45 -1 
              78 45 79 -1 
              78 41 45 -1 
              40 41 78 -1 
              40 78 80 -1 
              80 44 40 -1 
              80 81 44 -1 
              40 44 43 -1 
              42 40 43 -1 
              81 79 45 -1 
              81 45 44 -1 
              46 53 49 -1 
              46 47 53 -1 
              82 53 83 -1 
              82 49 53 -1 
              48 82 84 -1 
              49 82 48 -1 
              84 52 48 -1 
              84 85 52 -1 
              48 52 51 -1 
              50 48 51 -1 
              85 53 52 -1 
              83 53 85 -1 
              54 56 55 -1 
              7 56 54 -1 
              6 56 7 -1 
              87 66 68 -1 
              87 68 86 -1 
              66 62 68 -1 
              3 61 62 -1 
              64 62 66 -1 
              3 121 61 -1 
              3 62 64 -1 
              91 6 121 -1 
              91 121 3 -1 
              2 56 6 -1 
              2 6 91 -1 
              87 67 66 -1 
              88 67 87 -1 
              59 58 57 -1 
              4 57 1 -1 
              4 59 57 -1 
              5 4 1 -1 
              120 5 1 -1 
              88 69 67 -1 
              88 89 69 -1 
              67 69 63 -1 
              0 63 60 -1 
              65 67 63 -1 
              0 60 120 -1 
              0 65 63 -1 
              90 120 1 -1 
              90 0 120 -1 
              68 89 86 -1 
              69 89 68 -1 
            ]
            normalIndex [
              2 1 0 -1 
              5 2 0 -1 
              4 3 2 -1 
              5 4 2 -1 
              8 6 7 -1 
              9 6 8 -1 
              14 10 11 -1 
              13 11 12 -1 
              14 11 13 -1 
              15 10 14 -1 
              18 16 17 -1 
              25 18 24 -1 
              23 20 22 -1 
              23 19 20 -1 
              22 20 21 -1 
              24 19 23 -1 
              24 18 19 -1 
              25 16 18 -1 
              28 26 27 -1 
              35 28 34 -1 
              33 30 32 -1 
              33 29 30 -1 
              32 30 31 -1 
              34 29 33 -1 
              34 28 29 -1 
              35 26 28 -1 
              38 36 37 -1 
              40 38 39 -1 
              41 36 38 -1 
              41 38 40 -1 
              44 42 43 -1 
              45 42 44 -1 
              48 46 47 -1 
              55 46 48 -1 
              54 48 49 -1 
              53 49 50 -1 
              52 50 51 -1 
              53 50 52 -1 
              54 49 53 -1 
              55 48 54 -1 
              58 56 57 -1 
              59 56 58 -1 
              62 60 61 -1 
              63 60 62 -1 
              66 64 65 -1 
              73 64 66 -1 
              72 66 67 -1 
              71 67 68 -1 
              70 68 69 -1 
              71 68 70 -1 
              72 67 71 -1 
              73 66 72 -1 
              76 74 75 -1 
              77 74 76 -1 
              80 79 78 -1 
              81 80 78 -1 
              83 84 82 -1 
              90 82 84 -1 
              89 84 85 -1 
              87 85 86 -1 
              88 85 87 -1 
              89 85 88 -1 
              90 84 89 -1 
              93 92 91 -1 
              94 93 91 -1 
              99 95 96 -1 
              98 96 97 -1 
              99 96 98 -1 
              100 95 99 -1 
              101 95 100 -1 
              102 95 101 -1 
              103 95 102 -1 
              106 105 104 -1 
              107 106 104 -1 
              109 110 108 -1 
              116 108 110 -1 
              115 110 111 -1 
              113 111 112 -1 
              114 111 113 -1 
              115 111 114 -1 
              116 110 115 -1 
              119 118 117 -1 
              120 119 117 -1 
              125 121 122 -1 
              124 122 123 -1 
              125 122 124 -1 
              126 121 125 -1 
              127 121 126 -1 
              128 129 121 -1 
              128 121 127 -1 
              131 130 132 -1 
              133 132 130 -1 
              136 134 135 -1 
              137 134 136 -1 
              138 134 137 -1 
              139 134 138 -1 
              142 134 139 -1 
              141 142 139 -1 
              141 139 140 -1 
              145 144 143 -1 
              146 145 143 -1 
              154 147 148 -1 
              153 148 149 -1 
              151 149 150 -1 
              152 149 151 -1 
              153 154 148 -1 
              153 149 152 -1 
              155 147 154 -1 
              158 156 157 -1 
              159 160 158 -1 
              161 158 160 -1 
              161 156 158 -1 
              164 162 163 -1 
              165 162 164 -1 
              168 166 167 -1 
              169 166 168 -1 
              172 170 171 -1 
              173 170 172 -1 
              175 174 176 -1 
              177 176 174 -1 
              179 180 178 -1 
              181 178 180 -1 
              184 182 183 -1 
              185 182 184 -1 
              188 186 187 -1 
              189 186 188 -1 
              190 186 189 -1 
              191 192 190 -1 
              194 186 190 -1 
              193 190 192 -1 
              194 190 193 -1 
              196 197 195 -1 
              198 195 197 -1 
              200 201 199 -1 
              207 199 201 -1 
              206 201 202 -1 
              204 202 203 -1 
              205 202 204 -1 
              206 202 205 -1 
              207 201 206 -1 
              210 208 209 -1 
              211 208 210 -1 
              214 212 213 -1 
              215 216 212 -1 
              215 212 214 -1 
              220 212 216 -1 
              218 216 217 -1 
              219 216 218 -1 
              220 216 219 -1 
              222 223 221 -1 
              224 221 223 -1 
              226 227 225 -1 
              233 225 227 -1 
              232 227 228 -1 
              230 228 229 -1 
              231 228 230 -1 
              232 228 231 -1 
              233 227 232 -1 
              237 235 238 -1 
              237 236 235 -1 
              239 235 234 -1 
              239 238 235 -1 
              242 243 240 -1 
              242 240 241 -1 
              247 245 248 -1 
              247 246 245 -1 
              248 245 244 -1 
              249 248 244 -1 
              252 253 250 -1 
              252 250 251 -1 
              257 255 258 -1 
              257 256 255 -1 
              259 255 254 -1 
              259 258 255 -1 
              262 260 261 -1 
              263 260 262 -1 
              267 265 268 -1 
              267 266 265 -1 
              268 265 264 -1 
              269 268 264 -1 
              272 270 271 -1 
              273 270 272 -1 
              276 274 275 -1 
              277 274 276 -1 
              278 274 277 -1 
              284 285 282 -1 
              284 282 283 -1 
              285 281 282 -1 
              287 280 281 -1 
              286 281 285 -1 
              287 279 280 -1 
              287 281 286 -1 
              288 278 279 -1 
              288 279 287 -1 
              289 274 278 -1 
              289 278 288 -1 
              292 290 291 -1 
              293 290 292 -1 
              297 296 295 -1 
              298 295 294 -1 
              298 297 295 -1 
              299 298 294 -1 
              300 299 294 -1 
              305 303 306 -1 
              305 304 303 -1 
              306 303 302 -1 
              308 302 301 -1 
              307 306 302 -1 
              308 301 300 -1 
              308 307 302 -1 
              309 300 294 -1 
              309 308 300 -1 
              312 310 311 -1 
              313 310 312 -1 
            ]
          }
        }
        DEF PEC09-2120F-S0012_4 Shape {
          appearance DEF __16 Appearance {
            material DEF __17 Material {
              ambientIntensity 0.796874940395
              diffuseColor 0.250980407 0.250980407 0.250980407
              shininess 0
            }
          }
          geometry DEF __18 IndexedFaceSet {
            solid FALSE
            coord Coordinate {
              point [
                2.8636015966e-05 0.0027335139097 0.00113225850755,
                -0.000283863982668 3.62340427571e-19 -0.002958734125,
                2.8636015966e-05 4.28626379702e-19 -0.0035,
                -0.000846363981303 4.28626379702e-19 -0.0035,
                -0.000533863982668 3.62340427571e-19 -0.002958734125,
                2.86360159659e-05 -0.00113225850755 0.0027335139097,
                2.86118507925e-05 -0.00251025567626 -0.00243618716404,
                -0.00889581462937 -0.0065 -0.00385,
                -0.012020863984 -0.0065 -0.00385,
                -0.00889581462937 -0.00625 -0.00385,
                -0.012020863984 -0.00625 -0.00385,
                -0.00889581462937 -0.00625 0.00385,
                -0.012020863984 -0.00625 0.00385,
                -0.00889581462937 -0.0065 0.00385,
                -0.012020863984 -0.0065 0.00385,
                -0.00299581462937 -0.00605 -0.00385,
                -0.00299581462937 -0.0065 -0.00385,
                -0.00359581462937 -0.00605 -0.00385,
                -0.00359581462937 -0.0065 -0.00385,
                -0.00299581462937 -0.0065 0.00385,
                -0.00299581462937 -0.00605 0.00385,
                -0.00359581462937 -0.0065 0.00385,
                -0.00359581462937 -0.00605 0.00385,
                -0.00889581462937 -0.0065 0.00485,
                -0.012020863984 -0.0065 0.00485,
                -0.00359581462937 -0.0065 0.00485,
                -0.00299581462937 -0.0065 0.00485,
                -0.00359581462937 -0.00605 0.00485,
                -0.00889581462937 -0.00625 0.00485,
                -0.012020863984 0.00435000077745 0.00485,
                -0.012020863984 0.00485 0.00435,
                -0.012020863984 0.00485 -0.00435,
                -0.012020863984 0.00435000077745 -0.00485,
                -0.012020863984 -0.0065 -0.00485,
                -0.00889581462937 -0.0065 -0.00485,
                -0.00889581462937 -0.00625 -0.00485,
                -0.0100958146294 -0.00625 -0.00205,
                -0.0100958146294 -0.00625 -0.00295,
                -0.00989581462937 -0.00625 -0.00205,
                -0.00989581462937 -0.00625 -0.00295,
                -0.0100958146294 -0.00625 0.00295,
                -0.0100958146294 -0.00625 0.00205,
                -0.00989581462937 -0.00625 0.00295,
                -0.00989581462937 -0.00625 0.00205,
                -0.00749581462937 -0.00625 -0.00485,
                -0.00749581462937 -0.00625 0.00485,
                -0.00749581462937 -0.0055 -0.00485,
                -0.00749581462937 -0.0055 0.00485,
                -0.00624581462937 -0.0055 0.00485,
                -0.00624581462937 -0.0055 -0.00485,
                -0.00624581462937 -0.00605 0.00485,
                -0.00624581462937 -0.00605 -0.00485,
                -0.00464581462937 -0.00605 0.00045,
                -0.00464581462937 -0.00605 -0.00045,
                -0.00484581462937 -0.00605 -0.00045,
                -0.00484581462937 -0.00605 0.00045,
                -0.00464581462937 -0.00605 0.00295,
                -0.00464581462937 -0.00605 0.00205,
                -0.00484581462937 -0.00605 0.00205,
                -0.00484581462937 -0.00605 0.00295,
                -0.00464581462937 -0.00605 -0.00205,
                -0.00464581462937 -0.00605 -0.00295,
                -0.00484581462937 -0.00605 -0.00295,
                -0.00484581462937 -0.00605 -0.00205,
                -0.00359581462937 -0.00605 -0.00485,
                -0.00359581462937 -0.0065 -0.00485,
                -0.00299581462937 -0.0065 -0.00485,
                -0.00299581462937 -0.0055 -0.00485,
                -0.00299581462937 -0.0055 0.00485,
                -0.00249581462937 -0.0055 -0.00485,
                -0.00249581462937 -0.0055 0.00485,
                -0.00249581462937 -0.005 -0.00485,
                -0.00249581462937 -0.005 0.00485,
                -0.00179581462937 -0.005 0.00485,
                -0.00179581462937 -0.005 -0.00485,
                -0.00179581462937 -0.00575 -0.00485,
                -0.00179581462937 -0.00625 -0.00435,
                -0.00179581462937 -0.00625 0.00435,
                -0.00179581462937 -0.00575 0.00485,
                -0.000495814629367 -0.00575000038873 0.00485,
                -0.000495814629367 -0.00625 0.00435,
                -0.000495814629367 0.00485 0.00435,
                -0.000495814629367 0.00435000116618 0.00485,
                -0.000495814629367 -0.00625 -0.00435,
                -0.000495814629367 -0.00575000077745 -0.00485,
                -0.000495814629367 0.00435000155491 -0.00485,
                -0.000495814629367 0.00485 -0.00435,
                -0.000771363984034 -0.0065 -0.00075,
                -0.000771363984034 -0.00625 -0.001,
                -0.000771363984034 -0.0065 0.00075,
                -0.000771363984034 -0.00625 0.001,
                2.8636015966e-05 -0.0065 -0.00075,
                2.8636015966e-05 -0.0065 0.00075,
                2.8636015966e-05 -0.00625 0.001,
                -0.000495814629367 -0.00625 0.001,
                2.8636015966e-05 -0.00625 -0.001,
                -0.000495814629367 -0.00625 -0.001,
                2.8636015966e-05 -0.00595 -0.001,
                -2.18205500794e-05 -0.00595 -0.001,
                2.86360159659e-05 -0.00572554935467 -0.000860099535919,
                -0.000471362817853 0.00432554935467 0.00485,
                -0.000117810593441 0.00432554935467 0.00470355339059,
                2.86360159659e-05 0.00432554935467 0.00435,
                -2.18205500794e-05 -0.00595 0.001,
                2.8636015966e-05 -0.00595 0.001,
                2.86360159659e-05 -0.00572554935467 0.000860099535919,
                -0.000471362817853 -0.00572554935467 0.00485,
                2.86360159661e-05 -0.00572554935467 0.00435,
                -0.000471363406526 -0.00572554935467 -0.00485,
                2.8636015966e-05 -0.00572554935467 -0.00435,
                -0.00047136262349 0.00432554935467 -0.00485,
                2.8636015966e-05 0.00432554935467 -0.00435,
                -3.38639826684e-05 0.002958734125 1.81170213785e-19,
                -9.63639826684e-05 0.00273351390023 -0.00113225853041,
                -0.000158863982668 0.00209214096352 -0.00209214096352,
                -0.000221363982668 0.00113225853041 -0.00273351390023,
                2.86360159659e-05 0.00300761210189 0.000388568016303,
                2.86360159659e-05 0.0030675285999 -6.42979900664e-06,
                2.86360159659e-05 0.00307556402452 -0.000403111583888,
                2.86360159659e-05 0.00294228704714 -0.00118674895513,
                2.86360159659e-05 0.00261839586951 -0.00191153216399,
                2.8636015966e-05 0.00212644232757 -0.00253212992034,
                2.86360159659e-05 0.00150045498588 -0.00302023700022,
                2.8636015966e-05 0.000777201451861 -0.00334912270936,
                -3.38639826684e-05 0 0.002958734125,
                -9.63639826684e-05 0.00113225853041 0.00273351390023,
                -0.000158863982668 0.00209214096352 0.00209214096352,
                -0.000221363982668 0.00273351390023 0.00113225853041,
                -0.000283863982668 0.002958734125 1.81170213785e-19,
                -0.000346363982668 0.00273351390023 -0.00113225853041,
                -0.000408863982668 0.00209214096352 -0.00209214096352,
                -0.000471363982668 0.00113225853041 -0.00273351390023,
                2.86360159659e-05 1.63803334555e-06 0.00295873367157,
                2.86360159659e-05 0.000579769579686 0.00290137464953,
                2.8636015966e-05 0.00113243317651 0.00273344155291,
                2.8636015966e-05 0.00164451648834 0.00245960833102,
                2.86360159659e-05 0.00209194752806 0.00209233438109,
                2.86360159659e-05 0.00245947774304 0.00164471178445,
                -3.45572265764e-05 -0.00324353321706 -0.00131375795161,
                -9.63639813028e-05 -0.0035 -6.42939569552e-19,
                -0.000158863981303 -0.00323357836379 0.00133939201328,
                -0.000221363981303 -0.00247487373415 0.00247487373415,
                -0.000283863981303 -0.00133939201328 0.00323357836379,
                -0.000346363981303 0 0.0035,
                -0.000408863981303 0.00133939201328 0.00323357836379,
                -0.000471363981303 0.00247487373415 0.00247487373415,
                -0.000533863981303 0.00323357836379 0.00133939201328,
                -0.000596363981303 0.0035 2.14313189851e-19,
                -0.000658863981303 0.00323357836379 -0.00133939201328,
                -0.000721363981303 0.00247487373415 -0.00247487373415,
                -0.000783863981303 0.00133939201328 -0.00323357836379,
                2.8636015966e-05 -0.00318411047197 -0.00145320929516,
                2.8636015966e-05 -0.00338632802092 -0.000886953405901,
                2.8636015966e-05 -0.00348744552484 -0.000299481546489,
                2.86360159659e-05 -0.00348719464206 0.000302986554541,
                2.8636015966e-05 -0.00338543905623 0.000890192831919,
                2.8636015966e-05 -0.00318258219617 0.00145664049787,
                2.8636015966e-05 -0.00288903862541 0.00197686965798,
                2.86360159659e-05 -0.00205588108276 0.00283331790767,
                2.8636015966e-05 -0.001544640439 0.0031409074372,
                2.8636015966e-05 -0.00098337119419 0.00335948532725,
                2.8636015966e-05 -0.000399356768545 0.00347760606432,
                2.8636015966e-05 0.000202617998792 0.00349429056567,
                2.8636015966e-05 0.00136377733038 0.00322337819954,
                2.8636015966e-05 0.00236631253509 0.00257897795035,
                2.8636015966e-05 0.0027733193201 0.00213598004243,
                2.8636015966e-05 0.00309529157544 0.00163444361619,
                2.8636015966e-05 0.00332969548053 0.00107943751513,
                2.8636015966e-05 0.00346481608297 0.000498888649842,
                2.8636015966e-05 0.00349858881994 -0.000101550498249,
                2.8636015966e-05 0.00326167877509 -0.00126947584942,
                2.8636015966e-05 0.00299714235581 -0.00180868568285,
                2.8636015966e-05 0.00264628567738 -0.00229099172745,
                2.8636015966e-05 0.00221445103545 -0.00271090790555,
                2.8636015966e-05 0.00172261882672 -0.0030472628867,
                2.8636015966e-05 0.00117480852551 -0.00329710097433,
                2.86360159659e-05 -0.00293814543226 -0.0017784479758,
                2.8636015966e-05 -0.00320551942692 -0.00103747208925,
                2.8636015966e-05 -0.003272515344 -0.000650345526631,
                2.8636015966e-05 -0.00329413161434 -0.000254893330838,
                2.8636015966e-05 -0.00319730284098 0.00052336382654,
                2.86360159659e-05 -0.00307656765274 0.000900701017851,
                2.86360159659e-05 -0.00291128869392 0.00125692474543,
                2.8636015966e-05 -0.00245235137828 0.00189778565178,
                2.8636015966e-05 -0.00184937230686 0.0024030979506,
                -0.012020863984 0.00478301283147 0.00459999977557,
                -0.012020863984 0.00460000044886 0.00478301244274,
                -0.012020863984 0.00478301283147 -0.00459999977557,
                -0.012020863984 0.00460000044886 -0.00478301244274,
                -0.00179581462937 -0.006 -0.00478301270189,
                -0.00179581462937 -0.00618301270189 -0.0046,
                -0.00179581462937 -0.00618301270189 0.0046,
                -0.00179581462937 -0.006 0.00478301270189,
                -0.000495814629368 -0.00600000022443 0.00478301257232,
                -0.000495814629368 -0.00618301276668 0.00459999988778,
                -0.000495814629367 0.00460000067329 0.00478301231316,
                -0.000495814629367 0.00478301289626 0.00459999966335,
                -0.000495814629367 -0.00618301283147 -0.00459999977557,
                -0.000495814629367 -0.00600000044886 -0.00478301244274,
                -0.000495814629367 0.00478301296104 -0.00459999955114,
                -0.000495814629367 0.00460000089773 -0.00478301218359,
                -0.000771363984034 -0.00646650635095 -0.000875,
                -0.000771363984034 -0.006375 -0.000966506350946,
                -0.000771363984034 -0.006375 0.000966506350946,
                -0.000771363984034 -0.00646650635095 0.000875,
                2.8636015966e-05 -0.00646650635095 0.000875,
                2.8636015966e-05 -0.006375 0.000966506350946,
                2.8636015966e-05 -0.006375 -0.000966506350946,
                2.8636015966e-05 -0.00646650635095 -0.000875,
                -0.000137422167198 -0.00610843748774 -0.001,
                -0.000303145806113 -0.00621332717698 -0.001,
                2.70889511724e-05 -0.00576578422865 -0.000918933546714,
                2.00103080343e-05 -0.00582027587337 -0.000963709267392,
                4.03767464488e-06 -0.00588391983648 -0.00099099676026,
                2.8636015966e-05 -0.00578084372736 -0.000934081925854,
                2.8636015966e-05 -0.00585922688025 -0.000982938276656,
                -0.00047463840278 0.00433777545479 0.00485,
                -0.000483588529246 0.00434672558125 0.00485,
                -0.000280021729146 0.00432554935467 0.00481193954312,
                -9.42421777849e-06 0.00432554935467 0.00454134171618,
                -0.000233589306701 0.00477973693656 0.00435,
                -4.16270474776e-05 0.00458777467733 0.00435,
                2.8636015966e-05 -0.00585922688025 0.000982938276656,
                2.8636015966e-05 -0.00578084372736 0.000934081925854,
                2.70889511797e-05 -0.00576578422859 0.000918933546659,
                2.00103080462e-05 -0.0058202758733 0.000963709267353,
                4.03767465325e-06 -0.00588391983646 0.000990996760257,
                -0.000303145806113 -0.00621332717698 0.001,
                -0.000137422167198 -0.00610843748774 0.001,
                -0.00048645717745 -0.00574814024199 0.00485,
                -0.000478524312762 -0.00574283967127 0.00485,
                -0.00047322374204 -0.00573490680658 0.00485,
                -0.000295116056305 -0.0062100785717 0.00435,
                -0.000124972021654 -0.00609639196238 0.00435,
                -1.12854123314e-05 -0.00592624792773 0.00435,
                -0.00022136331074 -0.00572554935467 0.00478301231316,
                -3.83510877785e-05 -0.00572554935467 0.00459999966335,
                -0.000486813920977 -0.00574828435593 -0.00485,
                -0.0004785244559 -0.00574283955742 -0.00485,
                -0.000473079722868 -0.00573455006657 -0.00485,
                -3.83511858905e-05 -0.00572554935467 -0.00459999983329,
                -0.00022136365061 -0.00572554935467 -0.00478301250939,
                -0.000233589306701 -0.00617973693656 -0.00435,
                -4.16270474776e-05 -0.00598777467733 -0.00435,
                -0.000473079351764 0.00433455008021 -0.00485,
                -0.000478524341227 0.00434283967127 -0.00485,
                -0.000486813907233 0.00434828472438 -0.00485,
                -1.12854123316e-05 0.00452624792773 -0.00435,
                -0.000124972021655 0.00469639196238 -0.00435,
                -0.000295116056305 0.0048100785717 -0.00435,
                -3.83510553848e-05 0.00432554935467 -0.00459999960724,
                -0.000221363198524 0.00432554935467 -0.00478301224838,
                -0.000228525120703 0.00459283886333 0.00470355297829,
                -0.000228525120704 -0.00599283886333 0.00470355297829,
                -0.000229965033669 -0.00599139895037 -0.00470557766578,
                -0.000229964799803 0.00459139918423 -0.00470557733882

              ]
            }
            normal Normal {
              vector [
                -0.86518204 0.044122208 -0.49951306,
                -0.86503756 0.2352383 -0.44313988,
                -0.86518204 0.38440821 -0.32200998,
                -0.86503756 0.47968581 -0.14700861,
                -0.86518204 0.49951306 0.044122208,
                -0.86503756 0.44313988 0.2352383,
                -0.86514908 0.48961475 0.1086024,
                -0.86523938 0.49963361 0.041558415,
                -0.86518687 0.50099725 -0.021293953,
                -0.86516613 0.47990096 -0.14554249,
                -0.86524802 0.42845121 -0.2603372,
                -0.86530584 0.35249111 -0.35636476,
                -0.86526829 0.25970519 -0.42879364,
                -0.86531317 0.15243411 -0.47749031,
                -0.86542243 0.037309188 -0.49965188,
                0 1 1.2246469e-16,
                0 1 1.2246469e-16,
                0 1 1.2246469e-16,
                0 1 1.2246469e-16,
                -3.5527137e-15 9.7133728e-17 -1,
                -1.4562247e-15 0.38268343 -0.9238795,
                -2.5121479e-15 0.70710677 -0.70710677,
                -1.4562247e-15 0.9238795 -0.38268343,
                -3.5527137e-15 1 3.0374718e-16,
                -1.4562247e-15 0.9238795 0.38268343,
                -2.5121479e-15 0.70710677 0.70710677,
                -1.4562247e-15 0.38268343 0.9238795,
                -3.5527137e-15 -3.2826066e-16 1,
                -1.4562247e-15 -0.38268343 0.92387956,
                -3.5479669e-15 0.00055362639 0.99999982,
                -2.1371376e-15 0.19595075 0.98061377,
                -1.4561378e-15 0.38274246 0.92385507,
                -1.6123504e-15 0.55581671 0.83130485,
                -2.5115874e-15 0.70704138 0.70717216,
                -1.6125795e-15 0.83126044 0.55588317,
                -1.4562247e-15 0.92387956 0.38268343,
                -3.5527137e-15 1 -4.6317397e-16,
                -1.4562247e-15 0.9238795 -0.38268343,
                -2.5121479e-15 0.70710677 -0.70710677,
                -1.4562247e-15 0.38268343 -0.9238795,
                -3.5527137e-15 8.2553372e-16 -1,
                0 0.71761459 0.6964404,
                0 0.92685723 0.37541401,
                0 1 6.3867537e-07,
                0 0.92387938 -0.38268375,
                0 0.70710677 -0.70710683,
                0 0.38268343 -0.9238795,
                0 6.8168066e-10 -1,
                -0 -0.38268343 -0.9238795,
                -0 -0.70710677 -0.70710677,
                -0 -0.9238795 -0.38268343,
                -0 -1 -1.5724246e-13,
                0 -0.9238795 0.38268343,
                0 -0.70710677 0.70710677,
                0 -0.38268343 0.9238795,
                0 -9.473151e-17 1,
                0 -9.473151e-17 1,
                0 -0.33564588 0.94198823,
                0 -0.49211374 0.8705309,
                0 -0.63262695 0.77445668,
                0 -0.75603735 0.6545285,
                0 -0.85617906 0.51667923,
                0 -0.93190193 0.3627103,
                0 -0.99957901 0.029012822,
                -0 -0.98979217 -0.1425183,
                -0 -0.95126235 -0.30838272,
                -0 -0.88428748 -0.46694294,
                -0 -0.79225808 -0.61018616,
                -0 -0.67607284 -0.73683476,
                -0 -0.38964978 -0.92096311,
                -0 -0.057892211 -0.99832284,
                0 0.11408692 -0.99347079,
                0 0.28092387 -0.95973003,
                0 0.44130325 -0.89735806,
                0 0.58728975 -0.80937678,
                0 0.8252849 -0.56471664,
                0 0.90928656 -0.4161706,
                0 0.9671247 -0.2543025,
                0 0.99624652 -0.086561091,
                0 0.99633306 0.085559718,
                0 0.96736866 0.25337297,
                0 0.90973413 0.41519129,
                0.86542243 -0.037309188 -0.49965188,
                0.86531913 0.15388094 -0.47701517,
                0.86542243 0.32692567 -0.37968883,
                0.86531913 0.4461109 -0.22849041,
                0.86542243 0.49965188 -0.037309188,
                0.86531913 0.47701517 0.15388094,
                0.86542243 0.37968883 0.32692567,
                0.86531913 0.22849041 0.4461109,
                0.86542243 0.037309188 0.49965188,
                0.86531913 -0.15388094 0.47701517,
                0.86542243 -0.32692564 0.37968883,
                0.86531913 -0.44611081 0.22849058,
                0.86542243 -0.49965191 0.037308838,
                0.86531889 -0.47821099 -0.1501247,
                0.86541426 -0.3847104 -0.32102346,
                0.86530864 -0.44845325 -0.22389865,
                0.86526811 -0.48816362 -0.11404974,
                0.86527789 -0.49808329 -0.056632109,
                0.86530912 -0.50123459 0.0019972979,
                0.86524427 -0.48612851 0.12260283,
                0.86519343 -0.4670859 0.18240356,
                0.86516541 -0.44092727 0.23889738,
                0.86518794 -0.3681345 0.34048027,
                0.86514843 -0.26897794 0.42328367,
                0.86503756 -0.14700861 0.47968581,
                0.86518204 0.044122208 0.49951306,
                0.86503756 0.2352383 0.44313988,
                0.86518204 0.38440821 0.32200998,
                0.86503756 0.47968581 0.14700861,
                0.86518204 0.49951306 -0.044122208,
                0.86503756 0.44313988 -0.2352383,
                0.86518204 0.32200998 -0.38440821,
                0.86503756 0.14700861 -0.47968581,
                0.86518204 -0.044122208 -0.49951306,
                -0 -0 1,
                -0 -0 1,
                -0 -0 1,
                -0 -0 1,
                -0 -0 -1,
                -0 -0 -1,
                -0 -0 -1,
                -0 -0 -1,
                -0 -0 1,
                -0 -0 1,
                -0 -0 1,
                -0 -0 1,
                -0 -0 -1,
                -0 -0 -1,
                -0 -0 -1,
                -0 -0 -1,
                0 -1 0,
                0 -1 0,
                0 -1 0,
                0 -1 0,
                0 -1 0,
                0 -1 0,
                0 -1 0,
                0 -1 0,
                -1 0 0,
                -1 0 0,
                -1 0 0,
                -1 0 0,
                1 0 -0,
                1 0 -0,
                1 0 -0,
                1 0 -0,
                -1 0 0,
                -1 0 0,
                -1 0 0,
                -1 0 0,
                -1 0 0,
                -1 0 0,
                -1 0 0,
                -1 0 0,
                -1 0 0,
                -1 0 0,
                -1 0 0,
                -1 0 0,
                -1 0 0,
                -1 0 0,
                0 -1 0,
                0 -1 0,
                0 -1 0,
                0 -1 0,
                1 0 -0,
                1 0 -0,
                1 0 -0,
                1 0 -0,
                0 -1 0,
                0 -1 0,
                0 -1 0,
                0 -1 0,
                0 -1 0,
                0 -1 0,
                0 -1 0,
                0 -1 0,
                0 -1 0,
                0 -1 0,
                0 -1 0,
                0 -1 0,
                0 -1 0,
                0 -1 0,
                0 -1 0,
                0 -1 0,
                1 -0 0,
                1 -0 0,
                1 -0 0,
                1 -0 0,
                0 -1 0,
                0 -1 0,
                0 -1 0,
                0 -1 0,
                -1 0 0,
                -1 0 0,
                -1 0 0,
                -1 0 0,
                0 -1 0,
                0 -1 0,
                0 -1 0,
                0 -1 0,
                0 -1 0,
                0 -1 0,
                0 -1 0,
                0 -1 0,
                0 -1 0,
                0 -1 0,
                0 -1 0,
                0 -1 0,
                0 -1 0,
                0 -1 0,
                0 -1 0,
                0 -1 0,
                0 -1 0,
                0 -1 0,
                0 -1 0,
                0 -1 0,
                -1 0 0,
                -1 0 0,
                -1 0 0,
                -1 0 0,
                0 -1 0,
                0 -1 0,
                0 -1 0,
                0 -1 0,
                1 -0 0,
                1 -0 0,
                1 -0 0,
                1 -0 0,
                1 -0 0,
                1 -0 0,
                1 -0 0,
                1 -0 0,
                0 -1 0,
                0 -1 0,
                0 -1 0,
                0 -1 0,
                1 -0 0,
                1 -0 0,
                1 -0 0,
                1 -0 0,
                0 -1 0,
                0 -1 0,
                0 -1 0,
                0 -1 0,
                -1 0 0,
                -1 0 0,
                -1 0 0,
                -1 0 0,
                -1 0 0,
                -1 0 0,
                -1 0 0,
                -1 0 0,
                -1 0 0,
                -1 0 0,
                0 0 1,
                0 0 1,
                0 -0.5 0.86602539,
                0 -0.86602539 0.5,
                0 -1 0,
                0 -1 0,
                0 -0.86602551 0.49999976,
                0 -0.50000048 0.86602515,
                0 1 0,
                0 1 0,
                0 0.86602569 0.49999955,
                0 0.50000089 0.86602491,
                0 1.554908e-06 1,
                0 3.1098159e-06 1,
                0 0.50000137 0.86602461,
                0 0.86602581 0.49999931,
                0 -1 0,
                0 -1 0,
                0 -0.86602539 -0.5,
                0 -0.5 -0.86602539,
                0 0 -1,
                0 0 -1,
                0 -0.50000089 -0.86602491,
                0 -0.86602569 -0.49999955,
                0 3.1098159e-06 -1,
                0 3.1098159e-06 -1,
                0 0.50000089 -0.86602491,
                0 0.86602569 -0.49999955,
                0 1 0,
                0 1 0,
                0 0.86602592 -0.49999911,
                0 0.50000179 -0.86602437,
                -1 0 -0,
                -1 0 -0,
                -1 0 -0,
                -1 0 -0,
                -1 0 -0,
                -1 0 -0,
                -1 0 -0,
                -1 0 -0,
                0 -1 0,
                0 -1 0,
                0 -1 0,
                0 -1 0,
                0 -1 -2.220446e-16,
                0 -1 -2.220446e-16,
                0 -0.86602539 0.5,
                0 -0.5 0.86602539,
                0 0 1,
                0 0 1,
                0 0 1,
                0 -0.5 0.86602539,
                0 -0.86602539 0.5,
                0 0 -1,
                0 0 -1,
                0 -0.5 -0.86602539,
                0 -0.86602539 -0.5,
                0 -1 2.220446e-16,
                0 -1 2.220446e-16,
                0 -0.86602539 -0.5,
                0 -0.5 -0.86602539,
                0 0 -1,
                0 0 -1,
                0 0 -1,
                0 0 -1,
                0 0 -1,
                0 0 -1,
                0 0 -1,
                0 0 -1,
                0 0.26443484 -0.96440357,
                0 0.51889652 -0.85483706,
                0 0.73701644 -0.67587483,
                0 0.89780259 -0.44039816,
                0 0.67662507 -0.73632771,
                0 0.36309248 -0.9317531,
                0 -3.5527137e-15 -1,
                9.7810648e-14 3.1098166e-06 1,
                1.5549083e-06 2.69318e-06 1,
                2.69318e-06 1.5549083e-06 1,
                3.1098166e-06 9.7699626e-14 1,
                0.3826845 4.764189e-12 0.92387909,
                0.70710677 9.4058095e-12 0.70710677,
                0.9238795 9.3081098e-13 0.38268343,
                1 9.1660013e-13 1.5365487e-12,
                0.86602539 0.5 -1.3322676e-13,
                0.5 0.86602539 -1.3322676e-13,
                0 1 -9.7699626e-14,
                4.8849813e-14 0.86602581 0.49999931,
                8.4710017e-14 0.50000137 0.86602461,
                0.5000006 0.5000006 0.70710593,
                0 0 1,
                0 0 1,
                0 0.36309248 0.9317531,
                0 0.67662507 0.73632771,
                0 0.89780259 0.44039816,
                0 0.73701644 0.67587483,
                0 0.51889652 0.85483706,
                0 0.26443484 0.96440357,
                0 0 1,
                0 0 1,
                0 0 1,
                0 0 1,
                0 0 1,
                0 0 1,
                0 -1 0,
                0 -1 0,
                0 -1 0,
                0 -1 0,
                0 -1 0,
                0 -1 0,
                0 -1 0,
                0 -1 0,
                3.1098155e-06 -9.7699626e-14 1,
                2.8730949e-06 -1.190075e-06 1,
                2.1989715e-06 -2.1989715e-06 1,
                1.190075e-06 -2.8730949e-06 1,
                9.7699626e-14 -3.1098155e-06 1,
                -2.6417757e-12 -0.50000048 0.86602515,
                -3.1358249e-12 -0.86602551 0.49999976,
                -1.9019231e-12 -1 1.1617374e-12,
                0.38268343 -0.9238795 -1.2612134e-13,
                0.70710677 -0.70710677 -1.3855583e-13,
                0.9238795 -0.38268343 -1.2612134e-13,
                1 -1.5987212e-14 -9.7699626e-14,
                0.86602581 -4.0110137e-12 0.49999931,
                0.50000137 -4.3254289e-12 0.86602461,
                0.5000006 -0.5000006 0.70710593,
                1 0 0,
                1 0 0,
                0.9238795 -0.38268343 0,
                0.70710677 -0.70710677 0,
                0.38268343 -0.9238795 0,
                8.776313e-14 -1 0,
                -1.6653345e-16 -1 0,
                0.36737266 -0.93007386 0,
                0.68336737 -0.73007464 0,
                0.90379161 -0.42797285 0,
                0.95329612 -0.30203715 0,
                0.98355287 -0.18062046 0,
                0.99705279 -0.07671833 0,
                0 0 1,
                0 0 1,
                0 0 1,
                0 0 1,
                0 0 1,
                0 0 1,
                0 0 1,
                0 0 1,
                0 0 1,
                0 0 1,
                0 0 1,
                0 0 1,
                0 0 1,
                0 0 1,
                0 0 1,
                0 0 1,
                0 0 1,
                0 0 1,
                0 0 1,
                0 0 1,
                0 0 1,
                0 0 1,
                0 0 1,
                0 0 1,
                0 0 1,
                3.1098152e-06 0 1,
                3.1098152e-06 0 1,
                0.50000137 0 0.86602461,
                0.86602581 0 0.49999931,
                1 0 7.1054274e-15,
                1 0 0,
                0.9238795 0 0.38268343,
                0.70710677 0 0.70710677,
                0.3826845 0 0.92387909,
                0 1 0,
                0 1 0,
                0 1 0,
                0 1 0,
                3.2828778e-14 -1.5549076e-06 -1,
                8.8785805e-07 -2.2426516e-06 -1,
                1.9419756e-06 -1.941979e-06 -1,
                2.0812115e-06 -8.2394814e-07 -1,
                1.1550155e-06 -1.6401902e-14 -1,
                0.50000066 1.6526738e-13 -0.86602503,
                0.86602557 3.3173708e-13 -0.49999967,
                1 5.3358956e-14 -8.5694695e-13,
                0.86602539 -0.5 -5.5817482e-13,
                0.5 -0.86602539 -7.8337982e-13,
                -1.6310788e-12 -1 -3.8364394e-13,
                -5.7057018e-13 -0.86602569 -0.49999955,
                2.7860044e-13 -0.50000089 -0.86602485,
                0.49712077 -0.49712077 -0.71115535,
                2.7210883e-06 3.2801517e-14 -1,
                2.6203945e-06 1.0373903e-06 -1,
                2.0615357e-06 2.0615357e-06 -1,
                1.1089345e-06 2.8011116e-06 -1,
                3.2872817e-14 3.1098155e-06 -1,
                1.5805896e-13 0.50000179 -0.86602437,
                -7.0386795e-13 0.86602592 -0.49999911,
                -1.6601491e-12 1 -3.8955915e-13,
                0.38268346 0.9238795 -8.1127818e-13,
                0.70710677 0.70710677 -6.5026652e-13,
                0.9238795 0.38268346 -5.7576334e-13,
                1 -5.0142565e-14 -8.5832676e-13,
                0.86602587 -1.9005072e-13 -0.49999923,
                0.50000161 -1.1034762e-13 -0.86602449,
                0.49712121 0.49712121 -0.7111547,
                -0 -0 -1,
                -0 -0 -1,
                -0 -0 -1,
                -0 -0 -1,
                -0 -0 -1,
                -0 -0 -1,
                -0 -0 -1,
                -0 -0 -1,
                -0 -0 -1,
                -0 -0 -1,
                -0 -0 -1,
                -0 -0 -1,
                -0 -0 -1,
                -0 -0 -1,
                -0 -0 -1,
                -0 -0 -1,
                -0 -0 -1,
                -0 -0 -1,
                -0 -0 -1,
                -0 -0 -1,
                -0 -0 -1,
                -0 -0 -1,
                -0 -0 -1,
                -0 -0 -1,
                -0 -0 -1,
                -0 -0 -1,
                1.1550154e-06 0 -1,
                1.1550154e-06 0 -1,
                0.50000155 0 -0.86602449,
                0.86602587 0 -0.49999923,
                1 0 -5.3290705e-15,
                1 0 0,
                0.86602557 0 -0.49999967,
                0.50000066 0 -0.86602503,
                1 0 0,
                1 0 0,
                0.9238795 0.38268343 0,
                0.70710677 0.70710677 0,
                0.38268343 0.9238795 0,
                -1.6653345e-16 1 0,
                -1.6653345e-16 1 0,
                0.5 0.86602539 0,
                0.86602539 0.5 0,
                -1.6653345e-16 -1 0,
                -1.6653345e-16 -1 0,
                0.5 -0.86602539 0,
                0.86602539 -0.5 0,
                1 0 0,
                1 0 0,
                0.99705279 -0.07671833 0,
                0.98355287 -0.18062046 0,
                0.95329612 -0.30203715 0,
                0.90379161 -0.42797285 0,
                0.68336737 -0.73007464 0,
                0.36737266 -0.93007386 0,
                1 0 0,
                1 0 0,
                1 0 0,
                1 0 0,
                1 0 0,
                1 0 0,
                1 0 0,
                1 0 0,
                1 0 0,
                1 0 0,
                1 0 0,
                1 0 0,
                1 0 0,
                1 0 0,
                1 0 0,
                1 0 0,
                1 0 0,
                1 0 0,
                1 0 0,
                1 0 0,
                1 0 0,
                1 0 0,
                1 0 0,
                1 0 0,
                1 0 0,
                1 0 0,
                1 0 0,
                1 0 0,
                1 0 0,
                1 0 0,
                1 0 0,
                1 0 0,
                1 0 0,
                1 0 0,
                1 0 0,
                1 0 0,
                1 0 0,
                1 0 0,
                1 0 0,
                1 0 0,
                1 0 0,
                1 0 0,
                1 0 0,
                1 0 0,
                1 0 0,
                1 0 0,
                1 0 0,
                1 0 0,
                1 0 0,
                1 0 0,
                1 0 0,
                1 0 0,
                1 0 0,
                1 0 0,
                1 0 0,
                1 0 0,
                1 0 0,
                1 0 0,
                1 0 0,
                1 0 0,
                1 0 0,
                1 0 0,
                1 0 0,
                1 0 0,
                1 0 0,
                1 0 0,
                1 0 0,
                1 0 0,
                1 0 0,
                1 0 0,
                1 0 0,
                1 0 0

              ]
            }
            coordIndex [
              0 116 112 -1 
              1 122 123 -1 
              1 121 122 -1 
              2 1 123 -1 
              113 117 114 -1 
              112 117 113 -1 
              117 112 116 -1 
              115 121 1 -1 
              114 121 115 -1 
              114 119 120 -1 
              118 114 117 -1 
              114 118 119 -1 
              121 114 120 -1 
              2 3 1 -1 
              4 1 3 -1 
              125 132 126 -1 
              124 132 125 -1 
              5 132 124 -1 
              112 137 0 -1 
              136 128 127 -1 
              126 136 127 -1 
              126 134 135 -1 
              133 126 132 -1 
              126 133 134 -1 
              136 126 135 -1 
              131 1 4 -1 
              115 1 131 -1 
              115 131 130 -1 
              115 130 114 -1 
              114 130 129 -1 
              113 114 129 -1 
              128 113 129 -1 
              128 112 113 -1 
              112 136 137 -1 
              112 128 136 -1 
              151 138 139 -1 
              175 3 2 -1 
              174 3 175 -1 
              173 3 174 -1 
              172 3 173 -1 
              151 6 138 -1 
              153 140 141 -1 
              153 139 140 -1 
              139 152 151 -1 
              139 153 152 -1 
              158 141 142 -1 
              158 142 143 -1 
              141 154 153 -1 
              158 157 141 -1 
              141 155 154 -1 
              141 157 156 -1 
              141 156 155 -1 
              162 144 145 -1 
              162 143 144 -1 
              143 159 158 -1 
              143 161 160 -1 
              143 160 159 -1 
              143 162 161 -1 
              164 146 147 -1 
              164 145 146 -1 
              145 163 162 -1 
              145 164 163 -1 
              169 148 149 -1 
              169 147 148 -1 
              147 165 164 -1 
              169 168 147 -1 
              147 166 165 -1 
              147 168 167 -1 
              147 167 166 -1 
              172 150 3 -1 
              172 149 150 -1 
              149 170 169 -1 
              149 172 171 -1 
              149 171 170 -1 
              6 139 138 -1 
              124 184 5 -1 
              140 179 141 -1 
              139 179 140 -1 
              139 177 178 -1 
              176 139 6 -1 
              139 176 177 -1 
              179 139 178 -1 
              183 143 142 -1 
              141 183 142 -1 
              141 181 182 -1 
              180 141 179 -1 
              181 141 180 -1 
              183 141 182 -1 
              148 129 130 -1 
              150 4 3 -1 
              149 148 130 -1 
              131 4 150 -1 
              131 149 130 -1 
              149 131 150 -1 
              148 147 129 -1 
              147 128 129 -1 
              146 128 147 -1 
              146 127 128 -1 
              146 145 127 -1 
              127 145 126 -1 
              126 145 144 -1 
              125 126 144 -1 
              143 125 144 -1 
              143 124 125 -1 
              124 183 184 -1 
              124 143 183 -1 
              9 10 8 -1 
              7 9 8 -1 
              13 14 12 -1 
              11 13 12 -1 
              17 18 16 -1 
              15 17 16 -1 
              21 22 20 -1 
              19 21 20 -1 
              23 24 13 -1 
              14 13 24 -1 
              19 25 21 -1 
              26 25 19 -1 
              22 21 27 -1 
              25 27 21 -1 
              28 13 11 -1 
              23 13 28 -1 
              29 10 12 -1 
              24 12 14 -1 
              29 12 24 -1 
              32 10 29 -1 
              185 29 186 -1 
              30 29 185 -1 
              31 29 30 -1 
              32 29 31 -1 
              188 31 187 -1 
              32 31 188 -1 
              33 8 10 -1 
              33 10 32 -1 
              7 8 34 -1 
              33 34 8 -1 
              9 34 35 -1 
              7 34 9 -1 
              37 10 9 -1 
              43 41 38 -1 
              12 10 36 -1 
              38 44 43 -1 
              41 36 38 -1 
              11 42 43 -1 
              40 12 41 -1 
              42 11 40 -1 
              43 45 11 -1 
              43 44 45 -1 
              10 37 36 -1 
              12 36 41 -1 
              11 12 40 -1 
              9 39 37 -1 
              9 38 39 -1 
              44 38 9 -1 
              44 9 35 -1 
              45 28 11 -1 
              45 44 46 -1 
              45 46 47 -1 
              47 46 49 -1 
              47 49 48 -1 
              48 51 50 -1 
              49 51 48 -1 
              57 22 56 -1 
              63 60 54 -1 
              53 20 52 -1 
              54 60 53 -1 
              57 55 52 -1 
              57 52 20 -1 
              58 55 57 -1 
              22 57 20 -1 
              50 55 58 -1 
              63 54 51 -1 
              15 53 60 -1 
              51 64 62 -1 
              63 51 62 -1 
              22 59 56 -1 
              22 27 59 -1 
              50 58 59 -1 
              50 59 27 -1 
              17 61 62 -1 
              50 54 55 -1 
              50 51 54 -1 
              17 60 61 -1 
              15 20 53 -1 
              17 62 64 -1 
              15 60 17 -1 
              17 65 18 -1 
              64 65 17 -1 
              16 18 66 -1 
              65 66 18 -1 
              66 15 16 -1 
              67 15 66 -1 
              26 19 20 -1 
              67 20 15 -1 
              67 68 20 -1 
              26 20 68 -1 
              68 67 69 -1 
              68 69 70 -1 
              70 69 71 -1 
              70 71 72 -1 
              72 71 74 -1 
              72 74 73 -1 
              76 74 75 -1 
              190 75 189 -1 
              76 75 190 -1 
              77 74 76 -1 
              73 74 77 -1 
              192 77 191 -1 
              78 77 192 -1 
              73 77 78 -1 
              192 79 78 -1 
              193 79 192 -1 
              194 191 80 -1 
              80 191 77 -1 
              194 192 191 -1 
              193 192 194 -1 
              185 81 30 -1 
              196 81 185 -1 
              29 82 186 -1 
              195 186 82 -1 
              195 185 186 -1 
              196 185 195 -1 
              190 83 76 -1 
              197 83 190 -1 
              75 84 189 -1 
              198 190 189 -1 
              198 189 84 -1 
              197 190 198 -1 
              188 85 32 -1 
              200 85 188 -1 
              199 188 187 -1 
              86 187 31 -1 
              199 187 86 -1 
              200 188 199 -1 
              89 90 88 -1 
              204 203 90 -1 
              89 88 87 -1 
              89 204 90 -1 
              201 87 88 -1 
              202 201 88 -1 
              92 87 91 -1 
              89 87 92 -1 
              205 89 92 -1 
              204 205 203 -1 
              203 94 90 -1 
              94 206 93 -1 
              203 206 94 -1 
              203 205 206 -1 
              204 89 205 -1 
              91 87 208 -1 
              207 96 95 -1 
              202 96 207 -1 
              201 207 208 -1 
              201 208 87 -1 
              202 207 201 -1 
              88 96 202 -1 
              97 209 98 -1 
              210 95 96 -1 
              209 97 95 -1 
              209 95 210 -1 
              214 212 211 -1 
              99 214 211 -1 
              215 97 213 -1 
              215 213 212 -1 
              214 215 212 -1 
              97 98 213 -1 
              195 82 217 -1 
              252 217 216 -1 
              218 216 100 -1 
              252 216 218 -1 
              195 217 252 -1 
              252 101 219 -1 
              221 219 102 -1 
              252 219 221 -1 
              252 221 220 -1 
              196 220 81 -1 
              252 218 101 -1 
              252 220 196 -1 
              252 196 195 -1 
              226 103 104 -1 
              224 225 223 -1 
              224 223 105 -1 
              225 222 223 -1 
              226 104 222 -1 
              226 222 225 -1 
              228 93 104 -1 
              228 104 103 -1 
              227 94 93 -1 
              227 93 228 -1 
              88 90 77 -1 
              88 76 83 -1 
              88 77 76 -1 
              88 83 96 -1 
              80 77 90 -1 
              80 90 94 -1 
              235 253 236 -1 
              235 231 253 -1 
              253 230 229 -1 
              193 229 79 -1 
              253 229 193 -1 
              253 232 233 -1 
              232 194 80 -1 
              253 194 232 -1 
              253 234 236 -1 
              236 234 107 -1 
              253 233 234 -1 
              235 106 231 -1 
              253 231 230 -1 
              253 193 194 -1 
              228 233 232 -1 
              227 232 80 -1 
              103 234 233 -1 
              227 80 94 -1 
              226 107 234 -1 
              228 232 227 -1 
              103 233 228 -1 
              226 234 103 -1 
              225 107 226 -1 
              224 105 107 -1 
              224 107 225 -1 
              47 28 45 -1 
              29 28 47 -1 
              29 47 48 -1 
              27 48 50 -1 
              68 48 27 -1 
              26 27 25 -1 
              68 27 26 -1 
              72 48 68 -1 
              72 68 70 -1 
              82 48 72 -1 
              100 72 73 -1 
              79 73 78 -1 
              106 73 79 -1 
              230 79 229 -1 
              231 79 230 -1 
              106 79 231 -1 
              100 73 106 -1 
              82 72 100 -1 
              217 100 216 -1 
              82 29 48 -1 
              82 100 217 -1 
              24 23 28 -1 
              24 28 29 -1 
              218 100 106 -1 
              218 106 235 -1 
              101 235 236 -1 
              219 236 107 -1 
              219 107 102 -1 
              101 236 219 -1 
              218 235 101 -1 
              30 81 86 -1 
              30 86 31 -1 
              197 242 83 -1 
              198 237 254 -1 
              254 238 239 -1 
              241 239 108 -1 
              254 239 241 -1 
              254 237 238 -1 
              243 240 109 -1 
              254 240 243 -1 
              254 243 242 -1 
              198 254 197 -1 
              198 84 237 -1 
              254 241 240 -1 
              254 242 197 -1 
              251 110 244 -1 
              251 244 255 -1 
              255 245 246 -1 
              200 246 85 -1 
              255 246 200 -1 
              255 200 199 -1 
              249 199 86 -1 
              255 199 249 -1 
              255 244 245 -1 
              255 248 247 -1 
              250 247 111 -1 
              255 247 250 -1 
              255 249 248 -1 
              255 250 251 -1 
              35 33 32 -1 
              35 34 33 -1 
              46 35 32 -1 
              46 44 35 -1 
              49 46 32 -1 
              85 49 32 -1 
              64 51 49 -1 
              67 64 49 -1 
              66 65 64 -1 
              67 66 64 -1 
              71 67 49 -1 
              71 69 67 -1 
              85 71 49 -1 
              110 74 71 -1 
              84 75 74 -1 
              108 84 74 -1 
              238 237 84 -1 
              239 238 84 -1 
              108 239 84 -1 
              110 108 74 -1 
              85 110 71 -1 
              245 244 110 -1 
              246 245 110 -1 
              85 246 110 -1 
              251 108 110 -1 
              241 108 251 -1 
              240 251 250 -1 
              109 250 111 -1 
              240 250 109 -1 
              241 251 240 -1 
              247 102 111 -1 
              221 248 220 -1 
              220 249 81 -1 
              86 81 249 -1 
              220 248 249 -1 
              221 247 248 -1 
              221 102 247 -1 
              210 96 83 -1 
              109 213 243 -1 
              211 109 99 -1 
              209 242 243 -1 
              212 109 211 -1 
              213 109 212 -1 
              210 83 242 -1 
              98 243 213 -1 
              209 243 98 -1 
              210 242 209 -1 
              183 5 184 -1 
              182 5 183 -1 
              181 5 182 -1 
              180 5 181 -1 
              179 5 180 -1 
              121 5 179 -1 
              121 179 178 -1 
              91 105 92 -1 
              97 91 95 -1 
              99 91 97 -1 
              154 105 153 -1 
              155 105 154 -1 
              156 105 155 -1 
              158 159 107 -1 
              160 107 159 -1 
              135 5 136 -1 
              161 107 160 -1 
              0 117 116 -1 
              0 118 117 -1 
              0 119 118 -1 
              165 102 164 -1 
              166 102 165 -1 
              167 102 166 -1 
              168 102 167 -1 
              121 178 122 -1 
              169 102 168 -1 
              122 176 123 -1 
              111 169 170 -1 
              111 170 171 -1 
              177 122 178 -1 
              173 111 172 -1 
              177 176 122 -1 
              174 111 173 -1 
              2 176 6 -1 
              175 111 174 -1 
              2 109 111 -1 
              2 111 175 -1 
              123 176 2 -1 
              0 5 121 -1 
              0 121 120 -1 
              0 120 119 -1 
              137 5 0 -1 
              136 5 137 -1 
              134 5 135 -1 
              133 5 134 -1 
              132 5 133 -1 
              157 107 156 -1 
              151 152 99 -1 
              107 157 158 -1 
              222 105 223 -1 
              104 105 222 -1 
              92 105 104 -1 
              92 104 93 -1 
              205 93 206 -1 
              92 93 205 -1 
              99 105 91 -1 
              207 91 208 -1 
              95 91 207 -1 
              6 151 109 -1 
              99 152 153 -1 
              214 97 215 -1 
              99 153 105 -1 
              99 97 214 -1 
              109 2 6 -1 
              99 109 151 -1 
              111 171 172 -1 
              102 162 163 -1 
              102 163 164 -1 
              111 102 169 -1 
              102 161 162 -1 
              102 107 161 -1 
              107 105 156 -1 
            ]
            normalIndex [
              5 6 4 -1 
              0 12 13 -1 
              0 11 12 -1 
              14 0 13 -1 
              3 7 2 -1 
              4 7 3 -1 
              7 4 6 -1 
              1 11 0 -1 
              2 11 1 -1 
              2 9 10 -1 
              8 2 7 -1 
              2 8 9 -1 
              11 2 10 -1 
              16 17 15 -1 
              18 15 17 -1 
              26 29 25 -1 
              27 29 26 -1 
              28 29 27 -1 
              36 34 35 -1 
              33 23 24 -1 
              25 33 24 -1 
              25 31 32 -1 
              30 25 29 -1 
              25 30 31 -1 
              33 25 32 -1 
              20 40 19 -1 
              39 40 20 -1 
              39 20 21 -1 
              39 21 38 -1 
              38 21 22 -1 
              37 38 22 -1 
              23 37 22 -1 
              23 36 37 -1 
              36 33 34 -1 
              36 23 33 -1 
              81 42 43 -1 
              57 55 56 -1 
              58 55 57 -1 
              59 55 58 -1 
              60 55 59 -1 
              81 41 42 -1 
              79 44 45 -1 
              79 43 44 -1 
              43 80 81 -1 
              43 79 80 -1 
              74 45 46 -1 
              74 46 47 -1 
              45 78 79 -1 
              74 75 45 -1 
              45 77 78 -1 
              45 75 76 -1 
              45 76 77 -1 
              70 48 49 -1 
              70 47 48 -1 
              47 73 74 -1 
              47 71 72 -1 
              47 72 73 -1 
              47 70 71 -1 
              68 50 51 -1 
              68 49 50 -1 
              49 69 70 -1 
              49 68 69 -1 
              63 52 53 -1 
              63 51 52 -1 
              51 67 68 -1 
              63 64 51 -1 
              51 66 67 -1 
              51 64 65 -1 
              51 65 66 -1 
              60 54 55 -1 
              60 53 54 -1 
              53 62 63 -1 
              53 60 61 -1 
              53 61 62 -1 
              96 94 95 -1 
              107 105 106 -1 
              93 100 92 -1 
              94 100 93 -1 
              94 98 99 -1 
              97 94 96 -1 
              94 97 98 -1 
              100 94 99 -1 
              104 90 91 -1 
              92 104 91 -1 
              92 102 103 -1 
              101 92 100 -1 
              102 92 101 -1 
              104 92 103 -1 
              85 112 113 -1 
              83 115 82 -1 
              84 85 113 -1 
              114 115 83 -1 
              114 84 113 -1 
              84 114 83 -1 
              85 86 112 -1 
              86 111 112 -1 
              87 111 86 -1 
              87 110 111 -1 
              87 88 110 -1 
              110 88 109 -1 
              109 88 89 -1 
              108 109 89 -1 
              90 108 89 -1 
              90 107 108 -1 
              107 104 105 -1 
              107 90 104 -1 
              118 117 116 -1 
              119 118 116 -1 
              122 121 120 -1 
              123 122 120 -1 
              126 125 124 -1 
              127 126 124 -1 
              130 129 128 -1 
              131 130 128 -1 
              133 134 132 -1 
              135 132 134 -1 
              138 136 137 -1 
              139 136 138 -1 
              141 142 140 -1 
              143 140 142 -1 
              146 144 145 -1 
              147 144 146 -1 
              152 148 149 -1 
              151 149 150 -1 
              152 149 151 -1 
              159 148 152 -1 
              154 152 153 -1 
              155 152 154 -1 
              156 152 155 -1 
              159 152 156 -1 
              158 156 157 -1 
              159 156 158 -1 
              160 161 148 -1 
              160 148 159 -1 
              163 164 162 -1 
              165 162 164 -1 
              168 166 167 -1 
              169 166 168 -1 
              170 181 182 -1 
              177 174 172 -1 
              180 181 171 -1 
              172 184 177 -1 
              174 171 172 -1 
              179 176 177 -1 
              175 180 174 -1 
              176 179 175 -1 
              177 185 179 -1 
              177 184 185 -1 
              181 170 171 -1 
              180 171 174 -1 
              179 180 175 -1 
              182 173 170 -1 
              182 172 173 -1 
              184 172 182 -1 
              184 182 183 -1 
              185 178 179 -1 
              188 189 186 -1 
              188 186 187 -1 
              192 193 190 -1 
              192 190 191 -1 
              196 194 195 -1 
              197 194 196 -1 
              203 211 202 -1 
              209 206 200 -1 
              199 210 198 -1 
              200 206 199 -1 
              203 201 198 -1 
              203 198 210 -1 
              204 201 203 -1 
              211 203 210 -1 
              213 201 204 -1 
              209 200 214 -1 
              217 199 206 -1 
              214 215 208 -1 
              209 214 208 -1 
              211 205 202 -1 
              211 212 205 -1 
              213 204 205 -1 
              213 205 212 -1 
              216 207 208 -1 
              213 200 201 -1 
              213 214 200 -1 
              216 206 207 -1 
              217 210 199 -1 
              216 208 215 -1 
              217 206 216 -1 
              220 218 219 -1 
              221 218 220 -1 
              223 224 222 -1 
              225 222 224 -1 
              230 228 229 -1 
              231 228 230 -1 
              233 226 227 -1 
              231 227 228 -1 
              231 232 227 -1 
              233 227 232 -1 
              236 237 234 -1 
              236 234 235 -1 
              240 241 238 -1 
              240 238 239 -1 
              244 245 242 -1 
              244 242 243 -1 
              250 246 247 -1 
              249 247 248 -1 
              250 247 249 -1 
              251 246 250 -1 
              255 246 251 -1 
              253 251 252 -1 
              254 251 253 -1 
              255 251 254 -1 
              258 256 257 -1 
              263 256 258 -1 
              262 259 261 -1 
              261 259 260 -1 
              262 258 259 -1 
              263 258 262 -1 
              266 264 265 -1 
              271 264 266 -1 
              268 269 267 -1 
              270 267 269 -1 
              270 266 267 -1 
              271 266 270 -1 
              274 272 273 -1 
              279 272 274 -1 
              276 277 275 -1 
              278 274 275 -1 
              278 275 277 -1 
              279 274 278 -1 
              282 280 281 -1 
              287 280 282 -1 
              286 282 283 -1 
              285 283 284 -1 
              286 283 285 -1 
              287 282 286 -1 
              292 289 288 -1 
              291 290 289 -1 
              292 288 293 -1 
              292 291 289 -1 
              294 293 288 -1 
              295 294 288 -1 
              298 296 297 -1 
              299 296 298 -1 
              302 300 301 -1 
              308 302 307 -1 
              307 305 306 -1 
              305 303 304 -1 
              307 303 305 -1 
              307 302 303 -1 
              308 300 302 -1 
              313 314 312 -1 
              311 309 310 -1 
              316 309 311 -1 
              315 311 312 -1 
              315 312 314 -1 
              316 311 315 -1 
              317 309 316 -1 
              319 323 318 -1 
              322 320 321 -1 
              323 319 320 -1 
              323 320 322 -1 
              329 326 327 -1 
              328 329 327 -1 
              330 331 325 -1 
              330 325 326 -1 
              329 330 326 -1 
              331 324 325 -1 
              344 332 333 -1 
              345 333 334 -1 
              336 334 335 -1 
              345 334 336 -1 
              344 333 345 -1 
              345 337 338 -1 
              340 338 339 -1 
              345 338 340 -1 
              345 340 341 -1 
              343 341 342 -1 
              345 336 337 -1 
              345 341 343 -1 
              345 343 344 -1 
              353 346 347 -1 
              351 352 349 -1 
              351 349 350 -1 
              352 348 349 -1 
              353 347 348 -1 
              353 348 352 -1 
              358 355 356 -1 
              358 356 357 -1 
              359 354 355 -1 
              359 355 358 -1 
              364 365 360 -1 
              364 361 362 -1 
              364 360 361 -1 
              364 362 363 -1 
              367 360 365 -1 
              367 365 366 -1 
              381 382 380 -1 
              381 369 382 -1 
              382 370 371 -1 
              373 371 372 -1 
              382 371 373 -1 
              382 376 377 -1 
              376 374 375 -1 
              382 374 376 -1 
              382 378 380 -1 
              380 378 379 -1 
              382 377 378 -1 
              381 368 369 -1 
              382 369 370 -1 
              382 373 374 -1 
              391 386 387 -1 
              390 387 388 -1 
              392 385 386 -1 
              390 388 389 -1 
              393 384 385 -1 
              391 387 390 -1 
              392 386 391 -1 
              393 385 392 -1 
              394 384 393 -1 
              395 383 384 -1 
              395 384 394 -1 
              399 397 398 -1 
              419 397 399 -1 
              419 399 400 -1 
              402 400 401 -1 
              405 400 402 -1 
              404 402 403 -1 
              405 402 404 -1 
              407 400 405 -1 
              407 405 406 -1 
              418 400 407 -1 
              415 407 408 -1 
              410 408 409 -1 
              414 408 410 -1 
              412 410 411 -1 
              413 410 412 -1 
              414 410 413 -1 
              415 408 414 -1 
              418 407 415 -1 
              417 415 416 -1 
              418 419 400 -1 
              418 415 417 -1 
              420 396 397 -1 
              420 397 419 -1 
              429 421 422 -1 
              429 422 423 -1 
              428 423 424 -1 
              427 424 425 -1 
              427 425 426 -1 
              428 424 427 -1 
              429 423 428 -1 
              432 433 430 -1 
              432 430 431 -1 
              445 443 444 -1 
              446 435 447 -1 
              447 436 437 -1 
              439 437 438 -1 
              447 437 439 -1 
              447 435 436 -1 
              442 440 441 -1 
              447 440 442 -1 
              447 442 443 -1 
              446 447 445 -1 
              446 434 435 -1 
              447 439 440 -1 
              447 443 445 -1 
              461 448 449 -1 
              461 449 462 -1 
              462 450 451 -1 
              453 451 452 -1 
              462 451 453 -1 
              462 453 454 -1 
              456 454 455 -1 
              462 454 456 -1 
              462 449 450 -1 
              462 457 458 -1 
              460 458 459 -1 
              462 458 460 -1 
              462 456 457 -1 
              462 460 461 -1 
              466 464 463 -1 
              466 465 464 -1 
              468 466 463 -1 
              468 467 466 -1 
              469 468 463 -1 
              488 469 463 -1 
              471 470 469 -1 
              474 471 469 -1 
              473 472 471 -1 
              474 473 471 -1 
              476 474 469 -1 
              476 475 474 -1 
              488 476 469 -1 
              484 477 476 -1 
              479 478 477 -1 
              483 479 477 -1 
              481 480 479 -1 
              482 481 479 -1 
              483 482 479 -1 
              484 483 477 -1 
              488 484 476 -1 
              486 485 484 -1 
              487 486 484 -1 
              488 487 484 -1 
              491 489 490 -1 
              496 489 491 -1 
              495 491 492 -1 
              494 492 493 -1 
              495 492 494 -1 
              496 491 495 -1 
              499 497 498 -1 
              505 500 504 -1 
              504 501 503 -1 
              502 503 501 -1 
              504 500 501 -1 
              505 499 500 -1 
              505 497 499 -1 
              517 506 507 -1 
              510 514 509 -1 
              512 510 511 -1 
              516 508 509 -1 
              513 510 512 -1 
              514 510 513 -1 
              517 507 508 -1 
              515 509 514 -1 
              516 509 515 -1 
              517 508 516 -1 
              520 518 519 -1 
              521 518 520 -1 
              522 518 521 -1 
              523 518 522 -1 
              524 518 523 -1 
              557 518 524 -1 
              557 524 525 -1 
              578 570 577 -1 
              582 578 581 -1 
              585 578 582 -1 
              532 570 531 -1 
              533 570 532 -1 
              534 570 533 -1 
              536 537 589 -1 
              538 589 537 -1 
              566 518 565 -1 
              539 589 538 -1 
              563 561 562 -1 
              563 560 561 -1 
              563 559 560 -1 
              543 588 542 -1 
              544 588 543 -1 
              545 588 544 -1 
              546 588 545 -1 
              557 525 556 -1 
              547 588 546 -1 
              556 527 555 -1 
              587 547 548 -1 
              587 548 549 -1 
              526 556 525 -1 
              551 587 550 -1 
              526 527 556 -1 
              552 587 551 -1 
              554 527 528 -1 
              553 587 552 -1 
              554 586 587 -1 
              554 587 553 -1 
              555 527 554 -1 
              563 518 557 -1 
              563 557 558 -1 
              563 558 559 -1 
              564 518 563 -1 
              565 518 564 -1 
              567 518 566 -1 
              568 518 567 -1 
              569 518 568 -1 
              535 589 534 -1 
              529 530 585 -1 
              589 535 536 -1 
              572 570 571 -1 
              573 570 572 -1 
              577 570 573 -1 
              577 573 574 -1 
              576 574 575 -1 
              577 574 576 -1 
              585 570 578 -1 
              580 578 579 -1 
              581 578 580 -1 
              528 529 586 -1 
              585 530 531 -1 
              584 582 583 -1 
              585 531 570 -1 
              585 582 584 -1 
              586 554 528 -1 
              585 586 529 -1 
              587 549 550 -1 
              588 540 541 -1 
              588 541 542 -1 
              587 588 547 -1 
              588 539 540 -1 
              588 589 539 -1 
              589 570 534 -1 
            ]
          }
        }
      ]
    }
  ]
}
