ISO-10303-21;
HEADER;
FILE_DESCRIPTION(('STEP AP214'),
    '1');
FILE_NAME('1TS009',
    '2022-12-01T17:43:08',
    ('AF'),
    (''),
    'UNSPECIFIED',
    'UNSPECIFIED',
    '');
/*Based on Hon Yuan Precision Ind. Co.,Ltd. 1TS009 datasheet, Rev.B 2015-11-10*/
FILE_SCHEMA(('AUTOMOTIVE_DESIGN { 1 0 10303 214 3 1 1}'));
ENDSEC;

DATA;
#1=SHAPE_REPRESENTATION('NONE',(#2),#6);
#2=AXIS2_PLACEMENT_3D('',#3,#4,#5);
#3=CARTESIAN_POINT('',(0.,0.,0.));
#4=DIRECTION('',(0.,0.,1.));
#5=DIRECTION('',(1.,0.,0.));
#6=(GEOMETRIC_REPRESENTATION_CONTEXT(3)GLOBAL_UNCERTAINTY_ASSIGNED_CONTEXT((#8))
GLOBAL_UNIT_ASSIGNED_CONTEXT((#7,#9,#10))REPRESENTATION_CONTEXT('NONE','NONE'));
#7=(LENGTH_UNIT()NAMED_UNIT(*)SI_UNIT(.MILLI.,.METRE.));
#8=UNCERTAINTY_MEASURE_WITH_UNIT(LENGTH_MEASURE(1.E-005),#7,'NONE','NONE');
#9=(NAMED_UNIT(*)PLANE_ANGLE_UNIT()SI_UNIT($,.RADIAN.));
#10=(NAMED_UNIT(*)SI_UNIT($,.STERADIAN.)SOLID_ANGLE_UNIT());
#11=SHAPE_DEFINITION_REPRESENTATION(#12,#1);
#12=PRODUCT_DEFINITION_SHAPE('NONE','NONE',#13);
#13=PRODUCT_DEFINITION('','UNSPECIFIED',#14,#22);
#14=PRODUCT_DEFINITION_FORMATION_WITH_SPECIFIED_SOURCE('ANY','UNSPECIFIED',#15,.NOT_KNOWN.);
#15=PRODUCT('','1TS009D-XXX0-5000','Based on Hon Yuan Precision Ind. Co.,Ltd. 1TS009 datasheet, Rev.B 2015-11-10',
(#25));
#16=PERSON('UNSPECIFIED','AF','UNSPECIFIED',('UNSPECIFIED'),('UNSPECIFIED'),('UNSPECIFIED'));
#17=ORGANIZATION('UNSPECIFIED','UNSPECIFIED','UNSPECIFIED');
#18=PERSON_AND_ORGANIZATION(#16,#17);
#19=PERSON_AND_ORGANIZATION_ROLE('design_owner');
#20=CC_DESIGN_PERSON_AND_ORGANIZATION_ASSIGNMENT(#18,#19,(#15));
#21=PRODUCT_RELATED_PRODUCT_CATEGORY('assembly','',(#15));
#22=DESIGN_CONTEXT('detailed design',#23,'design');
#23=APPLICATION_CONTEXT('configuration controlled 3d designs of mechanical parts and assemblies');
#24=APPLICATION_PROTOCOL_DEFINITION('international standard','automotive_design',
2011,#23);
#25=PRODUCT_CONTEXT('NONE',#23,'mechanical');
#26=CC_DESIGN_DATE_AND_TIME_ASSIGNMENT(#27,#31,(#13));
#27=DATE_AND_TIME(#28,#29);
#28=CALENDAR_DATE(0,1,1);
#29=LOCAL_TIME(0,0,0.,#30);
#30=COORDINATED_UNIVERSAL_TIME_OFFSET(0,0,.AHEAD.);
#31=DATE_TIME_ROLE('creation_date');
#32=CC_DESIGN_APPROVAL(#33,(#13));
#33=APPROVAL(#34,'UNSPECIFIED');
#34=APPROVAL_STATUS('not_yet_approved');
#35=APPROVAL_DATE_TIME(#36,#33);
#36=DATE_AND_TIME(#37,#38);
#37=CALENDAR_DATE(0,1,1);
#38=LOCAL_TIME(0,0,0.,#39);
#39=COORDINATED_UNIVERSAL_TIME_OFFSET(0,0,.AHEAD.);
#40=DERIVED_UNIT((#44,#41));
#41=DERIVED_UNIT_ELEMENT(#42,-1.);
#42=VOLUME_UNIT(#43);
#43=DIMENSIONAL_EXPONENTS(3.,0.,0.,0.,0.,0.,0.);
#44=(DERIVED_UNIT_ELEMENT($,-1.)NAMED_UNIT($)MASS_UNIT()SI_UNIT($,.GRAM.));
#45=MANIFOLD_SOLID_BREP('',#46);
#46=CLOSED_SHELL('',(#91,#100,#109,#118,#127,#136,#145,#154,#163,#172,#181,#190,
#199,#208,#217,#226,#235,#244,#253,#262,#271,#280,#289,#298,#307,#316,#325,#334,
#343,#352,#361,#370,#379,#388,#397,#406,#415,#424,#433,#442,#451,#460,#469,#478,
#487,#496,#505,#514,#523,#532,#541,#550,#559,#568,#577));
#47=COLOUR_RGB($,0.827450980392157,0.831372549019608,0.835294117647059);
#48=FILL_AREA_STYLE_COLOUR($,#47);
#49=FILL_AREA_STYLE($,(#48));
#50=SURFACE_STYLE_FILL_AREA(#49);
#51=SURFACE_SIDE_STYLE('',(#50));
#52=SURFACE_STYLE_USAGE(.BOTH.,#51);
#53=PRESENTATION_STYLE_ASSIGNMENT((#52));
#54=MECHANICAL_DESIGN_GEOMETRIC_PRESENTATION_REPRESENTATION('NONE',(#55,#65,#75,
#85,#99,#108,#117,#126,#135,#144,#153,#162,#171,#180,#189,#198,#207,#216,#225,#234,
#243,#252,#261,#270,#279,#288,#297,#306,#315,#324,#333,#342,#351,#360,#369,#378,
#387,#396,#405,#414,#423,#432,#441,#450,#459,#468,#477,#486,#495,#504,#513,#522,
#531,#540,#549,#558,#567,#576,#585,#594,#603,#612,#621,#630,#639,#648,#657,#666,
#675,#684,#693,#702,#711,#720,#729,#738,#747,#756,#765,#774,#783,#792,#801,#810,
#819,#828,#837,#846,#855,#864,#873,#882,#891,#900,#909,#918,#927,#936,#945,#954,
#963,#972,#981,#990,#999,#1008,#1017,#1023,#1029),#6);
#55=STYLED_ITEM('',(#53),#45);
#56=MANIFOLD_SOLID_BREP('',#57);
#57=CLOSED_SHELL('',(#586,#595,#604,#613,#622,#631,#640,#649,#658,#667,#676,#685,
#694,#703,#712,#721,#730,#739,#748,#757,#766,#775,#784,#793,#802,#811,#820,#829,
#838,#847,#856,#865));
#58=COLOUR_RGB($,0.827450980392157,0.831372549019608,0.835294117647059);
#59=FILL_AREA_STYLE_COLOUR($,#58);
#60=FILL_AREA_STYLE($,(#59));
#61=SURFACE_STYLE_FILL_AREA(#60);
#62=SURFACE_SIDE_STYLE('',(#61));
#63=SURFACE_STYLE_USAGE(.BOTH.,#62);
#64=PRESENTATION_STYLE_ASSIGNMENT((#63));
#65=STYLED_ITEM('',(#64),#56);
#66=MANIFOLD_SOLID_BREP('',#67);
#67=CLOSED_SHELL('',(#874,#883,#892,#901,#910,#919,#928,#937));
#68=COLOUR_RGB($,0.827450980392157,0.831372549019608,0.835294117647059);
#69=FILL_AREA_STYLE_COLOUR($,#68);
#70=FILL_AREA_STYLE($,(#69));
#71=SURFACE_STYLE_FILL_AREA(#70);
#72=SURFACE_SIDE_STYLE('',(#71));
#73=SURFACE_STYLE_USAGE(.BOTH.,#72);
#74=PRESENTATION_STYLE_ASSIGNMENT((#73));
#75=STYLED_ITEM('',(#74),#66);
#76=MANIFOLD_SOLID_BREP('',#77);
#77=CLOSED_SHELL('',(#946,#955,#964,#973,#982,#991,#1000,#1009));
#78=COLOUR_RGB($,0.827450980392157,0.831372549019608,0.835294117647059);
#79=FILL_AREA_STYLE_COLOUR($,#78);
#80=FILL_AREA_STYLE($,(#79));
#81=SURFACE_STYLE_FILL_AREA(#80);
#82=SURFACE_SIDE_STYLE('',(#81));
#83=SURFACE_STYLE_USAGE(.BOTH.,#82);
#84=PRESENTATION_STYLE_ASSIGNMENT((#83));
#85=STYLED_ITEM('',(#84),#76);
#86=ADVANCED_BREP_SHAPE_REPRESENTATION('NONE',(#45,#56,#66,#76),#6);
#87=SHAPE_REPRESENTATION_RELATIONSHIP('','',#1,#86);
#88=GEOMETRIC_CURVE_SET('',(#1018,#1024));
#89=GEOMETRICALLY_BOUNDED_WIREFRAME_SHAPE_REPRESENTATION('NONE',(#88),#6);
#90=SHAPE_REPRESENTATION_RELATIONSHIP('','',#1,#89);
#91=ADVANCED_FACE('',(#1030),#1032,.T.);
#92=COLOUR_RGB($,0.176470588235294,0.176470588235294,0.196078431372549);
#93=FILL_AREA_STYLE_COLOUR($,#92);
#94=FILL_AREA_STYLE($,(#93));
#95=SURFACE_STYLE_FILL_AREA(#94);
#96=SURFACE_SIDE_STYLE('',(#95));
#97=SURFACE_STYLE_USAGE(.BOTH.,#96);
#98=PRESENTATION_STYLE_ASSIGNMENT((#97));
#99=STYLED_ITEM('',(#98),#91);
#100=ADVANCED_FACE('',(#1037),#1039,.T.);
#101=COLOUR_RGB($,0.176470588235294,0.176470588235294,0.196078431372549);
#102=FILL_AREA_STYLE_COLOUR($,#101);
#103=FILL_AREA_STYLE($,(#102));
#104=SURFACE_STYLE_FILL_AREA(#103);
#105=SURFACE_SIDE_STYLE('',(#104));
#106=SURFACE_STYLE_USAGE(.BOTH.,#105);
#107=PRESENTATION_STYLE_ASSIGNMENT((#106));
#108=STYLED_ITEM('',(#107),#100);
#109=ADVANCED_FACE('',(#1044),#1046,.F.);
#110=COLOUR_RGB($,0.176470588235294,0.176470588235294,0.196078431372549);
#111=FILL_AREA_STYLE_COLOUR($,#110);
#112=FILL_AREA_STYLE($,(#111));
#113=SURFACE_STYLE_FILL_AREA(#112);
#114=SURFACE_SIDE_STYLE('',(#113));
#115=SURFACE_STYLE_USAGE(.BOTH.,#114);
#116=PRESENTATION_STYLE_ASSIGNMENT((#115));
#117=STYLED_ITEM('',(#116),#109);
#118=ADVANCED_FACE('',(#1051),#1053,.F.);
#119=COLOUR_RGB($,0.176470588235294,0.176470588235294,0.196078431372549);
#120=FILL_AREA_STYLE_COLOUR($,#119);
#121=FILL_AREA_STYLE($,(#120));
#122=SURFACE_STYLE_FILL_AREA(#121);
#123=SURFACE_SIDE_STYLE('',(#122));
#124=SURFACE_STYLE_USAGE(.BOTH.,#123);
#125=PRESENTATION_STYLE_ASSIGNMENT((#124));
#126=STYLED_ITEM('',(#125),#118);
#127=ADVANCED_FACE('',(#1058),#1060,.F.);
#128=COLOUR_RGB($,0.176470588235294,0.176470588235294,0.196078431372549);
#129=FILL_AREA_STYLE_COLOUR($,#128);
#130=FILL_AREA_STYLE($,(#129));
#131=SURFACE_STYLE_FILL_AREA(#130);
#132=SURFACE_SIDE_STYLE('',(#131));
#133=SURFACE_STYLE_USAGE(.BOTH.,#132);
#134=PRESENTATION_STYLE_ASSIGNMENT((#133));
#135=STYLED_ITEM('',(#134),#127);
#136=ADVANCED_FACE('',(#1065),#1067,.F.);
#137=COLOUR_RGB($,0.176470588235294,0.176470588235294,0.196078431372549);
#138=FILL_AREA_STYLE_COLOUR($,#137);
#139=FILL_AREA_STYLE($,(#138));
#140=SURFACE_STYLE_FILL_AREA(#139);
#141=SURFACE_SIDE_STYLE('',(#140));
#142=SURFACE_STYLE_USAGE(.BOTH.,#141);
#143=PRESENTATION_STYLE_ASSIGNMENT((#142));
#144=STYLED_ITEM('',(#143),#136);
#145=ADVANCED_FACE('',(#1072),#1074,.F.);
#146=COLOUR_RGB($,0.176470588235294,0.176470588235294,0.196078431372549);
#147=FILL_AREA_STYLE_COLOUR($,#146);
#148=FILL_AREA_STYLE($,(#147));
#149=SURFACE_STYLE_FILL_AREA(#148);
#150=SURFACE_SIDE_STYLE('',(#149));
#151=SURFACE_STYLE_USAGE(.BOTH.,#150);
#152=PRESENTATION_STYLE_ASSIGNMENT((#151));
#153=STYLED_ITEM('',(#152),#145);
#154=ADVANCED_FACE('',(#1079),#1081,.T.);
#155=COLOUR_RGB($,0.176470588235294,0.176470588235294,0.196078431372549);
#156=FILL_AREA_STYLE_COLOUR($,#155);
#157=FILL_AREA_STYLE($,(#156));
#158=SURFACE_STYLE_FILL_AREA(#157);
#159=SURFACE_SIDE_STYLE('',(#158));
#160=SURFACE_STYLE_USAGE(.BOTH.,#159);
#161=PRESENTATION_STYLE_ASSIGNMENT((#160));
#162=STYLED_ITEM('',(#161),#154);
#163=ADVANCED_FACE('',(#1086,#1088),#1090,.T.);
#164=COLOUR_RGB($,0.176470588235294,0.176470588235294,0.196078431372549);
#165=FILL_AREA_STYLE_COLOUR($,#164);
#166=FILL_AREA_STYLE($,(#165));
#167=SURFACE_STYLE_FILL_AREA(#166);
#168=SURFACE_SIDE_STYLE('',(#167));
#169=SURFACE_STYLE_USAGE(.BOTH.,#168);
#170=PRESENTATION_STYLE_ASSIGNMENT((#169));
#171=STYLED_ITEM('',(#170),#163);
#172=ADVANCED_FACE('',(#1095),#1097,.T.);
#173=COLOUR_RGB($,0.176470588235294,0.176470588235294,0.196078431372549);
#174=FILL_AREA_STYLE_COLOUR($,#173);
#175=FILL_AREA_STYLE($,(#174));
#176=SURFACE_STYLE_FILL_AREA(#175);
#177=SURFACE_SIDE_STYLE('',(#176));
#178=SURFACE_STYLE_USAGE(.BOTH.,#177);
#179=PRESENTATION_STYLE_ASSIGNMENT((#178));
#180=STYLED_ITEM('',(#179),#172);
#181=ADVANCED_FACE('',(#1102),#1104,.T.);
#182=COLOUR_RGB($,0.176470588235294,0.176470588235294,0.196078431372549);
#183=FILL_AREA_STYLE_COLOUR($,#182);
#184=FILL_AREA_STYLE($,(#183));
#185=SURFACE_STYLE_FILL_AREA(#184);
#186=SURFACE_SIDE_STYLE('',(#185));
#187=SURFACE_STYLE_USAGE(.BOTH.,#186);
#188=PRESENTATION_STYLE_ASSIGNMENT((#187));
#189=STYLED_ITEM('',(#188),#181);
#190=ADVANCED_FACE('',(#1109),#1111,.T.);
#191=COLOUR_RGB($,0.176470588235294,0.176470588235294,0.196078431372549);
#192=FILL_AREA_STYLE_COLOUR($,#191);
#193=FILL_AREA_STYLE($,(#192));
#194=SURFACE_STYLE_FILL_AREA(#193);
#195=SURFACE_SIDE_STYLE('',(#194));
#196=SURFACE_STYLE_USAGE(.BOTH.,#195);
#197=PRESENTATION_STYLE_ASSIGNMENT((#196));
#198=STYLED_ITEM('',(#197),#190);
#199=ADVANCED_FACE('',(#1116),#1118,.T.);
#200=COLOUR_RGB($,0.176470588235294,0.176470588235294,0.196078431372549);
#201=FILL_AREA_STYLE_COLOUR($,#200);
#202=FILL_AREA_STYLE($,(#201));
#203=SURFACE_STYLE_FILL_AREA(#202);
#204=SURFACE_SIDE_STYLE('',(#203));
#205=SURFACE_STYLE_USAGE(.BOTH.,#204);
#206=PRESENTATION_STYLE_ASSIGNMENT((#205));
#207=STYLED_ITEM('',(#206),#199);
#208=ADVANCED_FACE('',(#1123),#1125,.F.);
#209=COLOUR_RGB($,0.176470588235294,0.176470588235294,0.196078431372549);
#210=FILL_AREA_STYLE_COLOUR($,#209);
#211=FILL_AREA_STYLE($,(#210));
#212=SURFACE_STYLE_FILL_AREA(#211);
#213=SURFACE_SIDE_STYLE('',(#212));
#214=SURFACE_STYLE_USAGE(.BOTH.,#213);
#215=PRESENTATION_STYLE_ASSIGNMENT((#214));
#216=STYLED_ITEM('',(#215),#208);
#217=ADVANCED_FACE('',(#1130),#1132,.F.);
#218=COLOUR_RGB($,0.176470588235294,0.176470588235294,0.196078431372549);
#219=FILL_AREA_STYLE_COLOUR($,#218);
#220=FILL_AREA_STYLE($,(#219));
#221=SURFACE_STYLE_FILL_AREA(#220);
#222=SURFACE_SIDE_STYLE('',(#221));
#223=SURFACE_STYLE_USAGE(.BOTH.,#222);
#224=PRESENTATION_STYLE_ASSIGNMENT((#223));
#225=STYLED_ITEM('',(#224),#217);
#226=ADVANCED_FACE('',(#1137),#1139,.F.);
#227=COLOUR_RGB($,0.176470588235294,0.176470588235294,0.196078431372549);
#228=FILL_AREA_STYLE_COLOUR($,#227);
#229=FILL_AREA_STYLE($,(#228));
#230=SURFACE_STYLE_FILL_AREA(#229);
#231=SURFACE_SIDE_STYLE('',(#230));
#232=SURFACE_STYLE_USAGE(.BOTH.,#231);
#233=PRESENTATION_STYLE_ASSIGNMENT((#232));
#234=STYLED_ITEM('',(#233),#226);
#235=ADVANCED_FACE('',(#1144),#1146,.T.);
#236=COLOUR_RGB($,0.176470588235294,0.176470588235294,0.196078431372549);
#237=FILL_AREA_STYLE_COLOUR($,#236);
#238=FILL_AREA_STYLE($,(#237));
#239=SURFACE_STYLE_FILL_AREA(#238);
#240=SURFACE_SIDE_STYLE('',(#239));
#241=SURFACE_STYLE_USAGE(.BOTH.,#240);
#242=PRESENTATION_STYLE_ASSIGNMENT((#241));
#243=STYLED_ITEM('',(#242),#235);
#244=ADVANCED_FACE('',(#1151),#1153,.F.);
#245=COLOUR_RGB($,0.176470588235294,0.176470588235294,0.196078431372549);
#246=FILL_AREA_STYLE_COLOUR($,#245);
#247=FILL_AREA_STYLE($,(#246));
#248=SURFACE_STYLE_FILL_AREA(#247);
#249=SURFACE_SIDE_STYLE('',(#248));
#250=SURFACE_STYLE_USAGE(.BOTH.,#249);
#251=PRESENTATION_STYLE_ASSIGNMENT((#250));
#252=STYLED_ITEM('',(#251),#244);
#253=ADVANCED_FACE('',(#1158),#1160,.F.);
#254=COLOUR_RGB($,0.176470588235294,0.176470588235294,0.196078431372549);
#255=FILL_AREA_STYLE_COLOUR($,#254);
#256=FILL_AREA_STYLE($,(#255));
#257=SURFACE_STYLE_FILL_AREA(#256);
#258=SURFACE_SIDE_STYLE('',(#257));
#259=SURFACE_STYLE_USAGE(.BOTH.,#258);
#260=PRESENTATION_STYLE_ASSIGNMENT((#259));
#261=STYLED_ITEM('',(#260),#253);
#262=ADVANCED_FACE('',(#1165),#1167,.F.);
#263=COLOUR_RGB($,0.176470588235294,0.176470588235294,0.196078431372549);
#264=FILL_AREA_STYLE_COLOUR($,#263);
#265=FILL_AREA_STYLE($,(#264));
#266=SURFACE_STYLE_FILL_AREA(#265);
#267=SURFACE_SIDE_STYLE('',(#266));
#268=SURFACE_STYLE_USAGE(.BOTH.,#267);
#269=PRESENTATION_STYLE_ASSIGNMENT((#268));
#270=STYLED_ITEM('',(#269),#262);
#271=ADVANCED_FACE('',(#1172),#1174,.F.);
#272=COLOUR_RGB($,0.176470588235294,0.176470588235294,0.196078431372549);
#273=FILL_AREA_STYLE_COLOUR($,#272);
#274=FILL_AREA_STYLE($,(#273));
#275=SURFACE_STYLE_FILL_AREA(#274);
#276=SURFACE_SIDE_STYLE('',(#275));
#277=SURFACE_STYLE_USAGE(.BOTH.,#276);
#278=PRESENTATION_STYLE_ASSIGNMENT((#277));
#279=STYLED_ITEM('',(#278),#271);
#280=ADVANCED_FACE('',(#1179),#1181,.T.);
#281=COLOUR_RGB($,0.176470588235294,0.176470588235294,0.196078431372549);
#282=FILL_AREA_STYLE_COLOUR($,#281);
#283=FILL_AREA_STYLE($,(#282));
#284=SURFACE_STYLE_FILL_AREA(#283);
#285=SURFACE_SIDE_STYLE('',(#284));
#286=SURFACE_STYLE_USAGE(.BOTH.,#285);
#287=PRESENTATION_STYLE_ASSIGNMENT((#286));
#288=STYLED_ITEM('',(#287),#280);
#289=ADVANCED_FACE('',(#1186),#1188,.T.);
#290=COLOUR_RGB($,0.176470588235294,0.176470588235294,0.196078431372549);
#291=FILL_AREA_STYLE_COLOUR($,#290);
#292=FILL_AREA_STYLE($,(#291));
#293=SURFACE_STYLE_FILL_AREA(#292);
#294=SURFACE_SIDE_STYLE('',(#293));
#295=SURFACE_STYLE_USAGE(.BOTH.,#294);
#296=PRESENTATION_STYLE_ASSIGNMENT((#295));
#297=STYLED_ITEM('',(#296),#289);
#298=ADVANCED_FACE('',(#1193),#1195,.T.);
#299=COLOUR_RGB($,0.176470588235294,0.176470588235294,0.196078431372549);
#300=FILL_AREA_STYLE_COLOUR($,#299);
#301=FILL_AREA_STYLE($,(#300));
#302=SURFACE_STYLE_FILL_AREA(#301);
#303=SURFACE_SIDE_STYLE('',(#302));
#304=SURFACE_STYLE_USAGE(.BOTH.,#303);
#305=PRESENTATION_STYLE_ASSIGNMENT((#304));
#306=STYLED_ITEM('',(#305),#298);
#307=ADVANCED_FACE('',(#1200),#1202,.T.);
#308=COLOUR_RGB($,0.176470588235294,0.176470588235294,0.196078431372549);
#309=FILL_AREA_STYLE_COLOUR($,#308);
#310=FILL_AREA_STYLE($,(#309));
#311=SURFACE_STYLE_FILL_AREA(#310);
#312=SURFACE_SIDE_STYLE('',(#311));
#313=SURFACE_STYLE_USAGE(.BOTH.,#312);
#314=PRESENTATION_STYLE_ASSIGNMENT((#313));
#315=STYLED_ITEM('',(#314),#307);
#316=ADVANCED_FACE('',(#1207),#1209,.T.);
#317=COLOUR_RGB($,0.176470588235294,0.176470588235294,0.196078431372549);
#318=FILL_AREA_STYLE_COLOUR($,#317);
#319=FILL_AREA_STYLE($,(#318));
#320=SURFACE_STYLE_FILL_AREA(#319);
#321=SURFACE_SIDE_STYLE('',(#320));
#322=SURFACE_STYLE_USAGE(.BOTH.,#321);
#323=PRESENTATION_STYLE_ASSIGNMENT((#322));
#324=STYLED_ITEM('',(#323),#316);
#325=ADVANCED_FACE('',(#1214),#1216,.F.);
#326=COLOUR_RGB($,0.176470588235294,0.176470588235294,0.196078431372549);
#327=FILL_AREA_STYLE_COLOUR($,#326);
#328=FILL_AREA_STYLE($,(#327));
#329=SURFACE_STYLE_FILL_AREA(#328);
#330=SURFACE_SIDE_STYLE('',(#329));
#331=SURFACE_STYLE_USAGE(.BOTH.,#330);
#332=PRESENTATION_STYLE_ASSIGNMENT((#331));
#333=STYLED_ITEM('',(#332),#325);
#334=ADVANCED_FACE('',(#1221),#1223,.F.);
#335=COLOUR_RGB($,0.176470588235294,0.176470588235294,0.196078431372549);
#336=FILL_AREA_STYLE_COLOUR($,#335);
#337=FILL_AREA_STYLE($,(#336));
#338=SURFACE_STYLE_FILL_AREA(#337);
#339=SURFACE_SIDE_STYLE('',(#338));
#340=SURFACE_STYLE_USAGE(.BOTH.,#339);
#341=PRESENTATION_STYLE_ASSIGNMENT((#340));
#342=STYLED_ITEM('',(#341),#334);
#343=ADVANCED_FACE('',(#1228),#1230,.T.);
#344=COLOUR_RGB($,0.176470588235294,0.176470588235294,0.196078431372549);
#345=FILL_AREA_STYLE_COLOUR($,#344);
#346=FILL_AREA_STYLE($,(#345));
#347=SURFACE_STYLE_FILL_AREA(#346);
#348=SURFACE_SIDE_STYLE('',(#347));
#349=SURFACE_STYLE_USAGE(.BOTH.,#348);
#350=PRESENTATION_STYLE_ASSIGNMENT((#349));
#351=STYLED_ITEM('',(#350),#343);
#352=ADVANCED_FACE('',(#1235),#1237,.T.);
#353=COLOUR_RGB($,0.176470588235294,0.176470588235294,0.196078431372549);
#354=FILL_AREA_STYLE_COLOUR($,#353);
#355=FILL_AREA_STYLE($,(#354));
#356=SURFACE_STYLE_FILL_AREA(#355);
#357=SURFACE_SIDE_STYLE('',(#356));
#358=SURFACE_STYLE_USAGE(.BOTH.,#357);
#359=PRESENTATION_STYLE_ASSIGNMENT((#358));
#360=STYLED_ITEM('',(#359),#352);
#361=ADVANCED_FACE('',(#1242),#1244,.T.);
#362=COLOUR_RGB($,0.176470588235294,0.176470588235294,0.196078431372549);
#363=FILL_AREA_STYLE_COLOUR($,#362);
#364=FILL_AREA_STYLE($,(#363));
#365=SURFACE_STYLE_FILL_AREA(#364);
#366=SURFACE_SIDE_STYLE('',(#365));
#367=SURFACE_STYLE_USAGE(.BOTH.,#366);
#368=PRESENTATION_STYLE_ASSIGNMENT((#367));
#369=STYLED_ITEM('',(#368),#361);
#370=ADVANCED_FACE('',(#1249),#1251,.T.);
#371=COLOUR_RGB($,0.176470588235294,0.176470588235294,0.196078431372549);
#372=FILL_AREA_STYLE_COLOUR($,#371);
#373=FILL_AREA_STYLE($,(#372));
#374=SURFACE_STYLE_FILL_AREA(#373);
#375=SURFACE_SIDE_STYLE('',(#374));
#376=SURFACE_STYLE_USAGE(.BOTH.,#375);
#377=PRESENTATION_STYLE_ASSIGNMENT((#376));
#378=STYLED_ITEM('',(#377),#370);
#379=ADVANCED_FACE('',(#1256),#1258,.F.);
#380=COLOUR_RGB($,0.176470588235294,0.176470588235294,0.196078431372549);
#381=FILL_AREA_STYLE_COLOUR($,#380);
#382=FILL_AREA_STYLE($,(#381));
#383=SURFACE_STYLE_FILL_AREA(#382);
#384=SURFACE_SIDE_STYLE('',(#383));
#385=SURFACE_STYLE_USAGE(.BOTH.,#384);
#386=PRESENTATION_STYLE_ASSIGNMENT((#385));
#387=STYLED_ITEM('',(#386),#379);
#388=ADVANCED_FACE('',(#1263),#1265,.F.);
#389=COLOUR_RGB($,0.176470588235294,0.176470588235294,0.196078431372549);
#390=FILL_AREA_STYLE_COLOUR($,#389);
#391=FILL_AREA_STYLE($,(#390));
#392=SURFACE_STYLE_FILL_AREA(#391);
#393=SURFACE_SIDE_STYLE('',(#392));
#394=SURFACE_STYLE_USAGE(.BOTH.,#393);
#395=PRESENTATION_STYLE_ASSIGNMENT((#394));
#396=STYLED_ITEM('',(#395),#388);
#397=ADVANCED_FACE('',(#1270),#1272,.T.);
#398=COLOUR_RGB($,0.176470588235294,0.176470588235294,0.196078431372549);
#399=FILL_AREA_STYLE_COLOUR($,#398);
#400=FILL_AREA_STYLE($,(#399));
#401=SURFACE_STYLE_FILL_AREA(#400);
#402=SURFACE_SIDE_STYLE('',(#401));
#403=SURFACE_STYLE_USAGE(.BOTH.,#402);
#404=PRESENTATION_STYLE_ASSIGNMENT((#403));
#405=STYLED_ITEM('',(#404),#397);
#406=ADVANCED_FACE('',(#1277),#1279,.T.);
#407=COLOUR_RGB($,0.176470588235294,0.176470588235294,0.196078431372549);
#408=FILL_AREA_STYLE_COLOUR($,#407);
#409=FILL_AREA_STYLE($,(#408));
#410=SURFACE_STYLE_FILL_AREA(#409);
#411=SURFACE_SIDE_STYLE('',(#410));
#412=SURFACE_STYLE_USAGE(.BOTH.,#411);
#413=PRESENTATION_STYLE_ASSIGNMENT((#412));
#414=STYLED_ITEM('',(#413),#406);
#415=ADVANCED_FACE('',(#1284),#1286,.T.);
#416=COLOUR_RGB($,0.176470588235294,0.176470588235294,0.196078431372549);
#417=FILL_AREA_STYLE_COLOUR($,#416);
#418=FILL_AREA_STYLE($,(#417));
#419=SURFACE_STYLE_FILL_AREA(#418);
#420=SURFACE_SIDE_STYLE('',(#419));
#421=SURFACE_STYLE_USAGE(.BOTH.,#420);
#422=PRESENTATION_STYLE_ASSIGNMENT((#421));
#423=STYLED_ITEM('',(#422),#415);
#424=ADVANCED_FACE('',(#1291),#1293,.F.);
#425=COLOUR_RGB($,0.176470588235294,0.176470588235294,0.196078431372549);
#426=FILL_AREA_STYLE_COLOUR($,#425);
#427=FILL_AREA_STYLE($,(#426));
#428=SURFACE_STYLE_FILL_AREA(#427);
#429=SURFACE_SIDE_STYLE('',(#428));
#430=SURFACE_STYLE_USAGE(.BOTH.,#429);
#431=PRESENTATION_STYLE_ASSIGNMENT((#430));
#432=STYLED_ITEM('',(#431),#424);
#433=ADVANCED_FACE('',(#1298),#1300,.F.);
#434=COLOUR_RGB($,0.176470588235294,0.176470588235294,0.196078431372549);
#435=FILL_AREA_STYLE_COLOUR($,#434);
#436=FILL_AREA_STYLE($,(#435));
#437=SURFACE_STYLE_FILL_AREA(#436);
#438=SURFACE_SIDE_STYLE('',(#437));
#439=SURFACE_STYLE_USAGE(.BOTH.,#438);
#440=PRESENTATION_STYLE_ASSIGNMENT((#439));
#441=STYLED_ITEM('',(#440),#433);
#442=ADVANCED_FACE('',(#1305),#1307,.T.);
#443=COLOUR_RGB($,0.176470588235294,0.176470588235294,0.196078431372549);
#444=FILL_AREA_STYLE_COLOUR($,#443);
#445=FILL_AREA_STYLE($,(#444));
#446=SURFACE_STYLE_FILL_AREA(#445);
#447=SURFACE_SIDE_STYLE('',(#446));
#448=SURFACE_STYLE_USAGE(.BOTH.,#447);
#449=PRESENTATION_STYLE_ASSIGNMENT((#448));
#450=STYLED_ITEM('',(#449),#442);
#451=ADVANCED_FACE('',(#1312),#1314,.T.);
#452=COLOUR_RGB($,0.176470588235294,0.176470588235294,0.196078431372549);
#453=FILL_AREA_STYLE_COLOUR($,#452);
#454=FILL_AREA_STYLE($,(#453));
#455=SURFACE_STYLE_FILL_AREA(#454);
#456=SURFACE_SIDE_STYLE('',(#455));
#457=SURFACE_STYLE_USAGE(.BOTH.,#456);
#458=PRESENTATION_STYLE_ASSIGNMENT((#457));
#459=STYLED_ITEM('',(#458),#451);
#460=ADVANCED_FACE('',(#1319),#1321,.T.);
#461=COLOUR_RGB($,0.176470588235294,0.176470588235294,0.196078431372549);
#462=FILL_AREA_STYLE_COLOUR($,#461);
#463=FILL_AREA_STYLE($,(#462));
#464=SURFACE_STYLE_FILL_AREA(#463);
#465=SURFACE_SIDE_STYLE('',(#464));
#466=SURFACE_STYLE_USAGE(.BOTH.,#465);
#467=PRESENTATION_STYLE_ASSIGNMENT((#466));
#468=STYLED_ITEM('',(#467),#460);
#469=ADVANCED_FACE('',(#1326),#1328,.T.);
#470=COLOUR_RGB($,0.176470588235294,0.176470588235294,0.196078431372549);
#471=FILL_AREA_STYLE_COLOUR($,#470);
#472=FILL_AREA_STYLE($,(#471));
#473=SURFACE_STYLE_FILL_AREA(#472);
#474=SURFACE_SIDE_STYLE('',(#473));
#475=SURFACE_STYLE_USAGE(.BOTH.,#474);
#476=PRESENTATION_STYLE_ASSIGNMENT((#475));
#477=STYLED_ITEM('',(#476),#469);
#478=ADVANCED_FACE('',(#1333),#1335,.F.);
#479=COLOUR_RGB($,0.176470588235294,0.176470588235294,0.196078431372549);
#480=FILL_AREA_STYLE_COLOUR($,#479);
#481=FILL_AREA_STYLE($,(#480));
#482=SURFACE_STYLE_FILL_AREA(#481);
#483=SURFACE_SIDE_STYLE('',(#482));
#484=SURFACE_STYLE_USAGE(.BOTH.,#483);
#485=PRESENTATION_STYLE_ASSIGNMENT((#484));
#486=STYLED_ITEM('',(#485),#478);
#487=ADVANCED_FACE('',(#1340),#1342,.T.);
#488=COLOUR_RGB($,0.176470588235294,0.176470588235294,0.196078431372549);
#489=FILL_AREA_STYLE_COLOUR($,#488);
#490=FILL_AREA_STYLE($,(#489));
#491=SURFACE_STYLE_FILL_AREA(#490);
#492=SURFACE_SIDE_STYLE('',(#491));
#493=SURFACE_STYLE_USAGE(.BOTH.,#492);
#494=PRESENTATION_STYLE_ASSIGNMENT((#493));
#495=STYLED_ITEM('',(#494),#487);
#496=ADVANCED_FACE('',(#1347),#1349,.T.);
#497=COLOUR_RGB($,0.176470588235294,0.176470588235294,0.196078431372549);
#498=FILL_AREA_STYLE_COLOUR($,#497);
#499=FILL_AREA_STYLE($,(#498));
#500=SURFACE_STYLE_FILL_AREA(#499);
#501=SURFACE_SIDE_STYLE('',(#500));
#502=SURFACE_STYLE_USAGE(.BOTH.,#501);
#503=PRESENTATION_STYLE_ASSIGNMENT((#502));
#504=STYLED_ITEM('',(#503),#496);
#505=ADVANCED_FACE('',(#1354),#1356,.F.);
#506=COLOUR_RGB($,0.176470588235294,0.176470588235294,0.196078431372549);
#507=FILL_AREA_STYLE_COLOUR($,#506);
#508=FILL_AREA_STYLE($,(#507));
#509=SURFACE_STYLE_FILL_AREA(#508);
#510=SURFACE_SIDE_STYLE('',(#509));
#511=SURFACE_STYLE_USAGE(.BOTH.,#510);
#512=PRESENTATION_STYLE_ASSIGNMENT((#511));
#513=STYLED_ITEM('',(#512),#505);
#514=ADVANCED_FACE('',(#1361),#1363,.F.);
#515=COLOUR_RGB($,0.176470588235294,0.176470588235294,0.196078431372549);
#516=FILL_AREA_STYLE_COLOUR($,#515);
#517=FILL_AREA_STYLE($,(#516));
#518=SURFACE_STYLE_FILL_AREA(#517);
#519=SURFACE_SIDE_STYLE('',(#518));
#520=SURFACE_STYLE_USAGE(.BOTH.,#519);
#521=PRESENTATION_STYLE_ASSIGNMENT((#520));
#522=STYLED_ITEM('',(#521),#514);
#523=ADVANCED_FACE('',(#1368),#1370,.F.);
#524=COLOUR_RGB($,0.176470588235294,0.176470588235294,0.196078431372549);
#525=FILL_AREA_STYLE_COLOUR($,#524);
#526=FILL_AREA_STYLE($,(#525));
#527=SURFACE_STYLE_FILL_AREA(#526);
#528=SURFACE_SIDE_STYLE('',(#527));
#529=SURFACE_STYLE_USAGE(.BOTH.,#528);
#530=PRESENTATION_STYLE_ASSIGNMENT((#529));
#531=STYLED_ITEM('',(#530),#523);
#532=ADVANCED_FACE('',(#1375),#1377,.F.);
#533=COLOUR_RGB($,0.176470588235294,0.176470588235294,0.196078431372549);
#534=FILL_AREA_STYLE_COLOUR($,#533);
#535=FILL_AREA_STYLE($,(#534));
#536=SURFACE_STYLE_FILL_AREA(#535);
#537=SURFACE_SIDE_STYLE('',(#536));
#538=SURFACE_STYLE_USAGE(.BOTH.,#537);
#539=PRESENTATION_STYLE_ASSIGNMENT((#538));
#540=STYLED_ITEM('',(#539),#532);
#541=ADVANCED_FACE('',(#1382),#1384,.F.);
#542=COLOUR_RGB($,0.176470588235294,0.176470588235294,0.196078431372549);
#543=FILL_AREA_STYLE_COLOUR($,#542);
#544=FILL_AREA_STYLE($,(#543));
#545=SURFACE_STYLE_FILL_AREA(#544);
#546=SURFACE_SIDE_STYLE('',(#545));
#547=SURFACE_STYLE_USAGE(.BOTH.,#546);
#548=PRESENTATION_STYLE_ASSIGNMENT((#547));
#549=STYLED_ITEM('',(#548),#541);
#550=ADVANCED_FACE('',(#1389),#1391,.F.);
#551=COLOUR_RGB($,0.176470588235294,0.176470588235294,0.196078431372549);
#552=FILL_AREA_STYLE_COLOUR($,#551);
#553=FILL_AREA_STYLE($,(#552));
#554=SURFACE_STYLE_FILL_AREA(#553);
#555=SURFACE_SIDE_STYLE('',(#554));
#556=SURFACE_STYLE_USAGE(.BOTH.,#555);
#557=PRESENTATION_STYLE_ASSIGNMENT((#556));
#558=STYLED_ITEM('',(#557),#550);
#559=ADVANCED_FACE('',(#1396),#1398,.F.);
#560=COLOUR_RGB($,0.176470588235294,0.176470588235294,0.196078431372549);
#561=FILL_AREA_STYLE_COLOUR($,#560);
#562=FILL_AREA_STYLE($,(#561));
#563=SURFACE_STYLE_FILL_AREA(#562);
#564=SURFACE_SIDE_STYLE('',(#563));
#565=SURFACE_STYLE_USAGE(.BOTH.,#564);
#566=PRESENTATION_STYLE_ASSIGNMENT((#565));
#567=STYLED_ITEM('',(#566),#559);
#568=ADVANCED_FACE('',(#1403),#1405,.F.);
#569=COLOUR_RGB($,0.176470588235294,0.176470588235294,0.196078431372549);
#570=FILL_AREA_STYLE_COLOUR($,#569);
#571=FILL_AREA_STYLE($,(#570));
#572=SURFACE_STYLE_FILL_AREA(#571);
#573=SURFACE_SIDE_STYLE('',(#572));
#574=SURFACE_STYLE_USAGE(.BOTH.,#573);
#575=PRESENTATION_STYLE_ASSIGNMENT((#574));
#576=STYLED_ITEM('',(#575),#568);
#577=ADVANCED_FACE('',(#1410),#1412,.T.);
#578=COLOUR_RGB($,0.176470588235294,0.176470588235294,0.196078431372549);
#579=FILL_AREA_STYLE_COLOUR($,#578);
#580=FILL_AREA_STYLE($,(#579));
#581=SURFACE_STYLE_FILL_AREA(#580);
#582=SURFACE_SIDE_STYLE('',(#581));
#583=SURFACE_STYLE_USAGE(.BOTH.,#582);
#584=PRESENTATION_STYLE_ASSIGNMENT((#583));
#585=STYLED_ITEM('',(#584),#577);
#586=ADVANCED_FACE('',(#1417),#1419,.T.);
#587=COLOUR_RGB($,0.176470588235294,0.176470588235294,0.196078431372549);
#588=FILL_AREA_STYLE_COLOUR($,#587);
#589=FILL_AREA_STYLE($,(#588));
#590=SURFACE_STYLE_FILL_AREA(#589);
#591=SURFACE_SIDE_STYLE('',(#590));
#592=SURFACE_STYLE_USAGE(.BOTH.,#591);
#593=PRESENTATION_STYLE_ASSIGNMENT((#592));
#594=STYLED_ITEM('',(#593),#586);
#595=ADVANCED_FACE('',(#1424),#1426,.T.);
#596=COLOUR_RGB($,0.176470588235294,0.176470588235294,0.196078431372549);
#597=FILL_AREA_STYLE_COLOUR($,#596);
#598=FILL_AREA_STYLE($,(#597));
#599=SURFACE_STYLE_FILL_AREA(#598);
#600=SURFACE_SIDE_STYLE('',(#599));
#601=SURFACE_STYLE_USAGE(.BOTH.,#600);
#602=PRESENTATION_STYLE_ASSIGNMENT((#601));
#603=STYLED_ITEM('',(#602),#595);
#604=ADVANCED_FACE('',(#1431),#1433,.T.);
#605=COLOUR_RGB($,0.176470588235294,0.176470588235294,0.196078431372549);
#606=FILL_AREA_STYLE_COLOUR($,#605);
#607=FILL_AREA_STYLE($,(#606));
#608=SURFACE_STYLE_FILL_AREA(#607);
#609=SURFACE_SIDE_STYLE('',(#608));
#610=SURFACE_STYLE_USAGE(.BOTH.,#609);
#611=PRESENTATION_STYLE_ASSIGNMENT((#610));
#612=STYLED_ITEM('',(#611),#604);
#613=ADVANCED_FACE('',(#1438),#1440,.T.);
#614=COLOUR_RGB($,0.176470588235294,0.176470588235294,0.196078431372549);
#615=FILL_AREA_STYLE_COLOUR($,#614);
#616=FILL_AREA_STYLE($,(#615));
#617=SURFACE_STYLE_FILL_AREA(#616);
#618=SURFACE_SIDE_STYLE('',(#617));
#619=SURFACE_STYLE_USAGE(.BOTH.,#618);
#620=PRESENTATION_STYLE_ASSIGNMENT((#619));
#621=STYLED_ITEM('',(#620),#613);
#622=ADVANCED_FACE('',(#1445,#1447),#1449,.T.);
#623=COLOUR_RGB($,0.176470588235294,0.176470588235294,0.196078431372549);
#624=FILL_AREA_STYLE_COLOUR($,#623);
#625=FILL_AREA_STYLE($,(#624));
#626=SURFACE_STYLE_FILL_AREA(#625);
#627=SURFACE_SIDE_STYLE('',(#626));
#628=SURFACE_STYLE_USAGE(.BOTH.,#627);
#629=PRESENTATION_STYLE_ASSIGNMENT((#628));
#630=STYLED_ITEM('',(#629),#622);
#631=ADVANCED_FACE('',(#1454),#1456,.T.);
#632=COLOUR_RGB($,0.176470588235294,0.176470588235294,0.196078431372549);
#633=FILL_AREA_STYLE_COLOUR($,#632);
#634=FILL_AREA_STYLE($,(#633));
#635=SURFACE_STYLE_FILL_AREA(#634);
#636=SURFACE_SIDE_STYLE('',(#635));
#637=SURFACE_STYLE_USAGE(.BOTH.,#636);
#638=PRESENTATION_STYLE_ASSIGNMENT((#637));
#639=STYLED_ITEM('',(#638),#631);
#640=ADVANCED_FACE('',(#1461),#1463,.T.);
#641=COLOUR_RGB($,0.176470588235294,0.176470588235294,0.196078431372549);
#642=FILL_AREA_STYLE_COLOUR($,#641);
#643=FILL_AREA_STYLE($,(#642));
#644=SURFACE_STYLE_FILL_AREA(#643);
#645=SURFACE_SIDE_STYLE('',(#644));
#646=SURFACE_STYLE_USAGE(.BOTH.,#645);
#647=PRESENTATION_STYLE_ASSIGNMENT((#646));
#648=STYLED_ITEM('',(#647),#640);
#649=ADVANCED_FACE('',(#1468),#1470,.T.);
#650=COLOUR_RGB($,0.176470588235294,0.176470588235294,0.196078431372549);
#651=FILL_AREA_STYLE_COLOUR($,#650);
#652=FILL_AREA_STYLE($,(#651));
#653=SURFACE_STYLE_FILL_AREA(#652);
#654=SURFACE_SIDE_STYLE('',(#653));
#655=SURFACE_STYLE_USAGE(.BOTH.,#654);
#656=PRESENTATION_STYLE_ASSIGNMENT((#655));
#657=STYLED_ITEM('',(#656),#649);
#658=ADVANCED_FACE('',(#1475),#1477,.T.);
#659=COLOUR_RGB($,0.176470588235294,0.176470588235294,0.196078431372549);
#660=FILL_AREA_STYLE_COLOUR($,#659);
#661=FILL_AREA_STYLE($,(#660));
#662=SURFACE_STYLE_FILL_AREA(#661);
#663=SURFACE_SIDE_STYLE('',(#662));
#664=SURFACE_STYLE_USAGE(.BOTH.,#663);
#665=PRESENTATION_STYLE_ASSIGNMENT((#664));
#666=STYLED_ITEM('',(#665),#658);
#667=ADVANCED_FACE('',(#1482),#1484,.T.);
#668=COLOUR_RGB($,0.176470588235294,0.176470588235294,0.196078431372549);
#669=FILL_AREA_STYLE_COLOUR($,#668);
#670=FILL_AREA_STYLE($,(#669));
#671=SURFACE_STYLE_FILL_AREA(#670);
#672=SURFACE_SIDE_STYLE('',(#671));
#673=SURFACE_STYLE_USAGE(.BOTH.,#672);
#674=PRESENTATION_STYLE_ASSIGNMENT((#673));
#675=STYLED_ITEM('',(#674),#667);
#676=ADVANCED_FACE('',(#1497),#1499,.T.);
#677=COLOUR_RGB($,0.176470588235294,0.176470588235294,0.196078431372549);
#678=FILL_AREA_STYLE_COLOUR($,#677);
#679=FILL_AREA_STYLE($,(#678));
#680=SURFACE_STYLE_FILL_AREA(#679);
#681=SURFACE_SIDE_STYLE('',(#680));
#682=SURFACE_STYLE_USAGE(.BOTH.,#681);
#683=PRESENTATION_STYLE_ASSIGNMENT((#682));
#684=STYLED_ITEM('',(#683),#676);
#685=ADVANCED_FACE('',(#1530),#1532,.T.);
#686=COLOUR_RGB($,0.176470588235294,0.176470588235294,0.196078431372549);
#687=FILL_AREA_STYLE_COLOUR($,#686);
#688=FILL_AREA_STYLE($,(#687));
#689=SURFACE_STYLE_FILL_AREA(#688);
#690=SURFACE_SIDE_STYLE('',(#689));
#691=SURFACE_STYLE_USAGE(.BOTH.,#690);
#692=PRESENTATION_STYLE_ASSIGNMENT((#691));
#693=STYLED_ITEM('',(#692),#685);
#694=ADVANCED_FACE('',(#1545),#1547,.T.);
#695=COLOUR_RGB($,0.176470588235294,0.176470588235294,0.196078431372549);
#696=FILL_AREA_STYLE_COLOUR($,#695);
#697=FILL_AREA_STYLE($,(#696));
#698=SURFACE_STYLE_FILL_AREA(#697);
#699=SURFACE_SIDE_STYLE('',(#698));
#700=SURFACE_STYLE_USAGE(.BOTH.,#699);
#701=PRESENTATION_STYLE_ASSIGNMENT((#700));
#702=STYLED_ITEM('',(#701),#694);
#703=ADVANCED_FACE('',(#1578),#1580,.T.);
#704=COLOUR_RGB($,0.176470588235294,0.176470588235294,0.196078431372549);
#705=FILL_AREA_STYLE_COLOUR($,#704);
#706=FILL_AREA_STYLE($,(#705));
#707=SURFACE_STYLE_FILL_AREA(#706);
#708=SURFACE_SIDE_STYLE('',(#707));
#709=SURFACE_STYLE_USAGE(.BOTH.,#708);
#710=PRESENTATION_STYLE_ASSIGNMENT((#709));
#711=STYLED_ITEM('',(#710),#703);
#712=ADVANCED_FACE('',(#1593),#1595,.T.);
#713=COLOUR_RGB($,0.176470588235294,0.176470588235294,0.196078431372549);
#714=FILL_AREA_STYLE_COLOUR($,#713);
#715=FILL_AREA_STYLE($,(#714));
#716=SURFACE_STYLE_FILL_AREA(#715);
#717=SURFACE_SIDE_STYLE('',(#716));
#718=SURFACE_STYLE_USAGE(.BOTH.,#717);
#719=PRESENTATION_STYLE_ASSIGNMENT((#718));
#720=STYLED_ITEM('',(#719),#712);
#721=ADVANCED_FACE('',(#1626),#1628,.T.);
#722=COLOUR_RGB($,0.176470588235294,0.176470588235294,0.196078431372549);
#723=FILL_AREA_STYLE_COLOUR($,#722);
#724=FILL_AREA_STYLE($,(#723));
#725=SURFACE_STYLE_FILL_AREA(#724);
#726=SURFACE_SIDE_STYLE('',(#725));
#727=SURFACE_STYLE_USAGE(.BOTH.,#726);
#728=PRESENTATION_STYLE_ASSIGNMENT((#727));
#729=STYLED_ITEM('',(#728),#721);
#730=ADVANCED_FACE('',(#1641),#1643,.T.);
#731=COLOUR_RGB($,0.176470588235294,0.176470588235294,0.196078431372549);
#732=FILL_AREA_STYLE_COLOUR($,#731);
#733=FILL_AREA_STYLE($,(#732));
#734=SURFACE_STYLE_FILL_AREA(#733);
#735=SURFACE_SIDE_STYLE('',(#734));
#736=SURFACE_STYLE_USAGE(.BOTH.,#735);
#737=PRESENTATION_STYLE_ASSIGNMENT((#736));
#738=STYLED_ITEM('',(#737),#730);
#739=ADVANCED_FACE('',(#1674),#1676,.T.);
#740=COLOUR_RGB($,0.176470588235294,0.176470588235294,0.196078431372549);
#741=FILL_AREA_STYLE_COLOUR($,#740);
#742=FILL_AREA_STYLE($,(#741));
#743=SURFACE_STYLE_FILL_AREA(#742);
#744=SURFACE_SIDE_STYLE('',(#743));
#745=SURFACE_STYLE_USAGE(.BOTH.,#744);
#746=PRESENTATION_STYLE_ASSIGNMENT((#745));
#747=STYLED_ITEM('',(#746),#739);
#748=ADVANCED_FACE('',(#1681),#1683,.F.);
#749=COLOUR_RGB($,0.176470588235294,0.176470588235294,0.196078431372549);
#750=FILL_AREA_STYLE_COLOUR($,#749);
#751=FILL_AREA_STYLE($,(#750));
#752=SURFACE_STYLE_FILL_AREA(#751);
#753=SURFACE_SIDE_STYLE('',(#752));
#754=SURFACE_STYLE_USAGE(.BOTH.,#753);
#755=PRESENTATION_STYLE_ASSIGNMENT((#754));
#756=STYLED_ITEM('',(#755),#748);
#757=ADVANCED_FACE('',(#1688),#1690,.T.);
#758=COLOUR_RGB($,0.176470588235294,0.176470588235294,0.196078431372549);
#759=FILL_AREA_STYLE_COLOUR($,#758);
#760=FILL_AREA_STYLE($,(#759));
#761=SURFACE_STYLE_FILL_AREA(#760);
#762=SURFACE_SIDE_STYLE('',(#761));
#763=SURFACE_STYLE_USAGE(.BOTH.,#762);
#764=PRESENTATION_STYLE_ASSIGNMENT((#763));
#765=STYLED_ITEM('',(#764),#757);
#766=ADVANCED_FACE('',(#1695),#1697,.T.);
#767=COLOUR_RGB($,0.176470588235294,0.176470588235294,0.196078431372549);
#768=FILL_AREA_STYLE_COLOUR($,#767);
#769=FILL_AREA_STYLE($,(#768));
#770=SURFACE_STYLE_FILL_AREA(#769);
#771=SURFACE_SIDE_STYLE('',(#770));
#772=SURFACE_STYLE_USAGE(.BOTH.,#771);
#773=PRESENTATION_STYLE_ASSIGNMENT((#772));
#774=STYLED_ITEM('',(#773),#766);
#775=ADVANCED_FACE('',(#1702),#1704,.T.);
#776=COLOUR_RGB($,0.176470588235294,0.176470588235294,0.196078431372549);
#777=FILL_AREA_STYLE_COLOUR($,#776);
#778=FILL_AREA_STYLE($,(#777));
#779=SURFACE_STYLE_FILL_AREA(#778);
#780=SURFACE_SIDE_STYLE('',(#779));
#781=SURFACE_STYLE_USAGE(.BOTH.,#780);
#782=PRESENTATION_STYLE_ASSIGNMENT((#781));
#783=STYLED_ITEM('',(#782),#775);
#784=ADVANCED_FACE('',(#1709),#1711,.T.);
#785=COLOUR_RGB($,0.176470588235294,0.176470588235294,0.196078431372549);
#786=FILL_AREA_STYLE_COLOUR($,#785);
#787=FILL_AREA_STYLE($,(#786));
#788=SURFACE_STYLE_FILL_AREA(#787);
#789=SURFACE_SIDE_STYLE('',(#788));
#790=SURFACE_STYLE_USAGE(.BOTH.,#789);
#791=PRESENTATION_STYLE_ASSIGNMENT((#790));
#792=STYLED_ITEM('',(#791),#784);
#793=ADVANCED_FACE('',(#1716),#1718,.T.);
#794=COLOUR_RGB($,0.176470588235294,0.176470588235294,0.196078431372549);
#795=FILL_AREA_STYLE_COLOUR($,#794);
#796=FILL_AREA_STYLE($,(#795));
#797=SURFACE_STYLE_FILL_AREA(#796);
#798=SURFACE_SIDE_STYLE('',(#797));
#799=SURFACE_STYLE_USAGE(.BOTH.,#798);
#800=PRESENTATION_STYLE_ASSIGNMENT((#799));
#801=STYLED_ITEM('',(#800),#793);
#802=ADVANCED_FACE('',(#1723),#1725,.T.);
#803=COLOUR_RGB($,0.176470588235294,0.176470588235294,0.196078431372549);
#804=FILL_AREA_STYLE_COLOUR($,#803);
#805=FILL_AREA_STYLE($,(#804));
#806=SURFACE_STYLE_FILL_AREA(#805);
#807=SURFACE_SIDE_STYLE('',(#806));
#808=SURFACE_STYLE_USAGE(.BOTH.,#807);
#809=PRESENTATION_STYLE_ASSIGNMENT((#808));
#810=STYLED_ITEM('',(#809),#802);
#811=ADVANCED_FACE('',(#1730),#1732,.T.);
#812=COLOUR_RGB($,0.176470588235294,0.176470588235294,0.196078431372549);
#813=FILL_AREA_STYLE_COLOUR($,#812);
#814=FILL_AREA_STYLE($,(#813));
#815=SURFACE_STYLE_FILL_AREA(#814);
#816=SURFACE_SIDE_STYLE('',(#815));
#817=SURFACE_STYLE_USAGE(.BOTH.,#816);
#818=PRESENTATION_STYLE_ASSIGNMENT((#817));
#819=STYLED_ITEM('',(#818),#811);
#820=ADVANCED_FACE('',(#1737),#1739,.T.);
#821=COLOUR_RGB($,0.176470588235294,0.176470588235294,0.196078431372549);
#822=FILL_AREA_STYLE_COLOUR($,#821);
#823=FILL_AREA_STYLE($,(#822));
#824=SURFACE_STYLE_FILL_AREA(#823);
#825=SURFACE_SIDE_STYLE('',(#824));
#826=SURFACE_STYLE_USAGE(.BOTH.,#825);
#827=PRESENTATION_STYLE_ASSIGNMENT((#826));
#828=STYLED_ITEM('',(#827),#820);
#829=ADVANCED_FACE('',(#1744),#1746,.T.);
#830=COLOUR_RGB($,0.176470588235294,0.176470588235294,0.196078431372549);
#831=FILL_AREA_STYLE_COLOUR($,#830);
#832=FILL_AREA_STYLE($,(#831));
#833=SURFACE_STYLE_FILL_AREA(#832);
#834=SURFACE_SIDE_STYLE('',(#833));
#835=SURFACE_STYLE_USAGE(.BOTH.,#834);
#836=PRESENTATION_STYLE_ASSIGNMENT((#835));
#837=STYLED_ITEM('',(#836),#829);
#838=ADVANCED_FACE('',(#1751),#1753,.T.);
#839=COLOUR_RGB($,0.176470588235294,0.176470588235294,0.196078431372549);
#840=FILL_AREA_STYLE_COLOUR($,#839);
#841=FILL_AREA_STYLE($,(#840));
#842=SURFACE_STYLE_FILL_AREA(#841);
#843=SURFACE_SIDE_STYLE('',(#842));
#844=SURFACE_STYLE_USAGE(.BOTH.,#843);
#845=PRESENTATION_STYLE_ASSIGNMENT((#844));
#846=STYLED_ITEM('',(#845),#838);
#847=ADVANCED_FACE('',(#1758),#1760,.T.);
#848=COLOUR_RGB($,0.176470588235294,0.176470588235294,0.196078431372549);
#849=FILL_AREA_STYLE_COLOUR($,#848);
#850=FILL_AREA_STYLE($,(#849));
#851=SURFACE_STYLE_FILL_AREA(#850);
#852=SURFACE_SIDE_STYLE('',(#851));
#853=SURFACE_STYLE_USAGE(.BOTH.,#852);
#854=PRESENTATION_STYLE_ASSIGNMENT((#853));
#855=STYLED_ITEM('',(#854),#847);
#856=ADVANCED_FACE('',(#1765),#1767,.T.);
#857=COLOUR_RGB($,0.176470588235294,0.176470588235294,0.196078431372549);
#858=FILL_AREA_STYLE_COLOUR($,#857);
#859=FILL_AREA_STYLE($,(#858));
#860=SURFACE_STYLE_FILL_AREA(#859);
#861=SURFACE_SIDE_STYLE('',(#860));
#862=SURFACE_STYLE_USAGE(.BOTH.,#861);
#863=PRESENTATION_STYLE_ASSIGNMENT((#862));
#864=STYLED_ITEM('',(#863),#856);
#865=ADVANCED_FACE('',(#1772,#1774),#1776,.T.);
#866=COLOUR_RGB($,0.176470588235294,0.176470588235294,0.196078431372549);
#867=FILL_AREA_STYLE_COLOUR($,#866);
#868=FILL_AREA_STYLE($,(#867));
#869=SURFACE_STYLE_FILL_AREA(#868);
#870=SURFACE_SIDE_STYLE('',(#869));
#871=SURFACE_STYLE_USAGE(.BOTH.,#870);
#872=PRESENTATION_STYLE_ASSIGNMENT((#871));
#873=STYLED_ITEM('',(#872),#865);
#874=ADVANCED_FACE('',(#1781),#1783,.T.);
#875=COLOUR_RGB($,0.827450980392157,0.831372549019608,0.835294117647059);
#876=FILL_AREA_STYLE_COLOUR($,#875);
#877=FILL_AREA_STYLE($,(#876));
#878=SURFACE_STYLE_FILL_AREA(#877);
#879=SURFACE_SIDE_STYLE('',(#878));
#880=SURFACE_STYLE_USAGE(.BOTH.,#879);
#881=PRESENTATION_STYLE_ASSIGNMENT((#880));
#882=STYLED_ITEM('',(#881),#874);
#883=ADVANCED_FACE('',(#1788),#1790,.T.);
#884=COLOUR_RGB($,0.827450980392157,0.831372549019608,0.835294117647059);
#885=FILL_AREA_STYLE_COLOUR($,#884);
#886=FILL_AREA_STYLE($,(#885));
#887=SURFACE_STYLE_FILL_AREA(#886);
#888=SURFACE_SIDE_STYLE('',(#887));
#889=SURFACE_STYLE_USAGE(.BOTH.,#888);
#890=PRESENTATION_STYLE_ASSIGNMENT((#889));
#891=STYLED_ITEM('',(#890),#883);
#892=ADVANCED_FACE('',(#1795),#1797,.T.);
#893=COLOUR_RGB($,0.827450980392157,0.831372549019608,0.835294117647059);
#894=FILL_AREA_STYLE_COLOUR($,#893);
#895=FILL_AREA_STYLE($,(#894));
#896=SURFACE_STYLE_FILL_AREA(#895);
#897=SURFACE_SIDE_STYLE('',(#896));
#898=SURFACE_STYLE_USAGE(.BOTH.,#897);
#899=PRESENTATION_STYLE_ASSIGNMENT((#898));
#900=STYLED_ITEM('',(#899),#892);
#901=ADVANCED_FACE('',(#1802),#1804,.T.);
#902=COLOUR_RGB($,0.827450980392157,0.831372549019608,0.835294117647059);
#903=FILL_AREA_STYLE_COLOUR($,#902);
#904=FILL_AREA_STYLE($,(#903));
#905=SURFACE_STYLE_FILL_AREA(#904);
#906=SURFACE_SIDE_STYLE('',(#905));
#907=SURFACE_STYLE_USAGE(.BOTH.,#906);
#908=PRESENTATION_STYLE_ASSIGNMENT((#907));
#909=STYLED_ITEM('',(#908),#901);
#910=ADVANCED_FACE('',(#1809),#1811,.F.);
#911=COLOUR_RGB($,0.827450980392157,0.831372549019608,0.835294117647059);
#912=FILL_AREA_STYLE_COLOUR($,#911);
#913=FILL_AREA_STYLE($,(#912));
#914=SURFACE_STYLE_FILL_AREA(#913);
#915=SURFACE_SIDE_STYLE('',(#914));
#916=SURFACE_STYLE_USAGE(.BOTH.,#915);
#917=PRESENTATION_STYLE_ASSIGNMENT((#916));
#918=STYLED_ITEM('',(#917),#910);
#919=ADVANCED_FACE('',(#1816),#1818,.T.);
#920=COLOUR_RGB($,0.827450980392157,0.831372549019608,0.835294117647059);
#921=FILL_AREA_STYLE_COLOUR($,#920);
#922=FILL_AREA_STYLE($,(#921));
#923=SURFACE_STYLE_FILL_AREA(#922);
#924=SURFACE_SIDE_STYLE('',(#923));
#925=SURFACE_STYLE_USAGE(.BOTH.,#924);
#926=PRESENTATION_STYLE_ASSIGNMENT((#925));
#927=STYLED_ITEM('',(#926),#919);
#928=ADVANCED_FACE('',(#1823),#1825,.T.);
#929=COLOUR_RGB($,0.827450980392157,0.831372549019608,0.835294117647059);
#930=FILL_AREA_STYLE_COLOUR($,#929);
#931=FILL_AREA_STYLE($,(#930));
#932=SURFACE_STYLE_FILL_AREA(#931);
#933=SURFACE_SIDE_STYLE('',(#932));
#934=SURFACE_STYLE_USAGE(.BOTH.,#933);
#935=PRESENTATION_STYLE_ASSIGNMENT((#934));
#936=STYLED_ITEM('',(#935),#928);
#937=ADVANCED_FACE('',(#1830),#1832,.F.);
#938=COLOUR_RGB($,0.827450980392157,0.831372549019608,0.835294117647059);
#939=FILL_AREA_STYLE_COLOUR($,#938);
#940=FILL_AREA_STYLE($,(#939));
#941=SURFACE_STYLE_FILL_AREA(#940);
#942=SURFACE_SIDE_STYLE('',(#941));
#943=SURFACE_STYLE_USAGE(.BOTH.,#942);
#944=PRESENTATION_STYLE_ASSIGNMENT((#943));
#945=STYLED_ITEM('',(#944),#937);
#946=ADVANCED_FACE('',(#1837),#1839,.T.);
#947=COLOUR_RGB($,0.827450980392157,0.831372549019608,0.835294117647059);
#948=FILL_AREA_STYLE_COLOUR($,#947);
#949=FILL_AREA_STYLE($,(#948));
#950=SURFACE_STYLE_FILL_AREA(#949);
#951=SURFACE_SIDE_STYLE('',(#950));
#952=SURFACE_STYLE_USAGE(.BOTH.,#951);
#953=PRESENTATION_STYLE_ASSIGNMENT((#952));
#954=STYLED_ITEM('',(#953),#946);
#955=ADVANCED_FACE('',(#1844),#1846,.T.);
#956=COLOUR_RGB($,0.827450980392157,0.831372549019608,0.835294117647059);
#957=FILL_AREA_STYLE_COLOUR($,#956);
#958=FILL_AREA_STYLE($,(#957));
#959=SURFACE_STYLE_FILL_AREA(#958);
#960=SURFACE_SIDE_STYLE('',(#959));
#961=SURFACE_STYLE_USAGE(.BOTH.,#960);
#962=PRESENTATION_STYLE_ASSIGNMENT((#961));
#963=STYLED_ITEM('',(#962),#955);
#964=ADVANCED_FACE('',(#1851),#1853,.T.);
#965=COLOUR_RGB($,0.827450980392157,0.831372549019608,0.835294117647059);
#966=FILL_AREA_STYLE_COLOUR($,#965);
#967=FILL_AREA_STYLE($,(#966));
#968=SURFACE_STYLE_FILL_AREA(#967);
#969=SURFACE_SIDE_STYLE('',(#968));
#970=SURFACE_STYLE_USAGE(.BOTH.,#969);
#971=PRESENTATION_STYLE_ASSIGNMENT((#970));
#972=STYLED_ITEM('',(#971),#964);
#973=ADVANCED_FACE('',(#1858),#1860,.T.);
#974=COLOUR_RGB($,0.827450980392157,0.831372549019608,0.835294117647059);
#975=FILL_AREA_STYLE_COLOUR($,#974);
#976=FILL_AREA_STYLE($,(#975));
#977=SURFACE_STYLE_FILL_AREA(#976);
#978=SURFACE_SIDE_STYLE('',(#977));
#979=SURFACE_STYLE_USAGE(.BOTH.,#978);
#980=PRESENTATION_STYLE_ASSIGNMENT((#979));
#981=STYLED_ITEM('',(#980),#973);
#982=ADVANCED_FACE('',(#1865),#1867,.F.);
#983=COLOUR_RGB($,0.827450980392157,0.831372549019608,0.835294117647059);
#984=FILL_AREA_STYLE_COLOUR($,#983);
#985=FILL_AREA_STYLE($,(#984));
#986=SURFACE_STYLE_FILL_AREA(#985);
#987=SURFACE_SIDE_STYLE('',(#986));
#988=SURFACE_STYLE_USAGE(.BOTH.,#987);
#989=PRESENTATION_STYLE_ASSIGNMENT((#988));
#990=STYLED_ITEM('',(#989),#982);
#991=ADVANCED_FACE('',(#1872),#1874,.T.);
#992=COLOUR_RGB($,0.827450980392157,0.831372549019608,0.835294117647059);
#993=FILL_AREA_STYLE_COLOUR($,#992);
#994=FILL_AREA_STYLE($,(#993));
#995=SURFACE_STYLE_FILL_AREA(#994);
#996=SURFACE_SIDE_STYLE('',(#995));
#997=SURFACE_STYLE_USAGE(.BOTH.,#996);
#998=PRESENTATION_STYLE_ASSIGNMENT((#997));
#999=STYLED_ITEM('',(#998),#991);
#1000=ADVANCED_FACE('',(#1879),#1881,.T.);
#1001=COLOUR_RGB($,0.827450980392157,0.831372549019608,0.835294117647059);
#1002=FILL_AREA_STYLE_COLOUR($,#1001);
#1003=FILL_AREA_STYLE($,(#1002));
#1004=SURFACE_STYLE_FILL_AREA(#1003);
#1005=SURFACE_SIDE_STYLE('',(#1004));
#1006=SURFACE_STYLE_USAGE(.BOTH.,#1005);
#1007=PRESENTATION_STYLE_ASSIGNMENT((#1006));
#1008=STYLED_ITEM('',(#1007),#1000);
#1009=ADVANCED_FACE('',(#1886),#1888,.F.);
#1010=COLOUR_RGB($,0.827450980392157,0.831372549019608,0.835294117647059);
#1011=FILL_AREA_STYLE_COLOUR($,#1010);
#1012=FILL_AREA_STYLE($,(#1011));
#1013=SURFACE_STYLE_FILL_AREA(#1012);
#1014=SURFACE_SIDE_STYLE('',(#1013));
#1015=SURFACE_STYLE_USAGE(.BOTH.,#1014);
#1016=PRESENTATION_STYLE_ASSIGNMENT((#1015));
#1017=STYLED_ITEM('',(#1016),#1009);
#1018=COMPOSITE_CURVE('',(#1893,#1894,#1895,#1896),.F.);
#1019=COLOUR_RGB($,0.392156862745098,0.588235294117647,1.);
#1020=PRESENTATION_STYLE_ASSIGNMENT((#1021));
#1021=CURVE_STYLE($,#1022,POSITIVE_LENGTH_MEASURE(0.1),#1019);
#1022=PRE_DEFINED_CURVE_FONT('continuous');
#1023=STYLED_ITEM('',(#1020),#1018);
#1024=COMPOSITE_CURVE('',(#1897,#1898,#1899,#1900),.F.);
#1025=COLOUR_RGB($,0.392156862745098,0.588235294117647,1.);
#1026=PRESENTATION_STYLE_ASSIGNMENT((#1027));
#1027=CURVE_STYLE($,#1028,POSITIVE_LENGTH_MEASURE(0.1),#1025);
#1028=PRE_DEFINED_CURVE_FONT('continuous');
#1029=STYLED_ITEM('',(#1026),#1024);
#1030=FACE_BOUND('',#1031,.T.);
#1031=EDGE_LOOP('',(#1901,#1902,#1903,#1904,#1905,#1906,#1907,#1908));
#1032=PLANE('',#1033);
#1033=AXIS2_PLACEMENT_3D('',#1034,#1035,#1036);
#1034=CARTESIAN_POINT('',(-3.00000000000001,2.00000000000002,0.));
#1035=DIRECTION('',(-1.,5.27355936696945E-014,0.));
#1036=DIRECTION('',(-5.27355936696945E-014,-1.,0.));
#1037=FACE_BOUND('',#1038,.T.);
#1038=EDGE_LOOP('',(#1909,#1910,#1911,#1912,#1913,#1914,#1915,#1916));
#1039=PLANE('',#1040);
#1040=AXIS2_PLACEMENT_3D('',#1041,#1042,#1043);
#1041=CARTESIAN_POINT('',(2.99999999999978,-2.00000000000004,0.));
#1042=DIRECTION('',(1.,-5.18474152499943E-014,0.));
#1043=DIRECTION('',(5.18474152499943E-014,1.,0.));
#1044=FACE_BOUND('',#1045,.T.);
#1045=EDGE_LOOP('',(#1917,#1918,#1919,#1920,#1921,#1922,#1923,#1924,#1925,#1926));
#1046=PLANE('',#1047);
#1047=AXIS2_PLACEMENT_3D('',#1048,#1049,#1050);
#1048=CARTESIAN_POINT('',(0.,0.,0.));
#1049=DIRECTION('',(0.,0.,1.));
#1050=DIRECTION('',(1.,0.,0.));
#1051=FACE_BOUND('',#1052,.T.);
#1052=EDGE_LOOP('',(#1927,#1928,#1929,#1930,#1931,#1932,#1933,#1934,#1935,#1936));
#1053=PLANE('',#1054);
#1054=AXIS2_PLACEMENT_3D('',#1055,#1056,#1057);
#1055=CARTESIAN_POINT('',(0.,0.,0.));
#1056=DIRECTION('',(0.,0.,1.));
#1057=DIRECTION('',(1.,0.,0.));
#1058=FACE_BOUND('',#1059,.T.);
#1059=EDGE_LOOP('',(#1937,#1938,#1939,#1940));
#1060=PLANE('',#1061);
#1061=AXIS2_PLACEMENT_3D('',#1062,#1063,#1064);
#1062=CARTESIAN_POINT('',(2.99999999999998,-1.27500000016664,3.1814763617972E-026));
#1063=DIRECTION('',(0.,-0.707106781223678,0.707106781149417));
#1064=DIRECTION('',(0.,0.707106781149417,0.707106781223678));
#1065=FACE_BOUND('',#1066,.T.);
#1066=EDGE_LOOP('',(#1941,#1942,#1943,#1944));
#1067=PLANE('',#1068);
#1068=AXIS2_PLACEMENT_3D('',#1069,#1070,#1071);
#1069=CARTESIAN_POINT('',(2.99999999999998,1.12500000011595,0.15));
#1070=DIRECTION('',(0.,0.707106781067065,0.70710678130603));
#1071=DIRECTION('',(0.,0.70710678130603,-0.707106781067065));
#1072=FACE_BOUND('',#1073,.T.);
#1073=EDGE_LOOP('',(#1945,#1946,#1947,#1948));
#1074=PLANE('',#1075);
#1075=AXIS2_PLACEMENT_3D('',#1076,#1077,#1078);
#1076=CARTESIAN_POINT('',(2.99999999999998,-1.12500000011595,0.150000000066445));
#1077=DIRECTION('',(0.,2.95313279972277E-011,1.));
#1078=DIRECTION('',(0.,1.,-2.95313279972277E-011));
#1079=FACE_BOUND('',#1080,.T.);
#1080=EDGE_LOOP('',(#1949,#1950,#1951,#1952));
#1081=PLANE('',#1082);
#1082=AXIS2_PLACEMENT_3D('',#1083,#1084,#1085);
#1083=CARTESIAN_POINT('',(-3.00000000000022,-2.00000000000002,0.));
#1084=DIRECTION('',(-0.707106781186552,-0.707106781186543,0.));
#1085=DIRECTION('',(0.707106781186543,-0.707106781186552,0.));
#1086=FACE_BOUND('',#1087,.T.);
#1087=EDGE_LOOP('',(#1953,#1954,#1955,#1956,#1957,#1958,#1959,#1960));
#1088=FACE_BOUND('',#1089,.T.);
#1089=EDGE_LOOP('',(#1961,#1962,#1963,#1964,#1965,#1966,#1967,#1968,#1969,#1970,
#1971,#1972,#1973,#1974,#1975,#1976,#1977,#1978,#1979,#1980,#1981,#1982,#1983,#1984));
#1090=PLANE('',#1091);
#1091=AXIS2_PLACEMENT_3D('',#1092,#1093,#1094);
#1092=CARTESIAN_POINT('',(0.,0.,3.5));
#1093=DIRECTION('',(0.,0.,1.));
#1094=DIRECTION('',(1.,0.,0.));
#1095=FACE_BOUND('',#1096,.T.);
#1096=EDGE_LOOP('',(#1985,#1986,#1987,#1988));
#1097=PLANE('',#1098);
#1098=AXIS2_PLACEMENT_3D('',#1099,#1100,#1101);
#1099=CARTESIAN_POINT('',(-2.,2.99999999999999,0.));
#1100=DIRECTION('',(-0.707106781186536,0.707106781186559,0.));
#1101=DIRECTION('',(-0.707106781186559,-0.707106781186536,0.));
#1102=FACE_BOUND('',#1103,.T.);
#1103=EDGE_LOOP('',(#1989,#1990,#1991,#1992));
#1104=PLANE('',#1105);
#1105=AXIS2_PLACEMENT_3D('',#1106,#1107,#1108);
#1106=CARTESIAN_POINT('',(2.99999999999998,2.,0.));
#1107=DIRECTION('',(0.707106781186552,0.707106781186543,-0.));
#1108=DIRECTION('',(-0.707106781186543,0.707106781186552,0.));
#1109=FACE_BOUND('',#1110,.T.);
#1110=EDGE_LOOP('',(#1993,#1994,#1995,#1996));
#1111=PLANE('',#1112);
#1112=AXIS2_PLACEMENT_3D('',#1113,#1114,#1115);
#1113=CARTESIAN_POINT('',(1.99999999999975,-3.00000000000004,0.));
#1114=DIRECTION('',(0.707106781186538,-0.707106781186557,0.));
#1115=DIRECTION('',(0.707106781186557,0.707106781186538,0.));
#1116=FACE_BOUND('',#1117,.T.);
#1117=EDGE_LOOP('',(#1997,#1998,#1999,#2000,#2001,#2002,#2003,#2004));
#1118=PLANE('',#1119);
#1119=AXIS2_PLACEMENT_3D('',#1120,#1121,#1122);
#1120=CARTESIAN_POINT('',(2.,3.,0.));
#1121=DIRECTION('',(-8.88178419700125E-016,1.,0.));
#1122=DIRECTION('',(-1.,-8.88178419700125E-016,0.));
#1123=FACE_BOUND('',#1124,.T.);
#1124=EDGE_LOOP('',(#2005,#2006,#2007,#2008));
#1125=PLANE('',#1126);
#1126=AXIS2_PLACEMENT_3D('',#1127,#1128,#1129);
#1127=CARTESIAN_POINT('',(-0.7,4.,0.2));
#1128=DIRECTION('',(1.,2.36547623594082E-012,-0.));
#1129=DIRECTION('',(2.36547623594082E-012,-1.,0.));
#1130=FACE_BOUND('',#1131,.T.);
#1131=EDGE_LOOP('',(#2009,#2010,#2011,#2012));
#1132=PLANE('',#1133);
#1133=AXIS2_PLACEMENT_3D('',#1134,#1135,#1136);
#1134=CARTESIAN_POINT('',(-0.700000000006673,2.09999999998052,0.2));
#1135=DIRECTION('',(-1.3912046118156E-011,1.,-0.));
#1136=DIRECTION('',(1.,1.3912046118156E-011,0.));
#1137=FACE_BOUND('',#1138,.T.);
#1138=EDGE_LOOP('',(#2013,#2014,#2015,#2016));
#1139=PLANE('',#1140);
#1140=AXIS2_PLACEMENT_3D('',#1141,#1142,#1143);
#1141=CARTESIAN_POINT('',(0.700000000004495,2.1,0.2));
#1142=DIRECTION('',(-1.,-2.36547623594082E-012,-0.));
#1143=DIRECTION('',(-2.36547623594082E-012,1.,0.));
#1144=FACE_BOUND('',#1145,.T.);
#1145=EDGE_LOOP('',(#2017,#2018,#2019,#2020,#2021,#2022,#2023,#2024));
#1146=PLANE('',#1147);
#1147=AXIS2_PLACEMENT_3D('',#1148,#1149,#1150);
#1148=CARTESIAN_POINT('',(-2.00000000000024,-3.00000000000001,0.));
#1149=DIRECTION('',(-7.10542735760101E-015,-1.,0.));
#1150=DIRECTION('',(1.,-7.10542735760101E-015,0.));
#1151=FACE_BOUND('',#1152,.T.);
#1152=EDGE_LOOP('',(#2025,#2026,#2027,#2028));
#1153=PLANE('',#1154);
#1154=AXIS2_PLACEMENT_3D('',#1155,#1156,#1157);
#1155=CARTESIAN_POINT('',(0.700000000004495,-2.1,0.2));
#1156=DIRECTION('',(1.,-2.36547623594082E-012,0.));
#1157=DIRECTION('',(-2.36547623594082E-012,-1.,0.));
#1158=FACE_BOUND('',#1159,.T.);
#1159=EDGE_LOOP('',(#2029,#2030,#2031,#2032));
#1160=PLANE('',#1161);
#1161=AXIS2_PLACEMENT_3D('',#1162,#1163,#1164);
#1162=CARTESIAN_POINT('',(-0.700000000006673,-2.09999999998052,0.2));
#1163=DIRECTION('',(1.3912046118156E-011,1.,0.));
#1164=DIRECTION('',(1.,-1.3912046118156E-011,0.));
#1165=FACE_BOUND('',#1166,.T.);
#1166=EDGE_LOOP('',(#2033,#2034,#2035,#2036));
#1167=PLANE('',#1168);
#1168=AXIS2_PLACEMENT_3D('',#1169,#1170,#1171);
#1169=CARTESIAN_POINT('',(-0.7,-4.,0.2));
#1170=DIRECTION('',(-1.,2.36547623594082E-012,0.));
#1171=DIRECTION('',(2.36547623594082E-012,1.,0.));
#1172=FACE_BOUND('',#1173,.T.);
#1173=EDGE_LOOP('',(#2037,#2038,#2039,#2040));
#1174=PLANE('',#1175);
#1175=AXIS2_PLACEMENT_3D('',#1176,#1177,#1178);
#1176=CARTESIAN_POINT('',(2.75,-0.8,3.5));
#1177=DIRECTION('',(0.707106781186552,0.,-0.707106781186543));
#1178=DIRECTION('',(-0.707106781186543,0.,-0.707106781186552));
#1179=FACE_BOUND('',#1180,.T.);
#1180=EDGE_LOOP('',(#2041,#2042,#2043,#2044));
#1181=PLANE('',#1182);
#1182=AXIS2_PLACEMENT_3D('',#1183,#1184,#1185);
#1183=CARTESIAN_POINT('',(0.,-0.8,0.));
#1184=DIRECTION('',(-0.,1.,0.));
#1185=DIRECTION('',(1.,0.,0.));
#1186=FACE_BOUND('',#1187,.T.);
#1187=EDGE_LOOP('',(#2045,#2046,#2047,#2048));
#1188=PLANE('',#1189);
#1189=AXIS2_PLACEMENT_3D('',#1190,#1191,#1192);
#1190=CARTESIAN_POINT('',(2.65,-2.60502525316942,3.5));
#1191=DIRECTION('',(-0.707106781186549,0.,0.707106781186546));
#1192=DIRECTION('',(0.,1.,0.));
#1193=FACE_BOUND('',#1194,.T.);
#1194=EDGE_LOOP('',(#2049,#2050,#2051,#2052));
#1195=PLANE('',#1196);
#1196=AXIS2_PLACEMENT_3D('',#1197,#1198,#1199);
#1197=CARTESIAN_POINT('',(1.68682720163547,-3.03033008588991,3.5));
#1198=DIRECTION('',(-0.500000000000001,0.500000000000001,0.707106781186547));
#1199=DIRECTION('',(0.707106781186548,0.707106781186548,0.));
#1200=FACE_BOUND('',#1201,.T.);
#1201=EDGE_LOOP('',(#2053,#2054,#2055,#2056));
#1202=PLANE('',#1203);
#1203=AXIS2_PLACEMENT_3D('',#1204,#1205,#1206);
#1204=CARTESIAN_POINT('',(-2.60502525316942,-2.65,3.5));
#1205=DIRECTION('',(-0.,0.707106781186549,0.707106781186547));
#1206=DIRECTION('',(1.,0.,0.));
#1207=FACE_BOUND('',#1208,.T.);
#1208=EDGE_LOOP('',(#2057,#2058,#2059,#2060));
#1209=PLANE('',#1210);
#1210=AXIS2_PLACEMENT_3D('',#1211,#1212,#1213);
#1211=CARTESIAN_POINT('',(0.8,0.,0.));
#1212=DIRECTION('',(-1.,0.,0.));
#1213=DIRECTION('',(0.,0.,-1.));
#1214=FACE_BOUND('',#1215,.T.);
#1215=EDGE_LOOP('',(#2061,#2062,#2063,#2064));
#1216=PLANE('',#1217);
#1217=AXIS2_PLACEMENT_3D('',#1218,#1219,#1220);
#1218=CARTESIAN_POINT('',(0.8,-2.5,3.25000000000422));
#1219=DIRECTION('',(-0.,-0.707106781180575,-0.70710678119252));
#1220=DIRECTION('',(0.,-0.70710678119252,0.707106781180575));
#1221=FACE_BOUND('',#1222,.T.);
#1222=EDGE_LOOP('',(#2065,#2066,#2067,#2068));
#1223=PLANE('',#1224);
#1224=AXIS2_PLACEMENT_3D('',#1225,#1226,#1227);
#1225=CARTESIAN_POINT('',(-0.8,0.,0.));
#1226=DIRECTION('',(-1.,0.,0.));
#1227=DIRECTION('',(0.,0.,-1.));
#1228=FACE_BOUND('',#1229,.T.);
#1229=EDGE_LOOP('',(#2069,#2070,#2071,#2072));
#1230=PLANE('',#1231);
#1231=AXIS2_PLACEMENT_3D('',#1232,#1233,#1234);
#1232=CARTESIAN_POINT('',(-2.60502525316942,-2.65,3.5));
#1233=DIRECTION('',(-0.,0.707106781186549,0.707106781186547));
#1234=DIRECTION('',(1.,0.,0.));
#1235=FACE_BOUND('',#1236,.T.);
#1236=EDGE_LOOP('',(#2073,#2074,#2075,#2076));
#1237=PLANE('',#1238);
#1238=AXIS2_PLACEMENT_3D('',#1239,#1240,#1241);
#1239=CARTESIAN_POINT('',(-3.03033008588991,-1.68682720163547,3.5));
#1240=DIRECTION('',(0.500000000000001,0.500000000000001,0.707106781186546));
#1241=DIRECTION('',(0.707106781186548,-0.707106781186547,-4.13182225969414E-017));
#1242=FACE_BOUND('',#1243,.T.);
#1243=EDGE_LOOP('',(#2077,#2078,#2079,#2080));
#1244=PLANE('',#1245);
#1245=AXIS2_PLACEMENT_3D('',#1246,#1247,#1248);
#1246=CARTESIAN_POINT('',(-2.65,2.60502525316942,3.5));
#1247=DIRECTION('',(0.707106781186549,0.,0.707106781186546));
#1248=DIRECTION('',(0.,-1.,0.));
#1249=FACE_BOUND('',#1250,.T.);
#1250=EDGE_LOOP('',(#2081,#2082,#2083,#2084));
#1251=PLANE('',#1252);
#1252=AXIS2_PLACEMENT_3D('',#1253,#1254,#1255);
#1253=CARTESIAN_POINT('',(0.,-0.8,0.));
#1254=DIRECTION('',(-0.,1.,0.));
#1255=DIRECTION('',(1.,0.,0.));
#1256=FACE_BOUND('',#1257,.T.);
#1257=EDGE_LOOP('',(#2085,#2086,#2087,#2088));
#1258=PLANE('',#1259);
#1259=AXIS2_PLACEMENT_3D('',#1260,#1261,#1262);
#1260=CARTESIAN_POINT('',(-2.5,-0.8,3.25000000000001));
#1261=DIRECTION('',(-0.70710678118654,0.,-0.707106781186555));
#1262=DIRECTION('',(-0.707106781186555,0.,0.70710678118654));
#1263=FACE_BOUND('',#1264,.T.);
#1264=EDGE_LOOP('',(#2089,#2090,#2091,#2092));
#1265=PLANE('',#1266);
#1266=AXIS2_PLACEMENT_3D('',#1267,#1268,#1269);
#1267=CARTESIAN_POINT('',(0.,0.8,0.));
#1268=DIRECTION('',(-0.,1.,0.));
#1269=DIRECTION('',(1.,0.,0.));
#1270=FACE_BOUND('',#1271,.T.);
#1271=EDGE_LOOP('',(#2093,#2094,#2095,#2096));
#1272=PLANE('',#1273);
#1273=AXIS2_PLACEMENT_3D('',#1274,#1275,#1276);
#1274=CARTESIAN_POINT('',(-2.65,2.60502525316942,3.5));
#1275=DIRECTION('',(0.707106781186549,0.,0.707106781186546));
#1276=DIRECTION('',(0.,-1.,0.));
#1277=FACE_BOUND('',#1278,.T.);
#1278=EDGE_LOOP('',(#2097,#2098,#2099,#2100));
#1279=PLANE('',#1280);
#1280=AXIS2_PLACEMENT_3D('',#1281,#1282,#1283);
#1281=CARTESIAN_POINT('',(-1.68682720163547,3.03033008588991,3.5));
#1282=DIRECTION('',(0.500000000000001,-0.500000000000001,0.707106781186547));
#1283=DIRECTION('',(-0.707106781186548,-0.707106781186548,0.));
#1284=FACE_BOUND('',#1285,.T.);
#1285=EDGE_LOOP('',(#2101,#2102,#2103,#2104));
#1286=PLANE('',#1287);
#1287=AXIS2_PLACEMENT_3D('',#1288,#1289,#1290);
#1288=CARTESIAN_POINT('',(2.60502525316942,2.65,3.5));
#1289=DIRECTION('',(0.,-0.707106781186549,0.707106781186546));
#1290=DIRECTION('',(-1.,0.,0.));
#1291=FACE_BOUND('',#1292,.T.);
#1292=EDGE_LOOP('',(#2105,#2106,#2107,#2108));
#1293=PLANE('',#1294);
#1294=AXIS2_PLACEMENT_3D('',#1295,#1296,#1297);
#1295=CARTESIAN_POINT('',(-0.8,0.,0.));
#1296=DIRECTION('',(-1.,0.,0.));
#1297=DIRECTION('',(0.,0.,-1.));
#1298=FACE_BOUND('',#1299,.T.);
#1299=EDGE_LOOP('',(#2109,#2110,#2111,#2112));
#1300=PLANE('',#1301);
#1301=AXIS2_PLACEMENT_3D('',#1302,#1303,#1304);
#1302=CARTESIAN_POINT('',(0.8,2.75,3.5));
#1303=DIRECTION('',(0.,0.70710678119252,-0.707106781180575));
#1304=DIRECTION('',(0.,-0.707106781180575,-0.70710678119252));
#1305=FACE_BOUND('',#1306,.T.);
#1306=EDGE_LOOP('',(#2113,#2114,#2115,#2116));
#1307=PLANE('',#1308);
#1308=AXIS2_PLACEMENT_3D('',#1309,#1310,#1311);
#1309=CARTESIAN_POINT('',(0.8,0.,0.));
#1310=DIRECTION('',(-1.,0.,0.));
#1311=DIRECTION('',(0.,0.,-1.));
#1312=FACE_BOUND('',#1313,.T.);
#1313=EDGE_LOOP('',(#2117,#2118,#2119,#2120));
#1314=PLANE('',#1315);
#1315=AXIS2_PLACEMENT_3D('',#1316,#1317,#1318);
#1316=CARTESIAN_POINT('',(2.60502525316942,2.65,3.5));
#1317=DIRECTION('',(0.,-0.707106781186549,0.707106781186546));
#1318=DIRECTION('',(-1.,0.,0.));
#1319=FACE_BOUND('',#1320,.T.);
#1320=EDGE_LOOP('',(#2121,#2122,#2123,#2124));
#1321=PLANE('',#1322);
#1322=AXIS2_PLACEMENT_3D('',#1323,#1324,#1325);
#1323=CARTESIAN_POINT('',(3.03033008588991,1.68682720163547,3.5));
#1324=DIRECTION('',(-0.500000000000001,-0.500000000000001,0.707106781186547));
#1325=DIRECTION('',(-0.707106781186548,0.707106781186548,0.));
#1326=FACE_BOUND('',#1327,.T.);
#1327=EDGE_LOOP('',(#2125,#2126,#2127,#2128));
#1328=PLANE('',#1329);
#1329=AXIS2_PLACEMENT_3D('',#1330,#1331,#1332);
#1330=CARTESIAN_POINT('',(2.65,-2.60502525316942,3.5));
#1331=DIRECTION('',(-0.707106781186549,0.,0.707106781186546));
#1332=DIRECTION('',(0.,1.,0.));
#1333=FACE_BOUND('',#1334,.T.);
#1334=EDGE_LOOP('',(#2129,#2130,#2131,#2132));
#1335=PLANE('',#1336);
#1336=AXIS2_PLACEMENT_3D('',#1337,#1338,#1339);
#1337=CARTESIAN_POINT('',(0.,0.8,0.));
#1338=DIRECTION('',(-0.,1.,0.));
#1339=DIRECTION('',(1.,0.,0.));
#1340=FACE_BOUND('',#1341,.T.);
#1341=EDGE_LOOP('',(#2133,#2134,#2135,#2136));
#1342=PLANE('',#1343);
#1343=AXIS2_PLACEMENT_3D('',#1344,#1345,#1346);
#1344=CARTESIAN_POINT('',(0.,0.,0.2));
#1345=DIRECTION('',(-0.,-0.,1.));
#1346=DIRECTION('',(-1.,-0.,0.));
#1347=FACE_BOUND('',#1348,.T.);
#1348=EDGE_LOOP('',(#2137,#2138,#2139,#2140));
#1349=PLANE('',#1350);
#1350=AXIS2_PLACEMENT_3D('',#1351,#1352,#1353);
#1351=CARTESIAN_POINT('',(0.,0.,0.2));
#1352=DIRECTION('',(-0.,0.,-1.));
#1353=DIRECTION('',(-1.,0.,0.));
#1354=FACE_BOUND('',#1355,.T.);
#1355=EDGE_LOOP('',(#2141,#2142,#2143,#2144,#2145,#2146,#2147,#2148));
#1356=PLANE('',#1357);
#1357=AXIS2_PLACEMENT_3D('',#1358,#1359,#1360);
#1358=CARTESIAN_POINT('',(2.5,-2.00502525316942,-1.));
#1359=DIRECTION('',(1.,0.,0.));
#1360=DIRECTION('',(0.,1.,0.));
#1361=FACE_BOUND('',#1362,.T.);
#1362=EDGE_LOOP('',(#2149,#2150,#2151,#2152));
#1363=PLANE('',#1364);
#1364=AXIS2_PLACEMENT_3D('',#1365,#1366,#1367);
#1365=CARTESIAN_POINT('',(2.00502525316942,-2.5,-1.));
#1366=DIRECTION('',(0.707106781186548,-0.707106781186548,0.));
#1367=DIRECTION('',(0.707106781186548,0.707106781186548,0.));
#1368=FACE_BOUND('',#1369,.T.);
#1369=EDGE_LOOP('',(#2153,#2154,#2155,#2156,#2157,#2158,#2159,#2160));
#1370=PLANE('',#1371);
#1371=AXIS2_PLACEMENT_3D('',#1372,#1373,#1374);
#1372=CARTESIAN_POINT('',(-2.00502525316942,-2.5,-1.));
#1373=DIRECTION('',(0.,-1.,0.));
#1374=DIRECTION('',(1.,0.,0.));
#1375=FACE_BOUND('',#1376,.T.);
#1376=EDGE_LOOP('',(#2161,#2162,#2163,#2164));
#1377=PLANE('',#1378);
#1378=AXIS2_PLACEMENT_3D('',#1379,#1380,#1381);
#1379=CARTESIAN_POINT('',(-2.5,-2.00502525316942,-1.));
#1380=DIRECTION('',(-0.707106781186547,-0.707106781186548,0.));
#1381=DIRECTION('',(0.707106781186548,-0.707106781186547,0.));
#1382=FACE_BOUND('',#1383,.T.);
#1383=EDGE_LOOP('',(#2165,#2166,#2167,#2168,#2169,#2170,#2171,#2172));
#1384=PLANE('',#1385);
#1385=AXIS2_PLACEMENT_3D('',#1386,#1387,#1388);
#1386=CARTESIAN_POINT('',(-2.5,2.00502525316942,-1.));
#1387=DIRECTION('',(-1.,0.,0.));
#1388=DIRECTION('',(0.,-1.,0.));
#1389=FACE_BOUND('',#1390,.T.);
#1390=EDGE_LOOP('',(#2173,#2174,#2175,#2176));
#1391=PLANE('',#1392);
#1392=AXIS2_PLACEMENT_3D('',#1393,#1394,#1395);
#1393=CARTESIAN_POINT('',(-2.00502525316942,2.5,-1.));
#1394=DIRECTION('',(-0.707106781186548,0.707106781186548,0.));
#1395=DIRECTION('',(-0.707106781186548,-0.707106781186548,0.));
#1396=FACE_BOUND('',#1397,.T.);
#1397=EDGE_LOOP('',(#2177,#2178,#2179,#2180,#2181,#2182,#2183,#2184));
#1398=PLANE('',#1399);
#1399=AXIS2_PLACEMENT_3D('',#1400,#1401,#1402);
#1400=CARTESIAN_POINT('',(2.00502525316942,2.5,-1.));
#1401=DIRECTION('',(0.,1.,-0.));
#1402=DIRECTION('',(-1.,0.,0.));
#1403=FACE_BOUND('',#1404,.T.);
#1404=EDGE_LOOP('',(#2185,#2186,#2187,#2188));
#1405=PLANE('',#1406);
#1406=AXIS2_PLACEMENT_3D('',#1407,#1408,#1409);
#1407=CARTESIAN_POINT('',(2.5,2.00502525316942,-1.));
#1408=DIRECTION('',(0.707106781186548,0.707106781186548,-0.));
#1409=DIRECTION('',(-0.707106781186548,0.707106781186548,0.));
#1410=FACE_BOUND('',#1411,.T.);
#1411=EDGE_LOOP('',(#2189,#2190,#2191,#2192,#2193,#2194,#2195,#2196));
#1412=PLANE('',#1413);
#1413=AXIS2_PLACEMENT_3D('',#1414,#1415,#1416);
#1414=CARTESIAN_POINT('',(0.,0.,1.));
#1415=DIRECTION('',(0.,0.,1.));
#1416=DIRECTION('',(1.,0.,0.));
#1417=FACE_BOUND('',#1418,.T.);
#1418=EDGE_LOOP('',(#2197,#2198,#2199,#2200));
#1419=PLANE('',#1420);
#1420=AXIS2_PLACEMENT_3D('',#1421,#1422,#1423);
#1421=CARTESIAN_POINT('',(2.44142135623731,-1.56862915010152,2.5));
#1422=DIRECTION('',(1.,0.,0.));
#1423=DIRECTION('',(0.,1.,0.));
#1424=FACE_BOUND('',#1425,.T.);
#1425=EDGE_LOOP('',(#2201,#2202,#2203,#2204));
#1426=PLANE('',#1427);
#1427=AXIS2_PLACEMENT_3D('',#1428,#1429,#1430);
#1428=CARTESIAN_POINT('',(1.56862915010152,2.44142135623731,2.5));
#1429=DIRECTION('',(0.,1.,-0.));
#1430=DIRECTION('',(-1.,0.,0.));
#1431=FACE_BOUND('',#1432,.T.);
#1432=EDGE_LOOP('',(#2205,#2206,#2207,#2208));
#1433=PLANE('',#1434);
#1434=AXIS2_PLACEMENT_3D('',#1435,#1436,#1437);
#1435=CARTESIAN_POINT('',(-2.44142135623731,1.56862915010152,2.5));
#1436=DIRECTION('',(-1.,0.,0.));
#1437=DIRECTION('',(0.,-1.,0.));
#1438=FACE_BOUND('',#1439,.T.);
#1439=EDGE_LOOP('',(#2209,#2210,#2211,#2212));
#1440=PLANE('',#1441);
#1441=AXIS2_PLACEMENT_3D('',#1442,#1443,#1444);
#1442=CARTESIAN_POINT('',(-1.56862915010153,-2.44142135623731,2.5));
#1443=DIRECTION('',(0.,-1.,0.));
#1444=DIRECTION('',(1.,0.,0.));
#1445=FACE_OUTER_BOUND('',#1446,.T.);
#1446=EDGE_LOOP('',(#2213));
#1447=FACE_BOUND('',#1448,.T.);
#1448=EDGE_LOOP('',(#2214,#2215,#2216,#2217,#2218,#2219,#2220,#2221,#2222));
#1449=CYLINDRICAL_SURFACE('',#1450,2.3);
#1450=AXIS2_PLACEMENT_3D('',#1451,#1452,#1453);
#1451=CARTESIAN_POINT('',(0.,0.,2.5));
#1452=DIRECTION('',(0.,0.,1.));
#1453=DIRECTION('',(1.,0.,0.));
#1454=FACE_BOUND('',#1455,.T.);
#1455=EDGE_LOOP('',(#2223,#2224,#2225,#2226,#2227,#2228));
#1456=PLANE('',#1457);
#1457=AXIS2_PLACEMENT_3D('',#1458,#1459,#1460);
#1458=CARTESIAN_POINT('',(0.,0.,4.));
#1459=DIRECTION('',(0.,0.,1.));
#1460=DIRECTION('',(1.,0.,0.));
#1461=FACE_BOUND('',#1462,.T.);
#1462=EDGE_LOOP('',(#2229,#2230,#2231,#2232,#2233,#2234));
#1463=PLANE('',#1464);
#1464=AXIS2_PLACEMENT_3D('',#1465,#1466,#1467);
#1465=CARTESIAN_POINT('',(0.,0.,4.));
#1466=DIRECTION('',(0.,0.,1.));
#1467=DIRECTION('',(1.,0.,0.));
#1468=FACE_BOUND('',#1469,.T.);
#1469=EDGE_LOOP('',(#2235,#2236,#2237,#2238,#2239,#2240));
#1470=PLANE('',#1471);
#1471=AXIS2_PLACEMENT_3D('',#1472,#1473,#1474);
#1472=CARTESIAN_POINT('',(0.,0.,4.));
#1473=DIRECTION('',(0.,0.,1.));
#1474=DIRECTION('',(1.,0.,0.));
#1475=FACE_BOUND('',#1476,.T.);
#1476=EDGE_LOOP('',(#2241,#2242,#2243,#2244,#2245,#2246));
#1477=PLANE('',#1478);
#1478=AXIS2_PLACEMENT_3D('',#1479,#1480,#1481);
#1479=CARTESIAN_POINT('',(0.,0.,4.));
#1480=DIRECTION('',(0.,0.,1.));
#1481=DIRECTION('',(1.,0.,0.));
#1482=FACE_BOUND('',#1483,.T.);
#1483=EDGE_LOOP('',(#2247,#2248,#2249,#2250,#2251,#2252));
#1484=B_SPLINE_SURFACE_WITH_KNOTS('',3,1,(
(#1485,#1486),
(#1487,#1488),
(#1489,#1490),
(#1491,#1492),
(#1493,#1494),
(#1495,#1496)),
.UNSPECIFIED.,.F.,.F.,.F.,
(4,1,1,4),
(2,2),
(0.,0.333333333333333,0.666666666666667,1.),
(0.,1.),
.UNSPECIFIED.);
#1485=CARTESIAN_POINT('',(1.71005050633883,2.44142135623731,4.));
#1486=CARTESIAN_POINT('',(0.0200710316462605,2.29991242304759,4.7));
#1487=CARTESIAN_POINT('',(1.33003928270798,2.44142135623731,4.));
#1488=CARTESIAN_POINT('',(0.0156109156140715,2.29995134589054,4.7));
#1489=CARTESIAN_POINT('',(0.570016835446278,2.44142135623731,4.));
#1490=CARTESIAN_POINT('',(0.00669045710523584,2.30000324359998,4.7));
#1491=CARTESIAN_POINT('',(-0.570016835446278,2.44142135623731,4.));
#1492=CARTESIAN_POINT('',(-0.00669045710523454,2.30000324359998,4.7));
#1493=CARTESIAN_POINT('',(-1.33003928270798,2.44142135623731,4.));
#1494=CARTESIAN_POINT('',(-0.0156109156140702,2.29995134589054,4.7));
#1495=CARTESIAN_POINT('',(-1.71005050633883,2.44142135623731,4.));
#1496=CARTESIAN_POINT('',(-0.0200710316462592,2.29991242304759,4.7));
#1497=FACE_BOUND('',#1498,.T.);
#1498=EDGE_LOOP('',(#2253,#2254,#2255,#2256));
#1499=B_SPLINE_SURFACE_WITH_KNOTS('',3,1,(
(#1500,#1501),
(#1502,#1503),
(#1504,#1505),
(#1506,#1507),
(#1508,#1509),
(#1510,#1511),
(#1512,#1513),
(#1514,#1515),
(#1516,#1517),
(#1518,#1519),
(#1520,#1521),
(#1522,#1523),
(#1524,#1525),
(#1526,#1527),
(#1528,#1529)),
.UNSPECIFIED.,.F.,.F.,.F.,
(4,1,1,1,1,1,1,1,1,1,1,1,4),
(2,2),
(0.,0.107005319520802,0.20032633521982,0.283605397103346,0.366884458986873,0.452338868512367,
0.540343780438444,0.627146250526721,0.714235197627124,0.801206378805517,0.888269409830472,
0.955707018230308,1.),
(0.,1.),
.UNSPECIFIED.);
#1500=CARTESIAN_POINT('',(2.44142135623731,1.71005050633883,4.));
#1501=CARTESIAN_POINT('',(2.29991242304653,0.0200710317686582,4.7));
#1502=CARTESIAN_POINT('',(2.41533449907678,1.73613736349936,4.));
#1503=CARTESIAN_POINT('',(2.29880038105712,0.147498421444405,4.7));
#1504=CARTESIAN_POINT('',(2.36649688506119,1.78497497751495,4.));
#1505=CARTESIAN_POINT('',(2.27684445236435,0.385881519691058,4.7));
#1506=CARTESIAN_POINT('',(2.2973566449561,1.85411521762004,4.));
#1507=CARTESIAN_POINT('',(2.19390685247026,0.714201318175038,4.7));
#1508=CARTESIAN_POINT('',(2.23400063592204,1.9174712266541,4.));
#1509=CARTESIAN_POINT('',(2.07755105708358,1.00168408814788,4.7));
#1510=CARTESIAN_POINT('',(2.17256242903563,1.97890943354052,4.));
#1511=CARTESIAN_POINT('',(1.92969857140846,1.26358048734235,4.7));
#1512=CARTESIAN_POINT('',(2.10997210582851,2.04149975674763,4.));
#1513=CARTESIAN_POINT('',(1.74547956455245,1.50844450079974,4.7));
#1514=CARTESIAN_POINT('',(2.04652280993698,2.10494905263917,4.));
#1515=CARTESIAN_POINT('',(1.52705509947198,1.72936603912779,4.7));
#1516=CARTESIAN_POINT('',(1.98267502966699,2.16879683290915,4.));
#1517=CARTESIAN_POINT('',(1.27920710507496,1.91986736759237,4.7));
#1518=CARTESIAN_POINT('',(1.91907926290884,2.2323925996673,4.));
#1519=CARTESIAN_POINT('',(1.00903255106948,2.07465114497831,4.7));
#1520=CARTESIAN_POINT('',(1.85541997392612,2.29605188865002,4.));
#1521=CARTESIAN_POINT('',(0.720175415461628,2.19172625159045,4.7));
#1522=CARTESIAN_POINT('',(1.79655149037243,2.35492037220371,4.));
#1523=CARTESIAN_POINT('',(0.440902393672637,2.26300539235138,4.7));
#1524=CARTESIAN_POINT('',(1.74808753714329,2.40338432543285,4.));
#1525=CARTESIAN_POINT('',(0.205831889811338,2.29371243567726,4.7));
#1526=CARTESIAN_POINT('',(1.72084870491265,2.4306231576635,4.));
#1527=CARTESIAN_POINT('',(0.072817372418344,2.29945211270523,4.7));
#1528=CARTESIAN_POINT('',(1.71005050633883,2.44142135623731,4.));
#1529=CARTESIAN_POINT('',(0.0200710316462605,2.29991242304759,4.7));
#1530=FACE_BOUND('',#1531,.T.);
#1531=EDGE_LOOP('',(#2257,#2258,#2259,#2260,#2261,#2262,#2263));
#1532=B_SPLINE_SURFACE_WITH_KNOTS('',3,1,(
(#1533,#1534),
(#1535,#1536),
(#1537,#1538),
(#1539,#1540),
(#1541,#1542),
(#1543,#1544)),
.UNSPECIFIED.,.F.,.F.,.F.,
(4,1,1,4),
(2,2),
(0.,0.333333333333333,0.666666666666667,1.),
(0.,1.),
.UNSPECIFIED.);
#1533=CARTESIAN_POINT('',(2.44142135623731,-1.71005050633883,4.));
#1534=CARTESIAN_POINT('',(2.29991242297314,-0.0200710401772867,4.7));
#1535=CARTESIAN_POINT('',(2.44142135623731,-1.33003928270798,4.));
#1536=CARTESIAN_POINT('',(2.29995134584102,-0.0156109231837505,4.7));
#1537=CARTESIAN_POINT('',(2.44142135623731,-0.570016835446278,4.));
#1538=CARTESIAN_POINT('',(2.30000324358915,-0.00669046275202529,4.7));
#1539=CARTESIAN_POINT('',(2.44142135623731,0.570016835446278,4.));
#1540=CARTESIAN_POINT('',(2.30000324361361,0.00669045434306387,4.7));
#1541=CARTESIAN_POINT('',(2.44142135623731,1.33003928270798,4.));
#1542=CARTESIAN_POINT('',(2.2999513458981,0.0156109147749789,4.7));
#1543=CARTESIAN_POINT('',(2.44142135623731,1.71005050633883,4.));
#1544=CARTESIAN_POINT('',(2.29991242304653,0.0200710317686573,4.7));
#1545=FACE_BOUND('',#1546,.T.);
#1546=EDGE_LOOP('',(#2264,#2265,#2266,#2267));
#1547=B_SPLINE_SURFACE_WITH_KNOTS('',3,1,(
(#1548,#1549),
(#1550,#1551),
(#1552,#1553),
(#1554,#1555),
(#1556,#1557),
(#1558,#1559),
(#1560,#1561),
(#1562,#1563),
(#1564,#1565),
(#1566,#1567),
(#1568,#1569),
(#1570,#1571),
(#1572,#1573),
(#1574,#1575),
(#1576,#1577)),
.UNSPECIFIED.,.F.,.F.,.F.,
(4,1,1,1,1,1,1,1,1,1,1,1,4),
(2,2),
(0.,0.107005319772834,0.200326335691589,0.283605397771107,0.366884459850625,0.452338869577233,
0.540343781710417,0.627146252003108,0.71423519930768,0.801206380694517,0.88826941191064,
0.955707019696388,1.),
(0.,1.),
.UNSPECIFIED.);
#1548=CARTESIAN_POINT('',(1.71005050633883,-2.44142135623731,4.));
#1549=CARTESIAN_POINT('',(0.0200710316462584,-2.29991242304759,4.7));
#1550=CARTESIAN_POINT('',(1.73613736356081,-2.41533449901534,4.));
#1551=CARTESIAN_POINT('',(0.147498421322274,-2.29880038106497,4.7));
#1552=CARTESIAN_POINT('',(1.78497497769141,-2.36649688488474,4.));
#1553=CARTESIAN_POINT('',(0.38588151957041,-2.27684445238482,4.7));
#1554=CARTESIAN_POINT('',(1.85411521795929,-2.29735664461685,4.));
#1555=CARTESIAN_POINT('',(0.714201318059061,-2.19390685250802,4.7));
#1556=CARTESIAN_POINT('',(1.91747122714248,-2.23400063543366,4.));
#1557=CARTESIAN_POINT('',(1.0016840880381,-2.0775510571365,4.7));
#1558=CARTESIAN_POINT('',(1.97890943417349,-2.17256242840266,4.));
#1559=CARTESIAN_POINT('',(1.26358048724033,-1.92969857147526,4.7));
#1560=CARTESIAN_POINT('',(2.04149975752791,-2.10997210504824,4.));
#1561=CARTESIAN_POINT('',(1.5084445007074,-1.74547956463224,4.7));
#1562=CARTESIAN_POINT('',(2.10494905356879,-2.04652280900735,4.));
#1563=CARTESIAN_POINT('',(1.72936603904706,-1.52705509956342,4.7));
#1564=CARTESIAN_POINT('',(2.16879683398888,-1.98267502858727,4.));
#1565=CARTESIAN_POINT('',(1.91986736752421,-1.27920710517716,4.7));
#1566=CARTESIAN_POINT('',(2.23239260089745,-1.91907926167869,4.));
#1567=CARTESIAN_POINT('',(2.07465114492637,-1.0090325511768,4.7));
#1568=CARTESIAN_POINT('',(2.29605189002737,-1.85541997254878,4.));
#1569=CARTESIAN_POINT('',(2.19172625154847,-0.720175415586843,4.7));
#1570=CARTESIAN_POINT('',(2.35492037352877,-1.79655148904737,4.));
#1571=CARTESIAN_POINT('',(2.26300539209465,-0.440902394707616,4.7));
#1572=CARTESIAN_POINT('',(2.40338432629739,-1.74808753627875,4.));
#1573=CARTESIAN_POINT('',(2.29371243521292,-0.205831893661256,4.7));
#1574=CARTESIAN_POINT('',(2.43062315802091,-1.72084870455523,4.));
#1575=CARTESIAN_POINT('',(2.29945211245145,-0.0728173790776322,4.7));
#1576=CARTESIAN_POINT('',(2.44142135623731,-1.71005050633883,4.));
#1577=CARTESIAN_POINT('',(2.29991242297314,-0.0200710401772867,4.7));
#1578=FACE_BOUND('',#1579,.T.);
#1579=EDGE_LOOP('',(#2268,#2269,#2270,#2271,#2272,#2273));
#1580=B_SPLINE_SURFACE_WITH_KNOTS('',3,1,(
(#1581,#1582),
(#1583,#1584),
(#1585,#1586),
(#1587,#1588),
(#1589,#1590),
(#1591,#1592)),
.UNSPECIFIED.,.F.,.F.,.F.,
(4,1,1,4),
(2,2),
(0.,0.333333333333333,0.666666666666667,1.),
(0.,1.),
.UNSPECIFIED.);
#1581=CARTESIAN_POINT('',(-1.71005050633883,-2.44142135623731,4.));
#1582=CARTESIAN_POINT('',(-0.0200710316462613,-2.29991242304759,4.7));
#1583=CARTESIAN_POINT('',(-1.33003928270798,-2.44142135623731,4.));
#1584=CARTESIAN_POINT('',(-0.0156109156140723,-2.29995134589054,4.7));
#1585=CARTESIAN_POINT('',(-0.570016835446278,-2.44142135623731,4.));
#1586=CARTESIAN_POINT('',(-0.00669045710523663,-2.30000324359998,4.7));
#1587=CARTESIAN_POINT('',(0.570016835446278,-2.44142135623731,4.));
#1588=CARTESIAN_POINT('',(0.00669045710523375,-2.30000324359998,4.7));
#1589=CARTESIAN_POINT('',(1.33003928270798,-2.44142135623731,4.));
#1590=CARTESIAN_POINT('',(0.0156109156140694,-2.29995134589054,4.7));
#1591=CARTESIAN_POINT('',(1.71005050633883,-2.44142135623731,4.));
#1592=CARTESIAN_POINT('',(0.0200710316462584,-2.29991242304759,4.7));
#1593=FACE_BOUND('',#1594,.T.);
#1594=EDGE_LOOP('',(#2274,#2275,#2276,#2277));
#1595=B_SPLINE_SURFACE_WITH_KNOTS('',3,1,(
(#1596,#1597),
(#1598,#1599),
(#1600,#1601),
(#1602,#1603),
(#1604,#1605),
(#1606,#1607),
(#1608,#1609),
(#1610,#1611),
(#1612,#1613),
(#1614,#1615),
(#1616,#1617),
(#1618,#1619),
(#1620,#1621),
(#1622,#1623),
(#1624,#1625)),
.UNSPECIFIED.,.F.,.F.,.F.,
(4,1,1,1,1,1,1,1,1,1,1,1,4),
(2,2),
(0.,0.107005319520995,0.200326335220163,0.283605397103717,0.36688445898727,0.452338868512745,
0.540343780438798,0.627146250527078,0.714235197627486,0.801206378805873,0.888269409830839,
0.955707018230531,1.),
(0.,1.),
.UNSPECIFIED.);
#1596=CARTESIAN_POINT('',(-2.44142135623731,-1.71005050633883,4.));
#1597=CARTESIAN_POINT('',(-2.29991242304653,-0.020071031768658,4.7));
#1598=CARTESIAN_POINT('',(-2.41533449907673,-1.73613736349941,4.));
#1599=CARTESIAN_POINT('',(-2.29880038105712,-0.147498421444634,4.7));
#1600=CARTESIAN_POINT('',(-2.36649688506106,-1.78497497751508,4.));
#1601=CARTESIAN_POINT('',(-2.27684445236427,-0.385881519691692,4.7));
#1602=CARTESIAN_POINT('',(-2.29735664495588,-1.85411521762026,4.));
#1603=CARTESIAN_POINT('',(-2.19390685246994,-0.714201318176071,4.7));
#1604=CARTESIAN_POINT('',(-2.23400063592177,-1.91747122665437,4.));
#1605=CARTESIAN_POINT('',(-2.077551057083,-1.00168408814907,4.7));
#1606=CARTESIAN_POINT('',(-2.17256242903535,-1.97890943354079,4.));
#1607=CARTESIAN_POINT('',(-1.92969857140771,-1.2635804873435,4.7));
#1608=CARTESIAN_POINT('',(-2.10997210582824,-2.04149975674791,4.));
#1609=CARTESIAN_POINT('',(-1.74547956455156,-1.50844450080076,4.7));
#1610=CARTESIAN_POINT('',(-2.04652280993671,-2.10494905263943,4.));
#1611=CARTESIAN_POINT('',(-1.52705509947101,-1.72936603912865,4.7));
#1612=CARTESIAN_POINT('',(-1.98267502966673,-2.16879683290941,4.));
#1613=CARTESIAN_POINT('',(-1.2792071050739,-1.91986736759308,4.7));
#1614=CARTESIAN_POINT('',(-1.91907926290858,-2.23239259966756,4.));
#1615=CARTESIAN_POINT('',(-1.00903255106833,-2.07465114497887,4.7));
#1616=CARTESIAN_POINT('',(-1.85541997392586,-2.29605188865028,4.));
#1617=CARTESIAN_POINT('',(-0.720175415460398,-2.19172625159085,4.7));
#1618=CARTESIAN_POINT('',(-1.7965514903722,-2.35492037220394,4.));
#1619=CARTESIAN_POINT('',(-0.440902393671528,-2.26300539235158,4.7));
#1620=CARTESIAN_POINT('',(-1.74808753714315,-2.40338432543299,4.));
#1621=CARTESIAN_POINT('',(-0.205831889810637,-2.2937124356773,4.7));
#1622=CARTESIAN_POINT('',(-1.72084870491259,-2.43062315766355,4.));
#1623=CARTESIAN_POINT('',(-0.0728173724180799,-2.29945211270523,4.7));
#1624=CARTESIAN_POINT('',(-1.71005050633883,-2.44142135623731,4.));
#1625=CARTESIAN_POINT('',(-0.0200710316462613,-2.29991242304759,4.7));
#1626=FACE_BOUND('',#1627,.T.);
#1627=EDGE_LOOP('',(#2278,#2279,#2280,#2281,#2282,#2283));
#1628=B_SPLINE_SURFACE_WITH_KNOTS('',3,1,(
(#1629,#1630),
(#1631,#1632),
(#1633,#1634),
(#1635,#1636),
(#1637,#1638),
(#1639,#1640)),
.UNSPECIFIED.,.F.,.F.,.F.,
(4,1,1,4),
(2,2),
(0.,0.333333333333333,0.666666666666667,1.),
(0.,1.),
.UNSPECIFIED.);
#1629=CARTESIAN_POINT('',(-2.44142135623731,1.71005050633883,4.));
#1630=CARTESIAN_POINT('',(-2.29991242297421,0.0200710400548869,4.7));
#1631=CARTESIAN_POINT('',(-2.44142135623731,1.33003928270798,4.));
#1632=CARTESIAN_POINT('',(-2.29995134584174,0.0156109230749485,4.7));
#1633=CARTESIAN_POINT('',(-2.44142135623731,0.570016835446278,4.));
#1634=CARTESIAN_POINT('',(-2.3000032435893,0.00669046267042377,4.7));
#1635=CARTESIAN_POINT('',(-2.44142135623731,-0.570016835446278,4.));
#1636=CARTESIAN_POINT('',(-2.30000324361341,-0.00669045438386772,4.7));
#1637=CARTESIAN_POINT('',(-2.44142135623731,-1.33003928270798,4.));
#1638=CARTESIAN_POINT('',(-2.29995134589798,-0.0156109147885794,4.7));
#1639=CARTESIAN_POINT('',(-2.44142135623731,-1.71005050633883,4.));
#1640=CARTESIAN_POINT('',(-2.29991242304653,-0.020071031768658,4.7));
#1641=FACE_BOUND('',#1642,.T.);
#1642=EDGE_LOOP('',(#2284,#2285,#2286,#2287));
#1643=B_SPLINE_SURFACE_WITH_KNOTS('',3,1,(
(#1644,#1645),
(#1646,#1647),
(#1648,#1649),
(#1650,#1651),
(#1652,#1653),
(#1654,#1655),
(#1656,#1657),
(#1658,#1659),
(#1660,#1661),
(#1662,#1663),
(#1664,#1665),
(#1666,#1667),
(#1668,#1669),
(#1670,#1671),
(#1672,#1673)),
.UNSPECIFIED.,.F.,.F.,.F.,
(4,1,1,1,1,1,1,1,1,1,1,1,4),
(2,2),
(0.,0.107005319769101,0.200326335684595,0.283605397761298,0.366884459838,0.452338869561693,
0.540343781691901,0.627146251981563,0.714235199283221,0.801206380666974,0.888269411880392,
0.955707019675018,1.),
(0.,1.),
.UNSPECIFIED.);
#1644=CARTESIAN_POINT('',(-1.71005050633883,2.44142135623731,4.));
#1645=CARTESIAN_POINT('',(-0.0200710316462592,2.29991242304759,4.7));
#1646=CARTESIAN_POINT('',(-1.7361373635599,2.41533449901625,4.));
#1647=CARTESIAN_POINT('',(-0.147498421322195,2.29880038106497,4.7));
#1648=CARTESIAN_POINT('',(-1.78497497768879,2.36649688488735,4.));
#1649=CARTESIAN_POINT('',(-0.385881519570178,2.27684445238485,4.7));
#1650=CARTESIAN_POINT('',(-1.85411521795428,2.29735664462186,4.));
#1651=CARTESIAN_POINT('',(-0.714201318058733,2.19390685250813,4.7));
#1652=CARTESIAN_POINT('',(-1.91747122713531,2.23400063544083,4.));
#1653=CARTESIAN_POINT('',(-1.00168408803781,2.07755105713665,4.7));
#1654=CARTESIAN_POINT('',(-1.97890943416423,2.17256242841191,4.));
#1655=CARTESIAN_POINT('',(-1.26358048724015,1.92969857147539,4.7));
#1656=CARTESIAN_POINT('',(-2.04149975751653,2.10997210505962,4.));
#1657=CARTESIAN_POINT('',(-1.50844450070731,1.74547956463233,4.7));
#1658=CARTESIAN_POINT('',(-2.10494905355524,2.04652280902091,4.));
#1659=CARTESIAN_POINT('',(-1.72936603904697,1.52705509956351,4.7));
#1660=CARTESIAN_POINT('',(-2.16879683397315,1.982675028603,4.));
#1661=CARTESIAN_POINT('',(-1.91986736752418,1.27920710517721,4.7));
#1662=CARTESIAN_POINT('',(-2.23239260087952,1.91907926169662,4.));
#1663=CARTESIAN_POINT('',(-2.0746511449263,1.00903255117695,4.7));
#1664=CARTESIAN_POINT('',(-2.29605189000732,1.85541997256883,4.));
#1665=CARTESIAN_POINT('',(-2.19172625154852,0.72017541558673,4.7));
#1666=CARTESIAN_POINT('',(-2.35492037350948,1.79655148906667,4.));
#1667=CARTESIAN_POINT('',(-2.26300539209804,0.440902394694352,4.7));
#1668=CARTESIAN_POINT('',(-2.40338432628481,1.74808753629134,4.));
#1669=CARTESIAN_POINT('',(-2.29371243521951,0.205831893606989,4.7));
#1670=CARTESIAN_POINT('',(-2.4306231580157,1.72084870456044,4.));
#1671=CARTESIAN_POINT('',(-2.29945211245509,0.0728173789825126,4.7));
#1672=CARTESIAN_POINT('',(-2.44142135623731,1.71005050633883,4.));
#1673=CARTESIAN_POINT('',(-2.29991242297421,0.0200710400548869,4.7));
#1674=FACE_BOUND('',#1675,.T.);
#1675=EDGE_LOOP('',(#2288,#2289,#2290,#2291));
#1676=CYLINDRICAL_SURFACE('',#1677,0.2);
#1677=AXIS2_PLACEMENT_3D('',#1678,#1679,#1680);
#1678=CARTESIAN_POINT('',(2.3,-1.71005050633883,2.5));
#1679=DIRECTION('',(0.,0.,1.));
#1680=DIRECTION('',(0.707106781186549,-0.707106781186546,0.));
#1681=FACE_BOUND('',#1682,.T.);
#1682=EDGE_LOOP('',(#2292,#2293,#2294,#2295,#2296,#2297,#2298,#2299,#2300,#2301,
#2302,#2303,#2304,#2305,#2306,#2307));
#1683=PLANE('',#1684);
#1684=AXIS2_PLACEMENT_3D('',#1685,#1686,#1687);
#1685=CARTESIAN_POINT('',(0.,0.,2.5));
#1686=DIRECTION('',(0.,0.,1.));
#1687=DIRECTION('',(1.,0.,0.));
#1688=FACE_BOUND('',#1689,.T.);
#1689=EDGE_LOOP('',(#2308,#2309,#2310,#2311));
#1690=CYLINDRICAL_SURFACE('',#1691,0.2);
#1691=AXIS2_PLACEMENT_3D('',#1692,#1693,#1694);
#1692=CARTESIAN_POINT('',(2.3,1.71005050633883,2.5));
#1693=DIRECTION('',(0.,0.,1.));
#1694=DIRECTION('',(0.707106781186544,-0.707106781186551,0.));
#1695=FACE_BOUND('',#1696,.T.);
#1696=EDGE_LOOP('',(#2312,#2313,#2314,#2315));
#1697=CYLINDRICAL_SURFACE('',#1698,0.2);
#1698=AXIS2_PLACEMENT_3D('',#1699,#1700,#1701);
#1699=CARTESIAN_POINT('',(1.71005050633883,2.3,2.5));
#1700=DIRECTION('',(0.,0.,1.));
#1701=DIRECTION('',(0.707106781186547,0.707106781186548,0.));
#1702=FACE_BOUND('',#1703,.T.);
#1703=EDGE_LOOP('',(#2316,#2317,#2318,#2319));
#1704=CYLINDRICAL_SURFACE('',#1705,0.2);
#1705=AXIS2_PLACEMENT_3D('',#1706,#1707,#1708);
#1706=CARTESIAN_POINT('',(-1.71005050633883,2.3,2.5));
#1707=DIRECTION('',(0.,0.,1.));
#1708=DIRECTION('',(0.707106781186549,0.707106781186546,0.));
#1709=FACE_BOUND('',#1710,.T.);
#1710=EDGE_LOOP('',(#2320,#2321,#2322,#2323));
#1711=CYLINDRICAL_SURFACE('',#1712,0.2);
#1712=AXIS2_PLACEMENT_3D('',#1713,#1714,#1715);
#1713=CARTESIAN_POINT('',(-2.3,1.71005050633883,2.5));
#1714=DIRECTION('',(0.,0.,1.));
#1715=DIRECTION('',(-0.707106781186546,0.707106781186549,0.));
#1716=FACE_BOUND('',#1717,.T.);
#1717=EDGE_LOOP('',(#2324,#2325,#2326,#2327));
#1718=CYLINDRICAL_SURFACE('',#1719,0.2);
#1719=AXIS2_PLACEMENT_3D('',#1720,#1721,#1722);
#1720=CARTESIAN_POINT('',(-2.3,-1.71005050633883,2.5));
#1721=DIRECTION('',(0.,0.,1.));
#1722=DIRECTION('',(-0.707106781186548,0.707106781186547,0.));
#1723=FACE_BOUND('',#1724,.T.);
#1724=EDGE_LOOP('',(#2328,#2329,#2330,#2331));
#1725=CYLINDRICAL_SURFACE('',#1726,0.2);
#1726=AXIS2_PLACEMENT_3D('',#1727,#1728,#1729);
#1727=CARTESIAN_POINT('',(-1.71005050633883,-2.3,2.5));
#1728=DIRECTION('',(0.,0.,1.));
#1729=DIRECTION('',(-0.707106781186549,-0.707106781186546,0.));
#1730=FACE_BOUND('',#1731,.T.);
#1731=EDGE_LOOP('',(#2332,#2333,#2334,#2335));
#1732=CYLINDRICAL_SURFACE('',#1733,0.2);
#1733=AXIS2_PLACEMENT_3D('',#1734,#1735,#1736);
#1734=CARTESIAN_POINT('',(1.71005050633883,-2.3,2.5));
#1735=DIRECTION('',(0.,0.,1.));
#1736=DIRECTION('',(-0.707106781186547,-0.707106781186548,0.));
#1737=FACE_BOUND('',#1738,.T.);
#1738=EDGE_LOOP('',(#2336));
#1739=PLANE('',#1740);
#1740=AXIS2_PLACEMENT_3D('',#1741,#1742,#1743);
#1741=CARTESIAN_POINT('',(0.,0.,5.));
#1742=DIRECTION('',(0.,0.,1.));
#1743=DIRECTION('',(1.,0.,0.));
#1744=FACE_BOUND('',#1745,.T.);
#1745=EDGE_LOOP('',(#2337,#2338,#2339,#2340));
#1746=PLANE('',#1747);
#1747=AXIS2_PLACEMENT_3D('',#1748,#1749,#1750);
#1748=CARTESIAN_POINT('',(-1.85147186257614,2.44142135623731,2.5));
#1749=DIRECTION('',(-0.707106781186549,0.707106781186546,0.));
#1750=DIRECTION('',(-0.707106781186546,-0.707106781186549,0.));
#1751=FACE_BOUND('',#1752,.T.);
#1752=EDGE_LOOP('',(#2341,#2342,#2343,#2344));
#1753=PLANE('',#1754);
#1754=AXIS2_PLACEMENT_3D('',#1755,#1756,#1757);
#1755=CARTESIAN_POINT('',(-2.44142135623731,-1.85147186257614,2.5));
#1756=DIRECTION('',(-0.707106781186549,-0.707106781186546,0.));
#1757=DIRECTION('',(0.707106781186546,-0.707106781186549,0.));
#1758=FACE_BOUND('',#1759,.T.);
#1759=EDGE_LOOP('',(#2345,#2346,#2347,#2348));
#1760=PLANE('',#1761);
#1761=AXIS2_PLACEMENT_3D('',#1762,#1763,#1764);
#1762=CARTESIAN_POINT('',(1.85147186257614,-2.44142135623731,2.5));
#1763=DIRECTION('',(0.707106781186548,-0.707106781186547,0.));
#1764=DIRECTION('',(0.707106781186547,0.707106781186548,0.));
#1765=FACE_BOUND('',#1766,.T.);
#1766=EDGE_LOOP('',(#2349,#2350,#2351,#2352));
#1767=PLANE('',#1768);
#1768=AXIS2_PLACEMENT_3D('',#1769,#1770,#1771);
#1769=CARTESIAN_POINT('',(2.44142135623731,1.85147186257614,2.5));
#1770=DIRECTION('',(0.707106781186547,0.707106781186547,-0.));
#1771=DIRECTION('',(-0.707106781186547,0.707106781186547,0.));
#1772=FACE_OUTER_BOUND('',#1773,.T.);
#1773=EDGE_LOOP('',(#2353));
#1774=FACE_OUTER_BOUND('',#1775,.T.);
#1775=EDGE_LOOP('',(#2354));
#1776=TOROIDAL_SURFACE('',#1777,2.2,0.1);
#1777=AXIS2_PLACEMENT_3D('',#1778,#1779,#1780);
#1778=CARTESIAN_POINT('',(0.,0.,4.9));
#1779=DIRECTION('',(0.,0.,1.));
#1780=DIRECTION('',(1.,0.,0.));
#1781=FACE_BOUND('',#1782,.T.);
#1782=EDGE_LOOP('',(#2355,#2356,#2357,#2358));
#1783=CYLINDRICAL_SURFACE('',#1784,0.25);
#1784=AXIS2_PLACEMENT_3D('',#1785,#1786,#1787);
#1785=CARTESIAN_POINT('',(0.7,-2.2,0.25));
#1786=DIRECTION('',(-1.,0.,0.));
#1787=DIRECTION('',(0.,1.,2.22044604925031E-016));
#1788=FACE_BOUND('',#1789,.T.);
#1789=EDGE_LOOP('',(#2359,#2360,#2361,#2362));
#1790=PLANE('',#1791);
#1791=AXIS2_PLACEMENT_3D('',#1792,#1793,#1794);
#1792=CARTESIAN_POINT('',(0.7,-2.2,-2.1195166833753E-016));
#1793=DIRECTION('',(0.,8.21730109605221E-032,-1.));
#1794=DIRECTION('',(0.,-1.,-8.21730109605221E-032));
#1795=FACE_BOUND('',#1796,.T.);
#1796=EDGE_LOOP('',(#2363,#2364,#2365,#2366));
#1797=PLANE('',#1798);
#1798=AXIS2_PLACEMENT_3D('',#1799,#1800,#1801);
#1799=CARTESIAN_POINT('',(0.7,-4.,-2.1195166833753E-016));
#1800=DIRECTION('',(0.,-1.,0.));
#1801=DIRECTION('',(0.,0.,1.));
#1802=FACE_BOUND('',#1803,.T.);
#1803=EDGE_LOOP('',(#2367,#2368,#2369,#2370));
#1804=PLANE('',#1805);
#1805=AXIS2_PLACEMENT_3D('',#1806,#1807,#1808);
#1806=CARTESIAN_POINT('',(0.7,-4.,0.2));
#1807=DIRECTION('',(0.,-0.,1.));
#1808=DIRECTION('',(0.,1.,0.));
#1809=FACE_BOUND('',#1810,.T.);
#1810=EDGE_LOOP('',(#2371,#2372,#2373,#2374));
#1811=CYLINDRICAL_SURFACE('',#1812,0.05);
#1812=AXIS2_PLACEMENT_3D('',#1813,#1814,#1815);
#1813=CARTESIAN_POINT('',(0.7,-2.2,0.25));
#1814=DIRECTION('',(1.,-0.,-0.));
#1815=DIRECTION('',(0.,0.,-1.));
#1816=FACE_BOUND('',#1817,.T.);
#1817=EDGE_LOOP('',(#2375,#2376,#2377,#2378));
#1818=PLANE('',#1819);
#1819=AXIS2_PLACEMENT_3D('',#1820,#1821,#1822);
#1820=CARTESIAN_POINT('',(0.7,-2.15,0.25));
#1821=DIRECTION('',(0.,-2.77555756156289E-016,1.));
#1822=DIRECTION('',(0.,1.,2.77555756156289E-016));
#1823=FACE_BOUND('',#1824,.T.);
#1824=EDGE_LOOP('',(#2379,#2380,#2381,#2382,#2383,#2384));
#1825=PLANE('',#1826);
#1826=AXIS2_PLACEMENT_3D('',#1827,#1828,#1829);
#1827=CARTESIAN_POINT('',(-0.7,0.,0.));
#1828=DIRECTION('',(-1.,-0.,-0.));
#1829=DIRECTION('',(0.,0.,-1.));
#1830=FACE_BOUND('',#1831,.T.);
#1831=EDGE_LOOP('',(#2385,#2386,#2387,#2388,#2389,#2390));
#1832=PLANE('',#1833);
#1833=AXIS2_PLACEMENT_3D('',#1834,#1835,#1836);
#1834=CARTESIAN_POINT('',(0.7,0.,0.));
#1835=DIRECTION('',(-1.,-0.,-0.));
#1836=DIRECTION('',(0.,0.,-1.));
#1837=FACE_BOUND('',#1838,.T.);
#1838=EDGE_LOOP('',(#2391,#2392,#2393,#2394));
#1839=CYLINDRICAL_SURFACE('',#1840,0.25);
#1840=AXIS2_PLACEMENT_3D('',#1841,#1842,#1843);
#1841=CARTESIAN_POINT('',(-0.7,2.2,0.25));
#1842=DIRECTION('',(1.,0.,0.));
#1843=DIRECTION('',(0.,-1.,2.22044604925031E-016));
#1844=FACE_BOUND('',#1845,.T.);
#1845=EDGE_LOOP('',(#2395,#2396,#2397,#2398));
#1846=PLANE('',#1847);
#1847=AXIS2_PLACEMENT_3D('',#1848,#1849,#1850);
#1848=CARTESIAN_POINT('',(-0.7,2.2,-2.1195166833753E-016));
#1849=DIRECTION('',(-0.,-8.21730109605221E-032,-1.));
#1850=DIRECTION('',(0.,1.,-8.21730109605221E-032));
#1851=FACE_BOUND('',#1852,.T.);
#1852=EDGE_LOOP('',(#2399,#2400,#2401,#2402));
#1853=PLANE('',#1854);
#1854=AXIS2_PLACEMENT_3D('',#1855,#1856,#1857);
#1855=CARTESIAN_POINT('',(-0.7,4.,-2.1195166833753E-016));
#1856=DIRECTION('',(0.,1.,0.));
#1857=DIRECTION('',(0.,0.,1.));
#1858=FACE_BOUND('',#1859,.T.);
#1859=EDGE_LOOP('',(#2403,#2404,#2405,#2406));
#1860=PLANE('',#1861);
#1861=AXIS2_PLACEMENT_3D('',#1862,#1863,#1864);
#1862=CARTESIAN_POINT('',(-0.7,4.,0.2));
#1863=DIRECTION('',(0.,0.,1.));
#1864=DIRECTION('',(0.,-1.,0.));
#1865=FACE_BOUND('',#1866,.T.);
#1866=EDGE_LOOP('',(#2407,#2408,#2409,#2410));
#1867=CYLINDRICAL_SURFACE('',#1868,0.05);
#1868=AXIS2_PLACEMENT_3D('',#1869,#1870,#1871);
#1869=CARTESIAN_POINT('',(-0.7,2.2,0.25));
#1870=DIRECTION('',(-1.,-0.,-0.));
#1871=DIRECTION('',(-0.,-0.,-1.));
#1872=FACE_BOUND('',#1873,.T.);
#1873=EDGE_LOOP('',(#2411,#2412,#2413,#2414));
#1874=PLANE('',#1875);
#1875=AXIS2_PLACEMENT_3D('',#1876,#1877,#1878);
#1876=CARTESIAN_POINT('',(-0.7,2.15,0.25));
#1877=DIRECTION('',(0.,2.77555756156289E-016,1.));
#1878=DIRECTION('',(0.,-1.,2.77555756156289E-016));
#1879=FACE_BOUND('',#1880,.T.);
#1880=EDGE_LOOP('',(#2415,#2416,#2417,#2418,#2419,#2420));
#1881=PLANE('',#1882);
#1882=AXIS2_PLACEMENT_3D('',#1883,#1884,#1885);
#1883=CARTESIAN_POINT('',(0.7,0.,0.));
#1884=DIRECTION('',(1.,0.,0.));
#1885=DIRECTION('',(-0.,-0.,-1.));
#1886=FACE_BOUND('',#1887,.T.);
#1887=EDGE_LOOP('',(#2421,#2422,#2423,#2424,#2425,#2426));
#1888=PLANE('',#1889);
#1889=AXIS2_PLACEMENT_3D('',#1890,#1891,#1892);
#1890=CARTESIAN_POINT('',(-0.7,0.,0.));
#1891=DIRECTION('',(1.,0.,0.));
#1892=DIRECTION('',(-0.,-0.,-1.));
#1893=COMPOSITE_CURVE_SEGMENT(.CONTINUOUS.,.T.,#2427);
#1894=COMPOSITE_CURVE_SEGMENT(.CONTINUOUS.,.T.,#2428);
#1895=COMPOSITE_CURVE_SEGMENT(.CONTINUOUS.,.T.,#2429);
#1896=COMPOSITE_CURVE_SEGMENT(.DISCONTINUOUS.,.T.,#2430);
#1897=COMPOSITE_CURVE_SEGMENT(.CONTINUOUS.,.T.,#2431);
#1898=COMPOSITE_CURVE_SEGMENT(.CONTINUOUS.,.T.,#2432);
#1899=COMPOSITE_CURVE_SEGMENT(.CONTINUOUS.,.T.,#2433);
#1900=COMPOSITE_CURVE_SEGMENT(.DISCONTINUOUS.,.T.,#2434);
#1901=ORIENTED_EDGE('',*,*,#2435,.T.);
#1902=ORIENTED_EDGE('',*,*,#2436,.T.);
#1903=ORIENTED_EDGE('',*,*,#2437,.T.);
#1904=ORIENTED_EDGE('',*,*,#2438,.T.);
#1905=ORIENTED_EDGE('',*,*,#2439,.F.);
#1906=ORIENTED_EDGE('',*,*,#2440,.F.);
#1907=ORIENTED_EDGE('',*,*,#2441,.T.);
#1908=ORIENTED_EDGE('',*,*,#2442,.T.);
#1909=ORIENTED_EDGE('',*,*,#2443,.T.);
#1910=ORIENTED_EDGE('',*,*,#2444,.T.);
#1911=ORIENTED_EDGE('',*,*,#2445,.T.);
#1912=ORIENTED_EDGE('',*,*,#2446,.T.);
#1913=ORIENTED_EDGE('',*,*,#2447,.F.);
#1914=ORIENTED_EDGE('',*,*,#2448,.F.);
#1915=ORIENTED_EDGE('',*,*,#2449,.T.);
#1916=ORIENTED_EDGE('',*,*,#2450,.T.);
#1917=ORIENTED_EDGE('',*,*,#2451,.T.);
#1918=ORIENTED_EDGE('',*,*,#2441,.F.);
#1919=ORIENTED_EDGE('',*,*,#2452,.F.);
#1920=ORIENTED_EDGE('',*,*,#2453,.F.);
#1921=ORIENTED_EDGE('',*,*,#2454,.T.);
#1922=ORIENTED_EDGE('',*,*,#2455,.T.);
#1923=ORIENTED_EDGE('',*,*,#2456,.T.);
#1924=ORIENTED_EDGE('',*,*,#2457,.F.);
#1925=ORIENTED_EDGE('',*,*,#2458,.F.);
#1926=ORIENTED_EDGE('',*,*,#2445,.F.);
#1927=ORIENTED_EDGE('',*,*,#2459,.T.);
#1928=ORIENTED_EDGE('',*,*,#2449,.F.);
#1929=ORIENTED_EDGE('',*,*,#2460,.F.);
#1930=ORIENTED_EDGE('',*,*,#2461,.F.);
#1931=ORIENTED_EDGE('',*,*,#2462,.T.);
#1932=ORIENTED_EDGE('',*,*,#2463,.T.);
#1933=ORIENTED_EDGE('',*,*,#2464,.T.);
#1934=ORIENTED_EDGE('',*,*,#2465,.F.);
#1935=ORIENTED_EDGE('',*,*,#2466,.F.);
#1936=ORIENTED_EDGE('',*,*,#2437,.F.);
#1937=ORIENTED_EDGE('',*,*,#2459,.F.);
#1938=ORIENTED_EDGE('',*,*,#2436,.F.);
#1939=ORIENTED_EDGE('',*,*,#2467,.F.);
#1940=ORIENTED_EDGE('',*,*,#2450,.F.);
#1941=ORIENTED_EDGE('',*,*,#2451,.F.);
#1942=ORIENTED_EDGE('',*,*,#2444,.F.);
#1943=ORIENTED_EDGE('',*,*,#2468,.T.);
#1944=ORIENTED_EDGE('',*,*,#2442,.F.);
#1945=ORIENTED_EDGE('',*,*,#2443,.F.);
#1946=ORIENTED_EDGE('',*,*,#2467,.T.);
#1947=ORIENTED_EDGE('',*,*,#2435,.F.);
#1948=ORIENTED_EDGE('',*,*,#2468,.F.);
#1949=ORIENTED_EDGE('',*,*,#2466,.T.);
#1950=ORIENTED_EDGE('',*,*,#2469,.T.);
#1951=ORIENTED_EDGE('',*,*,#2470,.F.);
#1952=ORIENTED_EDGE('',*,*,#2438,.F.);
#1953=ORIENTED_EDGE('',*,*,#2471,.T.);
#1954=ORIENTED_EDGE('',*,*,#2447,.T.);
#1955=ORIENTED_EDGE('',*,*,#2472,.T.);
#1956=ORIENTED_EDGE('',*,*,#2473,.T.);
#1957=ORIENTED_EDGE('',*,*,#2474,.T.);
#1958=ORIENTED_EDGE('',*,*,#2439,.T.);
#1959=ORIENTED_EDGE('',*,*,#2470,.T.);
#1960=ORIENTED_EDGE('',*,*,#2475,.T.);
#1961=ORIENTED_EDGE('',*,*,#2476,.T.);
#1962=ORIENTED_EDGE('',*,*,#2477,.T.);
#1963=ORIENTED_EDGE('',*,*,#2478,.T.);
#1964=ORIENTED_EDGE('',*,*,#2479,.T.);
#1965=ORIENTED_EDGE('',*,*,#2480,.T.);
#1966=ORIENTED_EDGE('',*,*,#2481,.T.);
#1967=ORIENTED_EDGE('',*,*,#2482,.T.);
#1968=ORIENTED_EDGE('',*,*,#2483,.T.);
#1969=ORIENTED_EDGE('',*,*,#2484,.T.);
#1970=ORIENTED_EDGE('',*,*,#2485,.T.);
#1971=ORIENTED_EDGE('',*,*,#2486,.T.);
#1972=ORIENTED_EDGE('',*,*,#2487,.T.);
#1973=ORIENTED_EDGE('',*,*,#2488,.T.);
#1974=ORIENTED_EDGE('',*,*,#2489,.T.);
#1975=ORIENTED_EDGE('',*,*,#2490,.T.);
#1976=ORIENTED_EDGE('',*,*,#2491,.T.);
#1977=ORIENTED_EDGE('',*,*,#2492,.T.);
#1978=ORIENTED_EDGE('',*,*,#2493,.T.);
#1979=ORIENTED_EDGE('',*,*,#2494,.T.);
#1980=ORIENTED_EDGE('',*,*,#2495,.T.);
#1981=ORIENTED_EDGE('',*,*,#2496,.T.);
#1982=ORIENTED_EDGE('',*,*,#2497,.T.);
#1983=ORIENTED_EDGE('',*,*,#2498,.T.);
#1984=ORIENTED_EDGE('',*,*,#2499,.T.);
#1985=ORIENTED_EDGE('',*,*,#2452,.T.);
#1986=ORIENTED_EDGE('',*,*,#2440,.T.);
#1987=ORIENTED_EDGE('',*,*,#2474,.F.);
#1988=ORIENTED_EDGE('',*,*,#2500,.F.);
#1989=ORIENTED_EDGE('',*,*,#2458,.T.);
#1990=ORIENTED_EDGE('',*,*,#2501,.T.);
#1991=ORIENTED_EDGE('',*,*,#2472,.F.);
#1992=ORIENTED_EDGE('',*,*,#2446,.F.);
#1993=ORIENTED_EDGE('',*,*,#2460,.T.);
#1994=ORIENTED_EDGE('',*,*,#2448,.T.);
#1995=ORIENTED_EDGE('',*,*,#2471,.F.);
#1996=ORIENTED_EDGE('',*,*,#2502,.F.);
#1997=ORIENTED_EDGE('',*,*,#2503,.T.);
#1998=ORIENTED_EDGE('',*,*,#2504,.T.);
#1999=ORIENTED_EDGE('',*,*,#2505,.T.);
#2000=ORIENTED_EDGE('',*,*,#2453,.T.);
#2001=ORIENTED_EDGE('',*,*,#2500,.T.);
#2002=ORIENTED_EDGE('',*,*,#2473,.F.);
#2003=ORIENTED_EDGE('',*,*,#2501,.F.);
#2004=ORIENTED_EDGE('',*,*,#2457,.T.);
#2005=ORIENTED_EDGE('',*,*,#2454,.F.);
#2006=ORIENTED_EDGE('',*,*,#2505,.F.);
#2007=ORIENTED_EDGE('',*,*,#2506,.T.);
#2008=ORIENTED_EDGE('',*,*,#2507,.T.);
#2009=ORIENTED_EDGE('',*,*,#2455,.F.);
#2010=ORIENTED_EDGE('',*,*,#2507,.F.);
#2011=ORIENTED_EDGE('',*,*,#2508,.T.);
#2012=ORIENTED_EDGE('',*,*,#2509,.T.);
#2013=ORIENTED_EDGE('',*,*,#2456,.F.);
#2014=ORIENTED_EDGE('',*,*,#2509,.F.);
#2015=ORIENTED_EDGE('',*,*,#2510,.T.);
#2016=ORIENTED_EDGE('',*,*,#2503,.F.);
#2017=ORIENTED_EDGE('',*,*,#2511,.T.);
#2018=ORIENTED_EDGE('',*,*,#2461,.T.);
#2019=ORIENTED_EDGE('',*,*,#2502,.T.);
#2020=ORIENTED_EDGE('',*,*,#2475,.F.);
#2021=ORIENTED_EDGE('',*,*,#2469,.F.);
#2022=ORIENTED_EDGE('',*,*,#2465,.T.);
#2023=ORIENTED_EDGE('',*,*,#2512,.T.);
#2024=ORIENTED_EDGE('',*,*,#2513,.T.);
#2025=ORIENTED_EDGE('',*,*,#2511,.F.);
#2026=ORIENTED_EDGE('',*,*,#2514,.F.);
#2027=ORIENTED_EDGE('',*,*,#2515,.T.);
#2028=ORIENTED_EDGE('',*,*,#2462,.F.);
#2029=ORIENTED_EDGE('',*,*,#2463,.F.);
#2030=ORIENTED_EDGE('',*,*,#2515,.F.);
#2031=ORIENTED_EDGE('',*,*,#2516,.F.);
#2032=ORIENTED_EDGE('',*,*,#2517,.T.);
#2033=ORIENTED_EDGE('',*,*,#2512,.F.);
#2034=ORIENTED_EDGE('',*,*,#2464,.F.);
#2035=ORIENTED_EDGE('',*,*,#2517,.F.);
#2036=ORIENTED_EDGE('',*,*,#2518,.F.);
#2037=ORIENTED_EDGE('',*,*,#2476,.F.);
#2038=ORIENTED_EDGE('',*,*,#2519,.T.);
#2039=ORIENTED_EDGE('',*,*,#2520,.F.);
#2040=ORIENTED_EDGE('',*,*,#2521,.F.);
#2041=ORIENTED_EDGE('',*,*,#2477,.F.);
#2042=ORIENTED_EDGE('',*,*,#2521,.T.);
#2043=ORIENTED_EDGE('',*,*,#2522,.F.);
#2044=ORIENTED_EDGE('',*,*,#2523,.F.);
#2045=ORIENTED_EDGE('',*,*,#2523,.T.);
#2046=ORIENTED_EDGE('',*,*,#2524,.T.);
#2047=ORIENTED_EDGE('',*,*,#2525,.T.);
#2048=ORIENTED_EDGE('',*,*,#2478,.F.);
#2049=ORIENTED_EDGE('',*,*,#2479,.F.);
#2050=ORIENTED_EDGE('',*,*,#2525,.F.);
#2051=ORIENTED_EDGE('',*,*,#2526,.T.);
#2052=ORIENTED_EDGE('',*,*,#2527,.T.);
#2053=ORIENTED_EDGE('',*,*,#2528,.T.);
#2054=ORIENTED_EDGE('',*,*,#2480,.F.);
#2055=ORIENTED_EDGE('',*,*,#2527,.F.);
#2056=ORIENTED_EDGE('',*,*,#2529,.T.);
#2057=ORIENTED_EDGE('',*,*,#2481,.F.);
#2058=ORIENTED_EDGE('',*,*,#2528,.F.);
#2059=ORIENTED_EDGE('',*,*,#2530,.F.);
#2060=ORIENTED_EDGE('',*,*,#2531,.T.);
#2061=ORIENTED_EDGE('',*,*,#2482,.F.);
#2062=ORIENTED_EDGE('',*,*,#2531,.F.);
#2063=ORIENTED_EDGE('',*,*,#2532,.F.);
#2064=ORIENTED_EDGE('',*,*,#2533,.T.);
#2065=ORIENTED_EDGE('',*,*,#2483,.F.);
#2066=ORIENTED_EDGE('',*,*,#2533,.F.);
#2067=ORIENTED_EDGE('',*,*,#2534,.F.);
#2068=ORIENTED_EDGE('',*,*,#2535,.F.);
#2069=ORIENTED_EDGE('',*,*,#2535,.T.);
#2070=ORIENTED_EDGE('',*,*,#2536,.T.);
#2071=ORIENTED_EDGE('',*,*,#2537,.T.);
#2072=ORIENTED_EDGE('',*,*,#2484,.F.);
#2073=ORIENTED_EDGE('',*,*,#2485,.F.);
#2074=ORIENTED_EDGE('',*,*,#2537,.F.);
#2075=ORIENTED_EDGE('',*,*,#2538,.T.);
#2076=ORIENTED_EDGE('',*,*,#2539,.T.);
#2077=ORIENTED_EDGE('',*,*,#2540,.T.);
#2078=ORIENTED_EDGE('',*,*,#2486,.F.);
#2079=ORIENTED_EDGE('',*,*,#2539,.F.);
#2080=ORIENTED_EDGE('',*,*,#2541,.T.);
#2081=ORIENTED_EDGE('',*,*,#2487,.F.);
#2082=ORIENTED_EDGE('',*,*,#2540,.F.);
#2083=ORIENTED_EDGE('',*,*,#2542,.F.);
#2084=ORIENTED_EDGE('',*,*,#2543,.T.);
#2085=ORIENTED_EDGE('',*,*,#2488,.F.);
#2086=ORIENTED_EDGE('',*,*,#2543,.F.);
#2087=ORIENTED_EDGE('',*,*,#2544,.F.);
#2088=ORIENTED_EDGE('',*,*,#2545,.T.);
#2089=ORIENTED_EDGE('',*,*,#2489,.F.);
#2090=ORIENTED_EDGE('',*,*,#2545,.F.);
#2091=ORIENTED_EDGE('',*,*,#2546,.F.);
#2092=ORIENTED_EDGE('',*,*,#2547,.F.);
#2093=ORIENTED_EDGE('',*,*,#2547,.T.);
#2094=ORIENTED_EDGE('',*,*,#2548,.T.);
#2095=ORIENTED_EDGE('',*,*,#2549,.T.);
#2096=ORIENTED_EDGE('',*,*,#2490,.F.);
#2097=ORIENTED_EDGE('',*,*,#2491,.F.);
#2098=ORIENTED_EDGE('',*,*,#2549,.F.);
#2099=ORIENTED_EDGE('',*,*,#2550,.T.);
#2100=ORIENTED_EDGE('',*,*,#2551,.T.);
#2101=ORIENTED_EDGE('',*,*,#2552,.T.);
#2102=ORIENTED_EDGE('',*,*,#2492,.F.);
#2103=ORIENTED_EDGE('',*,*,#2551,.F.);
#2104=ORIENTED_EDGE('',*,*,#2553,.T.);
#2105=ORIENTED_EDGE('',*,*,#2493,.F.);
#2106=ORIENTED_EDGE('',*,*,#2552,.F.);
#2107=ORIENTED_EDGE('',*,*,#2554,.F.);
#2108=ORIENTED_EDGE('',*,*,#2555,.F.);
#2109=ORIENTED_EDGE('',*,*,#2494,.F.);
#2110=ORIENTED_EDGE('',*,*,#2555,.T.);
#2111=ORIENTED_EDGE('',*,*,#2556,.F.);
#2112=ORIENTED_EDGE('',*,*,#2557,.F.);
#2113=ORIENTED_EDGE('',*,*,#2495,.F.);
#2114=ORIENTED_EDGE('',*,*,#2557,.T.);
#2115=ORIENTED_EDGE('',*,*,#2558,.F.);
#2116=ORIENTED_EDGE('',*,*,#2559,.F.);
#2117=ORIENTED_EDGE('',*,*,#2559,.T.);
#2118=ORIENTED_EDGE('',*,*,#2560,.T.);
#2119=ORIENTED_EDGE('',*,*,#2561,.T.);
#2120=ORIENTED_EDGE('',*,*,#2496,.F.);
#2121=ORIENTED_EDGE('',*,*,#2497,.F.);
#2122=ORIENTED_EDGE('',*,*,#2561,.F.);
#2123=ORIENTED_EDGE('',*,*,#2562,.T.);
#2124=ORIENTED_EDGE('',*,*,#2563,.T.);
#2125=ORIENTED_EDGE('',*,*,#2564,.T.);
#2126=ORIENTED_EDGE('',*,*,#2498,.F.);
#2127=ORIENTED_EDGE('',*,*,#2563,.F.);
#2128=ORIENTED_EDGE('',*,*,#2565,.T.);
#2129=ORIENTED_EDGE('',*,*,#2499,.F.);
#2130=ORIENTED_EDGE('',*,*,#2564,.F.);
#2131=ORIENTED_EDGE('',*,*,#2566,.F.);
#2132=ORIENTED_EDGE('',*,*,#2519,.F.);
#2133=ORIENTED_EDGE('',*,*,#2504,.F.);
#2134=ORIENTED_EDGE('',*,*,#2510,.F.);
#2135=ORIENTED_EDGE('',*,*,#2508,.F.);
#2136=ORIENTED_EDGE('',*,*,#2506,.F.);
#2137=ORIENTED_EDGE('',*,*,#2513,.F.);
#2138=ORIENTED_EDGE('',*,*,#2518,.T.);
#2139=ORIENTED_EDGE('',*,*,#2516,.T.);
#2140=ORIENTED_EDGE('',*,*,#2514,.T.);
#2141=ORIENTED_EDGE('',*,*,#2520,.T.);
#2142=ORIENTED_EDGE('',*,*,#2566,.T.);
#2143=ORIENTED_EDGE('',*,*,#2565,.F.);
#2144=ORIENTED_EDGE('',*,*,#2567,.F.);
#2145=ORIENTED_EDGE('',*,*,#2568,.T.);
#2146=ORIENTED_EDGE('',*,*,#2569,.T.);
#2147=ORIENTED_EDGE('',*,*,#2524,.F.);
#2148=ORIENTED_EDGE('',*,*,#2522,.T.);
#2149=ORIENTED_EDGE('',*,*,#2526,.F.);
#2150=ORIENTED_EDGE('',*,*,#2569,.F.);
#2151=ORIENTED_EDGE('',*,*,#2570,.T.);
#2152=ORIENTED_EDGE('',*,*,#2571,.T.);
#2153=ORIENTED_EDGE('',*,*,#2532,.T.);
#2154=ORIENTED_EDGE('',*,*,#2530,.T.);
#2155=ORIENTED_EDGE('',*,*,#2529,.F.);
#2156=ORIENTED_EDGE('',*,*,#2571,.F.);
#2157=ORIENTED_EDGE('',*,*,#2572,.T.);
#2158=ORIENTED_EDGE('',*,*,#2573,.T.);
#2159=ORIENTED_EDGE('',*,*,#2536,.F.);
#2160=ORIENTED_EDGE('',*,*,#2534,.T.);
#2161=ORIENTED_EDGE('',*,*,#2538,.F.);
#2162=ORIENTED_EDGE('',*,*,#2573,.F.);
#2163=ORIENTED_EDGE('',*,*,#2574,.T.);
#2164=ORIENTED_EDGE('',*,*,#2575,.T.);
#2165=ORIENTED_EDGE('',*,*,#2544,.T.);
#2166=ORIENTED_EDGE('',*,*,#2542,.T.);
#2167=ORIENTED_EDGE('',*,*,#2541,.F.);
#2168=ORIENTED_EDGE('',*,*,#2575,.F.);
#2169=ORIENTED_EDGE('',*,*,#2576,.T.);
#2170=ORIENTED_EDGE('',*,*,#2577,.T.);
#2171=ORIENTED_EDGE('',*,*,#2548,.F.);
#2172=ORIENTED_EDGE('',*,*,#2546,.T.);
#2173=ORIENTED_EDGE('',*,*,#2550,.F.);
#2174=ORIENTED_EDGE('',*,*,#2577,.F.);
#2175=ORIENTED_EDGE('',*,*,#2578,.T.);
#2176=ORIENTED_EDGE('',*,*,#2579,.T.);
#2177=ORIENTED_EDGE('',*,*,#2556,.T.);
#2178=ORIENTED_EDGE('',*,*,#2554,.T.);
#2179=ORIENTED_EDGE('',*,*,#2553,.F.);
#2180=ORIENTED_EDGE('',*,*,#2579,.F.);
#2181=ORIENTED_EDGE('',*,*,#2580,.T.);
#2182=ORIENTED_EDGE('',*,*,#2581,.T.);
#2183=ORIENTED_EDGE('',*,*,#2560,.F.);
#2184=ORIENTED_EDGE('',*,*,#2558,.T.);
#2185=ORIENTED_EDGE('',*,*,#2562,.F.);
#2186=ORIENTED_EDGE('',*,*,#2581,.F.);
#2187=ORIENTED_EDGE('',*,*,#2582,.T.);
#2188=ORIENTED_EDGE('',*,*,#2567,.T.);
#2189=ORIENTED_EDGE('',*,*,#2568,.F.);
#2190=ORIENTED_EDGE('',*,*,#2582,.F.);
#2191=ORIENTED_EDGE('',*,*,#2580,.F.);
#2192=ORIENTED_EDGE('',*,*,#2578,.F.);
#2193=ORIENTED_EDGE('',*,*,#2576,.F.);
#2194=ORIENTED_EDGE('',*,*,#2574,.F.);
#2195=ORIENTED_EDGE('',*,*,#2572,.F.);
#2196=ORIENTED_EDGE('',*,*,#2570,.F.);
#2197=ORIENTED_EDGE('',*,*,#2583,.F.);
#2198=ORIENTED_EDGE('',*,*,#2584,.F.);
#2199=ORIENTED_EDGE('',*,*,#2585,.T.);
#2200=ORIENTED_EDGE('',*,*,#2586,.T.);
#2201=ORIENTED_EDGE('',*,*,#2587,.F.);
#2202=ORIENTED_EDGE('',*,*,#2588,.F.);
#2203=ORIENTED_EDGE('',*,*,#2589,.T.);
#2204=ORIENTED_EDGE('',*,*,#2590,.T.);
#2205=ORIENTED_EDGE('',*,*,#2591,.F.);
#2206=ORIENTED_EDGE('',*,*,#2592,.F.);
#2207=ORIENTED_EDGE('',*,*,#2593,.T.);
#2208=ORIENTED_EDGE('',*,*,#2594,.T.);
#2209=ORIENTED_EDGE('',*,*,#2595,.F.);
#2210=ORIENTED_EDGE('',*,*,#2596,.F.);
#2211=ORIENTED_EDGE('',*,*,#2597,.T.);
#2212=ORIENTED_EDGE('',*,*,#2598,.T.);
#2213=ORIENTED_EDGE('',*,*,#2599,.F.);
#2214=ORIENTED_EDGE('',*,*,#2600,.F.);
#2215=ORIENTED_EDGE('',*,*,#2601,.F.);
#2216=ORIENTED_EDGE('',*,*,#2602,.F.);
#2217=ORIENTED_EDGE('',*,*,#2603,.F.);
#2218=ORIENTED_EDGE('',*,*,#2604,.F.);
#2219=ORIENTED_EDGE('',*,*,#2605,.F.);
#2220=ORIENTED_EDGE('',*,*,#2606,.F.);
#2221=ORIENTED_EDGE('',*,*,#2607,.F.);
#2222=ORIENTED_EDGE('',*,*,#2608,.F.);
#2223=ORIENTED_EDGE('',*,*,#2609,.F.);
#2224=ORIENTED_EDGE('',*,*,#2610,.F.);
#2225=ORIENTED_EDGE('',*,*,#2611,.T.);
#2226=ORIENTED_EDGE('',*,*,#2612,.T.);
#2227=ORIENTED_EDGE('',*,*,#2613,.T.);
#2228=ORIENTED_EDGE('',*,*,#2614,.F.);
#2229=ORIENTED_EDGE('',*,*,#2615,.F.);
#2230=ORIENTED_EDGE('',*,*,#2616,.T.);
#2231=ORIENTED_EDGE('',*,*,#2617,.T.);
#2232=ORIENTED_EDGE('',*,*,#2618,.T.);
#2233=ORIENTED_EDGE('',*,*,#2619,.F.);
#2234=ORIENTED_EDGE('',*,*,#2620,.F.);
#2235=ORIENTED_EDGE('',*,*,#2621,.F.);
#2236=ORIENTED_EDGE('',*,*,#2622,.T.);
#2237=ORIENTED_EDGE('',*,*,#2623,.T.);
#2238=ORIENTED_EDGE('',*,*,#2624,.T.);
#2239=ORIENTED_EDGE('',*,*,#2625,.F.);
#2240=ORIENTED_EDGE('',*,*,#2626,.F.);
#2241=ORIENTED_EDGE('',*,*,#2627,.F.);
#2242=ORIENTED_EDGE('',*,*,#2628,.T.);
#2243=ORIENTED_EDGE('',*,*,#2629,.T.);
#2244=ORIENTED_EDGE('',*,*,#2630,.T.);
#2245=ORIENTED_EDGE('',*,*,#2631,.F.);
#2246=ORIENTED_EDGE('',*,*,#2632,.F.);
#2247=ORIENTED_EDGE('',*,*,#2631,.T.);
#2248=ORIENTED_EDGE('',*,*,#2587,.T.);
#2249=ORIENTED_EDGE('',*,*,#2610,.T.);
#2250=ORIENTED_EDGE('',*,*,#2633,.T.);
#2251=ORIENTED_EDGE('',*,*,#2602,.T.);
#2252=ORIENTED_EDGE('',*,*,#2634,.F.);
#2253=ORIENTED_EDGE('',*,*,#2632,.T.);
#2254=ORIENTED_EDGE('',*,*,#2634,.T.);
#2255=ORIENTED_EDGE('',*,*,#2601,.T.);
#2256=ORIENTED_EDGE('',*,*,#2635,.F.);
#2257=ORIENTED_EDGE('',*,*,#2625,.T.);
#2258=ORIENTED_EDGE('',*,*,#2583,.T.);
#2259=ORIENTED_EDGE('',*,*,#2627,.T.);
#2260=ORIENTED_EDGE('',*,*,#2635,.T.);
#2261=ORIENTED_EDGE('',*,*,#2600,.T.);
#2262=ORIENTED_EDGE('',*,*,#2608,.T.);
#2263=ORIENTED_EDGE('',*,*,#2636,.F.);
#2264=ORIENTED_EDGE('',*,*,#2626,.T.);
#2265=ORIENTED_EDGE('',*,*,#2636,.T.);
#2266=ORIENTED_EDGE('',*,*,#2607,.T.);
#2267=ORIENTED_EDGE('',*,*,#2637,.F.);
#2268=ORIENTED_EDGE('',*,*,#2619,.T.);
#2269=ORIENTED_EDGE('',*,*,#2595,.T.);
#2270=ORIENTED_EDGE('',*,*,#2621,.T.);
#2271=ORIENTED_EDGE('',*,*,#2637,.T.);
#2272=ORIENTED_EDGE('',*,*,#2606,.T.);
#2273=ORIENTED_EDGE('',*,*,#2638,.F.);
#2274=ORIENTED_EDGE('',*,*,#2620,.T.);
#2275=ORIENTED_EDGE('',*,*,#2638,.T.);
#2276=ORIENTED_EDGE('',*,*,#2605,.T.);
#2277=ORIENTED_EDGE('',*,*,#2639,.F.);
#2278=ORIENTED_EDGE('',*,*,#2614,.T.);
#2279=ORIENTED_EDGE('',*,*,#2591,.T.);
#2280=ORIENTED_EDGE('',*,*,#2615,.T.);
#2281=ORIENTED_EDGE('',*,*,#2639,.T.);
#2282=ORIENTED_EDGE('',*,*,#2604,.T.);
#2283=ORIENTED_EDGE('',*,*,#2640,.F.);
#2284=ORIENTED_EDGE('',*,*,#2609,.T.);
#2285=ORIENTED_EDGE('',*,*,#2640,.T.);
#2286=ORIENTED_EDGE('',*,*,#2603,.T.);
#2287=ORIENTED_EDGE('',*,*,#2633,.F.);
#2288=ORIENTED_EDGE('',*,*,#2641,.T.);
#2289=ORIENTED_EDGE('',*,*,#2584,.T.);
#2290=ORIENTED_EDGE('',*,*,#2624,.F.);
#2291=ORIENTED_EDGE('',*,*,#2642,.F.);
#2292=ORIENTED_EDGE('',*,*,#2641,.F.);
#2293=ORIENTED_EDGE('',*,*,#2643,.F.);
#2294=ORIENTED_EDGE('',*,*,#2644,.F.);
#2295=ORIENTED_EDGE('',*,*,#2597,.F.);
#2296=ORIENTED_EDGE('',*,*,#2645,.F.);
#2297=ORIENTED_EDGE('',*,*,#2646,.F.);
#2298=ORIENTED_EDGE('',*,*,#2647,.F.);
#2299=ORIENTED_EDGE('',*,*,#2593,.F.);
#2300=ORIENTED_EDGE('',*,*,#2648,.F.);
#2301=ORIENTED_EDGE('',*,*,#2649,.F.);
#2302=ORIENTED_EDGE('',*,*,#2650,.F.);
#2303=ORIENTED_EDGE('',*,*,#2589,.F.);
#2304=ORIENTED_EDGE('',*,*,#2651,.F.);
#2305=ORIENTED_EDGE('',*,*,#2652,.F.);
#2306=ORIENTED_EDGE('',*,*,#2653,.F.);
#2307=ORIENTED_EDGE('',*,*,#2585,.F.);
#2308=ORIENTED_EDGE('',*,*,#2653,.T.);
#2309=ORIENTED_EDGE('',*,*,#2654,.T.);
#2310=ORIENTED_EDGE('',*,*,#2628,.F.);
#2311=ORIENTED_EDGE('',*,*,#2586,.F.);
#2312=ORIENTED_EDGE('',*,*,#2651,.T.);
#2313=ORIENTED_EDGE('',*,*,#2588,.T.);
#2314=ORIENTED_EDGE('',*,*,#2630,.F.);
#2315=ORIENTED_EDGE('',*,*,#2655,.F.);
#2316=ORIENTED_EDGE('',*,*,#2650,.T.);
#2317=ORIENTED_EDGE('',*,*,#2656,.T.);
#2318=ORIENTED_EDGE('',*,*,#2611,.F.);
#2319=ORIENTED_EDGE('',*,*,#2590,.F.);
#2320=ORIENTED_EDGE('',*,*,#2648,.T.);
#2321=ORIENTED_EDGE('',*,*,#2592,.T.);
#2322=ORIENTED_EDGE('',*,*,#2613,.F.);
#2323=ORIENTED_EDGE('',*,*,#2657,.F.);
#2324=ORIENTED_EDGE('',*,*,#2647,.T.);
#2325=ORIENTED_EDGE('',*,*,#2658,.T.);
#2326=ORIENTED_EDGE('',*,*,#2616,.F.);
#2327=ORIENTED_EDGE('',*,*,#2594,.F.);
#2328=ORIENTED_EDGE('',*,*,#2645,.T.);
#2329=ORIENTED_EDGE('',*,*,#2596,.T.);
#2330=ORIENTED_EDGE('',*,*,#2618,.F.);
#2331=ORIENTED_EDGE('',*,*,#2659,.F.);
#2332=ORIENTED_EDGE('',*,*,#2644,.T.);
#2333=ORIENTED_EDGE('',*,*,#2660,.T.);
#2334=ORIENTED_EDGE('',*,*,#2622,.F.);
#2335=ORIENTED_EDGE('',*,*,#2598,.F.);
#2336=ORIENTED_EDGE('',*,*,#2661,.T.);
#2337=ORIENTED_EDGE('',*,*,#2649,.T.);
#2338=ORIENTED_EDGE('',*,*,#2657,.T.);
#2339=ORIENTED_EDGE('',*,*,#2612,.F.);
#2340=ORIENTED_EDGE('',*,*,#2656,.F.);
#2341=ORIENTED_EDGE('',*,*,#2646,.T.);
#2342=ORIENTED_EDGE('',*,*,#2659,.T.);
#2343=ORIENTED_EDGE('',*,*,#2617,.F.);
#2344=ORIENTED_EDGE('',*,*,#2658,.F.);
#2345=ORIENTED_EDGE('',*,*,#2643,.T.);
#2346=ORIENTED_EDGE('',*,*,#2642,.T.);
#2347=ORIENTED_EDGE('',*,*,#2623,.F.);
#2348=ORIENTED_EDGE('',*,*,#2660,.F.);
#2349=ORIENTED_EDGE('',*,*,#2652,.T.);
#2350=ORIENTED_EDGE('',*,*,#2655,.T.);
#2351=ORIENTED_EDGE('',*,*,#2629,.F.);
#2352=ORIENTED_EDGE('',*,*,#2654,.F.);
#2353=ORIENTED_EDGE('',*,*,#2599,.T.);
#2354=ORIENTED_EDGE('',*,*,#2661,.F.);
#2355=ORIENTED_EDGE('',*,*,#2662,.T.);
#2356=ORIENTED_EDGE('',*,*,#2663,.T.);
#2357=ORIENTED_EDGE('',*,*,#2664,.F.);
#2358=ORIENTED_EDGE('',*,*,#2665,.F.);
#2359=ORIENTED_EDGE('',*,*,#2666,.T.);
#2360=ORIENTED_EDGE('',*,*,#2667,.T.);
#2361=ORIENTED_EDGE('',*,*,#2668,.F.);
#2362=ORIENTED_EDGE('',*,*,#2663,.F.);
#2363=ORIENTED_EDGE('',*,*,#2669,.T.);
#2364=ORIENTED_EDGE('',*,*,#2670,.T.);
#2365=ORIENTED_EDGE('',*,*,#2671,.F.);
#2366=ORIENTED_EDGE('',*,*,#2667,.F.);
#2367=ORIENTED_EDGE('',*,*,#2672,.T.);
#2368=ORIENTED_EDGE('',*,*,#2673,.T.);
#2369=ORIENTED_EDGE('',*,*,#2674,.F.);
#2370=ORIENTED_EDGE('',*,*,#2670,.F.);
#2371=ORIENTED_EDGE('',*,*,#2675,.T.);
#2372=ORIENTED_EDGE('',*,*,#2676,.T.);
#2373=ORIENTED_EDGE('',*,*,#2677,.F.);
#2374=ORIENTED_EDGE('',*,*,#2673,.F.);
#2375=ORIENTED_EDGE('',*,*,#2678,.T.);
#2376=ORIENTED_EDGE('',*,*,#2665,.T.);
#2377=ORIENTED_EDGE('',*,*,#2679,.F.);
#2378=ORIENTED_EDGE('',*,*,#2676,.F.);
#2379=ORIENTED_EDGE('',*,*,#2664,.T.);
#2380=ORIENTED_EDGE('',*,*,#2668,.T.);
#2381=ORIENTED_EDGE('',*,*,#2671,.T.);
#2382=ORIENTED_EDGE('',*,*,#2674,.T.);
#2383=ORIENTED_EDGE('',*,*,#2677,.T.);
#2384=ORIENTED_EDGE('',*,*,#2679,.T.);
#2385=ORIENTED_EDGE('',*,*,#2678,.F.);
#2386=ORIENTED_EDGE('',*,*,#2675,.F.);
#2387=ORIENTED_EDGE('',*,*,#2672,.F.);
#2388=ORIENTED_EDGE('',*,*,#2669,.F.);
#2389=ORIENTED_EDGE('',*,*,#2666,.F.);
#2390=ORIENTED_EDGE('',*,*,#2662,.F.);
#2391=ORIENTED_EDGE('',*,*,#2680,.T.);
#2392=ORIENTED_EDGE('',*,*,#2681,.T.);
#2393=ORIENTED_EDGE('',*,*,#2682,.F.);
#2394=ORIENTED_EDGE('',*,*,#2683,.F.);
#2395=ORIENTED_EDGE('',*,*,#2684,.T.);
#2396=ORIENTED_EDGE('',*,*,#2685,.T.);
#2397=ORIENTED_EDGE('',*,*,#2686,.F.);
#2398=ORIENTED_EDGE('',*,*,#2681,.F.);
#2399=ORIENTED_EDGE('',*,*,#2687,.T.);
#2400=ORIENTED_EDGE('',*,*,#2688,.T.);
#2401=ORIENTED_EDGE('',*,*,#2689,.F.);
#2402=ORIENTED_EDGE('',*,*,#2685,.F.);
#2403=ORIENTED_EDGE('',*,*,#2690,.T.);
#2404=ORIENTED_EDGE('',*,*,#2691,.T.);
#2405=ORIENTED_EDGE('',*,*,#2692,.F.);
#2406=ORIENTED_EDGE('',*,*,#2688,.F.);
#2407=ORIENTED_EDGE('',*,*,#2693,.T.);
#2408=ORIENTED_EDGE('',*,*,#2694,.T.);
#2409=ORIENTED_EDGE('',*,*,#2695,.F.);
#2410=ORIENTED_EDGE('',*,*,#2691,.F.);
#2411=ORIENTED_EDGE('',*,*,#2696,.T.);
#2412=ORIENTED_EDGE('',*,*,#2683,.T.);
#2413=ORIENTED_EDGE('',*,*,#2697,.F.);
#2414=ORIENTED_EDGE('',*,*,#2694,.F.);
#2415=ORIENTED_EDGE('',*,*,#2682,.T.);
#2416=ORIENTED_EDGE('',*,*,#2686,.T.);
#2417=ORIENTED_EDGE('',*,*,#2689,.T.);
#2418=ORIENTED_EDGE('',*,*,#2692,.T.);
#2419=ORIENTED_EDGE('',*,*,#2695,.T.);
#2420=ORIENTED_EDGE('',*,*,#2697,.T.);
#2421=ORIENTED_EDGE('',*,*,#2696,.F.);
#2422=ORIENTED_EDGE('',*,*,#2693,.F.);
#2423=ORIENTED_EDGE('',*,*,#2690,.F.);
#2424=ORIENTED_EDGE('',*,*,#2687,.F.);
#2425=ORIENTED_EDGE('',*,*,#2684,.F.);
#2426=ORIENTED_EDGE('',*,*,#2680,.F.);
#2427=TRIMMED_CURVE('',#2698,(PARAMETER_VALUE(0.)),(PARAMETER_VALUE(3.)),.T.,.PARAMETER.);
#2428=TRIMMED_CURVE('',#2699,(PARAMETER_VALUE(0.)),(PARAMETER_VALUE(2.)),.T.,.PARAMETER.);
#2429=TRIMMED_CURVE('',#2700,(PARAMETER_VALUE(0.)),(PARAMETER_VALUE(3.)),.T.,.PARAMETER.);
#2430=TRIMMED_CURVE('',#2701,(PARAMETER_VALUE(0.)),(PARAMETER_VALUE(2.)),.T.,.PARAMETER.);
#2431=TRIMMED_CURVE('',#2702,(PARAMETER_VALUE(0.)),(PARAMETER_VALUE(2.)),.T.,.PARAMETER.);
#2432=TRIMMED_CURVE('',#2703,(PARAMETER_VALUE(0.)),(PARAMETER_VALUE(3.)),.T.,.PARAMETER.);
#2433=TRIMMED_CURVE('',#2704,(PARAMETER_VALUE(0.)),(PARAMETER_VALUE(2.)),.T.,.PARAMETER.);
#2434=TRIMMED_CURVE('',#2705,(PARAMETER_VALUE(0.)),(PARAMETER_VALUE(3.)),.T.,.PARAMETER.);
#2435=EDGE_CURVE('',#2706,#2707,#2708,.F.);
#2436=EDGE_CURVE('',#2707,#2709,#2710,.F.);
#2437=EDGE_CURVE('',#2709,#2711,#2712,.T.);
#2438=EDGE_CURVE('',#2711,#2713,#2714,.T.);
#2439=EDGE_CURVE('',#2715,#2713,#2716,.T.);
#2440=EDGE_CURVE('',#2717,#2715,#2718,.T.);
#2441=EDGE_CURVE('',#2717,#2719,#2720,.T.);
#2442=EDGE_CURVE('',#2719,#2706,#2721,.F.);
#2443=EDGE_CURVE('',#2722,#2723,#2724,.F.);
#2444=EDGE_CURVE('',#2723,#2725,#2726,.F.);
#2445=EDGE_CURVE('',#2725,#2727,#2728,.T.);
#2446=EDGE_CURVE('',#2727,#2729,#2730,.T.);
#2447=EDGE_CURVE('',#2731,#2729,#2732,.T.);
#2448=EDGE_CURVE('',#2733,#2731,#2734,.T.);
#2449=EDGE_CURVE('',#2733,#2735,#2736,.T.);
#2450=EDGE_CURVE('',#2735,#2722,#2737,.F.);
#2451=EDGE_CURVE('',#2725,#2719,#2738,.T.);
#2452=EDGE_CURVE('',#2739,#2717,#2740,.T.);
#2453=EDGE_CURVE('',#2741,#2739,#2742,.T.);
#2454=EDGE_CURVE('',#2741,#2743,#2744,.F.);
#2455=EDGE_CURVE('',#2743,#2745,#2746,.F.);
#2456=EDGE_CURVE('',#2745,#2747,#2748,.F.);
#2457=EDGE_CURVE('',#2749,#2747,#2750,.T.);
#2458=EDGE_CURVE('',#2727,#2749,#2751,.T.);
#2459=EDGE_CURVE('',#2709,#2735,#2752,.T.);
#2460=EDGE_CURVE('',#2753,#2733,#2754,.T.);
#2461=EDGE_CURVE('',#2755,#2753,#2756,.T.);
#2462=EDGE_CURVE('',#2755,#2757,#2758,.T.);
#2463=EDGE_CURVE('',#2757,#2759,#2760,.T.);
#2464=EDGE_CURVE('',#2759,#2761,#2762,.T.);
#2465=EDGE_CURVE('',#2763,#2761,#2764,.T.);
#2466=EDGE_CURVE('',#2711,#2763,#2765,.T.);
#2467=EDGE_CURVE('',#2722,#2707,#2766,.T.);
#2468=EDGE_CURVE('',#2723,#2706,#2767,.T.);
#2469=EDGE_CURVE('',#2763,#2768,#2769,.T.);
#2470=EDGE_CURVE('',#2713,#2768,#2770,.T.);
#2471=EDGE_CURVE('',#2771,#2731,#2772,.T.);
#2472=EDGE_CURVE('',#2729,#2773,#2774,.T.);
#2473=EDGE_CURVE('',#2773,#2775,#2776,.T.);
#2474=EDGE_CURVE('',#2775,#2715,#2777,.T.);
#2475=EDGE_CURVE('',#2768,#2771,#2778,.T.);
#2476=EDGE_CURVE('',#2779,#2780,#2781,.F.);
#2477=EDGE_CURVE('',#2780,#2782,#2783,.T.);
#2478=EDGE_CURVE('',#2782,#2784,#2785,.F.);
#2479=EDGE_CURVE('',#2784,#2786,#2787,.F.);
#2480=EDGE_CURVE('',#2786,#2788,#2789,.F.);
#2481=EDGE_CURVE('',#2788,#2790,#2791,.T.);
#2482=EDGE_CURVE('',#2790,#2792,#2793,.F.);
#2483=EDGE_CURVE('',#2792,#2794,#2795,.F.);
#2484=EDGE_CURVE('',#2794,#2796,#2797,.F.);
#2485=EDGE_CURVE('',#2796,#2798,#2799,.F.);
#2486=EDGE_CURVE('',#2798,#2800,#2801,.F.);
#2487=EDGE_CURVE('',#2800,#2802,#2803,.T.);
#2488=EDGE_CURVE('',#2802,#2804,#2805,.F.);
#2489=EDGE_CURVE('',#2804,#2806,#2807,.F.);
#2490=EDGE_CURVE('',#2806,#2808,#2809,.F.);
#2491=EDGE_CURVE('',#2808,#2810,#2811,.F.);
#2492=EDGE_CURVE('',#2810,#2812,#2813,.F.);
#2493=EDGE_CURVE('',#2812,#2814,#2815,.F.);
#2494=EDGE_CURVE('',#2814,#2816,#2817,.F.);
#2495=EDGE_CURVE('',#2816,#2818,#2819,.T.);
#2496=EDGE_CURVE('',#2818,#2820,#2821,.F.);
#2497=EDGE_CURVE('',#2820,#2822,#2823,.F.);
#2498=EDGE_CURVE('',#2822,#2824,#2825,.F.);
#2499=EDGE_CURVE('',#2824,#2779,#2826,.F.);
#2500=EDGE_CURVE('',#2739,#2775,#2827,.T.);
#2501=EDGE_CURVE('',#2749,#2773,#2828,.T.);
#2502=EDGE_CURVE('',#2753,#2771,#2829,.T.);
#2503=EDGE_CURVE('',#2747,#2830,#2831,.T.);
#2504=EDGE_CURVE('',#2830,#2832,#2833,.F.);
#2505=EDGE_CURVE('',#2832,#2741,#2834,.T.);
#2506=EDGE_CURVE('',#2832,#2835,#2836,.T.);
#2507=EDGE_CURVE('',#2835,#2743,#2837,.T.);
#2508=EDGE_CURVE('',#2835,#2838,#2839,.T.);
#2509=EDGE_CURVE('',#2838,#2745,#2840,.T.);
#2510=EDGE_CURVE('',#2838,#2830,#2841,.T.);
#2511=EDGE_CURVE('',#2842,#2755,#2843,.F.);
#2512=EDGE_CURVE('',#2761,#2844,#2845,.F.);
#2513=EDGE_CURVE('',#2844,#2842,#2846,.T.);
#2514=EDGE_CURVE('',#2847,#2842,#2848,.T.);
#2515=EDGE_CURVE('',#2847,#2757,#2849,.T.);
#2516=EDGE_CURVE('',#2850,#2847,#2851,.T.);
#2517=EDGE_CURVE('',#2850,#2759,#2852,.T.);
#2518=EDGE_CURVE('',#2844,#2850,#2853,.T.);
#2519=EDGE_CURVE('',#2779,#2854,#2855,.T.);
#2520=EDGE_CURVE('',#2856,#2854,#2857,.T.);
#2521=EDGE_CURVE('',#2780,#2856,#2858,.T.);
#2522=EDGE_CURVE('',#2859,#2856,#2860,.F.);
#2523=EDGE_CURVE('',#2782,#2859,#2861,.T.);
#2524=EDGE_CURVE('',#2859,#2862,#2863,.F.);
#2525=EDGE_CURVE('',#2862,#2784,#2864,.F.);
#2526=EDGE_CURVE('',#2862,#2865,#2866,.F.);
#2527=EDGE_CURVE('',#2865,#2786,#2867,.F.);
#2528=EDGE_CURVE('',#2868,#2788,#2869,.T.);
#2529=EDGE_CURVE('',#2865,#2868,#2870,.F.);
#2530=EDGE_CURVE('',#2871,#2868,#2872,.F.);
#2531=EDGE_CURVE('',#2871,#2790,#2873,.T.);
#2532=EDGE_CURVE('',#2874,#2871,#2875,.T.);
#2533=EDGE_CURVE('',#2874,#2792,#2876,.T.);
#2534=EDGE_CURVE('',#2877,#2874,#2878,.T.);
#2535=EDGE_CURVE('',#2794,#2877,#2879,.F.);
#2536=EDGE_CURVE('',#2877,#2880,#2881,.F.);
#2537=EDGE_CURVE('',#2880,#2796,#2882,.F.);
#2538=EDGE_CURVE('',#2880,#2883,#2884,.F.);
#2539=EDGE_CURVE('',#2883,#2798,#2885,.F.);
#2540=EDGE_CURVE('',#2886,#2800,#2887,.T.);
#2541=EDGE_CURVE('',#2883,#2886,#2888,.F.);
#2542=EDGE_CURVE('',#2889,#2886,#2890,.F.);
#2543=EDGE_CURVE('',#2889,#2802,#2891,.T.);
#2544=EDGE_CURVE('',#2892,#2889,#2893,.T.);
#2545=EDGE_CURVE('',#2892,#2804,#2894,.T.);
#2546=EDGE_CURVE('',#2895,#2892,#2896,.T.);
#2547=EDGE_CURVE('',#2806,#2895,#2897,.F.);
#2548=EDGE_CURVE('',#2895,#2898,#2899,.F.);
#2549=EDGE_CURVE('',#2898,#2808,#2900,.F.);
#2550=EDGE_CURVE('',#2898,#2901,#2902,.F.);
#2551=EDGE_CURVE('',#2901,#2810,#2903,.F.);
#2552=EDGE_CURVE('',#2904,#2812,#2905,.F.);
#2553=EDGE_CURVE('',#2901,#2904,#2906,.F.);
#2554=EDGE_CURVE('',#2907,#2904,#2908,.T.);
#2555=EDGE_CURVE('',#2814,#2907,#2909,.T.);
#2556=EDGE_CURVE('',#2910,#2907,#2911,.T.);
#2557=EDGE_CURVE('',#2816,#2910,#2912,.T.);
#2558=EDGE_CURVE('',#2913,#2910,#2914,.F.);
#2559=EDGE_CURVE('',#2818,#2913,#2915,.T.);
#2560=EDGE_CURVE('',#2913,#2916,#2917,.F.);
#2561=EDGE_CURVE('',#2916,#2820,#2918,.F.);
#2562=EDGE_CURVE('',#2916,#2919,#2920,.F.);
#2563=EDGE_CURVE('',#2919,#2822,#2921,.F.);
#2564=EDGE_CURVE('',#2922,#2824,#2923,.F.);
#2565=EDGE_CURVE('',#2919,#2922,#2924,.F.);
#2566=EDGE_CURVE('',#2854,#2922,#2925,.T.);
#2567=EDGE_CURVE('',#2926,#2919,#2927,.T.);
#2568=EDGE_CURVE('',#2926,#2928,#2929,.F.);
#2569=EDGE_CURVE('',#2928,#2862,#2930,.T.);
#2570=EDGE_CURVE('',#2928,#2931,#2932,.F.);
#2571=EDGE_CURVE('',#2931,#2865,#2933,.T.);
#2572=EDGE_CURVE('',#2931,#2934,#2935,.F.);
#2573=EDGE_CURVE('',#2934,#2880,#2936,.T.);
#2574=EDGE_CURVE('',#2934,#2937,#2938,.F.);
#2575=EDGE_CURVE('',#2937,#2883,#2939,.T.);
#2576=EDGE_CURVE('',#2937,#2940,#2941,.F.);
#2577=EDGE_CURVE('',#2940,#2898,#2942,.T.);
#2578=EDGE_CURVE('',#2940,#2943,#2944,.F.);
#2579=EDGE_CURVE('',#2943,#2901,#2945,.T.);
#2580=EDGE_CURVE('',#2943,#2946,#2947,.F.);
#2581=EDGE_CURVE('',#2946,#2916,#2948,.T.);
#2582=EDGE_CURVE('',#2946,#2926,#2949,.F.);
#2583=EDGE_CURVE('',#2950,#2951,#2952,.T.);
#2584=EDGE_CURVE('',#2953,#2950,#2954,.T.);
#2585=EDGE_CURVE('',#2953,#2955,#2956,.T.);
#2586=EDGE_CURVE('',#2955,#2951,#2957,.T.);
#2587=EDGE_CURVE('',#2958,#2959,#2960,.T.);
#2588=EDGE_CURVE('',#2961,#2958,#2962,.T.);
#2589=EDGE_CURVE('',#2961,#2963,#2964,.T.);
#2590=EDGE_CURVE('',#2963,#2959,#2965,.T.);
#2591=EDGE_CURVE('',#2966,#2967,#2968,.T.);
#2592=EDGE_CURVE('',#2969,#2966,#2970,.T.);
#2593=EDGE_CURVE('',#2969,#2971,#2972,.T.);
#2594=EDGE_CURVE('',#2971,#2967,#2973,.T.);
#2595=EDGE_CURVE('',#2974,#2975,#2976,.T.);
#2596=EDGE_CURVE('',#2977,#2974,#2978,.T.);
#2597=EDGE_CURVE('',#2977,#2979,#2980,.T.);
#2598=EDGE_CURVE('',#2979,#2975,#2981,.T.);
#2599=EDGE_CURVE('',#2982,#2982,#2983,.T.);
#2600=EDGE_CURVE('',#2984,#2985,#2986,.F.);
#2601=EDGE_CURVE('',#2987,#2984,#2988,.F.);
#2602=EDGE_CURVE('',#2989,#2987,#2990,.F.);
#2603=EDGE_CURVE('',#2991,#2989,#2992,.F.);
#2604=EDGE_CURVE('',#2993,#2991,#2994,.F.);
#2605=EDGE_CURVE('',#2995,#2993,#2996,.F.);
#2606=EDGE_CURVE('',#2997,#2995,#2998,.F.);
#2607=EDGE_CURVE('',#2999,#2997,#3000,.F.);
#2608=EDGE_CURVE('',#2985,#2999,#3001,.F.);
#2609=EDGE_CURVE('',#3002,#3003,#3004,.T.);
#2610=EDGE_CURVE('',#2959,#3002,#3005,.T.);
#2611=EDGE_CURVE('',#2959,#3006,#3007,.T.);
#2612=EDGE_CURVE('',#3006,#3008,#3009,.T.);
#2613=EDGE_CURVE('',#3008,#2966,#3010,.T.);
#2614=EDGE_CURVE('',#3003,#2966,#3011,.T.);
#2615=EDGE_CURVE('',#2967,#3012,#3013,.T.);
#2616=EDGE_CURVE('',#2967,#3014,#3015,.T.);
#2617=EDGE_CURVE('',#3014,#3016,#3017,.T.);
#2618=EDGE_CURVE('',#3016,#2974,#3018,.T.);
#2619=EDGE_CURVE('',#3019,#2974,#3020,.T.);
#2620=EDGE_CURVE('',#3012,#3019,#3021,.T.);
#2621=EDGE_CURVE('',#2975,#3022,#3023,.T.);
#2622=EDGE_CURVE('',#2975,#3024,#3025,.T.);
#2623=EDGE_CURVE('',#3024,#3026,#3027,.T.);
#2624=EDGE_CURVE('',#3026,#2950,#3028,.T.);
#2625=EDGE_CURVE('',#3029,#2950,#3030,.T.);
#2626=EDGE_CURVE('',#3022,#3029,#3031,.T.);
#2627=EDGE_CURVE('',#2951,#3032,#3033,.T.);
#2628=EDGE_CURVE('',#2951,#3034,#3035,.T.);
#2629=EDGE_CURVE('',#3034,#3036,#3037,.T.);
#2630=EDGE_CURVE('',#3036,#2958,#3038,.T.);
#2631=EDGE_CURVE('',#3039,#2958,#3040,.T.);
#2632=EDGE_CURVE('',#3032,#3039,#3041,.T.);
#2633=EDGE_CURVE('',#3002,#2989,#3042,.T.);
#2634=EDGE_CURVE('',#3039,#2987,#3043,.T.);
#2635=EDGE_CURVE('',#3032,#2984,#3044,.T.);
#2636=EDGE_CURVE('',#3029,#2999,#3045,.T.);
#2637=EDGE_CURVE('',#3022,#2997,#3046,.T.);
#2638=EDGE_CURVE('',#3019,#2995,#3047,.T.);
#2639=EDGE_CURVE('',#3012,#2993,#3048,.T.);
#2640=EDGE_CURVE('',#3003,#2991,#3049,.T.);
#2641=EDGE_CURVE('',#3050,#2953,#3051,.T.);
#2642=EDGE_CURVE('',#3050,#3026,#3052,.T.);
#2643=EDGE_CURVE('',#3053,#3050,#3054,.T.);
#2644=EDGE_CURVE('',#2979,#3053,#3055,.T.);
#2645=EDGE_CURVE('',#3056,#2977,#3057,.T.);
#2646=EDGE_CURVE('',#3058,#3056,#3059,.T.);
#2647=EDGE_CURVE('',#2971,#3058,#3060,.T.);
#2648=EDGE_CURVE('',#3061,#2969,#3062,.T.);
#2649=EDGE_CURVE('',#3063,#3061,#3064,.T.);
#2650=EDGE_CURVE('',#2963,#3063,#3065,.T.);
#2651=EDGE_CURVE('',#3066,#2961,#3067,.T.);
#2652=EDGE_CURVE('',#3068,#3066,#3069,.T.);
#2653=EDGE_CURVE('',#2955,#3068,#3070,.T.);
#2654=EDGE_CURVE('',#3068,#3034,#3071,.T.);
#2655=EDGE_CURVE('',#3066,#3036,#3072,.T.);
#2656=EDGE_CURVE('',#3063,#3006,#3073,.T.);
#2657=EDGE_CURVE('',#3061,#3008,#3074,.T.);
#2658=EDGE_CURVE('',#3058,#3014,#3075,.T.);
#2659=EDGE_CURVE('',#3056,#3016,#3076,.T.);
#2660=EDGE_CURVE('',#3053,#3024,#3077,.T.);
#2661=EDGE_CURVE('',#3078,#3078,#3079,.T.);
#2662=EDGE_CURVE('',#3080,#3081,#3082,.T.);
#2663=EDGE_CURVE('',#3081,#3083,#3084,.T.);
#2664=EDGE_CURVE('',#3085,#3083,#3086,.T.);
#2665=EDGE_CURVE('',#3080,#3085,#3087,.T.);
#2666=EDGE_CURVE('',#3081,#3088,#3089,.T.);
#2667=EDGE_CURVE('',#3088,#3090,#3091,.T.);
#2668=EDGE_CURVE('',#3083,#3090,#3092,.T.);
#2669=EDGE_CURVE('',#3088,#3093,#3094,.T.);
#2670=EDGE_CURVE('',#3093,#3095,#3096,.T.);
#2671=EDGE_CURVE('',#3090,#3095,#3097,.T.);
#2672=EDGE_CURVE('',#3093,#3098,#3099,.T.);
#2673=EDGE_CURVE('',#3098,#3100,#3101,.T.);
#2674=EDGE_CURVE('',#3095,#3100,#3102,.T.);
#2675=EDGE_CURVE('',#3098,#3103,#3104,.T.);
#2676=EDGE_CURVE('',#3103,#3105,#3106,.T.);
#2677=EDGE_CURVE('',#3100,#3105,#3107,.T.);
#2678=EDGE_CURVE('',#3103,#3080,#3108,.T.);
#2679=EDGE_CURVE('',#3105,#3085,#3109,.T.);
#2680=EDGE_CURVE('',#3110,#3111,#3112,.T.);
#2681=EDGE_CURVE('',#3111,#3113,#3114,.T.);
#2682=EDGE_CURVE('',#3115,#3113,#3116,.T.);
#2683=EDGE_CURVE('',#3110,#3115,#3117,.T.);
#2684=EDGE_CURVE('',#3111,#3118,#3119,.T.);
#2685=EDGE_CURVE('',#3118,#3120,#3121,.T.);
#2686=EDGE_CURVE('',#3113,#3120,#3122,.T.);
#2687=EDGE_CURVE('',#3118,#3123,#3124,.T.);
#2688=EDGE_CURVE('',#3123,#3125,#3126,.T.);
#2689=EDGE_CURVE('',#3120,#3125,#3127,.T.);
#2690=EDGE_CURVE('',#3123,#3128,#3129,.T.);
#2691=EDGE_CURVE('',#3128,#3130,#3131,.T.);
#2692=EDGE_CURVE('',#3125,#3130,#3132,.T.);
#2693=EDGE_CURVE('',#3128,#3133,#3134,.T.);
#2694=EDGE_CURVE('',#3133,#3135,#3136,.T.);
#2695=EDGE_CURVE('',#3130,#3135,#3137,.T.);
#2696=EDGE_CURVE('',#3133,#3110,#3138,.T.);
#2697=EDGE_CURVE('',#3135,#3115,#3139,.T.);
#2698=LINE('',#3140,#3141);
#2699=LINE('',#3143,#3144);
#2700=LINE('',#3146,#3147);
#2701=LINE('',#3149,#3150);
#2702=LINE('',#3152,#3153);
#2703=LINE('',#3155,#3156);
#2704=LINE('',#3158,#3159);
#2705=LINE('',#3161,#3162);
#2706=VERTEX_POINT('',#3164);
#2707=VERTEX_POINT('',#3165);
#2708=LINE('',#3166,#3167);
#2709=VERTEX_POINT('',#3169);
#2710=LINE('',#3170,#3171);
#2711=VERTEX_POINT('',#3173);
#2712=LINE('',#3174,#3175);
#2713=VERTEX_POINT('',#3177);
#2714=LINE('',#3178,#3179);
#2715=VERTEX_POINT('',#3181);
#2716=LINE('',#3182,#3183);
#2717=VERTEX_POINT('',#3185);
#2718=LINE('',#3186,#3187);
#2719=VERTEX_POINT('',#3189);
#2720=LINE('',#3190,#3191);
#2721=LINE('',#3193,#3194);
#2722=VERTEX_POINT('',#3196);
#2723=VERTEX_POINT('',#3197);
#2724=LINE('',#3198,#3199);
#2725=VERTEX_POINT('',#3201);
#2726=LINE('',#3202,#3203);
#2727=VERTEX_POINT('',#3205);
#2728=LINE('',#3206,#3207);
#2729=VERTEX_POINT('',#3209);
#2730=LINE('',#3210,#3211);
#2731=VERTEX_POINT('',#3213);
#2732=LINE('',#3214,#3215);
#2733=VERTEX_POINT('',#3217);
#2734=LINE('',#3218,#3219);
#2735=VERTEX_POINT('',#3221);
#2736=LINE('',#3222,#3223);
#2737=LINE('',#3225,#3226);
#2738=LINE('',#3228,#3229);
#2739=VERTEX_POINT('',#3231);
#2740=LINE('',#3232,#3233);
#2741=VERTEX_POINT('',#3235);
#2742=LINE('',#3236,#3237);
#2743=VERTEX_POINT('',#3239);
#2744=LINE('',#3240,#3241);
#2745=VERTEX_POINT('',#3243);
#2746=LINE('',#3244,#3245);
#2747=VERTEX_POINT('',#3247);
#2748=LINE('',#3248,#3249);
#2749=VERTEX_POINT('',#3251);
#2750=LINE('',#3252,#3253);
#2751=LINE('',#3255,#3256);
#2752=LINE('',#3258,#3259);
#2753=VERTEX_POINT('',#3261);
#2754=LINE('',#3262,#3263);
#2755=VERTEX_POINT('',#3265);
#2756=LINE('',#3266,#3267);
#2757=VERTEX_POINT('',#3269);
#2758=LINE('',#3270,#3271);
#2759=VERTEX_POINT('',#3273);
#2760=LINE('',#3274,#3275);
#2761=VERTEX_POINT('',#3277);
#2762=LINE('',#3278,#3279);
#2763=VERTEX_POINT('',#3281);
#2764=LINE('',#3282,#3283);
#2765=LINE('',#3285,#3286);
#2766=LINE('',#3288,#3289);
#2767=LINE('',#3291,#3292);
#2768=VERTEX_POINT('',#3294);
#2769=LINE('',#3295,#3296);
#2770=LINE('',#3298,#3299);
#2771=VERTEX_POINT('',#3301);
#2772=LINE('',#3302,#3303);
#2773=VERTEX_POINT('',#3305);
#2774=LINE('',#3306,#3307);
#2775=VERTEX_POINT('',#3309);
#2776=LINE('',#3310,#3311);
#2777=LINE('',#3313,#3314);
#2778=LINE('',#3316,#3317);
#2779=VERTEX_POINT('',#3319);
#2780=VERTEX_POINT('',#3320);
#2781=LINE('',#3321,#3322);
#2782=VERTEX_POINT('',#3324);
#2783=LINE('',#3325,#3326);
#2784=VERTEX_POINT('',#3328);
#2785=LINE('',#3329,#3330);
#2786=VERTEX_POINT('',#3332);
#2787=LINE('',#3333,#3334);
#2788=VERTEX_POINT('',#3336);
#2789=LINE('',#3337,#3338);
#2790=VERTEX_POINT('',#3340);
#2791=LINE('',#3341,#3342);
#2792=VERTEX_POINT('',#3344);
#2793=LINE('',#3345,#3346);
#2794=VERTEX_POINT('',#3348);
#2795=LINE('',#3349,#3350);
#2796=VERTEX_POINT('',#3352);
#2797=LINE('',#3353,#3354);
#2798=VERTEX_POINT('',#3356);
#2799=LINE('',#3357,#3358);
#2800=VERTEX_POINT('',#3360);
#2801=LINE('',#3361,#3362);
#2802=VERTEX_POINT('',#3364);
#2803=LINE('',#3365,#3366);
#2804=VERTEX_POINT('',#3368);
#2805=LINE('',#3369,#3370);
#2806=VERTEX_POINT('',#3372);
#2807=LINE('',#3373,#3374);
#2808=VERTEX_POINT('',#3376);
#2809=LINE('',#3377,#3378);
#2810=VERTEX_POINT('',#3380);
#2811=LINE('',#3381,#3382);
#2812=VERTEX_POINT('',#3384);
#2813=LINE('',#3385,#3386);
#2814=VERTEX_POINT('',#3388);
#2815=LINE('',#3389,#3390);
#2816=VERTEX_POINT('',#3392);
#2817=LINE('',#3393,#3394);
#2818=VERTEX_POINT('',#3396);
#2819=LINE('',#3397,#3398);
#2820=VERTEX_POINT('',#3400);
#2821=LINE('',#3401,#3402);
#2822=VERTEX_POINT('',#3404);
#2823=LINE('',#3405,#3406);
#2824=VERTEX_POINT('',#3408);
#2825=LINE('',#3409,#3410);
#2826=LINE('',#3412,#3413);
#2827=LINE('',#3415,#3416);
#2828=LINE('',#3418,#3419);
#2829=LINE('',#3421,#3422);
#2830=VERTEX_POINT('',#3424);
#2831=LINE('',#3425,#3426);
#2832=VERTEX_POINT('',#3428);
#2833=LINE('',#3429,#3430);
#2834=LINE('',#3432,#3433);
#2835=VERTEX_POINT('',#3435);
#2836=LINE('',#3436,#3437);
#2837=LINE('',#3439,#3440);
#2838=VERTEX_POINT('',#3442);
#2839=LINE('',#3443,#3444);
#2840=LINE('',#3446,#3447);
#2841=LINE('',#3449,#3450);
#2842=VERTEX_POINT('',#3452);
#2843=LINE('',#3453,#3454);
#2844=VERTEX_POINT('',#3456);
#2845=LINE('',#3457,#3458);
#2846=LINE('',#3460,#3461);
#2847=VERTEX_POINT('',#3463);
#2848=LINE('',#3464,#3465);
#2849=LINE('',#3467,#3468);
#2850=VERTEX_POINT('',#3470);
#2851=LINE('',#3471,#3472);
#2852=LINE('',#3474,#3475);
#2853=LINE('',#3477,#3478);
#2854=VERTEX_POINT('',#3480);
#2855=LINE('',#3481,#3482);
#2856=VERTEX_POINT('',#3484);
#2857=LINE('',#3485,#3486);
#2858=LINE('',#3488,#3489);
#2859=VERTEX_POINT('',#3491);
#2860=LINE('',#3492,#3493);
#2861=LINE('',#3495,#3496);
#2862=VERTEX_POINT('',#3498);
#2863=LINE('',#3499,#3500);
#2864=LINE('',#3502,#3503);
#2865=VERTEX_POINT('',#3505);
#2866=LINE('',#3506,#3507);
#2867=LINE('',#3509,#3510);
#2868=VERTEX_POINT('',#3512);
#2869=LINE('',#3513,#3514);
#2870=LINE('',#3516,#3517);
#2871=VERTEX_POINT('',#3519);
#2872=LINE('',#3520,#3521);
#2873=LINE('',#3523,#3524);
#2874=VERTEX_POINT('',#3526);
#2875=LINE('',#3527,#3528);
#2876=LINE('',#3530,#3531);
#2877=VERTEX_POINT('',#3533);
#2878=LINE('',#3534,#3535);
#2879=LINE('',#3537,#3538);
#2880=VERTEX_POINT('',#3540);
#2881=LINE('',#3541,#3542);
#2882=LINE('',#3544,#3545);
#2883=VERTEX_POINT('',#3547);
#2884=LINE('',#3548,#3549);
#2885=LINE('',#3551,#3552);
#2886=VERTEX_POINT('',#3554);
#2887=LINE('',#3555,#3556);
#2888=LINE('',#3558,#3559);
#2889=VERTEX_POINT('',#3561);
#2890=LINE('',#3562,#3563);
#2891=LINE('',#3565,#3566);
#2892=VERTEX_POINT('',#3568);
#2893=LINE('',#3569,#3570);
#2894=LINE('',#3572,#3573);
#2895=VERTEX_POINT('',#3575);
#2896=LINE('',#3576,#3577);
#2897=LINE('',#3579,#3580);
#2898=VERTEX_POINT('',#3582);
#2899=LINE('',#3583,#3584);
#2900=LINE('',#3586,#3587);
#2901=VERTEX_POINT('',#3589);
#2902=LINE('',#3590,#3591);
#2903=LINE('',#3593,#3594);
#2904=VERTEX_POINT('',#3596);
#2905=LINE('',#3597,#3598);
#2906=LINE('',#3600,#3601);
#2907=VERTEX_POINT('',#3603);
#2908=LINE('',#3604,#3605);
#2909=LINE('',#3607,#3608);
#2910=VERTEX_POINT('',#3610);
#2911=LINE('',#3611,#3612);
#2912=LINE('',#3614,#3615);
#2913=VERTEX_POINT('',#3617);
#2914=LINE('',#3618,#3619);
#2915=LINE('',#3621,#3622);
#2916=VERTEX_POINT('',#3624);
#2917=LINE('',#3625,#3626);
#2918=LINE('',#3628,#3629);
#2919=VERTEX_POINT('',#3631);
#2920=LINE('',#3632,#3633);
#2921=LINE('',#3635,#3636);
#2922=VERTEX_POINT('',#3638);
#2923=LINE('',#3639,#3640);
#2924=LINE('',#3642,#3643);
#2925=LINE('',#3645,#3646);
#2926=VERTEX_POINT('',#3648);
#2927=LINE('',#3649,#3650);
#2928=VERTEX_POINT('',#3652);
#2929=LINE('',#3653,#3654);
#2930=LINE('',#3656,#3657);
#2931=VERTEX_POINT('',#3659);
#2932=LINE('',#3660,#3661);
#2933=LINE('',#3663,#3664);
#2934=VERTEX_POINT('',#3666);
#2935=LINE('',#3667,#3668);
#2936=LINE('',#3670,#3671);
#2937=VERTEX_POINT('',#3673);
#2938=LINE('',#3674,#3675);
#2939=LINE('',#3677,#3678);
#2940=VERTEX_POINT('',#3680);
#2941=LINE('',#3681,#3682);
#2942=LINE('',#3684,#3685);
#2943=VERTEX_POINT('',#3687);
#2944=LINE('',#3688,#3689);
#2945=LINE('',#3691,#3692);
#2946=VERTEX_POINT('',#3694);
#2947=LINE('',#3695,#3696);
#2948=LINE('',#3698,#3699);
#2949=LINE('',#3701,#3702);
#2950=VERTEX_POINT('',#3704);
#2951=VERTEX_POINT('',#3705);
#2952=LINE('',#3706,#3707);
#2953=VERTEX_POINT('',#3709);
#2954=LINE('',#3710,#3711);
#2955=VERTEX_POINT('',#3713);
#2956=LINE('',#3714,#3715);
#2957=LINE('',#3717,#3718);
#2958=VERTEX_POINT('',#3720);
#2959=VERTEX_POINT('',#3721);
#2960=LINE('',#3722,#3723);
#2961=VERTEX_POINT('',#3725);
#2962=LINE('',#3726,#3727);
#2963=VERTEX_POINT('',#3729);
#2964=LINE('',#3730,#3731);
#2965=LINE('',#3733,#3734);
#2966=VERTEX_POINT('',#3736);
#2967=VERTEX_POINT('',#3737);
#2968=LINE('',#3738,#3739);
#2969=VERTEX_POINT('',#3741);
#2970=LINE('',#3742,#3743);
#2971=VERTEX_POINT('',#3745);
#2972=LINE('',#3746,#3747);
#2973=LINE('',#3749,#3750);
#2974=VERTEX_POINT('',#3752);
#2975=VERTEX_POINT('',#3753);
#2976=LINE('',#3754,#3755);
#2977=VERTEX_POINT('',#3757);
#2978=LINE('',#3758,#3759);
#2979=VERTEX_POINT('',#3761);
#2980=LINE('',#3762,#3763);
#2981=LINE('',#3765,#3766);
#2982=VERTEX_POINT('',#3768);
#2983=CIRCLE('',#3769,2.3);
#2984=VERTEX_POINT('',#3773);
#2985=VERTEX_POINT('',#3774);
#2986=CIRCLE('',#3775,2.3);
#2987=VERTEX_POINT('',#3779);
#2988=CIRCLE('',#3780,2.3);
#2989=VERTEX_POINT('',#3784);
#2990=CIRCLE('',#3785,2.3);
#2991=VERTEX_POINT('',#3789);
#2992=CIRCLE('',#3790,2.3);
#2993=VERTEX_POINT('',#3794);
#2994=CIRCLE('',#3795,2.3);
#2995=VERTEX_POINT('',#3799);
#2996=CIRCLE('',#3800,2.3);
#2997=VERTEX_POINT('',#3804);
#2998=CIRCLE('',#3805,2.3);
#2999=VERTEX_POINT('',#3809);
#3000=CIRCLE('',#3810,2.3);
#3001=CIRCLE('',#3814,2.3);
#3002=VERTEX_POINT('',#3818);
#3003=VERTEX_POINT('',#3819);
#3004=LINE('',#3820,#3821);
#3005=LINE('',#3823,#3824);
#3006=VERTEX_POINT('',#3826);
#3007=CIRCLE('',#3827,0.2);
#3008=VERTEX_POINT('',#3831);
#3009=LINE('',#3832,#3833);
#3010=CIRCLE('',#3835,0.2);
#3011=LINE('',#3839,#3840);
#3012=VERTEX_POINT('',#3842);
#3013=LINE('',#3843,#3844);
#3014=VERTEX_POINT('',#3846);
#3015=CIRCLE('',#3847,0.2);
#3016=VERTEX_POINT('',#3851);
#3017=LINE('',#3852,#3853);
#3018=CIRCLE('',#3855,0.2);
#3019=VERTEX_POINT('',#3859);
#3020=LINE('',#3860,#3861);
#3021=LINE('',#3863,#3864);
#3022=VERTEX_POINT('',#3866);
#3023=LINE('',#3867,#3868);
#3024=VERTEX_POINT('',#3870);
#3025=CIRCLE('',#3871,0.2);
#3026=VERTEX_POINT('',#3875);
#3027=LINE('',#3876,#3877);
#3028=CIRCLE('',#3879,0.2);
#3029=VERTEX_POINT('',#3883);
#3030=LINE('',#3884,#3885);
#3031=LINE('',#3887,#3888);
#3032=VERTEX_POINT('',#3890);
#3033=LINE('',#3891,#3892);
#3034=VERTEX_POINT('',#3894);
#3035=CIRCLE('',#3895,0.2);
#3036=VERTEX_POINT('',#3899);
#3037=LINE('',#3900,#3901);
#3038=CIRCLE('',#3903,0.2);
#3039=VERTEX_POINT('',#3907);
#3040=LINE('',#3908,#3909);
#3041=LINE('',#3911,#3912);
#3042=LINE('',#3914,#3915);
#3043=LINE('',#3917,#3918);
#3044=LINE('',#3920,#3921);
#3045=LINE('',#3923,#3924);
#3046=LINE('',#3926,#3927);
#3047=LINE('',#3929,#3930);
#3048=LINE('',#3932,#3933);
#3049=LINE('',#3935,#3936);
#3050=VERTEX_POINT('',#3938);
#3051=CIRCLE('',#3939,0.2);
#3052=LINE('',#3943,#3944);
#3053=VERTEX_POINT('',#3946);
#3054=LINE('',#3947,#3948);
#3055=CIRCLE('',#3950,0.2);
#3056=VERTEX_POINT('',#3954);
#3057=CIRCLE('',#3955,0.2);
#3058=VERTEX_POINT('',#3959);
#3059=LINE('',#3960,#3961);
#3060=CIRCLE('',#3963,0.2);
#3061=VERTEX_POINT('',#3967);
#3062=CIRCLE('',#3968,0.2);
#3063=VERTEX_POINT('',#3972);
#3064=LINE('',#3973,#3974);
#3065=CIRCLE('',#3976,0.2);
#3066=VERTEX_POINT('',#3980);
#3067=CIRCLE('',#3981,0.2);
#3068=VERTEX_POINT('',#3985);
#3069=LINE('',#3986,#3987);
#3070=CIRCLE('',#3989,0.2);
#3071=LINE('',#3993,#3994);
#3072=LINE('',#3996,#3997);
#3073=LINE('',#3999,#4000);
#3074=LINE('',#4002,#4003);
#3075=LINE('',#4005,#4006);
#3076=LINE('',#4008,#4009);
#3077=LINE('',#4011,#4012);
#3078=VERTEX_POINT('',#4014);
#3079=CIRCLE('',#4015,2.2);
#3080=VERTEX_POINT('',#4019);
#3081=VERTEX_POINT('',#4020);
#3082=CIRCLE('',#4021,0.25);
#3083=VERTEX_POINT('',#4025);
#3084=LINE('',#4026,#4027);
#3085=VERTEX_POINT('',#4029);
#3086=CIRCLE('',#4030,0.25);
#3087=LINE('',#4034,#4035);
#3088=VERTEX_POINT('',#4037);
#3089=LINE('',#4038,#4039);
#3090=VERTEX_POINT('',#4041);
#3091=LINE('',#4042,#4043);
#3092=LINE('',#4045,#4046);
#3093=VERTEX_POINT('',#4048);
#3094=LINE('',#4049,#4050);
#3095=VERTEX_POINT('',#4052);
#3096=LINE('',#4053,#4054);
#3097=LINE('',#4056,#4057);
#3098=VERTEX_POINT('',#4059);
#3099=LINE('',#4060,#4061);
#3100=VERTEX_POINT('',#4063);
#3101=LINE('',#4064,#4065);
#3102=LINE('',#4067,#4068);
#3103=VERTEX_POINT('',#4070);
#3104=CIRCLE('',#4071,0.05);
#3105=VERTEX_POINT('',#4075);
#3106=LINE('',#4076,#4077);
#3107=CIRCLE('',#4079,0.05);
#3108=LINE('',#4083,#4084);
#3109=LINE('',#4086,#4087);
#3110=VERTEX_POINT('',#4089);
#3111=VERTEX_POINT('',#4090);
#3112=CIRCLE('',#4091,0.25);
#3113=VERTEX_POINT('',#4095);
#3114=LINE('',#4096,#4097);
#3115=VERTEX_POINT('',#4099);
#3116=CIRCLE('',#4100,0.25);
#3117=LINE('',#4104,#4105);
#3118=VERTEX_POINT('',#4107);
#3119=LINE('',#4108,#4109);
#3120=VERTEX_POINT('',#4111);
#3121=LINE('',#4112,#4113);
#3122=LINE('',#4115,#4116);
#3123=VERTEX_POINT('',#4118);
#3124=LINE('',#4119,#4120);
#3125=VERTEX_POINT('',#4122);
#3126=LINE('',#4123,#4124);
#3127=LINE('',#4126,#4127);
#3128=VERTEX_POINT('',#4129);
#3129=LINE('',#4130,#4131);
#3130=VERTEX_POINT('',#4133);
#3131=LINE('',#4134,#4135);
#3132=LINE('',#4137,#4138);
#3133=VERTEX_POINT('',#4140);
#3134=CIRCLE('',#4141,0.05);
#3135=VERTEX_POINT('',#4145);
#3136=LINE('',#4146,#4147);
#3137=CIRCLE('',#4149,0.05);
#3138=LINE('',#4153,#4154);
#3139=LINE('',#4156,#4157);
#3140=CARTESIAN_POINT('',(1.,-5.,0.));
#3141=VECTOR('',#3142,1.);
#3142=DIRECTION('',(0.,1.,0.));
#3143=CARTESIAN_POINT('',(1.,-2.,0.));
#3144=VECTOR('',#3145,1.);
#3145=DIRECTION('',(-1.,0.,0.));
#3146=CARTESIAN_POINT('',(-1.,-2.,0.));
#3147=VECTOR('',#3148,1.);
#3148=DIRECTION('',(0.,-1.,0.));
#3149=CARTESIAN_POINT('',(-1.,-5.,0.));
#3150=VECTOR('',#3151,1.);
#3151=DIRECTION('',(1.,0.,0.));
#3152=CARTESIAN_POINT('',(1.,5.,0.));
#3153=VECTOR('',#3154,1.);
#3154=DIRECTION('',(-1.,0.,0.));
#3155=CARTESIAN_POINT('',(-1.,5.,0.));
#3156=VECTOR('',#3157,1.);
#3157=DIRECTION('',(0.,-1.,0.));
#3158=CARTESIAN_POINT('',(-1.,2.,0.));
#3159=VECTOR('',#3160,1.);
#3160=DIRECTION('',(1.,0.,0.));
#3161=CARTESIAN_POINT('',(1.,2.,0.));
#3162=VECTOR('',#3163,1.);
#3163=DIRECTION('',(0.,1.,0.));
#3164=CARTESIAN_POINT('',(-3.00000000000022,1.12500000011595,0.15));
#3165=CARTESIAN_POINT('',(-3.00000000000022,-1.12500000011595,0.150000000066445));
#3166=CARTESIAN_POINT('',(-3.00000000000017,-1.12500000011595,0.150000000066445));
#3167=VECTOR('',#3168,1.);
#3168=DIRECTION('',(5.26985862301094E-014,1.,-2.95313279972277E-011));
#3169=CARTESIAN_POINT('',(-3.00000000000018,-1.27500000016664,0.));
#3170=CARTESIAN_POINT('',(-3.00000000000018,-1.27500000016664,3.1814763617972E-026));
#3171=VECTOR('',#3172,1.);
#3172=DIRECTION('',(3.76822189936972E-014,0.707106781149417,0.707106781223678));
#3173=CARTESIAN_POINT('',(-3.00000000000022,-2.00000000000002,0.));
#3174=CARTESIAN_POINT('',(-3.00000000000018,-1.27500000016664,0.));
#3175=VECTOR('',#3176,1.);
#3176=DIRECTION('',(-5.26781683529416E-014,-1.,0.));
#3177=CARTESIAN_POINT('',(-3.00000000000022,-2.00000000000002,3.5));
#3178=CARTESIAN_POINT('',(-3.00000000000022,-2.00000000000002,0.));
#3179=VECTOR('',#3180,1.);
#3180=DIRECTION('',(0.,0.,1.));
#3181=CARTESIAN_POINT('',(-3.00000000000001,2.00000000000002,3.5));
#3182=CARTESIAN_POINT('',(-3.00000000000001,2.00000000000002,3.5));
#3183=VECTOR('',#3184,1.);
#3184=DIRECTION('',(-5.27355936696945E-014,-1.,0.));
#3185=CARTESIAN_POINT('',(-3.00000000000001,2.00000000000002,0.));
#3186=CARTESIAN_POINT('',(-3.00000000000001,2.00000000000002,0.));
#3187=VECTOR('',#3188,1.);
#3188=DIRECTION('',(0.,0.,1.));
#3189=CARTESIAN_POINT('',(-3.00000000000004,1.27500000016664,0.));
#3190=CARTESIAN_POINT('',(-3.00000000000001,2.00000000000002,0.));
#3191=VECTOR('',#3192,1.);
#3192=DIRECTION('',(-5.26781683529416E-014,-1.,0.));
#3193=CARTESIAN_POINT('',(-3.00000000000005,1.12500000011595,0.15));
#3194=VECTOR('',#3195,1.);
#3195=DIRECTION('',(3.76822190020433E-014,0.70710678130603,-0.707106781067065));
#3196=CARTESIAN_POINT('',(2.99999999999998,-1.12500000011595,0.150000000066445));
#3197=CARTESIAN_POINT('',(2.99999999999998,1.12500000011595,0.15));
#3198=CARTESIAN_POINT('',(2.99999999999994,1.12500000011595,0.15));
#3199=VECTOR('',#3200,1.);
#3200=DIRECTION('',(-5.19090943015685E-014,-1.,2.95313279972277E-011));
#3201=CARTESIAN_POINT('',(2.99999999999995,1.27500000016664,0.));
#3202=CARTESIAN_POINT('',(2.99999999999995,1.27500000016664,1.11022302462516E-016));
#3203=VECTOR('',#3204,1.);
#3204=DIRECTION('',(-3.55887623908187E-014,-0.707106781306031,0.707106781067064));
#3205=CARTESIAN_POINT('',(2.99999999999998,2.,0.));
#3206=CARTESIAN_POINT('',(2.99999999999995,1.27500000016664,0.));
#3207=VECTOR('',#3208,1.);
#3208=DIRECTION('',(5.20656315116294E-014,1.,0.));
#3209=CARTESIAN_POINT('',(2.99999999999998,2.,3.5));
#3210=CARTESIAN_POINT('',(2.99999999999998,2.,0.));
#3211=VECTOR('',#3212,1.);
#3212=DIRECTION('',(0.,0.,1.));
#3213=CARTESIAN_POINT('',(2.99999999999978,-2.00000000000004,3.5));
#3214=CARTESIAN_POINT('',(2.99999999999978,-2.00000000000004,3.5));
#3215=VECTOR('',#3216,1.);
#3216=DIRECTION('',(5.18474152499943E-014,1.,0.));
#3217=CARTESIAN_POINT('',(2.99999999999978,-2.00000000000004,0.));
#3218=CARTESIAN_POINT('',(2.99999999999978,-2.00000000000004,0.));
#3219=VECTOR('',#3220,1.);
#3220=DIRECTION('',(0.,0.,1.));
#3221=CARTESIAN_POINT('',(2.99999999999981,-1.27500000016664,0.));
#3222=CARTESIAN_POINT('',(2.99999999999978,-2.00000000000004,0.));
#3223=VECTOR('',#3224,1.);
#3224=DIRECTION('',(5.20656315116268E-014,1.,0.));
#3225=CARTESIAN_POINT('',(2.99999999999982,-1.12500000011595,0.150000000066445));
#3226=VECTOR('',#3227,1.);
#3227=DIRECTION('',(-3.55887623829363E-014,-0.707106781149417,-0.707106781223678));
#3228=CARTESIAN_POINT('',(2.99999999999998,1.27500000016664,0.));
#3229=VECTOR('',#3230,1.);
#3230=DIRECTION('',(-1.,0.,0.));
#3231=CARTESIAN_POINT('',(-2.,2.99999999999999,0.));
#3232=CARTESIAN_POINT('',(-2.,2.99999999999999,0.));
#3233=VECTOR('',#3234,1.);
#3234=DIRECTION('',(-0.707106781186559,-0.707106781186536,0.));
#3235=CARTESIAN_POINT('',(-0.699999999997634,2.99999999999999,0.));
#3236=CARTESIAN_POINT('',(-0.699999999997634,2.99999999999999,0.));
#3237=VECTOR('',#3238,1.);
#3238=DIRECTION('',(-1.,-1.02482125349828E-015,0.));
#3239=CARTESIAN_POINT('',(-0.700000000006673,2.09999999998052,0.));
#3240=CARTESIAN_POINT('',(-0.699999999995505,2.1,0.));
#3241=VECTOR('',#3242,1.);
#3242=DIRECTION('',(-2.36539183302083E-012,1.,0.));
#3243=CARTESIAN_POINT('',(0.700000000004495,2.1,0.));
#3244=CARTESIAN_POINT('',(0.700000000006673,2.1,0.));
#3245=VECTOR('',#3246,1.);
#3246=DIRECTION('',(-1.,-1.3912046118156E-011,0.));
#3247=CARTESIAN_POINT('',(0.700000000002366,3.,0.));
#3248=CARTESIAN_POINT('',(0.700000000002366,3.,0.));
#3249=VECTOR('',#3250,1.);
#3250=DIRECTION('',(2.36539183302083E-012,-1.,0.));
#3251=CARTESIAN_POINT('',(2.,3.,0.));
#3252=CARTESIAN_POINT('',(2.,3.,0.));
#3253=VECTOR('',#3254,1.);
#3254=DIRECTION('',(-1.,-1.02482125350201E-015,0.));
#3255=CARTESIAN_POINT('',(2.99999999999998,2.,0.));
#3256=VECTOR('',#3257,1.);
#3257=DIRECTION('',(-0.707106781186543,0.707106781186552,0.));
#3258=CARTESIAN_POINT('',(-3.00000000000022,-1.27500000016664,0.));
#3259=VECTOR('',#3260,1.);
#3260=DIRECTION('',(1.,0.,0.));
#3261=CARTESIAN_POINT('',(1.99999999999975,-3.00000000000004,0.));
#3262=CARTESIAN_POINT('',(1.99999999999975,-3.00000000000004,0.));
#3263=VECTOR('',#3264,1.);
#3264=DIRECTION('',(0.707106781186557,0.707106781186538,0.));
#3265=CARTESIAN_POINT('',(0.700000000002366,-3.00000000000003,0.));
#3266=CARTESIAN_POINT('',(0.700000000002366,-3.00000000000003,0.));
#3267=VECTOR('',#3268,1.);
#3268=DIRECTION('',(1.,-7.17374877451544E-015,0.));
#3269=CARTESIAN_POINT('',(0.700000000004495,-2.1,0.));
#3270=CARTESIAN_POINT('',(0.700000000002366,-3.00000000000004,0.));
#3271=VECTOR('',#3272,1.);
#3272=DIRECTION('',(2.36539183302073E-012,1.,0.));
#3273=CARTESIAN_POINT('',(-0.700000000006673,-2.09999999998052,0.));
#3274=CARTESIAN_POINT('',(0.700000000006673,-2.1,0.));
#3275=VECTOR('',#3276,1.);
#3276=DIRECTION('',(-1.,1.3912046118156E-011,0.));
#3277=CARTESIAN_POINT('',(-0.699999999997634,-3.00000000000002,0.));
#3278=CARTESIAN_POINT('',(-0.699999999995505,-2.1,0.));
#3279=VECTOR('',#3280,1.);
#3280=DIRECTION('',(-2.36539183302073E-012,-1.,0.));
#3281=CARTESIAN_POINT('',(-2.00000000000024,-3.00000000000001,0.));
#3282=CARTESIAN_POINT('',(-2.00000000000024,-3.00000000000001,0.));
#3283=VECTOR('',#3284,1.);
#3284=DIRECTION('',(1.,-7.17374877448663E-015,0.));
#3285=CARTESIAN_POINT('',(-3.00000000000022,-2.00000000000002,0.));
#3286=VECTOR('',#3287,1.);
#3287=DIRECTION('',(0.707106781186543,-0.707106781186552,0.));
#3288=CARTESIAN_POINT('',(2.99999999999998,-1.12500000011595,0.150000000066445));
#3289=VECTOR('',#3290,1.);
#3290=DIRECTION('',(-1.,0.,0.));
#3291=CARTESIAN_POINT('',(2.99999999999998,1.12500000011595,0.15));
#3292=VECTOR('',#3293,1.);
#3293=DIRECTION('',(-1.,0.,0.));
#3294=CARTESIAN_POINT('',(-2.00000000000024,-3.00000000000001,3.5));
#3295=CARTESIAN_POINT('',(-2.00000000000024,-3.00000000000001,0.));
#3296=VECTOR('',#3297,1.);
#3297=DIRECTION('',(0.,0.,1.));
#3298=CARTESIAN_POINT('',(-3.00000000000022,-2.00000000000002,3.5));
#3299=VECTOR('',#3300,1.);
#3300=DIRECTION('',(0.707106781186543,-0.707106781186552,0.));
#3301=CARTESIAN_POINT('',(1.99999999999975,-3.00000000000004,3.5));
#3302=CARTESIAN_POINT('',(1.99999999999975,-3.00000000000004,3.5));
#3303=VECTOR('',#3304,1.);
#3304=DIRECTION('',(0.707106781186557,0.707106781186538,0.));
#3305=CARTESIAN_POINT('',(2.,3.,3.5));
#3306=CARTESIAN_POINT('',(2.99999999999998,2.,3.5));
#3307=VECTOR('',#3308,1.);
#3308=DIRECTION('',(-0.707106781186543,0.707106781186552,0.));
#3309=CARTESIAN_POINT('',(-2.,2.99999999999999,3.5));
#3310=CARTESIAN_POINT('',(2.,3.,3.5));
#3311=VECTOR('',#3312,1.);
#3312=DIRECTION('',(-1.,-8.88178419700125E-016,0.));
#3313=CARTESIAN_POINT('',(-2.,2.99999999999999,3.5));
#3314=VECTOR('',#3315,1.);
#3315=DIRECTION('',(-0.707106781186559,-0.707106781186536,0.));
#3316=CARTESIAN_POINT('',(-2.00000000000024,-3.00000000000001,3.5));
#3317=VECTOR('',#3318,1.);
#3318=DIRECTION('',(1.,-7.10542735760101E-015,0.));
#3319=CARTESIAN_POINT('',(2.75,0.8,3.5));
#3320=CARTESIAN_POINT('',(2.75,-0.8,3.5));
#3321=CARTESIAN_POINT('',(2.75,-0.8,3.5));
#3322=VECTOR('',#3323,1.);
#3323=DIRECTION('',(0.,1.,0.));
#3324=CARTESIAN_POINT('',(2.65,-0.8,3.5));
#3325=CARTESIAN_POINT('',(2.75,-0.8,3.5));
#3326=VECTOR('',#3327,1.);
#3327=DIRECTION('',(-1.,0.,0.));
#3328=CARTESIAN_POINT('',(2.65,-2.06715728752538,3.5));
#3329=CARTESIAN_POINT('',(2.65,-2.06715728752538,3.5));
#3330=VECTOR('',#3331,1.);
#3331=DIRECTION('',(0.,1.,0.));
#3332=CARTESIAN_POINT('',(2.06715728752538,-2.65,3.5));
#3333=CARTESIAN_POINT('',(2.06715728752538,-2.65,3.5));
#3334=VECTOR('',#3335,1.);
#3335=DIRECTION('',(0.707106781186548,0.707106781186547,0.));
#3336=CARTESIAN_POINT('',(0.8,-2.65,3.5));
#3337=CARTESIAN_POINT('',(0.8,-2.65,3.5));
#3338=VECTOR('',#3339,1.);
#3339=DIRECTION('',(1.,3.50460999768482E-016,0.));
#3340=CARTESIAN_POINT('',(0.8,-2.75,3.5));
#3341=CARTESIAN_POINT('',(0.8,-2.65,3.5));
#3342=VECTOR('',#3343,1.);
#3343=DIRECTION('',(0.,-1.,0.));
#3344=CARTESIAN_POINT('',(-0.8,-2.75,3.5));
#3345=CARTESIAN_POINT('',(-0.8,-2.75,3.5));
#3346=VECTOR('',#3347,1.);
#3347=DIRECTION('',(1.,0.,0.));
#3348=CARTESIAN_POINT('',(-0.8,-2.65,3.5));
#3349=CARTESIAN_POINT('',(-0.8,-2.65,3.5));
#3350=VECTOR('',#3351,1.);
#3351=DIRECTION('',(0.,-1.,0.));
#3352=CARTESIAN_POINT('',(-2.06715728752538,-2.65,3.5));
#3353=CARTESIAN_POINT('',(-2.06715728752538,-2.65,3.5));
#3354=VECTOR('',#3355,1.);
#3355=DIRECTION('',(1.,0.,0.));
#3356=CARTESIAN_POINT('',(-2.65,-2.06715728752538,3.5));
#3357=CARTESIAN_POINT('',(-2.65,-2.06715728752538,3.5));
#3358=VECTOR('',#3359,1.);
#3359=DIRECTION('',(0.707106781186548,-0.707106781186547,0.));
#3360=CARTESIAN_POINT('',(-2.65,-0.8,3.5));
#3361=CARTESIAN_POINT('',(-2.65,-0.8,3.5));
#3362=VECTOR('',#3363,1.);
#3363=DIRECTION('',(0.,-1.,0.));
#3364=CARTESIAN_POINT('',(-2.75,-0.8,3.5));
#3365=CARTESIAN_POINT('',(-2.65,-0.8,3.5));
#3366=VECTOR('',#3367,1.);
#3367=DIRECTION('',(-1.,0.,0.));
#3368=CARTESIAN_POINT('',(-2.75,0.8,3.5));
#3369=CARTESIAN_POINT('',(-2.75,0.8,3.5));
#3370=VECTOR('',#3371,1.);
#3371=DIRECTION('',(0.,-1.,0.));
#3372=CARTESIAN_POINT('',(-2.65,0.8,3.5));
#3373=CARTESIAN_POINT('',(-2.65,0.8,3.5));
#3374=VECTOR('',#3375,1.);
#3375=DIRECTION('',(-1.,0.,0.));
#3376=CARTESIAN_POINT('',(-2.65,2.06715728752538,3.5));
#3377=CARTESIAN_POINT('',(-2.65,2.06715728752538,3.5));
#3378=VECTOR('',#3379,1.);
#3379=DIRECTION('',(0.,-1.,0.));
#3380=CARTESIAN_POINT('',(-2.06715728752538,2.65,3.5));
#3381=CARTESIAN_POINT('',(-2.06715728752538,2.65,3.5));
#3382=VECTOR('',#3383,1.);
#3383=DIRECTION('',(-0.707106781186548,-0.707106781186547,0.));
#3384=CARTESIAN_POINT('',(-0.8,2.65,3.5));
#3385=CARTESIAN_POINT('',(-0.8,2.65,3.5));
#3386=VECTOR('',#3387,1.);
#3387=DIRECTION('',(-1.,0.,0.));
#3388=CARTESIAN_POINT('',(-0.8,2.75,3.5));
#3389=CARTESIAN_POINT('',(-0.8,2.75,3.5));
#3390=VECTOR('',#3391,1.);
#3391=DIRECTION('',(0.,-1.,0.));
#3392=CARTESIAN_POINT('',(0.8,2.75,3.5));
#3393=CARTESIAN_POINT('',(0.8,2.75,3.5));
#3394=VECTOR('',#3395,1.);
#3395=DIRECTION('',(-1.,0.,0.));
#3396=CARTESIAN_POINT('',(0.8,2.65,3.5));
#3397=CARTESIAN_POINT('',(0.8,2.75,3.5));
#3398=VECTOR('',#3399,1.);
#3399=DIRECTION('',(0.,-1.,0.));
#3400=CARTESIAN_POINT('',(2.06715728752538,2.65,3.5));
#3401=CARTESIAN_POINT('',(2.06715728752538,2.65,3.5));
#3402=VECTOR('',#3403,1.);
#3403=DIRECTION('',(-1.,-3.50460999768482E-016,0.));
#3404=CARTESIAN_POINT('',(2.65,2.06715728752538,3.5));
#3405=CARTESIAN_POINT('',(2.65,2.06715728752538,3.5));
#3406=VECTOR('',#3407,1.);
#3407=DIRECTION('',(-0.707106781186547,0.707106781186548,0.));
#3408=CARTESIAN_POINT('',(2.65,0.8,3.5));
#3409=CARTESIAN_POINT('',(2.65,0.8,3.5));
#3410=VECTOR('',#3411,1.);
#3411=DIRECTION('',(0.,1.,0.));
#3412=CARTESIAN_POINT('',(2.75,0.8,3.5));
#3413=VECTOR('',#3414,1.);
#3414=DIRECTION('',(-1.,0.,0.));
#3415=CARTESIAN_POINT('',(-2.,2.99999999999999,0.));
#3416=VECTOR('',#3417,1.);
#3417=DIRECTION('',(0.,0.,1.));
#3418=CARTESIAN_POINT('',(2.,3.,0.));
#3419=VECTOR('',#3420,1.);
#3420=DIRECTION('',(0.,0.,1.));
#3421=CARTESIAN_POINT('',(1.99999999999975,-3.00000000000004,0.));
#3422=VECTOR('',#3423,1.);
#3423=DIRECTION('',(0.,0.,1.));
#3424=CARTESIAN_POINT('',(0.700000000002366,2.99999999999999,0.2));
#3425=CARTESIAN_POINT('',(0.700000000002366,3.,0.));
#3426=VECTOR('',#3427,1.);
#3427=DIRECTION('',(0.,0.,1.));
#3428=CARTESIAN_POINT('',(-0.699999999997634,2.99999999999999,0.2));
#3429=CARTESIAN_POINT('',(-0.700000000006673,2.99999999999999,0.2));
#3430=VECTOR('',#3431,1.);
#3431=DIRECTION('',(1.,6.34413156922613E-016,0.));
#3432=CARTESIAN_POINT('',(-0.699999999997634,2.99999999999999,0.2));
#3433=VECTOR('',#3434,1.);
#3434=DIRECTION('',(0.,0.,-1.));
#3435=CARTESIAN_POINT('',(-0.700000000006673,2.09999999998052,0.2));
#3436=CARTESIAN_POINT('',(-0.699999999997634,2.99999999999999,0.2));
#3437=VECTOR('',#3438,1.);
#3438=DIRECTION('',(2.36551519113468E-012,-1.,0.));
#3439=CARTESIAN_POINT('',(-0.699999999995505,2.1,0.2));
#3440=VECTOR('',#3441,1.);
#3441=DIRECTION('',(0.,0.,-1.));
#3442=CARTESIAN_POINT('',(0.700000000004495,2.1,0.2));
#3443=CARTESIAN_POINT('',(-0.700000000006673,2.09999999998052,0.2));
#3444=VECTOR('',#3445,1.);
#3445=DIRECTION('',(1.,1.3912046118156E-011,0.));
#3446=CARTESIAN_POINT('',(0.700000000006673,2.1,0.2));
#3447=VECTOR('',#3448,1.);
#3448=DIRECTION('',(0.,0.,-1.));
#3449=CARTESIAN_POINT('',(0.700000000004495,2.1,0.2));
#3450=VECTOR('',#3451,1.);
#3451=DIRECTION('',(-2.36551519113468E-012,1.,0.));
#3452=CARTESIAN_POINT('',(0.700000000002366,-3.00000000000003,0.2));
#3453=CARTESIAN_POINT('',(0.700000000002366,-3.00000000000003,0.));
#3454=VECTOR('',#3455,1.);
#3455=DIRECTION('',(0.,0.,1.));
#3456=CARTESIAN_POINT('',(-0.699999999997634,-3.00000000000002,0.2));
#3457=CARTESIAN_POINT('',(-0.699999999997634,-3.00000000000002,0.2));
#3458=VECTOR('',#3459,1.);
#3459=DIRECTION('',(0.,0.,-1.));
#3460=CARTESIAN_POINT('',(-0.700000000006673,-3.00000000000002,0.2));
#3461=VECTOR('',#3462,1.);
#3462=DIRECTION('',(1.,-6.97854472614874E-015,0.));
#3463=CARTESIAN_POINT('',(0.700000000004495,-2.1,0.2));
#3464=CARTESIAN_POINT('',(0.700000000004495,-2.1,0.2));
#3465=VECTOR('',#3466,1.);
#3466=DIRECTION('',(-2.3655151911346E-012,-1.,0.));
#3467=CARTESIAN_POINT('',(0.700000000006673,-2.1,0.2));
#3468=VECTOR('',#3469,1.);
#3469=DIRECTION('',(0.,0.,-1.));
#3470=CARTESIAN_POINT('',(-0.700000000006673,-2.09999999998052,0.2));
#3471=CARTESIAN_POINT('',(-0.700000000006673,-2.09999999998052,0.2));
#3472=VECTOR('',#3473,1.);
#3473=DIRECTION('',(1.,-1.3912046118156E-011,0.));
#3474=CARTESIAN_POINT('',(-0.699999999995505,-2.1,0.2));
#3475=VECTOR('',#3476,1.);
#3476=DIRECTION('',(0.,0.,-1.));
#3477=CARTESIAN_POINT('',(-0.699999999997634,-3.00000000000002,0.2));
#3478=VECTOR('',#3479,1.);
#3479=DIRECTION('',(2.36551519113463E-012,1.,0.));
#3480=CARTESIAN_POINT('',(2.5,0.8,3.25));
#3481=CARTESIAN_POINT('',(2.75,0.8,3.5));
#3482=VECTOR('',#3483,1.);
#3483=DIRECTION('',(-0.707106781186543,0.,-0.707106781186552));
#3484=CARTESIAN_POINT('',(2.5,-0.8,3.25));
#3485=CARTESIAN_POINT('',(2.5,-0.8,3.25));
#3486=VECTOR('',#3487,1.);
#3487=DIRECTION('',(0.,1.,0.));
#3488=CARTESIAN_POINT('',(2.75,-0.8,3.5));
#3489=VECTOR('',#3490,1.);
#3490=DIRECTION('',(-0.707106781186543,0.,-0.707106781186552));
#3491=CARTESIAN_POINT('',(2.5,-0.8,3.35));
#3492=CARTESIAN_POINT('',(2.5,-0.8,3.25));
#3493=VECTOR('',#3494,1.);
#3494=DIRECTION('',(0.,0.,1.));
#3495=CARTESIAN_POINT('',(2.65,-0.8,3.5));
#3496=VECTOR('',#3497,1.);
#3497=DIRECTION('',(-0.707106781186546,0.,-0.707106781186549));
#3498=CARTESIAN_POINT('',(2.5,-2.00502525316942,3.35));
#3499=CARTESIAN_POINT('',(2.5,-2.00502525316942,3.35));
#3500=VECTOR('',#3501,1.);
#3501=DIRECTION('',(0.,1.,0.));
#3502=CARTESIAN_POINT('',(2.65,-2.06715728752538,3.5));
#3503=VECTOR('',#3504,1.);
#3504=DIRECTION('',(-0.678598344545846,0.281084637714822,-0.678598344545848));
#3505=CARTESIAN_POINT('',(2.00502525316942,-2.5,3.35));
#3506=CARTESIAN_POINT('',(2.00502525316942,-2.5,3.35));
#3507=VECTOR('',#3508,1.);
#3508=DIRECTION('',(0.707106781186548,0.707106781186548,0.));
#3509=CARTESIAN_POINT('',(2.06715728752538,-2.65,3.5));
#3510=VECTOR('',#3511,1.);
#3511=DIRECTION('',(-0.28108463771482,0.678598344545847,-0.678598344545847));
#3512=CARTESIAN_POINT('',(0.8,-2.5,3.35));
#3513=CARTESIAN_POINT('',(0.8,-2.5,3.35));
#3514=VECTOR('',#3515,1.);
#3515=DIRECTION('',(0.,-0.707106781186546,0.707106781186548));
#3516=CARTESIAN_POINT('',(0.8,-2.5,3.35));
#3517=VECTOR('',#3518,1.);
#3518=DIRECTION('',(1.,0.,0.));
#3519=CARTESIAN_POINT('',(0.8,-2.5,3.25000000000422));
#3520=CARTESIAN_POINT('',(0.8,-2.5,3.35));
#3521=VECTOR('',#3522,1.);
#3522=DIRECTION('',(0.,0.,-1.));
#3523=CARTESIAN_POINT('',(0.8,-2.5,3.25000000000422));
#3524=VECTOR('',#3525,1.);
#3525=DIRECTION('',(0.,-0.70710678119252,0.707106781180575));
#3526=CARTESIAN_POINT('',(-0.8,-2.5,3.25000000000422));
#3527=CARTESIAN_POINT('',(-0.8,-2.5,3.25000000000422));
#3528=VECTOR('',#3529,1.);
#3529=DIRECTION('',(1.,0.,0.));
#3530=CARTESIAN_POINT('',(-0.8,-2.5,3.25000000000422));
#3531=VECTOR('',#3532,1.);
#3532=DIRECTION('',(0.,-0.70710678119252,0.707106781180575));
#3533=CARTESIAN_POINT('',(-0.8,-2.5,3.35));
#3534=CARTESIAN_POINT('',(-0.8,-2.5,3.35));
#3535=VECTOR('',#3536,1.);
#3536=DIRECTION('',(0.,0.,-1.));
#3537=CARTESIAN_POINT('',(-0.8,-2.5,3.35));
#3538=VECTOR('',#3539,1.);
#3539=DIRECTION('',(0.,-0.707106781186546,0.707106781186548));
#3540=CARTESIAN_POINT('',(-2.00502525316942,-2.5,3.35));
#3541=CARTESIAN_POINT('',(-2.00502525316942,-2.5,3.35));
#3542=VECTOR('',#3543,1.);
#3543=DIRECTION('',(1.,0.,0.));
#3544=CARTESIAN_POINT('',(-2.06715728752538,-2.65,3.5));
#3545=VECTOR('',#3546,1.);
#3546=DIRECTION('',(0.281084637714821,0.678598344545846,-0.678598344545848));
#3547=CARTESIAN_POINT('',(-2.5,-2.00502525316942,3.35));
#3548=CARTESIAN_POINT('',(-2.5,-2.00502525316942,3.35));
#3549=VECTOR('',#3550,1.);
#3550=DIRECTION('',(0.707106781186548,-0.707106781186547,0.));
#3551=CARTESIAN_POINT('',(-2.65,-2.06715728752538,3.5));
#3552=VECTOR('',#3553,1.);
#3553=DIRECTION('',(0.678598344545846,0.281084637714819,-0.678598344545848));
#3554=CARTESIAN_POINT('',(-2.5,-0.8,3.35));
#3555=CARTESIAN_POINT('',(-2.5,-0.8,3.35));
#3556=VECTOR('',#3557,1.);
#3557=DIRECTION('',(-0.707106781186546,0.,0.707106781186549));
#3558=CARTESIAN_POINT('',(-2.5,-0.8,3.35));
#3559=VECTOR('',#3560,1.);
#3560=DIRECTION('',(0.,-1.,0.));
#3561=CARTESIAN_POINT('',(-2.5,-0.8,3.25000000000001));
#3562=CARTESIAN_POINT('',(-2.5,-0.8,3.35));
#3563=VECTOR('',#3564,1.);
#3564=DIRECTION('',(0.,0.,-1.));
#3565=CARTESIAN_POINT('',(-2.5,-0.8,3.25000000000001));
#3566=VECTOR('',#3567,1.);
#3567=DIRECTION('',(-0.707106781186555,0.,0.70710678118654));
#3568=CARTESIAN_POINT('',(-2.5,0.8,3.25000000000001));
#3569=CARTESIAN_POINT('',(-2.5,0.8,3.25000000000001));
#3570=VECTOR('',#3571,1.);
#3571=DIRECTION('',(0.,-1.,0.));
#3572=CARTESIAN_POINT('',(-2.5,0.8,3.25000000000001));
#3573=VECTOR('',#3574,1.);
#3574=DIRECTION('',(-0.707106781186555,0.,0.70710678118654));
#3575=CARTESIAN_POINT('',(-2.5,0.8,3.35));
#3576=CARTESIAN_POINT('',(-2.5,0.8,3.35));
#3577=VECTOR('',#3578,1.);
#3578=DIRECTION('',(0.,0.,-1.));
#3579=CARTESIAN_POINT('',(-2.5,0.8,3.35));
#3580=VECTOR('',#3581,1.);
#3581=DIRECTION('',(-0.707106781186546,0.,0.707106781186549));
#3582=CARTESIAN_POINT('',(-2.5,2.00502525316942,3.35));
#3583=CARTESIAN_POINT('',(-2.5,2.00502525316942,3.35));
#3584=VECTOR('',#3585,1.);
#3585=DIRECTION('',(0.,-1.,0.));
#3586=CARTESIAN_POINT('',(-2.65,2.06715728752538,3.5));
#3587=VECTOR('',#3588,1.);
#3588=DIRECTION('',(0.678598344545846,-0.281084637714822,-0.678598344545848));
#3589=CARTESIAN_POINT('',(-2.00502525316942,2.5,3.35));
#3590=CARTESIAN_POINT('',(-2.00502525316942,2.5,3.35));
#3591=VECTOR('',#3592,1.);
#3592=DIRECTION('',(-0.707106781186548,-0.707106781186548,0.));
#3593=CARTESIAN_POINT('',(-2.06715728752538,2.65,3.5));
#3594=VECTOR('',#3595,1.);
#3595=DIRECTION('',(0.28108463771482,-0.678598344545847,-0.678598344545847));
#3596=CARTESIAN_POINT('',(-0.8,2.5,3.35));
#3597=CARTESIAN_POINT('',(-0.8,2.65,3.5));
#3598=VECTOR('',#3599,1.);
#3599=DIRECTION('',(0.,-0.707106781186546,-0.707106781186549));
#3600=CARTESIAN_POINT('',(-0.8,2.5,3.35));
#3601=VECTOR('',#3602,1.);
#3602=DIRECTION('',(-1.,0.,0.));
#3603=CARTESIAN_POINT('',(-0.8,2.5,3.24999999999578));
#3604=CARTESIAN_POINT('',(-0.8,2.5,3.24999999999578));
#3605=VECTOR('',#3606,1.);
#3606=DIRECTION('',(0.,0.,1.));
#3607=CARTESIAN_POINT('',(-0.8,2.75,3.5));
#3608=VECTOR('',#3609,1.);
#3609=DIRECTION('',(0.,-0.707106781180575,-0.70710678119252));
#3610=CARTESIAN_POINT('',(0.8,2.5,3.24999999999578));
#3611=CARTESIAN_POINT('',(0.8,2.5,3.24999999999578));
#3612=VECTOR('',#3613,1.);
#3613=DIRECTION('',(-1.,0.,0.));
#3614=CARTESIAN_POINT('',(0.8,2.75,3.5));
#3615=VECTOR('',#3616,1.);
#3616=DIRECTION('',(0.,-0.707106781180575,-0.70710678119252));
#3617=CARTESIAN_POINT('',(0.8,2.5,3.35));
#3618=CARTESIAN_POINT('',(0.8,2.5,3.24999999999578));
#3619=VECTOR('',#3620,1.);
#3620=DIRECTION('',(0.,0.,1.));
#3621=CARTESIAN_POINT('',(0.8,2.65,3.5));
#3622=VECTOR('',#3623,1.);
#3623=DIRECTION('',(0.,-0.707106781186546,-0.707106781186549));
#3624=CARTESIAN_POINT('',(2.00502525316942,2.5,3.35));
#3625=CARTESIAN_POINT('',(2.00502525316942,2.5,3.35));
#3626=VECTOR('',#3627,1.);
#3627=DIRECTION('',(-1.,0.,0.));
#3628=CARTESIAN_POINT('',(2.06715728752538,2.65,3.5));
#3629=VECTOR('',#3630,1.);
#3630=DIRECTION('',(-0.281084637714822,-0.678598344545846,-0.678598344545848));
#3631=CARTESIAN_POINT('',(2.5,2.00502525316942,3.35));
#3632=CARTESIAN_POINT('',(2.5,2.00502525316942,3.35));
#3633=VECTOR('',#3634,1.);
#3634=DIRECTION('',(-0.707106781186548,0.707106781186548,0.));
#3635=CARTESIAN_POINT('',(2.65,2.06715728752538,3.5));
#3636=VECTOR('',#3637,1.);
#3637=DIRECTION('',(-0.678598344545847,-0.28108463771482,-0.678598344545847));
#3638=CARTESIAN_POINT('',(2.5,0.799999999999999,3.35));
#3639=CARTESIAN_POINT('',(2.65,0.8,3.5));
#3640=VECTOR('',#3641,1.);
#3641=DIRECTION('',(-0.707106781186546,0.,-0.707106781186549));
#3642=CARTESIAN_POINT('',(2.5,0.799999999999999,3.35));
#3643=VECTOR('',#3644,1.);
#3644=DIRECTION('',(0.,1.,0.));
#3645=CARTESIAN_POINT('',(2.5,0.8,3.25));
#3646=VECTOR('',#3647,1.);
#3647=DIRECTION('',(0.,0.,1.));
#3648=CARTESIAN_POINT('',(2.5,2.00502525316942,1.));
#3649=CARTESIAN_POINT('',(2.5,2.00502525316942,1.));
#3650=VECTOR('',#3651,1.);
#3651=DIRECTION('',(0.,0.,1.));
#3652=CARTESIAN_POINT('',(2.5,-2.00502525316942,1.));
#3653=CARTESIAN_POINT('',(2.5,-2.00502525316942,1.));
#3654=VECTOR('',#3655,1.);
#3655=DIRECTION('',(0.,1.,0.));
#3656=CARTESIAN_POINT('',(2.5,-2.00502525316942,1.));
#3657=VECTOR('',#3658,1.);
#3658=DIRECTION('',(0.,0.,1.));
#3659=CARTESIAN_POINT('',(2.00502525316942,-2.5,1.));
#3660=CARTESIAN_POINT('',(2.00502525316942,-2.5,1.));
#3661=VECTOR('',#3662,1.);
#3662=DIRECTION('',(0.707106781186548,0.707106781186548,0.));
#3663=CARTESIAN_POINT('',(2.00502525316942,-2.5,1.));
#3664=VECTOR('',#3665,1.);
#3665=DIRECTION('',(0.,0.,1.));
#3666=CARTESIAN_POINT('',(-2.00502525316942,-2.5,1.));
#3667=CARTESIAN_POINT('',(-2.00502525316942,-2.5,1.));
#3668=VECTOR('',#3669,1.);
#3669=DIRECTION('',(1.,0.,0.));
#3670=CARTESIAN_POINT('',(-2.00502525316942,-2.5,1.));
#3671=VECTOR('',#3672,1.);
#3672=DIRECTION('',(0.,0.,1.));
#3673=CARTESIAN_POINT('',(-2.5,-2.00502525316942,1.));
#3674=CARTESIAN_POINT('',(-2.5,-2.00502525316942,1.));
#3675=VECTOR('',#3676,1.);
#3676=DIRECTION('',(0.707106781186548,-0.707106781186547,0.));
#3677=CARTESIAN_POINT('',(-2.5,-2.00502525316942,1.));
#3678=VECTOR('',#3679,1.);
#3679=DIRECTION('',(0.,0.,1.));
#3680=CARTESIAN_POINT('',(-2.5,2.00502525316942,1.));
#3681=CARTESIAN_POINT('',(-2.5,2.00502525316942,1.));
#3682=VECTOR('',#3683,1.);
#3683=DIRECTION('',(0.,-1.,0.));
#3684=CARTESIAN_POINT('',(-2.5,2.00502525316942,1.));
#3685=VECTOR('',#3686,1.);
#3686=DIRECTION('',(0.,0.,1.));
#3687=CARTESIAN_POINT('',(-2.00502525316942,2.5,1.));
#3688=CARTESIAN_POINT('',(-2.00502525316942,2.5,1.));
#3689=VECTOR('',#3690,1.);
#3690=DIRECTION('',(-0.707106781186548,-0.707106781186548,0.));
#3691=CARTESIAN_POINT('',(-2.00502525316942,2.5,1.));
#3692=VECTOR('',#3693,1.);
#3693=DIRECTION('',(0.,0.,1.));
#3694=CARTESIAN_POINT('',(2.00502525316942,2.5,1.));
#3695=CARTESIAN_POINT('',(2.00502525316942,2.5,1.));
#3696=VECTOR('',#3697,1.);
#3697=DIRECTION('',(-1.,0.,0.));
#3698=CARTESIAN_POINT('',(2.00502525316942,2.5,1.));
#3699=VECTOR('',#3700,1.);
#3700=DIRECTION('',(0.,0.,1.));
#3701=CARTESIAN_POINT('',(2.5,2.00502525316942,1.));
#3702=VECTOR('',#3703,1.);
#3703=DIRECTION('',(-0.707106781186548,0.707106781186548,0.));
#3704=CARTESIAN_POINT('',(2.44142135623731,-1.56862915010152,4.));
#3705=CARTESIAN_POINT('',(2.44142135623731,1.56862915010152,4.));
#3706=CARTESIAN_POINT('',(2.44142135623731,-1.56862915010152,4.));
#3707=VECTOR('',#3708,1.);
#3708=DIRECTION('',(0.,1.,0.));
#3709=CARTESIAN_POINT('',(2.44142135623731,-1.56862915010152,2.5));
#3710=CARTESIAN_POINT('',(2.44142135623731,-1.56862915010152,2.5));
#3711=VECTOR('',#3712,1.);
#3712=DIRECTION('',(0.,0.,1.));
#3713=CARTESIAN_POINT('',(2.44142135623731,1.56862915010152,2.5));
#3714=CARTESIAN_POINT('',(2.44142135623731,-1.56862915010152,2.5));
#3715=VECTOR('',#3716,1.);
#3716=DIRECTION('',(0.,1.,0.));
#3717=CARTESIAN_POINT('',(2.44142135623731,1.56862915010152,2.5));
#3718=VECTOR('',#3719,1.);
#3719=DIRECTION('',(0.,0.,1.));
#3720=CARTESIAN_POINT('',(1.56862915010152,2.44142135623731,4.));
#3721=CARTESIAN_POINT('',(-1.56862915010152,2.44142135623731,4.));
#3722=CARTESIAN_POINT('',(1.56862915010152,2.44142135623731,4.));
#3723=VECTOR('',#3724,1.);
#3724=DIRECTION('',(-1.,0.,0.));
#3725=CARTESIAN_POINT('',(1.56862915010152,2.44142135623731,2.5));
#3726=CARTESIAN_POINT('',(1.56862915010152,2.44142135623731,2.5));
#3727=VECTOR('',#3728,1.);
#3728=DIRECTION('',(0.,0.,1.));
#3729=CARTESIAN_POINT('',(-1.56862915010152,2.44142135623731,2.5));
#3730=CARTESIAN_POINT('',(1.56862915010152,2.44142135623731,2.5));
#3731=VECTOR('',#3732,1.);
#3732=DIRECTION('',(-1.,0.,0.));
#3733=CARTESIAN_POINT('',(-1.56862915010152,2.44142135623731,2.5));
#3734=VECTOR('',#3735,1.);
#3735=DIRECTION('',(0.,0.,1.));
#3736=CARTESIAN_POINT('',(-2.44142135623731,1.56862915010152,4.));
#3737=CARTESIAN_POINT('',(-2.44142135623731,-1.56862915010152,4.));
#3738=CARTESIAN_POINT('',(-2.44142135623731,1.56862915010152,4.));
#3739=VECTOR('',#3740,1.);
#3740=DIRECTION('',(0.,-1.,0.));
#3741=CARTESIAN_POINT('',(-2.44142135623731,1.56862915010152,2.5));
#3742=CARTESIAN_POINT('',(-2.44142135623731,1.56862915010152,2.5));
#3743=VECTOR('',#3744,1.);
#3744=DIRECTION('',(0.,0.,1.));
#3745=CARTESIAN_POINT('',(-2.44142135623731,-1.56862915010152,2.5));
#3746=CARTESIAN_POINT('',(-2.44142135623731,1.56862915010152,2.5));
#3747=VECTOR('',#3748,1.);
#3748=DIRECTION('',(0.,-1.,0.));
#3749=CARTESIAN_POINT('',(-2.44142135623731,-1.56862915010152,2.5));
#3750=VECTOR('',#3751,1.);
#3751=DIRECTION('',(0.,0.,1.));
#3752=CARTESIAN_POINT('',(-1.56862915010153,-2.44142135623731,4.));
#3753=CARTESIAN_POINT('',(1.56862915010152,-2.44142135623731,4.));
#3754=CARTESIAN_POINT('',(-1.56862915010153,-2.44142135623731,4.));
#3755=VECTOR('',#3756,1.);
#3756=DIRECTION('',(1.,0.,0.));
#3757=CARTESIAN_POINT('',(-1.56862915010153,-2.44142135623731,2.5));
#3758=CARTESIAN_POINT('',(-1.56862915010153,-2.44142135623731,2.5));
#3759=VECTOR('',#3760,1.);
#3760=DIRECTION('',(0.,0.,1.));
#3761=CARTESIAN_POINT('',(1.56862915010152,-2.44142135623731,2.5));
#3762=CARTESIAN_POINT('',(-1.56862915010153,-2.44142135623731,2.5));
#3763=VECTOR('',#3764,1.);
#3764=DIRECTION('',(1.,0.,0.));
#3765=CARTESIAN_POINT('',(1.56862915010152,-2.44142135623731,2.5));
#3766=VECTOR('',#3767,1.);
#3767=DIRECTION('',(0.,0.,1.));
#3768=CARTESIAN_POINT('',(2.3,-2.81668763803891E-016,4.9));
#3769=AXIS2_PLACEMENT_3D('',#3770,#3771,#3772);
#3770=CARTESIAN_POINT('',(0.,0.,4.9));
#3771=DIRECTION('',(0.,0.,1.));
#3772=DIRECTION('',(1.,0.,0.));
#3773=CARTESIAN_POINT('',(2.29991242304653,0.0200710317686582,4.7));
#3774=CARTESIAN_POINT('',(2.3,-2.81668763803891E-016,4.7));
#3775=AXIS2_PLACEMENT_3D('',#3776,#3777,#3778);
#3776=CARTESIAN_POINT('',(0.,0.,4.7));
#3777=DIRECTION('',(0.,0.,1.));
#3778=DIRECTION('',(1.,0.,0.));
#3779=CARTESIAN_POINT('',(0.0200710316462605,2.29991242304759,4.7));
#3780=AXIS2_PLACEMENT_3D('',#3781,#3782,#3783);
#3781=CARTESIAN_POINT('',(0.,0.,4.7));
#3782=DIRECTION('',(0.,0.,1.));
#3783=DIRECTION('',(0.999961923063707,0.00872653555159052,0.));
#3784=CARTESIAN_POINT('',(-0.0200710316462592,2.29991242304759,4.7));
#3785=AXIS2_PLACEMENT_3D('',#3786,#3787,#3788);
#3786=CARTESIAN_POINT('',(0.,0.,4.7));
#3787=DIRECTION('',(0.,0.,1.));
#3788=DIRECTION('',(0.00872653549837412,0.999961923064171,0.));
#3789=CARTESIAN_POINT('',(-2.29991242297421,0.0200710400548869,4.7));
#3790=AXIS2_PLACEMENT_3D('',#3791,#3792,#3793);
#3791=CARTESIAN_POINT('',(0.,0.,4.7));
#3792=DIRECTION('',(0.,0.,1.));
#3793=DIRECTION('',(-0.00872653549837355,0.999961923064171,0.));
#3794=CARTESIAN_POINT('',(-2.29991242304653,-0.020071031768658,4.7));
#3795=AXIS2_PLACEMENT_3D('',#3796,#3797,#3798);
#3796=CARTESIAN_POINT('',(0.,0.,4.7));
#3797=DIRECTION('',(0.,0.,1.));
#3798=DIRECTION('',(-0.999961923032267,0.00872653915429864,0.));
#3799=CARTESIAN_POINT('',(-0.0200710316462613,-2.29991242304759,4.7));
#3800=AXIS2_PLACEMENT_3D('',#3801,#3802,#3803);
#3801=CARTESIAN_POINT('',(0.,0.,4.7));
#3802=DIRECTION('',(0.,0.,1.));
#3803=DIRECTION('',(-0.999961923063707,-0.00872653555159001,0.));
#3804=CARTESIAN_POINT('',(0.0200710316462584,-2.29991242304759,4.7));
#3805=AXIS2_PLACEMENT_3D('',#3806,#3807,#3808);
#3806=CARTESIAN_POINT('',(0.,0.,4.7));
#3807=DIRECTION('',(0.,0.,1.));
#3808=DIRECTION('',(-0.00872653549837446,-0.999961923064171,0.));
#3809=CARTESIAN_POINT('',(2.29991242297314,-0.0200710401772867,4.7));
#3810=AXIS2_PLACEMENT_3D('',#3811,#3812,#3813);
#3811=CARTESIAN_POINT('',(0.,0.,4.7));
#3812=DIRECTION('',(0.,0.,1.));
#3813=DIRECTION('',(0.00872653549837321,-0.999961923064171,0.));
#3814=AXIS2_PLACEMENT_3D('',#3815,#3816,#3817);
#3815=CARTESIAN_POINT('',(0.,0.,4.7));
#3816=DIRECTION('',(0.,0.,1.));
#3817=DIRECTION('',(0.999961923031802,-0.00872653920751595,0.));
#3818=CARTESIAN_POINT('',(-1.71005050633883,2.44142135623731,4.));
#3819=CARTESIAN_POINT('',(-2.44142135623731,1.71005050633883,4.));
#3820=CARTESIAN_POINT('',(-1.71005050633883,2.44142135623731,4.));
#3821=VECTOR('',#3822,1.);
#3822=DIRECTION('',(-0.707106781186548,-0.707106781186547,0.));
#3823=CARTESIAN_POINT('',(-1.56862915010152,2.44142135623731,4.));
#3824=VECTOR('',#3825,1.);
#3825=DIRECTION('',(-1.,0.,0.));
#3826=CARTESIAN_POINT('',(-1.85147186257614,2.44142135623731,4.));
#3827=AXIS2_PLACEMENT_3D('',#3828,#3829,#3830);
#3828=CARTESIAN_POINT('',(-1.71005050633883,2.3,4.));
#3829=DIRECTION('',(0.,0.,1.));
#3830=DIRECTION('',(0.707106781186549,0.707106781186546,0.));
#3831=CARTESIAN_POINT('',(-2.44142135623731,1.85147186257614,4.));
#3832=CARTESIAN_POINT('',(-1.85147186257614,2.44142135623731,4.));
#3833=VECTOR('',#3834,1.);
#3834=DIRECTION('',(-0.707106781186546,-0.707106781186549,0.));
#3835=AXIS2_PLACEMENT_3D('',#3836,#3837,#3838);
#3836=CARTESIAN_POINT('',(-2.3,1.71005050633883,4.));
#3837=DIRECTION('',(0.,0.,1.));
#3838=DIRECTION('',(-0.707106781186546,0.707106781186549,0.));
#3839=CARTESIAN_POINT('',(-2.44142135623731,1.71005050633883,4.));
#3840=VECTOR('',#3841,1.);
#3841=DIRECTION('',(-3.14018491736758E-015,-1.,0.));
#3842=CARTESIAN_POINT('',(-2.44142135623731,-1.71005050633883,4.));
#3843=CARTESIAN_POINT('',(-2.44142135623731,-1.56862915010152,4.));
#3844=VECTOR('',#3845,1.);
#3845=DIRECTION('',(0.,-1.,0.));
#3846=CARTESIAN_POINT('',(-2.44142135623731,-1.85147186257614,4.));
#3847=AXIS2_PLACEMENT_3D('',#3848,#3849,#3850);
#3848=CARTESIAN_POINT('',(-2.3,-1.71005050633883,4.));
#3849=DIRECTION('',(0.,0.,1.));
#3850=DIRECTION('',(-0.707106781186548,0.707106781186547,0.));
#3851=CARTESIAN_POINT('',(-1.85147186257614,-2.44142135623731,4.));
#3852=CARTESIAN_POINT('',(-2.44142135623731,-1.85147186257614,4.));
#3853=VECTOR('',#3854,1.);
#3854=DIRECTION('',(0.707106781186546,-0.707106781186549,0.));
#3855=AXIS2_PLACEMENT_3D('',#3856,#3857,#3858);
#3856=CARTESIAN_POINT('',(-1.71005050633883,-2.3,4.));
#3857=DIRECTION('',(0.,0.,1.));
#3858=DIRECTION('',(-0.707106781186549,-0.707106781186546,0.));
#3859=CARTESIAN_POINT('',(-1.71005050633883,-2.44142135623731,4.));
#3860=CARTESIAN_POINT('',(-1.71005050633883,-2.44142135623731,4.));
#3861=VECTOR('',#3862,1.);
#3862=DIRECTION('',(1.,0.,0.));
#3863=CARTESIAN_POINT('',(-2.44142135623731,-1.71005050633883,4.));
#3864=VECTOR('',#3865,1.);
#3865=DIRECTION('',(0.707106781186548,-0.707106781186548,0.));
#3866=CARTESIAN_POINT('',(1.71005050633883,-2.44142135623731,4.));
#3867=CARTESIAN_POINT('',(1.56862915010152,-2.44142135623731,4.));
#3868=VECTOR('',#3869,1.);
#3869=DIRECTION('',(1.,0.,0.));
#3870=CARTESIAN_POINT('',(1.85147186257614,-2.44142135623731,4.));
#3871=AXIS2_PLACEMENT_3D('',#3872,#3873,#3874);
#3872=CARTESIAN_POINT('',(1.71005050633883,-2.3,4.));
#3873=DIRECTION('',(0.,0.,1.));
#3874=DIRECTION('',(-0.707106781186547,-0.707106781186548,0.));
#3875=CARTESIAN_POINT('',(2.44142135623731,-1.85147186257614,4.));
#3876=CARTESIAN_POINT('',(1.85147186257614,-2.44142135623731,4.));
#3877=VECTOR('',#3878,1.);
#3878=DIRECTION('',(0.707106781186547,0.707106781186548,0.));
#3879=AXIS2_PLACEMENT_3D('',#3880,#3881,#3882);
#3880=CARTESIAN_POINT('',(2.3,-1.71005050633883,4.));
#3881=DIRECTION('',(0.,0.,1.));
#3882=DIRECTION('',(0.707106781186549,-0.707106781186546,0.));
#3883=CARTESIAN_POINT('',(2.44142135623731,-1.71005050633883,4.));
#3884=CARTESIAN_POINT('',(2.44142135623731,-1.71005050633883,4.));
#3885=VECTOR('',#3886,1.);
#3886=DIRECTION('',(0.,1.,0.));
#3887=CARTESIAN_POINT('',(1.71005050633883,-2.44142135623731,4.));
#3888=VECTOR('',#3889,1.);
#3889=DIRECTION('',(0.707106781186548,0.707106781186547,0.));
#3890=CARTESIAN_POINT('',(2.44142135623731,1.71005050633883,4.));
#3891=CARTESIAN_POINT('',(2.44142135623731,1.56862915010152,4.));
#3892=VECTOR('',#3893,1.);
#3893=DIRECTION('',(0.,1.,0.));
#3894=CARTESIAN_POINT('',(2.44142135623731,1.85147186257614,4.));
#3895=AXIS2_PLACEMENT_3D('',#3896,#3897,#3898);
#3896=CARTESIAN_POINT('',(2.3,1.71005050633883,4.));
#3897=DIRECTION('',(0.,0.,1.));
#3898=DIRECTION('',(0.707106781186544,-0.707106781186551,0.));
#3899=CARTESIAN_POINT('',(1.85147186257614,2.44142135623731,4.));
#3900=CARTESIAN_POINT('',(2.44142135623731,1.85147186257614,4.));
#3901=VECTOR('',#3902,1.);
#3902=DIRECTION('',(-0.707106781186547,0.707106781186547,0.));
#3903=AXIS2_PLACEMENT_3D('',#3904,#3905,#3906);
#3904=CARTESIAN_POINT('',(1.71005050633883,2.3,4.));
#3905=DIRECTION('',(0.,0.,1.));
#3906=DIRECTION('',(0.707106781186547,0.707106781186548,0.));
#3907=CARTESIAN_POINT('',(1.71005050633883,2.44142135623731,4.));
#3908=CARTESIAN_POINT('',(1.71005050633883,2.44142135623731,4.));
#3909=VECTOR('',#3910,1.);
#3910=DIRECTION('',(-1.,0.,0.));
#3911=CARTESIAN_POINT('',(2.44142135623731,1.71005050633883,4.));
#3912=VECTOR('',#3913,1.);
#3913=DIRECTION('',(-0.707106781186547,0.707106781186547,0.));
#3914=CARTESIAN_POINT('',(-1.71005050633883,2.44142135623731,4.));
#3915=VECTOR('',#3916,1.);
#3916=DIRECTION('',(0.921129730892831,-0.077129981458317,0.381537658463146));
#3917=CARTESIAN_POINT('',(1.71005050633883,2.44142135623731,4.));
#3918=VECTOR('',#3919,1.);
#3919=DIRECTION('',(-0.921129730892831,-0.077129981458317,0.381537658463146));
#3920=CARTESIAN_POINT('',(2.44142135623731,1.71005050633883,4.));
#3921=VECTOR('',#3922,1.);
#3922=DIRECTION('',(-0.0771299814636354,-0.921129730882681,0.381537658486575));
#3923=CARTESIAN_POINT('',(2.44142135623731,-1.71005050633883,4.));
#3924=VECTOR('',#3925,1.);
#3925=DIRECTION('',(-0.0771299818290124,0.9211297301854,0.381537660096128));
#3926=CARTESIAN_POINT('',(1.71005050633883,-2.44142135623731,4.));
#3927=VECTOR('',#3928,1.);
#3928=DIRECTION('',(-0.921129730892831,0.0771299814583167,0.381537658463146));
#3929=CARTESIAN_POINT('',(-1.71005050633883,-2.44142135623731,4.));
#3930=VECTOR('',#3931,1.);
#3931=DIRECTION('',(0.921129730892831,0.0771299814583168,0.381537658463146));
#3932=CARTESIAN_POINT('',(-2.44142135623731,-1.71005050633883,4.));
#3933=VECTOR('',#3934,1.);
#3934=DIRECTION('',(0.0771299814636354,0.921129730882681,0.381537658486575));
#3935=CARTESIAN_POINT('',(-2.44142135623731,1.71005050633883,4.));
#3936=VECTOR('',#3937,1.);
#3937=DIRECTION('',(0.0771299818236936,-0.92112973019555,0.381537660072699));
#3938=CARTESIAN_POINT('',(2.44142135623731,-1.85147186257614,2.5));
#3939=AXIS2_PLACEMENT_3D('',#3940,#3941,#3942);
#3940=CARTESIAN_POINT('',(2.3,-1.71005050633883,2.5));
#3941=DIRECTION('',(0.,0.,1.));
#3942=DIRECTION('',(0.707106781186549,-0.707106781186546,0.));
#3943=CARTESIAN_POINT('',(2.44142135623731,-1.85147186257614,2.5));
#3944=VECTOR('',#3945,1.);
#3945=DIRECTION('',(0.,0.,1.));
#3946=CARTESIAN_POINT('',(1.85147186257614,-2.44142135623731,2.5));
#3947=CARTESIAN_POINT('',(1.85147186257614,-2.44142135623731,2.5));
#3948=VECTOR('',#3949,1.);
#3949=DIRECTION('',(0.707106781186547,0.707106781186548,0.));
#3950=AXIS2_PLACEMENT_3D('',#3951,#3952,#3953);
#3951=CARTESIAN_POINT('',(1.71005050633883,-2.3,2.5));
#3952=DIRECTION('',(0.,0.,1.));
#3953=DIRECTION('',(-0.707106781186547,-0.707106781186548,0.));
#3954=CARTESIAN_POINT('',(-1.85147186257614,-2.44142135623731,2.5));
#3955=AXIS2_PLACEMENT_3D('',#3956,#3957,#3958);
#3956=CARTESIAN_POINT('',(-1.71005050633883,-2.3,2.5));
#3957=DIRECTION('',(0.,0.,1.));
#3958=DIRECTION('',(-0.707106781186549,-0.707106781186546,0.));
#3959=CARTESIAN_POINT('',(-2.44142135623731,-1.85147186257614,2.5));
#3960=CARTESIAN_POINT('',(-2.44142135623731,-1.85147186257614,2.5));
#3961=VECTOR('',#3962,1.);
#3962=DIRECTION('',(0.707106781186546,-0.707106781186549,0.));
#3963=AXIS2_PLACEMENT_3D('',#3964,#3965,#3966);
#3964=CARTESIAN_POINT('',(-2.3,-1.71005050633883,2.5));
#3965=DIRECTION('',(0.,0.,1.));
#3966=DIRECTION('',(-0.707106781186548,0.707106781186547,0.));
#3967=CARTESIAN_POINT('',(-2.44142135623731,1.85147186257614,2.5));
#3968=AXIS2_PLACEMENT_3D('',#3969,#3970,#3971);
#3969=CARTESIAN_POINT('',(-2.3,1.71005050633883,2.5));
#3970=DIRECTION('',(0.,0.,1.));
#3971=DIRECTION('',(-0.707106781186546,0.707106781186549,0.));
#3972=CARTESIAN_POINT('',(-1.85147186257614,2.44142135623731,2.5));
#3973=CARTESIAN_POINT('',(-1.85147186257614,2.44142135623731,2.5));
#3974=VECTOR('',#3975,1.);
#3975=DIRECTION('',(-0.707106781186546,-0.707106781186549,0.));
#3976=AXIS2_PLACEMENT_3D('',#3977,#3978,#3979);
#3977=CARTESIAN_POINT('',(-1.71005050633883,2.3,2.5));
#3978=DIRECTION('',(0.,0.,1.));
#3979=DIRECTION('',(0.707106781186549,0.707106781186546,0.));
#3980=CARTESIAN_POINT('',(1.85147186257614,2.44142135623731,2.5));
#3981=AXIS2_PLACEMENT_3D('',#3982,#3983,#3984);
#3982=CARTESIAN_POINT('',(1.71005050633883,2.3,2.5));
#3983=DIRECTION('',(0.,0.,1.));
#3984=DIRECTION('',(0.707106781186547,0.707106781186548,0.));
#3985=CARTESIAN_POINT('',(2.44142135623731,1.85147186257614,2.5));
#3986=CARTESIAN_POINT('',(2.44142135623731,1.85147186257614,2.5));
#3987=VECTOR('',#3988,1.);
#3988=DIRECTION('',(-0.707106781186547,0.707106781186547,0.));
#3989=AXIS2_PLACEMENT_3D('',#3990,#3991,#3992);
#3990=CARTESIAN_POINT('',(2.3,1.71005050633883,2.5));
#3991=DIRECTION('',(0.,0.,1.));
#3992=DIRECTION('',(0.707106781186544,-0.707106781186551,0.));
#3993=CARTESIAN_POINT('',(2.44142135623731,1.85147186257614,2.5));
#3994=VECTOR('',#3995,1.);
#3995=DIRECTION('',(0.,0.,1.));
#3996=CARTESIAN_POINT('',(1.85147186257614,2.44142135623731,2.5));
#3997=VECTOR('',#3998,1.);
#3998=DIRECTION('',(0.,0.,1.));
#3999=CARTESIAN_POINT('',(-1.85147186257614,2.44142135623731,2.5));
#4000=VECTOR('',#4001,1.);
#4001=DIRECTION('',(0.,0.,1.));
#4002=CARTESIAN_POINT('',(-2.44142135623731,1.85147186257614,2.5));
#4003=VECTOR('',#4004,1.);
#4004=DIRECTION('',(0.,0.,1.));
#4005=CARTESIAN_POINT('',(-2.44142135623731,-1.85147186257614,2.5));
#4006=VECTOR('',#4007,1.);
#4007=DIRECTION('',(0.,0.,1.));
#4008=CARTESIAN_POINT('',(-1.85147186257615,-2.44142135623731,2.5));
#4009=VECTOR('',#4010,1.);
#4010=DIRECTION('',(0.,0.,1.));
#4011=CARTESIAN_POINT('',(1.85147186257614,-2.44142135623731,2.5));
#4012=VECTOR('',#4013,1.);
#4013=DIRECTION('',(0.,0.,1.));
#4014=CARTESIAN_POINT('',(2.2,-2.69422295812418E-016,5.));
#4015=AXIS2_PLACEMENT_3D('',#4016,#4017,#4018);
#4016=CARTESIAN_POINT('',(0.,0.,5.));
#4017=DIRECTION('',(0.,0.,1.));
#4018=DIRECTION('',(1.,0.,0.));
#4019=CARTESIAN_POINT('',(0.7,-1.95,0.25));
#4020=CARTESIAN_POINT('',(0.7,-2.2,-2.1195166833753E-016));
#4021=AXIS2_PLACEMENT_3D('',#4022,#4023,#4024);
#4022=CARTESIAN_POINT('',(0.7,-2.2,0.25));
#4023=DIRECTION('',(-1.,-0.,-0.));
#4024=DIRECTION('',(0.,1.,2.22044604925031E-016));
#4025=CARTESIAN_POINT('',(-0.7,-2.2,-2.1195166833753E-016));
#4026=CARTESIAN_POINT('',(0.7,-2.2,-2.1195166833753E-016));
#4027=VECTOR('',#4028,1.);
#4028=DIRECTION('',(-1.,0.,0.));
#4029=CARTESIAN_POINT('',(-0.7,-1.95,0.25));
#4030=AXIS2_PLACEMENT_3D('',#4031,#4032,#4033);
#4031=CARTESIAN_POINT('',(-0.7,-2.2,0.25));
#4032=DIRECTION('',(-1.,-0.,-0.));
#4033=DIRECTION('',(0.,1.,2.22044604925031E-016));
#4034=CARTESIAN_POINT('',(0.7,-1.95,0.25));
#4035=VECTOR('',#4036,1.);
#4036=DIRECTION('',(-1.,0.,0.));
#4037=CARTESIAN_POINT('',(0.7,-4.,-2.1195166833753E-016));
#4038=CARTESIAN_POINT('',(0.7,-2.2,-2.1195166833753E-016));
#4039=VECTOR('',#4040,1.);
#4040=DIRECTION('',(0.,-1.,-8.21730109605221E-032));
#4041=CARTESIAN_POINT('',(-0.7,-4.,-2.1195166833753E-016));
#4042=CARTESIAN_POINT('',(0.7,-4.,-2.1195166833753E-016));
#4043=VECTOR('',#4044,1.);
#4044=DIRECTION('',(-1.,0.,0.));
#4045=CARTESIAN_POINT('',(-0.7,-2.2,-2.1195166833753E-016));
#4046=VECTOR('',#4047,1.);
#4047=DIRECTION('',(0.,-1.,-8.21730109605221E-032));
#4048=CARTESIAN_POINT('',(0.7,-4.,0.2));
#4049=CARTESIAN_POINT('',(0.7,-4.,-2.1195166833753E-016));
#4050=VECTOR('',#4051,1.);
#4051=DIRECTION('',(0.,0.,1.));
#4052=CARTESIAN_POINT('',(-0.7,-4.,0.2));
#4053=CARTESIAN_POINT('',(0.7,-4.,0.2));
#4054=VECTOR('',#4055,1.);
#4055=DIRECTION('',(-1.,0.,0.));
#4056=CARTESIAN_POINT('',(-0.7,-4.,-2.1195166833753E-016));
#4057=VECTOR('',#4058,1.);
#4058=DIRECTION('',(0.,0.,1.));
#4059=CARTESIAN_POINT('',(0.7,-2.2,0.2));
#4060=CARTESIAN_POINT('',(0.7,-4.,0.2));
#4061=VECTOR('',#4062,1.);
#4062=DIRECTION('',(0.,1.,0.));
#4063=CARTESIAN_POINT('',(-0.7,-2.2,0.2));
#4064=CARTESIAN_POINT('',(0.7,-2.2,0.2));
#4065=VECTOR('',#4066,1.);
#4066=DIRECTION('',(-1.,0.,0.));
#4067=CARTESIAN_POINT('',(-0.7,-4.,0.2));
#4068=VECTOR('',#4069,1.);
#4069=DIRECTION('',(0.,1.,0.));
#4070=CARTESIAN_POINT('',(0.7,-2.15,0.25));
#4071=AXIS2_PLACEMENT_3D('',#4072,#4073,#4074);
#4072=CARTESIAN_POINT('',(0.7,-2.2,0.25));
#4073=DIRECTION('',(1.,0.,0.));
#4074=DIRECTION('',(0.,0.,-1.));
#4075=CARTESIAN_POINT('',(-0.7,-2.15,0.25));
#4076=CARTESIAN_POINT('',(0.7,-2.15,0.25));
#4077=VECTOR('',#4078,1.);
#4078=DIRECTION('',(-1.,0.,0.));
#4079=AXIS2_PLACEMENT_3D('',#4080,#4081,#4082);
#4080=CARTESIAN_POINT('',(-0.7,-2.2,0.25));
#4081=DIRECTION('',(1.,0.,0.));
#4082=DIRECTION('',(0.,0.,-1.));
#4083=CARTESIAN_POINT('',(0.7,-2.15,0.25));
#4084=VECTOR('',#4085,1.);
#4085=DIRECTION('',(0.,1.,2.77555756156289E-016));
#4086=CARTESIAN_POINT('',(-0.7,-2.15,0.25));
#4087=VECTOR('',#4088,1.);
#4088=DIRECTION('',(0.,1.,2.77555756156289E-016));
#4089=CARTESIAN_POINT('',(-0.7,1.95,0.25));
#4090=CARTESIAN_POINT('',(-0.7,2.2,-2.1195166833753E-016));
#4091=AXIS2_PLACEMENT_3D('',#4092,#4093,#4094);
#4092=CARTESIAN_POINT('',(-0.7,2.2,0.25));
#4093=DIRECTION('',(1.,-0.,0.));
#4094=DIRECTION('',(0.,-1.,2.22044604925031E-016));
#4095=CARTESIAN_POINT('',(0.7,2.2,-2.1195166833753E-016));
#4096=CARTESIAN_POINT('',(-0.7,2.2,-2.1195166833753E-016));
#4097=VECTOR('',#4098,1.);
#4098=DIRECTION('',(1.,0.,0.));
#4099=CARTESIAN_POINT('',(0.7,1.95,0.25));
#4100=AXIS2_PLACEMENT_3D('',#4101,#4102,#4103);
#4101=CARTESIAN_POINT('',(0.7,2.2,0.25));
#4102=DIRECTION('',(1.,-0.,0.));
#4103=DIRECTION('',(0.,-1.,2.22044604925031E-016));
#4104=CARTESIAN_POINT('',(-0.7,1.95,0.25));
#4105=VECTOR('',#4106,1.);
#4106=DIRECTION('',(1.,0.,0.));
#4107=CARTESIAN_POINT('',(-0.7,4.,-2.1195166833753E-016));
#4108=CARTESIAN_POINT('',(-0.7,2.2,-2.1195166833753E-016));
#4109=VECTOR('',#4110,1.);
#4110=DIRECTION('',(0.,1.,-8.21730109605221E-032));
#4111=CARTESIAN_POINT('',(0.7,4.,-2.1195166833753E-016));
#4112=CARTESIAN_POINT('',(-0.7,4.,-2.1195166833753E-016));
#4113=VECTOR('',#4114,1.);
#4114=DIRECTION('',(1.,0.,0.));
#4115=CARTESIAN_POINT('',(0.7,2.2,-2.1195166833753E-016));
#4116=VECTOR('',#4117,1.);
#4117=DIRECTION('',(0.,1.,-8.21730109605221E-032));
#4118=CARTESIAN_POINT('',(-0.7,4.,0.2));
#4119=CARTESIAN_POINT('',(-0.7,4.,-2.1195166833753E-016));
#4120=VECTOR('',#4121,1.);
#4121=DIRECTION('',(0.,0.,1.));
#4122=CARTESIAN_POINT('',(0.7,4.,0.2));
#4123=CARTESIAN_POINT('',(-0.7,4.,0.2));
#4124=VECTOR('',#4125,1.);
#4125=DIRECTION('',(1.,0.,0.));
#4126=CARTESIAN_POINT('',(0.7,4.,-2.1195166833753E-016));
#4127=VECTOR('',#4128,1.);
#4128=DIRECTION('',(0.,0.,1.));
#4129=CARTESIAN_POINT('',(-0.7,2.2,0.2));
#4130=CARTESIAN_POINT('',(-0.7,4.,0.2));
#4131=VECTOR('',#4132,1.);
#4132=DIRECTION('',(0.,-1.,0.));
#4133=CARTESIAN_POINT('',(0.7,2.2,0.2));
#4134=CARTESIAN_POINT('',(-0.7,2.2,0.2));
#4135=VECTOR('',#4136,1.);
#4136=DIRECTION('',(1.,0.,0.));
#4137=CARTESIAN_POINT('',(0.7,4.,0.2));
#4138=VECTOR('',#4139,1.);
#4139=DIRECTION('',(0.,-1.,0.));
#4140=CARTESIAN_POINT('',(-0.7,2.15,0.25));
#4141=AXIS2_PLACEMENT_3D('',#4142,#4143,#4144);
#4142=CARTESIAN_POINT('',(-0.7,2.2,0.25));
#4143=DIRECTION('',(-1.,0.,-0.));
#4144=DIRECTION('',(0.,0.,-1.));
#4145=CARTESIAN_POINT('',(0.7,2.15,0.25));
#4146=CARTESIAN_POINT('',(-0.7,2.15,0.25));
#4147=VECTOR('',#4148,1.);
#4148=DIRECTION('',(1.,0.,0.));
#4149=AXIS2_PLACEMENT_3D('',#4150,#4151,#4152);
#4150=CARTESIAN_POINT('',(0.7,2.2,0.25));
#4151=DIRECTION('',(-1.,0.,-0.));
#4152=DIRECTION('',(0.,0.,-1.));
#4153=CARTESIAN_POINT('',(-0.7,2.15,0.25));
#4154=VECTOR('',#4155,1.);
#4155=DIRECTION('',(0.,-1.,2.77555756156289E-016));
#4156=CARTESIAN_POINT('',(0.7,2.15,0.25));
#4157=VECTOR('',#4158,1.);
#4158=DIRECTION('',(0.,-1.,2.77555756156289E-016));
ENDSEC;
END-ISO-10303-21;
