ISO-10303-21;
HEADER;
FILE_DESCRIPTION(('STEP AP214'),
    '1');
FILE_NAME('1TS009',
    '2022-12-01T17:43:07',
    ('AF'),
    (''),
    'UNSPECIFIED',
    'UNSPECIFIED',
    '');
/*Based on Hon Yuan Precision Ind. Co.,Ltd. 1TS009 datasheet, Rev.B 2015-11-10*/
FILE_SCHEMA(('AUTOMOTIVE_DESIGN { 1 0 10303 214 3 1 1}'));
ENDSEC;

DATA;
#1=SHAPE_REPRESENTATION('NONE',(#2),#6);
#2=AXIS2_PLACEMENT_3D('',#3,#4,#5);
#3=CARTESIAN_POINT('',(0.,0.,0.));
#4=DIRECTION('',(0.,0.,1.));
#5=DIRECTION('',(1.,0.,0.));
#6=(GEOMETRIC_REPRESENTATION_CONTEXT(3)GLOBAL_UNCERTAINTY_ASSIGNED_CONTEXT((#8))
GLOBAL_UNIT_ASSIGNED_CONTEXT((#7,#9,#10))REPRESENTATION_CONTEXT('NONE','NONE'));
#7=(LENGTH_UNIT()NAMED_UNIT(*)SI_UNIT(.MILLI.,.METRE.));
#8=UNCERTAINTY_MEASURE_WITH_UNIT(LENGTH_MEASURE(1.E-005),#7,'NONE','NONE');
#9=(NAMED_UNIT(*)PLANE_ANGLE_UNIT()SI_UNIT($,.RADIAN.));
#10=(NAMED_UNIT(*)SI_UNIT($,.STERADIAN.)SOLID_ANGLE_UNIT());
#11=SHAPE_DEFINITION_REPRESENTATION(#12,#1);
#12=PRODUCT_DEFINITION_SHAPE('NONE','NONE',#13);
#13=PRODUCT_DEFINITION('','UNSPECIFIED',#14,#22);
#14=PRODUCT_DEFINITION_FORMATION_WITH_SPECIFIED_SOURCE('ANY','UNSPECIFIED',#15,.NOT_KNOWN.);
#15=PRODUCT('','1TS009B-XXX0-4300','Based on Hon Yuan Precision Ind. Co.,Ltd. 1TS009 datasheet, Rev.B 2015-11-10',
(#25));
#16=PERSON('UNSPECIFIED','AF','UNSPECIFIED',('UNSPECIFIED'),('UNSPECIFIED'),('UNSPECIFIED'));
#17=ORGANIZATION('UNSPECIFIED','UNSPECIFIED','UNSPECIFIED');
#18=PERSON_AND_ORGANIZATION(#16,#17);
#19=PERSON_AND_ORGANIZATION_ROLE('design_owner');
#20=CC_DESIGN_PERSON_AND_ORGANIZATION_ASSIGNMENT(#18,#19,(#15));
#21=PRODUCT_RELATED_PRODUCT_CATEGORY('assembly','',(#15));
#22=DESIGN_CONTEXT('detailed design',#23,'design');
#23=APPLICATION_CONTEXT('configuration controlled 3d designs of mechanical parts and assemblies');
#24=APPLICATION_PROTOCOL_DEFINITION('international standard','automotive_design',
2011,#23);
#25=PRODUCT_CONTEXT('NONE',#23,'mechanical');
#26=CC_DESIGN_DATE_AND_TIME_ASSIGNMENT(#27,#31,(#13));
#27=DATE_AND_TIME(#28,#29);
#28=CALENDAR_DATE(0,1,1);
#29=LOCAL_TIME(0,0,0.,#30);
#30=COORDINATED_UNIVERSAL_TIME_OFFSET(0,0,.AHEAD.);
#31=DATE_TIME_ROLE('creation_date');
#32=CC_DESIGN_APPROVAL(#33,(#13));
#33=APPROVAL(#34,'UNSPECIFIED');
#34=APPROVAL_STATUS('not_yet_approved');
#35=APPROVAL_DATE_TIME(#36,#33);
#36=DATE_AND_TIME(#37,#38);
#37=CALENDAR_DATE(0,1,1);
#38=LOCAL_TIME(0,0,0.,#39);
#39=COORDINATED_UNIVERSAL_TIME_OFFSET(0,0,.AHEAD.);
#40=DERIVED_UNIT((#44,#41));
#41=DERIVED_UNIT_ELEMENT(#42,-1.);
#42=VOLUME_UNIT(#43);
#43=DIMENSIONAL_EXPONENTS(3.,0.,0.,0.,0.,0.,0.);
#44=(DERIVED_UNIT_ELEMENT($,-1.)NAMED_UNIT($)MASS_UNIT()SI_UNIT($,.GRAM.));
#45=MANIFOLD_SOLID_BREP('',#46);
#46=CLOSED_SHELL('',(#91,#100,#109,#118,#127,#136,#145,#154,#163,#172,#181,#190,
#199,#208,#217,#226,#235,#244,#253,#262,#271,#280,#289,#298,#307,#316,#325,#334,
#343,#352,#361,#370,#379,#388,#397,#406,#415,#424,#433,#442,#451,#460,#469,#478,
#487,#496,#505,#514,#523,#532,#541,#550,#559,#568,#577));
#47=COLOUR_RGB($,0.827450980392157,0.831372549019608,0.835294117647059);
#48=FILL_AREA_STYLE_COLOUR($,#47);
#49=FILL_AREA_STYLE($,(#48));
#50=SURFACE_STYLE_FILL_AREA(#49);
#51=SURFACE_SIDE_STYLE('',(#50));
#52=SURFACE_STYLE_USAGE(.BOTH.,#51);
#53=PRESENTATION_STYLE_ASSIGNMENT((#52));
#54=MECHANICAL_DESIGN_GEOMETRIC_PRESENTATION_REPRESENTATION('NONE',(#55,#65,#75,
#85,#99,#108,#117,#126,#135,#144,#153,#162,#171,#180,#189,#198,#207,#216,#225,#234,
#243,#252,#261,#270,#279,#288,#297,#306,#315,#324,#333,#342,#351,#360,#369,#378,
#387,#396,#405,#414,#423,#432,#441,#450,#459,#468,#477,#486,#495,#504,#513,#522,
#531,#540,#549,#558,#567,#576,#585,#594,#603,#612,#621,#630,#639,#648,#657,#666,
#675,#684,#693,#702,#711,#720,#729,#738,#747,#756,#765,#774,#783,#792,#801,#810,
#819,#828,#837,#846,#855,#864,#873,#882,#891,#900,#909,#918,#927,#936,#945,#954,
#963,#972,#981,#990,#996,#1002),#6);
#55=STYLED_ITEM('',(#53),#45);
#56=MANIFOLD_SOLID_BREP('',#57);
#57=CLOSED_SHELL('',(#586,#595,#604,#613,#622,#631,#640,#649,#658,#667,#676,#685));
#58=COLOUR_RGB($,0.827450980392157,0.831372549019608,0.835294117647059);
#59=FILL_AREA_STYLE_COLOUR($,#58);
#60=FILL_AREA_STYLE($,(#59));
#61=SURFACE_STYLE_FILL_AREA(#60);
#62=SURFACE_SIDE_STYLE('',(#61));
#63=SURFACE_STYLE_USAGE(.BOTH.,#62);
#64=PRESENTATION_STYLE_ASSIGNMENT((#63));
#65=STYLED_ITEM('',(#64),#56);
#66=MANIFOLD_SOLID_BREP('',#67);
#67=CLOSED_SHELL('',(#694,#703,#712,#721,#730,#739,#748,#757,#766,#775,#784,#793));
#68=COLOUR_RGB($,0.827450980392157,0.831372549019608,0.835294117647059);
#69=FILL_AREA_STYLE_COLOUR($,#68);
#70=FILL_AREA_STYLE($,(#69));
#71=SURFACE_STYLE_FILL_AREA(#70);
#72=SURFACE_SIDE_STYLE('',(#71));
#73=SURFACE_STYLE_USAGE(.BOTH.,#72);
#74=PRESENTATION_STYLE_ASSIGNMENT((#73));
#75=STYLED_ITEM('',(#74),#66);
#76=MANIFOLD_SOLID_BREP('',#77);
#77=CLOSED_SHELL('',(#802,#811,#820,#829,#838,#847,#856,#865,#874,#883,#892,#901,
#910,#919,#928,#937,#946,#955,#964,#973,#982));
#78=COLOUR_RGB($,0.827450980392157,0.831372549019608,0.835294117647059);
#79=FILL_AREA_STYLE_COLOUR($,#78);
#80=FILL_AREA_STYLE($,(#79));
#81=SURFACE_STYLE_FILL_AREA(#80);
#82=SURFACE_SIDE_STYLE('',(#81));
#83=SURFACE_STYLE_USAGE(.BOTH.,#82);
#84=PRESENTATION_STYLE_ASSIGNMENT((#83));
#85=STYLED_ITEM('',(#84),#76);
#86=ADVANCED_BREP_SHAPE_REPRESENTATION('NONE',(#45,#56,#66,#76),#6);
#87=SHAPE_REPRESENTATION_RELATIONSHIP('','',#1,#86);
#88=GEOMETRIC_CURVE_SET('',(#991,#997));
#89=GEOMETRICALLY_BOUNDED_WIREFRAME_SHAPE_REPRESENTATION('NONE',(#88),#6);
#90=SHAPE_REPRESENTATION_RELATIONSHIP('','',#1,#89);
#91=ADVANCED_FACE('',(#1003),#1005,.T.);
#92=COLOUR_RGB($,0.176470588235294,0.176470588235294,0.196078431372549);
#93=FILL_AREA_STYLE_COLOUR($,#92);
#94=FILL_AREA_STYLE($,(#93));
#95=SURFACE_STYLE_FILL_AREA(#94);
#96=SURFACE_SIDE_STYLE('',(#95));
#97=SURFACE_STYLE_USAGE(.BOTH.,#96);
#98=PRESENTATION_STYLE_ASSIGNMENT((#97));
#99=STYLED_ITEM('',(#98),#91);
#100=ADVANCED_FACE('',(#1010),#1012,.T.);
#101=COLOUR_RGB($,0.176470588235294,0.176470588235294,0.196078431372549);
#102=FILL_AREA_STYLE_COLOUR($,#101);
#103=FILL_AREA_STYLE($,(#102));
#104=SURFACE_STYLE_FILL_AREA(#103);
#105=SURFACE_SIDE_STYLE('',(#104));
#106=SURFACE_STYLE_USAGE(.BOTH.,#105);
#107=PRESENTATION_STYLE_ASSIGNMENT((#106));
#108=STYLED_ITEM('',(#107),#100);
#109=ADVANCED_FACE('',(#1017),#1019,.F.);
#110=COLOUR_RGB($,0.176470588235294,0.176470588235294,0.196078431372549);
#111=FILL_AREA_STYLE_COLOUR($,#110);
#112=FILL_AREA_STYLE($,(#111));
#113=SURFACE_STYLE_FILL_AREA(#112);
#114=SURFACE_SIDE_STYLE('',(#113));
#115=SURFACE_STYLE_USAGE(.BOTH.,#114);
#116=PRESENTATION_STYLE_ASSIGNMENT((#115));
#117=STYLED_ITEM('',(#116),#109);
#118=ADVANCED_FACE('',(#1024),#1026,.F.);
#119=COLOUR_RGB($,0.176470588235294,0.176470588235294,0.196078431372549);
#120=FILL_AREA_STYLE_COLOUR($,#119);
#121=FILL_AREA_STYLE($,(#120));
#122=SURFACE_STYLE_FILL_AREA(#121);
#123=SURFACE_SIDE_STYLE('',(#122));
#124=SURFACE_STYLE_USAGE(.BOTH.,#123);
#125=PRESENTATION_STYLE_ASSIGNMENT((#124));
#126=STYLED_ITEM('',(#125),#118);
#127=ADVANCED_FACE('',(#1031),#1033,.F.);
#128=COLOUR_RGB($,0.176470588235294,0.176470588235294,0.196078431372549);
#129=FILL_AREA_STYLE_COLOUR($,#128);
#130=FILL_AREA_STYLE($,(#129));
#131=SURFACE_STYLE_FILL_AREA(#130);
#132=SURFACE_SIDE_STYLE('',(#131));
#133=SURFACE_STYLE_USAGE(.BOTH.,#132);
#134=PRESENTATION_STYLE_ASSIGNMENT((#133));
#135=STYLED_ITEM('',(#134),#127);
#136=ADVANCED_FACE('',(#1038),#1040,.F.);
#137=COLOUR_RGB($,0.176470588235294,0.176470588235294,0.196078431372549);
#138=FILL_AREA_STYLE_COLOUR($,#137);
#139=FILL_AREA_STYLE($,(#138));
#140=SURFACE_STYLE_FILL_AREA(#139);
#141=SURFACE_SIDE_STYLE('',(#140));
#142=SURFACE_STYLE_USAGE(.BOTH.,#141);
#143=PRESENTATION_STYLE_ASSIGNMENT((#142));
#144=STYLED_ITEM('',(#143),#136);
#145=ADVANCED_FACE('',(#1045),#1047,.F.);
#146=COLOUR_RGB($,0.176470588235294,0.176470588235294,0.196078431372549);
#147=FILL_AREA_STYLE_COLOUR($,#146);
#148=FILL_AREA_STYLE($,(#147));
#149=SURFACE_STYLE_FILL_AREA(#148);
#150=SURFACE_SIDE_STYLE('',(#149));
#151=SURFACE_STYLE_USAGE(.BOTH.,#150);
#152=PRESENTATION_STYLE_ASSIGNMENT((#151));
#153=STYLED_ITEM('',(#152),#145);
#154=ADVANCED_FACE('',(#1052),#1054,.T.);
#155=COLOUR_RGB($,0.176470588235294,0.176470588235294,0.196078431372549);
#156=FILL_AREA_STYLE_COLOUR($,#155);
#157=FILL_AREA_STYLE($,(#156));
#158=SURFACE_STYLE_FILL_AREA(#157);
#159=SURFACE_SIDE_STYLE('',(#158));
#160=SURFACE_STYLE_USAGE(.BOTH.,#159);
#161=PRESENTATION_STYLE_ASSIGNMENT((#160));
#162=STYLED_ITEM('',(#161),#154);
#163=ADVANCED_FACE('',(#1059,#1061),#1063,.T.);
#164=COLOUR_RGB($,0.176470588235294,0.176470588235294,0.196078431372549);
#165=FILL_AREA_STYLE_COLOUR($,#164);
#166=FILL_AREA_STYLE($,(#165));
#167=SURFACE_STYLE_FILL_AREA(#166);
#168=SURFACE_SIDE_STYLE('',(#167));
#169=SURFACE_STYLE_USAGE(.BOTH.,#168);
#170=PRESENTATION_STYLE_ASSIGNMENT((#169));
#171=STYLED_ITEM('',(#170),#163);
#172=ADVANCED_FACE('',(#1068),#1070,.T.);
#173=COLOUR_RGB($,0.176470588235294,0.176470588235294,0.196078431372549);
#174=FILL_AREA_STYLE_COLOUR($,#173);
#175=FILL_AREA_STYLE($,(#174));
#176=SURFACE_STYLE_FILL_AREA(#175);
#177=SURFACE_SIDE_STYLE('',(#176));
#178=SURFACE_STYLE_USAGE(.BOTH.,#177);
#179=PRESENTATION_STYLE_ASSIGNMENT((#178));
#180=STYLED_ITEM('',(#179),#172);
#181=ADVANCED_FACE('',(#1075),#1077,.T.);
#182=COLOUR_RGB($,0.176470588235294,0.176470588235294,0.196078431372549);
#183=FILL_AREA_STYLE_COLOUR($,#182);
#184=FILL_AREA_STYLE($,(#183));
#185=SURFACE_STYLE_FILL_AREA(#184);
#186=SURFACE_SIDE_STYLE('',(#185));
#187=SURFACE_STYLE_USAGE(.BOTH.,#186);
#188=PRESENTATION_STYLE_ASSIGNMENT((#187));
#189=STYLED_ITEM('',(#188),#181);
#190=ADVANCED_FACE('',(#1082),#1084,.T.);
#191=COLOUR_RGB($,0.176470588235294,0.176470588235294,0.196078431372549);
#192=FILL_AREA_STYLE_COLOUR($,#191);
#193=FILL_AREA_STYLE($,(#192));
#194=SURFACE_STYLE_FILL_AREA(#193);
#195=SURFACE_SIDE_STYLE('',(#194));
#196=SURFACE_STYLE_USAGE(.BOTH.,#195);
#197=PRESENTATION_STYLE_ASSIGNMENT((#196));
#198=STYLED_ITEM('',(#197),#190);
#199=ADVANCED_FACE('',(#1089),#1091,.T.);
#200=COLOUR_RGB($,0.176470588235294,0.176470588235294,0.196078431372549);
#201=FILL_AREA_STYLE_COLOUR($,#200);
#202=FILL_AREA_STYLE($,(#201));
#203=SURFACE_STYLE_FILL_AREA(#202);
#204=SURFACE_SIDE_STYLE('',(#203));
#205=SURFACE_STYLE_USAGE(.BOTH.,#204);
#206=PRESENTATION_STYLE_ASSIGNMENT((#205));
#207=STYLED_ITEM('',(#206),#199);
#208=ADVANCED_FACE('',(#1096),#1098,.F.);
#209=COLOUR_RGB($,0.176470588235294,0.176470588235294,0.196078431372549);
#210=FILL_AREA_STYLE_COLOUR($,#209);
#211=FILL_AREA_STYLE($,(#210));
#212=SURFACE_STYLE_FILL_AREA(#211);
#213=SURFACE_SIDE_STYLE('',(#212));
#214=SURFACE_STYLE_USAGE(.BOTH.,#213);
#215=PRESENTATION_STYLE_ASSIGNMENT((#214));
#216=STYLED_ITEM('',(#215),#208);
#217=ADVANCED_FACE('',(#1103),#1105,.F.);
#218=COLOUR_RGB($,0.176470588235294,0.176470588235294,0.196078431372549);
#219=FILL_AREA_STYLE_COLOUR($,#218);
#220=FILL_AREA_STYLE($,(#219));
#221=SURFACE_STYLE_FILL_AREA(#220);
#222=SURFACE_SIDE_STYLE('',(#221));
#223=SURFACE_STYLE_USAGE(.BOTH.,#222);
#224=PRESENTATION_STYLE_ASSIGNMENT((#223));
#225=STYLED_ITEM('',(#224),#217);
#226=ADVANCED_FACE('',(#1110),#1112,.F.);
#227=COLOUR_RGB($,0.176470588235294,0.176470588235294,0.196078431372549);
#228=FILL_AREA_STYLE_COLOUR($,#227);
#229=FILL_AREA_STYLE($,(#228));
#230=SURFACE_STYLE_FILL_AREA(#229);
#231=SURFACE_SIDE_STYLE('',(#230));
#232=SURFACE_STYLE_USAGE(.BOTH.,#231);
#233=PRESENTATION_STYLE_ASSIGNMENT((#232));
#234=STYLED_ITEM('',(#233),#226);
#235=ADVANCED_FACE('',(#1117),#1119,.T.);
#236=COLOUR_RGB($,0.176470588235294,0.176470588235294,0.196078431372549);
#237=FILL_AREA_STYLE_COLOUR($,#236);
#238=FILL_AREA_STYLE($,(#237));
#239=SURFACE_STYLE_FILL_AREA(#238);
#240=SURFACE_SIDE_STYLE('',(#239));
#241=SURFACE_STYLE_USAGE(.BOTH.,#240);
#242=PRESENTATION_STYLE_ASSIGNMENT((#241));
#243=STYLED_ITEM('',(#242),#235);
#244=ADVANCED_FACE('',(#1124),#1126,.F.);
#245=COLOUR_RGB($,0.176470588235294,0.176470588235294,0.196078431372549);
#246=FILL_AREA_STYLE_COLOUR($,#245);
#247=FILL_AREA_STYLE($,(#246));
#248=SURFACE_STYLE_FILL_AREA(#247);
#249=SURFACE_SIDE_STYLE('',(#248));
#250=SURFACE_STYLE_USAGE(.BOTH.,#249);
#251=PRESENTATION_STYLE_ASSIGNMENT((#250));
#252=STYLED_ITEM('',(#251),#244);
#253=ADVANCED_FACE('',(#1131),#1133,.F.);
#254=COLOUR_RGB($,0.176470588235294,0.176470588235294,0.196078431372549);
#255=FILL_AREA_STYLE_COLOUR($,#254);
#256=FILL_AREA_STYLE($,(#255));
#257=SURFACE_STYLE_FILL_AREA(#256);
#258=SURFACE_SIDE_STYLE('',(#257));
#259=SURFACE_STYLE_USAGE(.BOTH.,#258);
#260=PRESENTATION_STYLE_ASSIGNMENT((#259));
#261=STYLED_ITEM('',(#260),#253);
#262=ADVANCED_FACE('',(#1138),#1140,.F.);
#263=COLOUR_RGB($,0.176470588235294,0.176470588235294,0.196078431372549);
#264=FILL_AREA_STYLE_COLOUR($,#263);
#265=FILL_AREA_STYLE($,(#264));
#266=SURFACE_STYLE_FILL_AREA(#265);
#267=SURFACE_SIDE_STYLE('',(#266));
#268=SURFACE_STYLE_USAGE(.BOTH.,#267);
#269=PRESENTATION_STYLE_ASSIGNMENT((#268));
#270=STYLED_ITEM('',(#269),#262);
#271=ADVANCED_FACE('',(#1145),#1147,.F.);
#272=COLOUR_RGB($,0.176470588235294,0.176470588235294,0.196078431372549);
#273=FILL_AREA_STYLE_COLOUR($,#272);
#274=FILL_AREA_STYLE($,(#273));
#275=SURFACE_STYLE_FILL_AREA(#274);
#276=SURFACE_SIDE_STYLE('',(#275));
#277=SURFACE_STYLE_USAGE(.BOTH.,#276);
#278=PRESENTATION_STYLE_ASSIGNMENT((#277));
#279=STYLED_ITEM('',(#278),#271);
#280=ADVANCED_FACE('',(#1152),#1154,.T.);
#281=COLOUR_RGB($,0.176470588235294,0.176470588235294,0.196078431372549);
#282=FILL_AREA_STYLE_COLOUR($,#281);
#283=FILL_AREA_STYLE($,(#282));
#284=SURFACE_STYLE_FILL_AREA(#283);
#285=SURFACE_SIDE_STYLE('',(#284));
#286=SURFACE_STYLE_USAGE(.BOTH.,#285);
#287=PRESENTATION_STYLE_ASSIGNMENT((#286));
#288=STYLED_ITEM('',(#287),#280);
#289=ADVANCED_FACE('',(#1159),#1161,.T.);
#290=COLOUR_RGB($,0.176470588235294,0.176470588235294,0.196078431372549);
#291=FILL_AREA_STYLE_COLOUR($,#290);
#292=FILL_AREA_STYLE($,(#291));
#293=SURFACE_STYLE_FILL_AREA(#292);
#294=SURFACE_SIDE_STYLE('',(#293));
#295=SURFACE_STYLE_USAGE(.BOTH.,#294);
#296=PRESENTATION_STYLE_ASSIGNMENT((#295));
#297=STYLED_ITEM('',(#296),#289);
#298=ADVANCED_FACE('',(#1166),#1168,.T.);
#299=COLOUR_RGB($,0.176470588235294,0.176470588235294,0.196078431372549);
#300=FILL_AREA_STYLE_COLOUR($,#299);
#301=FILL_AREA_STYLE($,(#300));
#302=SURFACE_STYLE_FILL_AREA(#301);
#303=SURFACE_SIDE_STYLE('',(#302));
#304=SURFACE_STYLE_USAGE(.BOTH.,#303);
#305=PRESENTATION_STYLE_ASSIGNMENT((#304));
#306=STYLED_ITEM('',(#305),#298);
#307=ADVANCED_FACE('',(#1173),#1175,.T.);
#308=COLOUR_RGB($,0.176470588235294,0.176470588235294,0.196078431372549);
#309=FILL_AREA_STYLE_COLOUR($,#308);
#310=FILL_AREA_STYLE($,(#309));
#311=SURFACE_STYLE_FILL_AREA(#310);
#312=SURFACE_SIDE_STYLE('',(#311));
#313=SURFACE_STYLE_USAGE(.BOTH.,#312);
#314=PRESENTATION_STYLE_ASSIGNMENT((#313));
#315=STYLED_ITEM('',(#314),#307);
#316=ADVANCED_FACE('',(#1180),#1182,.T.);
#317=COLOUR_RGB($,0.176470588235294,0.176470588235294,0.196078431372549);
#318=FILL_AREA_STYLE_COLOUR($,#317);
#319=FILL_AREA_STYLE($,(#318));
#320=SURFACE_STYLE_FILL_AREA(#319);
#321=SURFACE_SIDE_STYLE('',(#320));
#322=SURFACE_STYLE_USAGE(.BOTH.,#321);
#323=PRESENTATION_STYLE_ASSIGNMENT((#322));
#324=STYLED_ITEM('',(#323),#316);
#325=ADVANCED_FACE('',(#1187),#1189,.F.);
#326=COLOUR_RGB($,0.176470588235294,0.176470588235294,0.196078431372549);
#327=FILL_AREA_STYLE_COLOUR($,#326);
#328=FILL_AREA_STYLE($,(#327));
#329=SURFACE_STYLE_FILL_AREA(#328);
#330=SURFACE_SIDE_STYLE('',(#329));
#331=SURFACE_STYLE_USAGE(.BOTH.,#330);
#332=PRESENTATION_STYLE_ASSIGNMENT((#331));
#333=STYLED_ITEM('',(#332),#325);
#334=ADVANCED_FACE('',(#1194),#1196,.F.);
#335=COLOUR_RGB($,0.176470588235294,0.176470588235294,0.196078431372549);
#336=FILL_AREA_STYLE_COLOUR($,#335);
#337=FILL_AREA_STYLE($,(#336));
#338=SURFACE_STYLE_FILL_AREA(#337);
#339=SURFACE_SIDE_STYLE('',(#338));
#340=SURFACE_STYLE_USAGE(.BOTH.,#339);
#341=PRESENTATION_STYLE_ASSIGNMENT((#340));
#342=STYLED_ITEM('',(#341),#334);
#343=ADVANCED_FACE('',(#1201),#1203,.T.);
#344=COLOUR_RGB($,0.176470588235294,0.176470588235294,0.196078431372549);
#345=FILL_AREA_STYLE_COLOUR($,#344);
#346=FILL_AREA_STYLE($,(#345));
#347=SURFACE_STYLE_FILL_AREA(#346);
#348=SURFACE_SIDE_STYLE('',(#347));
#349=SURFACE_STYLE_USAGE(.BOTH.,#348);
#350=PRESENTATION_STYLE_ASSIGNMENT((#349));
#351=STYLED_ITEM('',(#350),#343);
#352=ADVANCED_FACE('',(#1208),#1210,.T.);
#353=COLOUR_RGB($,0.176470588235294,0.176470588235294,0.196078431372549);
#354=FILL_AREA_STYLE_COLOUR($,#353);
#355=FILL_AREA_STYLE($,(#354));
#356=SURFACE_STYLE_FILL_AREA(#355);
#357=SURFACE_SIDE_STYLE('',(#356));
#358=SURFACE_STYLE_USAGE(.BOTH.,#357);
#359=PRESENTATION_STYLE_ASSIGNMENT((#358));
#360=STYLED_ITEM('',(#359),#352);
#361=ADVANCED_FACE('',(#1215),#1217,.T.);
#362=COLOUR_RGB($,0.176470588235294,0.176470588235294,0.196078431372549);
#363=FILL_AREA_STYLE_COLOUR($,#362);
#364=FILL_AREA_STYLE($,(#363));
#365=SURFACE_STYLE_FILL_AREA(#364);
#366=SURFACE_SIDE_STYLE('',(#365));
#367=SURFACE_STYLE_USAGE(.BOTH.,#366);
#368=PRESENTATION_STYLE_ASSIGNMENT((#367));
#369=STYLED_ITEM('',(#368),#361);
#370=ADVANCED_FACE('',(#1222),#1224,.T.);
#371=COLOUR_RGB($,0.176470588235294,0.176470588235294,0.196078431372549);
#372=FILL_AREA_STYLE_COLOUR($,#371);
#373=FILL_AREA_STYLE($,(#372));
#374=SURFACE_STYLE_FILL_AREA(#373);
#375=SURFACE_SIDE_STYLE('',(#374));
#376=SURFACE_STYLE_USAGE(.BOTH.,#375);
#377=PRESENTATION_STYLE_ASSIGNMENT((#376));
#378=STYLED_ITEM('',(#377),#370);
#379=ADVANCED_FACE('',(#1229),#1231,.F.);
#380=COLOUR_RGB($,0.176470588235294,0.176470588235294,0.196078431372549);
#381=FILL_AREA_STYLE_COLOUR($,#380);
#382=FILL_AREA_STYLE($,(#381));
#383=SURFACE_STYLE_FILL_AREA(#382);
#384=SURFACE_SIDE_STYLE('',(#383));
#385=SURFACE_STYLE_USAGE(.BOTH.,#384);
#386=PRESENTATION_STYLE_ASSIGNMENT((#385));
#387=STYLED_ITEM('',(#386),#379);
#388=ADVANCED_FACE('',(#1236),#1238,.F.);
#389=COLOUR_RGB($,0.176470588235294,0.176470588235294,0.196078431372549);
#390=FILL_AREA_STYLE_COLOUR($,#389);
#391=FILL_AREA_STYLE($,(#390));
#392=SURFACE_STYLE_FILL_AREA(#391);
#393=SURFACE_SIDE_STYLE('',(#392));
#394=SURFACE_STYLE_USAGE(.BOTH.,#393);
#395=PRESENTATION_STYLE_ASSIGNMENT((#394));
#396=STYLED_ITEM('',(#395),#388);
#397=ADVANCED_FACE('',(#1243),#1245,.T.);
#398=COLOUR_RGB($,0.176470588235294,0.176470588235294,0.196078431372549);
#399=FILL_AREA_STYLE_COLOUR($,#398);
#400=FILL_AREA_STYLE($,(#399));
#401=SURFACE_STYLE_FILL_AREA(#400);
#402=SURFACE_SIDE_STYLE('',(#401));
#403=SURFACE_STYLE_USAGE(.BOTH.,#402);
#404=PRESENTATION_STYLE_ASSIGNMENT((#403));
#405=STYLED_ITEM('',(#404),#397);
#406=ADVANCED_FACE('',(#1250),#1252,.T.);
#407=COLOUR_RGB($,0.176470588235294,0.176470588235294,0.196078431372549);
#408=FILL_AREA_STYLE_COLOUR($,#407);
#409=FILL_AREA_STYLE($,(#408));
#410=SURFACE_STYLE_FILL_AREA(#409);
#411=SURFACE_SIDE_STYLE('',(#410));
#412=SURFACE_STYLE_USAGE(.BOTH.,#411);
#413=PRESENTATION_STYLE_ASSIGNMENT((#412));
#414=STYLED_ITEM('',(#413),#406);
#415=ADVANCED_FACE('',(#1257),#1259,.T.);
#416=COLOUR_RGB($,0.176470588235294,0.176470588235294,0.196078431372549);
#417=FILL_AREA_STYLE_COLOUR($,#416);
#418=FILL_AREA_STYLE($,(#417));
#419=SURFACE_STYLE_FILL_AREA(#418);
#420=SURFACE_SIDE_STYLE('',(#419));
#421=SURFACE_STYLE_USAGE(.BOTH.,#420);
#422=PRESENTATION_STYLE_ASSIGNMENT((#421));
#423=STYLED_ITEM('',(#422),#415);
#424=ADVANCED_FACE('',(#1264),#1266,.F.);
#425=COLOUR_RGB($,0.176470588235294,0.176470588235294,0.196078431372549);
#426=FILL_AREA_STYLE_COLOUR($,#425);
#427=FILL_AREA_STYLE($,(#426));
#428=SURFACE_STYLE_FILL_AREA(#427);
#429=SURFACE_SIDE_STYLE('',(#428));
#430=SURFACE_STYLE_USAGE(.BOTH.,#429);
#431=PRESENTATION_STYLE_ASSIGNMENT((#430));
#432=STYLED_ITEM('',(#431),#424);
#433=ADVANCED_FACE('',(#1271),#1273,.F.);
#434=COLOUR_RGB($,0.176470588235294,0.176470588235294,0.196078431372549);
#435=FILL_AREA_STYLE_COLOUR($,#434);
#436=FILL_AREA_STYLE($,(#435));
#437=SURFACE_STYLE_FILL_AREA(#436);
#438=SURFACE_SIDE_STYLE('',(#437));
#439=SURFACE_STYLE_USAGE(.BOTH.,#438);
#440=PRESENTATION_STYLE_ASSIGNMENT((#439));
#441=STYLED_ITEM('',(#440),#433);
#442=ADVANCED_FACE('',(#1278),#1280,.T.);
#443=COLOUR_RGB($,0.176470588235294,0.176470588235294,0.196078431372549);
#444=FILL_AREA_STYLE_COLOUR($,#443);
#445=FILL_AREA_STYLE($,(#444));
#446=SURFACE_STYLE_FILL_AREA(#445);
#447=SURFACE_SIDE_STYLE('',(#446));
#448=SURFACE_STYLE_USAGE(.BOTH.,#447);
#449=PRESENTATION_STYLE_ASSIGNMENT((#448));
#450=STYLED_ITEM('',(#449),#442);
#451=ADVANCED_FACE('',(#1285),#1287,.T.);
#452=COLOUR_RGB($,0.176470588235294,0.176470588235294,0.196078431372549);
#453=FILL_AREA_STYLE_COLOUR($,#452);
#454=FILL_AREA_STYLE($,(#453));
#455=SURFACE_STYLE_FILL_AREA(#454);
#456=SURFACE_SIDE_STYLE('',(#455));
#457=SURFACE_STYLE_USAGE(.BOTH.,#456);
#458=PRESENTATION_STYLE_ASSIGNMENT((#457));
#459=STYLED_ITEM('',(#458),#451);
#460=ADVANCED_FACE('',(#1292),#1294,.T.);
#461=COLOUR_RGB($,0.176470588235294,0.176470588235294,0.196078431372549);
#462=FILL_AREA_STYLE_COLOUR($,#461);
#463=FILL_AREA_STYLE($,(#462));
#464=SURFACE_STYLE_FILL_AREA(#463);
#465=SURFACE_SIDE_STYLE('',(#464));
#466=SURFACE_STYLE_USAGE(.BOTH.,#465);
#467=PRESENTATION_STYLE_ASSIGNMENT((#466));
#468=STYLED_ITEM('',(#467),#460);
#469=ADVANCED_FACE('',(#1299),#1301,.T.);
#470=COLOUR_RGB($,0.176470588235294,0.176470588235294,0.196078431372549);
#471=FILL_AREA_STYLE_COLOUR($,#470);
#472=FILL_AREA_STYLE($,(#471));
#473=SURFACE_STYLE_FILL_AREA(#472);
#474=SURFACE_SIDE_STYLE('',(#473));
#475=SURFACE_STYLE_USAGE(.BOTH.,#474);
#476=PRESENTATION_STYLE_ASSIGNMENT((#475));
#477=STYLED_ITEM('',(#476),#469);
#478=ADVANCED_FACE('',(#1306),#1308,.F.);
#479=COLOUR_RGB($,0.176470588235294,0.176470588235294,0.196078431372549);
#480=FILL_AREA_STYLE_COLOUR($,#479);
#481=FILL_AREA_STYLE($,(#480));
#482=SURFACE_STYLE_FILL_AREA(#481);
#483=SURFACE_SIDE_STYLE('',(#482));
#484=SURFACE_STYLE_USAGE(.BOTH.,#483);
#485=PRESENTATION_STYLE_ASSIGNMENT((#484));
#486=STYLED_ITEM('',(#485),#478);
#487=ADVANCED_FACE('',(#1313),#1315,.T.);
#488=COLOUR_RGB($,0.176470588235294,0.176470588235294,0.196078431372549);
#489=FILL_AREA_STYLE_COLOUR($,#488);
#490=FILL_AREA_STYLE($,(#489));
#491=SURFACE_STYLE_FILL_AREA(#490);
#492=SURFACE_SIDE_STYLE('',(#491));
#493=SURFACE_STYLE_USAGE(.BOTH.,#492);
#494=PRESENTATION_STYLE_ASSIGNMENT((#493));
#495=STYLED_ITEM('',(#494),#487);
#496=ADVANCED_FACE('',(#1320),#1322,.T.);
#497=COLOUR_RGB($,0.176470588235294,0.176470588235294,0.196078431372549);
#498=FILL_AREA_STYLE_COLOUR($,#497);
#499=FILL_AREA_STYLE($,(#498));
#500=SURFACE_STYLE_FILL_AREA(#499);
#501=SURFACE_SIDE_STYLE('',(#500));
#502=SURFACE_STYLE_USAGE(.BOTH.,#501);
#503=PRESENTATION_STYLE_ASSIGNMENT((#502));
#504=STYLED_ITEM('',(#503),#496);
#505=ADVANCED_FACE('',(#1327),#1329,.F.);
#506=COLOUR_RGB($,0.176470588235294,0.176470588235294,0.196078431372549);
#507=FILL_AREA_STYLE_COLOUR($,#506);
#508=FILL_AREA_STYLE($,(#507));
#509=SURFACE_STYLE_FILL_AREA(#508);
#510=SURFACE_SIDE_STYLE('',(#509));
#511=SURFACE_STYLE_USAGE(.BOTH.,#510);
#512=PRESENTATION_STYLE_ASSIGNMENT((#511));
#513=STYLED_ITEM('',(#512),#505);
#514=ADVANCED_FACE('',(#1334),#1336,.F.);
#515=COLOUR_RGB($,0.176470588235294,0.176470588235294,0.196078431372549);
#516=FILL_AREA_STYLE_COLOUR($,#515);
#517=FILL_AREA_STYLE($,(#516));
#518=SURFACE_STYLE_FILL_AREA(#517);
#519=SURFACE_SIDE_STYLE('',(#518));
#520=SURFACE_STYLE_USAGE(.BOTH.,#519);
#521=PRESENTATION_STYLE_ASSIGNMENT((#520));
#522=STYLED_ITEM('',(#521),#514);
#523=ADVANCED_FACE('',(#1341),#1343,.F.);
#524=COLOUR_RGB($,0.176470588235294,0.176470588235294,0.196078431372549);
#525=FILL_AREA_STYLE_COLOUR($,#524);
#526=FILL_AREA_STYLE($,(#525));
#527=SURFACE_STYLE_FILL_AREA(#526);
#528=SURFACE_SIDE_STYLE('',(#527));
#529=SURFACE_STYLE_USAGE(.BOTH.,#528);
#530=PRESENTATION_STYLE_ASSIGNMENT((#529));
#531=STYLED_ITEM('',(#530),#523);
#532=ADVANCED_FACE('',(#1348),#1350,.F.);
#533=COLOUR_RGB($,0.176470588235294,0.176470588235294,0.196078431372549);
#534=FILL_AREA_STYLE_COLOUR($,#533);
#535=FILL_AREA_STYLE($,(#534));
#536=SURFACE_STYLE_FILL_AREA(#535);
#537=SURFACE_SIDE_STYLE('',(#536));
#538=SURFACE_STYLE_USAGE(.BOTH.,#537);
#539=PRESENTATION_STYLE_ASSIGNMENT((#538));
#540=STYLED_ITEM('',(#539),#532);
#541=ADVANCED_FACE('',(#1355),#1357,.F.);
#542=COLOUR_RGB($,0.176470588235294,0.176470588235294,0.196078431372549);
#543=FILL_AREA_STYLE_COLOUR($,#542);
#544=FILL_AREA_STYLE($,(#543));
#545=SURFACE_STYLE_FILL_AREA(#544);
#546=SURFACE_SIDE_STYLE('',(#545));
#547=SURFACE_STYLE_USAGE(.BOTH.,#546);
#548=PRESENTATION_STYLE_ASSIGNMENT((#547));
#549=STYLED_ITEM('',(#548),#541);
#550=ADVANCED_FACE('',(#1362),#1364,.F.);
#551=COLOUR_RGB($,0.176470588235294,0.176470588235294,0.196078431372549);
#552=FILL_AREA_STYLE_COLOUR($,#551);
#553=FILL_AREA_STYLE($,(#552));
#554=SURFACE_STYLE_FILL_AREA(#553);
#555=SURFACE_SIDE_STYLE('',(#554));
#556=SURFACE_STYLE_USAGE(.BOTH.,#555);
#557=PRESENTATION_STYLE_ASSIGNMENT((#556));
#558=STYLED_ITEM('',(#557),#550);
#559=ADVANCED_FACE('',(#1369),#1371,.F.);
#560=COLOUR_RGB($,0.176470588235294,0.176470588235294,0.196078431372549);
#561=FILL_AREA_STYLE_COLOUR($,#560);
#562=FILL_AREA_STYLE($,(#561));
#563=SURFACE_STYLE_FILL_AREA(#562);
#564=SURFACE_SIDE_STYLE('',(#563));
#565=SURFACE_STYLE_USAGE(.BOTH.,#564);
#566=PRESENTATION_STYLE_ASSIGNMENT((#565));
#567=STYLED_ITEM('',(#566),#559);
#568=ADVANCED_FACE('',(#1376),#1378,.F.);
#569=COLOUR_RGB($,0.176470588235294,0.176470588235294,0.196078431372549);
#570=FILL_AREA_STYLE_COLOUR($,#569);
#571=FILL_AREA_STYLE($,(#570));
#572=SURFACE_STYLE_FILL_AREA(#571);
#573=SURFACE_SIDE_STYLE('',(#572));
#574=SURFACE_STYLE_USAGE(.BOTH.,#573);
#575=PRESENTATION_STYLE_ASSIGNMENT((#574));
#576=STYLED_ITEM('',(#575),#568);
#577=ADVANCED_FACE('',(#1383),#1385,.T.);
#578=COLOUR_RGB($,0.176470588235294,0.176470588235294,0.196078431372549);
#579=FILL_AREA_STYLE_COLOUR($,#578);
#580=FILL_AREA_STYLE($,(#579));
#581=SURFACE_STYLE_FILL_AREA(#580);
#582=SURFACE_SIDE_STYLE('',(#581));
#583=SURFACE_STYLE_USAGE(.BOTH.,#582);
#584=PRESENTATION_STYLE_ASSIGNMENT((#583));
#585=STYLED_ITEM('',(#584),#577);
#586=ADVANCED_FACE('',(#1390),#1392,.T.);
#587=COLOUR_RGB($,0.827450980392157,0.831372549019608,0.835294117647059);
#588=FILL_AREA_STYLE_COLOUR($,#587);
#589=FILL_AREA_STYLE($,(#588));
#590=SURFACE_STYLE_FILL_AREA(#589);
#591=SURFACE_SIDE_STYLE('',(#590));
#592=SURFACE_STYLE_USAGE(.BOTH.,#591);
#593=PRESENTATION_STYLE_ASSIGNMENT((#592));
#594=STYLED_ITEM('',(#593),#586);
#595=ADVANCED_FACE('',(#1397),#1399,.F.);
#596=COLOUR_RGB($,0.827450980392157,0.831372549019608,0.835294117647059);
#597=FILL_AREA_STYLE_COLOUR($,#596);
#598=FILL_AREA_STYLE($,(#597));
#599=SURFACE_STYLE_FILL_AREA(#598);
#600=SURFACE_SIDE_STYLE('',(#599));
#601=SURFACE_STYLE_USAGE(.BOTH.,#600);
#602=PRESENTATION_STYLE_ASSIGNMENT((#601));
#603=STYLED_ITEM('',(#602),#595);
#604=ADVANCED_FACE('',(#1404),#1406,.T.);
#605=COLOUR_RGB($,0.827450980392157,0.831372549019608,0.835294117647059);
#606=FILL_AREA_STYLE_COLOUR($,#605);
#607=FILL_AREA_STYLE($,(#606));
#608=SURFACE_STYLE_FILL_AREA(#607);
#609=SURFACE_SIDE_STYLE('',(#608));
#610=SURFACE_STYLE_USAGE(.BOTH.,#609);
#611=PRESENTATION_STYLE_ASSIGNMENT((#610));
#612=STYLED_ITEM('',(#611),#604);
#613=ADVANCED_FACE('',(#1411),#1413,.F.);
#614=COLOUR_RGB($,0.827450980392157,0.831372549019608,0.835294117647059);
#615=FILL_AREA_STYLE_COLOUR($,#614);
#616=FILL_AREA_STYLE($,(#615));
#617=SURFACE_STYLE_FILL_AREA(#616);
#618=SURFACE_SIDE_STYLE('',(#617));
#619=SURFACE_STYLE_USAGE(.BOTH.,#618);
#620=PRESENTATION_STYLE_ASSIGNMENT((#619));
#621=STYLED_ITEM('',(#620),#613);
#622=ADVANCED_FACE('',(#1418),#1420,.T.);
#623=COLOUR_RGB($,0.827450980392157,0.831372549019608,0.835294117647059);
#624=FILL_AREA_STYLE_COLOUR($,#623);
#625=FILL_AREA_STYLE($,(#624));
#626=SURFACE_STYLE_FILL_AREA(#625);
#627=SURFACE_SIDE_STYLE('',(#626));
#628=SURFACE_STYLE_USAGE(.BOTH.,#627);
#629=PRESENTATION_STYLE_ASSIGNMENT((#628));
#630=STYLED_ITEM('',(#629),#622);
#631=ADVANCED_FACE('',(#1425),#1427,.T.);
#632=COLOUR_RGB($,0.827450980392157,0.831372549019608,0.835294117647059);
#633=FILL_AREA_STYLE_COLOUR($,#632);
#634=FILL_AREA_STYLE($,(#633));
#635=SURFACE_STYLE_FILL_AREA(#634);
#636=SURFACE_SIDE_STYLE('',(#635));
#637=SURFACE_STYLE_USAGE(.BOTH.,#636);
#638=PRESENTATION_STYLE_ASSIGNMENT((#637));
#639=STYLED_ITEM('',(#638),#631);
#640=ADVANCED_FACE('',(#1432),#1434,.T.);
#641=COLOUR_RGB($,0.827450980392157,0.831372549019608,0.835294117647059);
#642=FILL_AREA_STYLE_COLOUR($,#641);
#643=FILL_AREA_STYLE($,(#642));
#644=SURFACE_STYLE_FILL_AREA(#643);
#645=SURFACE_SIDE_STYLE('',(#644));
#646=SURFACE_STYLE_USAGE(.BOTH.,#645);
#647=PRESENTATION_STYLE_ASSIGNMENT((#646));
#648=STYLED_ITEM('',(#647),#640);
#649=ADVANCED_FACE('',(#1439),#1441,.T.);
#650=COLOUR_RGB($,0.827450980392157,0.831372549019608,0.835294117647059);
#651=FILL_AREA_STYLE_COLOUR($,#650);
#652=FILL_AREA_STYLE($,(#651));
#653=SURFACE_STYLE_FILL_AREA(#652);
#654=SURFACE_SIDE_STYLE('',(#653));
#655=SURFACE_STYLE_USAGE(.BOTH.,#654);
#656=PRESENTATION_STYLE_ASSIGNMENT((#655));
#657=STYLED_ITEM('',(#656),#649);
#658=ADVANCED_FACE('',(#1446),#1448,.T.);
#659=COLOUR_RGB($,0.827450980392157,0.831372549019608,0.835294117647059);
#660=FILL_AREA_STYLE_COLOUR($,#659);
#661=FILL_AREA_STYLE($,(#660));
#662=SURFACE_STYLE_FILL_AREA(#661);
#663=SURFACE_SIDE_STYLE('',(#662));
#664=SURFACE_STYLE_USAGE(.BOTH.,#663);
#665=PRESENTATION_STYLE_ASSIGNMENT((#664));
#666=STYLED_ITEM('',(#665),#658);
#667=ADVANCED_FACE('',(#1453),#1455,.T.);
#668=COLOUR_RGB($,0.827450980392157,0.831372549019608,0.835294117647059);
#669=FILL_AREA_STYLE_COLOUR($,#668);
#670=FILL_AREA_STYLE($,(#669));
#671=SURFACE_STYLE_FILL_AREA(#670);
#672=SURFACE_SIDE_STYLE('',(#671));
#673=SURFACE_STYLE_USAGE(.BOTH.,#672);
#674=PRESENTATION_STYLE_ASSIGNMENT((#673));
#675=STYLED_ITEM('',(#674),#667);
#676=ADVANCED_FACE('',(#1460),#1462,.T.);
#677=COLOUR_RGB($,0.827450980392157,0.831372549019608,0.835294117647059);
#678=FILL_AREA_STYLE_COLOUR($,#677);
#679=FILL_AREA_STYLE($,(#678));
#680=SURFACE_STYLE_FILL_AREA(#679);
#681=SURFACE_SIDE_STYLE('',(#680));
#682=SURFACE_STYLE_USAGE(.BOTH.,#681);
#683=PRESENTATION_STYLE_ASSIGNMENT((#682));
#684=STYLED_ITEM('',(#683),#676);
#685=ADVANCED_FACE('',(#1467),#1469,.F.);
#686=COLOUR_RGB($,0.827450980392157,0.831372549019608,0.835294117647059);
#687=FILL_AREA_STYLE_COLOUR($,#686);
#688=FILL_AREA_STYLE($,(#687));
#689=SURFACE_STYLE_FILL_AREA(#688);
#690=SURFACE_SIDE_STYLE('',(#689));
#691=SURFACE_STYLE_USAGE(.BOTH.,#690);
#692=PRESENTATION_STYLE_ASSIGNMENT((#691));
#693=STYLED_ITEM('',(#692),#685);
#694=ADVANCED_FACE('',(#1474),#1476,.T.);
#695=COLOUR_RGB($,0.827450980392157,0.831372549019608,0.835294117647059);
#696=FILL_AREA_STYLE_COLOUR($,#695);
#697=FILL_AREA_STYLE($,(#696));
#698=SURFACE_STYLE_FILL_AREA(#697);
#699=SURFACE_SIDE_STYLE('',(#698));
#700=SURFACE_STYLE_USAGE(.BOTH.,#699);
#701=PRESENTATION_STYLE_ASSIGNMENT((#700));
#702=STYLED_ITEM('',(#701),#694);
#703=ADVANCED_FACE('',(#1481),#1483,.F.);
#704=COLOUR_RGB($,0.827450980392157,0.831372549019608,0.835294117647059);
#705=FILL_AREA_STYLE_COLOUR($,#704);
#706=FILL_AREA_STYLE($,(#705));
#707=SURFACE_STYLE_FILL_AREA(#706);
#708=SURFACE_SIDE_STYLE('',(#707));
#709=SURFACE_STYLE_USAGE(.BOTH.,#708);
#710=PRESENTATION_STYLE_ASSIGNMENT((#709));
#711=STYLED_ITEM('',(#710),#703);
#712=ADVANCED_FACE('',(#1488),#1490,.T.);
#713=COLOUR_RGB($,0.827450980392157,0.831372549019608,0.835294117647059);
#714=FILL_AREA_STYLE_COLOUR($,#713);
#715=FILL_AREA_STYLE($,(#714));
#716=SURFACE_STYLE_FILL_AREA(#715);
#717=SURFACE_SIDE_STYLE('',(#716));
#718=SURFACE_STYLE_USAGE(.BOTH.,#717);
#719=PRESENTATION_STYLE_ASSIGNMENT((#718));
#720=STYLED_ITEM('',(#719),#712);
#721=ADVANCED_FACE('',(#1495),#1497,.F.);
#722=COLOUR_RGB($,0.827450980392157,0.831372549019608,0.835294117647059);
#723=FILL_AREA_STYLE_COLOUR($,#722);
#724=FILL_AREA_STYLE($,(#723));
#725=SURFACE_STYLE_FILL_AREA(#724);
#726=SURFACE_SIDE_STYLE('',(#725));
#727=SURFACE_STYLE_USAGE(.BOTH.,#726);
#728=PRESENTATION_STYLE_ASSIGNMENT((#727));
#729=STYLED_ITEM('',(#728),#721);
#730=ADVANCED_FACE('',(#1502),#1504,.T.);
#731=COLOUR_RGB($,0.827450980392157,0.831372549019608,0.835294117647059);
#732=FILL_AREA_STYLE_COLOUR($,#731);
#733=FILL_AREA_STYLE($,(#732));
#734=SURFACE_STYLE_FILL_AREA(#733);
#735=SURFACE_SIDE_STYLE('',(#734));
#736=SURFACE_STYLE_USAGE(.BOTH.,#735);
#737=PRESENTATION_STYLE_ASSIGNMENT((#736));
#738=STYLED_ITEM('',(#737),#730);
#739=ADVANCED_FACE('',(#1509),#1511,.T.);
#740=COLOUR_RGB($,0.827450980392157,0.831372549019608,0.835294117647059);
#741=FILL_AREA_STYLE_COLOUR($,#740);
#742=FILL_AREA_STYLE($,(#741));
#743=SURFACE_STYLE_FILL_AREA(#742);
#744=SURFACE_SIDE_STYLE('',(#743));
#745=SURFACE_STYLE_USAGE(.BOTH.,#744);
#746=PRESENTATION_STYLE_ASSIGNMENT((#745));
#747=STYLED_ITEM('',(#746),#739);
#748=ADVANCED_FACE('',(#1516),#1518,.T.);
#749=COLOUR_RGB($,0.827450980392157,0.831372549019608,0.835294117647059);
#750=FILL_AREA_STYLE_COLOUR($,#749);
#751=FILL_AREA_STYLE($,(#750));
#752=SURFACE_STYLE_FILL_AREA(#751);
#753=SURFACE_SIDE_STYLE('',(#752));
#754=SURFACE_STYLE_USAGE(.BOTH.,#753);
#755=PRESENTATION_STYLE_ASSIGNMENT((#754));
#756=STYLED_ITEM('',(#755),#748);
#757=ADVANCED_FACE('',(#1523),#1525,.T.);
#758=COLOUR_RGB($,0.827450980392157,0.831372549019608,0.835294117647059);
#759=FILL_AREA_STYLE_COLOUR($,#758);
#760=FILL_AREA_STYLE($,(#759));
#761=SURFACE_STYLE_FILL_AREA(#760);
#762=SURFACE_SIDE_STYLE('',(#761));
#763=SURFACE_STYLE_USAGE(.BOTH.,#762);
#764=PRESENTATION_STYLE_ASSIGNMENT((#763));
#765=STYLED_ITEM('',(#764),#757);
#766=ADVANCED_FACE('',(#1530),#1532,.T.);
#767=COLOUR_RGB($,0.827450980392157,0.831372549019608,0.835294117647059);
#768=FILL_AREA_STYLE_COLOUR($,#767);
#769=FILL_AREA_STYLE($,(#768));
#770=SURFACE_STYLE_FILL_AREA(#769);
#771=SURFACE_SIDE_STYLE('',(#770));
#772=SURFACE_STYLE_USAGE(.BOTH.,#771);
#773=PRESENTATION_STYLE_ASSIGNMENT((#772));
#774=STYLED_ITEM('',(#773),#766);
#775=ADVANCED_FACE('',(#1537),#1539,.T.);
#776=COLOUR_RGB($,0.827450980392157,0.831372549019608,0.835294117647059);
#777=FILL_AREA_STYLE_COLOUR($,#776);
#778=FILL_AREA_STYLE($,(#777));
#779=SURFACE_STYLE_FILL_AREA(#778);
#780=SURFACE_SIDE_STYLE('',(#779));
#781=SURFACE_STYLE_USAGE(.BOTH.,#780);
#782=PRESENTATION_STYLE_ASSIGNMENT((#781));
#783=STYLED_ITEM('',(#782),#775);
#784=ADVANCED_FACE('',(#1544),#1546,.T.);
#785=COLOUR_RGB($,0.827450980392157,0.831372549019608,0.835294117647059);
#786=FILL_AREA_STYLE_COLOUR($,#785);
#787=FILL_AREA_STYLE($,(#786));
#788=SURFACE_STYLE_FILL_AREA(#787);
#789=SURFACE_SIDE_STYLE('',(#788));
#790=SURFACE_STYLE_USAGE(.BOTH.,#789);
#791=PRESENTATION_STYLE_ASSIGNMENT((#790));
#792=STYLED_ITEM('',(#791),#784);
#793=ADVANCED_FACE('',(#1551),#1553,.F.);
#794=COLOUR_RGB($,0.827450980392157,0.831372549019608,0.835294117647059);
#795=FILL_AREA_STYLE_COLOUR($,#794);
#796=FILL_AREA_STYLE($,(#795));
#797=SURFACE_STYLE_FILL_AREA(#796);
#798=SURFACE_SIDE_STYLE('',(#797));
#799=SURFACE_STYLE_USAGE(.BOTH.,#798);
#800=PRESENTATION_STYLE_ASSIGNMENT((#799));
#801=STYLED_ITEM('',(#800),#793);
#802=ADVANCED_FACE('',(#1558),#1560,.F.);
#803=COLOUR_RGB($,0.176470588235294,0.176470588235294,0.196078431372549);
#804=FILL_AREA_STYLE_COLOUR($,#803);
#805=FILL_AREA_STYLE($,(#804));
#806=SURFACE_STYLE_FILL_AREA(#805);
#807=SURFACE_SIDE_STYLE('',(#806));
#808=SURFACE_STYLE_USAGE(.BOTH.,#807);
#809=PRESENTATION_STYLE_ASSIGNMENT((#808));
#810=STYLED_ITEM('',(#809),#802);
#811=ADVANCED_FACE('',(#1565,#1567),#1569,.T.);
#812=COLOUR_RGB($,0.176470588235294,0.176470588235294,0.196078431372549);
#813=FILL_AREA_STYLE_COLOUR($,#812);
#814=FILL_AREA_STYLE($,(#813));
#815=SURFACE_STYLE_FILL_AREA(#814);
#816=SURFACE_SIDE_STYLE('',(#815));
#817=SURFACE_STYLE_USAGE(.BOTH.,#816);
#818=PRESENTATION_STYLE_ASSIGNMENT((#817));
#819=STYLED_ITEM('',(#818),#811);
#820=ADVANCED_FACE('',(#1574,#1576),#1578,.T.);
#821=COLOUR_RGB($,0.176470588235294,0.176470588235294,0.196078431372549);
#822=FILL_AREA_STYLE_COLOUR($,#821);
#823=FILL_AREA_STYLE($,(#822));
#824=SURFACE_STYLE_FILL_AREA(#823);
#825=SURFACE_SIDE_STYLE('',(#824));
#826=SURFACE_STYLE_USAGE(.BOTH.,#825);
#827=PRESENTATION_STYLE_ASSIGNMENT((#826));
#828=STYLED_ITEM('',(#827),#820);
#829=ADVANCED_FACE('',(#1583),#1585,.T.);
#830=COLOUR_RGB($,0.176470588235294,0.176470588235294,0.196078431372549);
#831=FILL_AREA_STYLE_COLOUR($,#830);
#832=FILL_AREA_STYLE($,(#831));
#833=SURFACE_STYLE_FILL_AREA(#832);
#834=SURFACE_SIDE_STYLE('',(#833));
#835=SURFACE_STYLE_USAGE(.BOTH.,#834);
#836=PRESENTATION_STYLE_ASSIGNMENT((#835));
#837=STYLED_ITEM('',(#836),#829);
#838=ADVANCED_FACE('',(#1590),#1592,.T.);
#839=COLOUR_RGB($,0.176470588235294,0.176470588235294,0.196078431372549);
#840=FILL_AREA_STYLE_COLOUR($,#839);
#841=FILL_AREA_STYLE($,(#840));
#842=SURFACE_STYLE_FILL_AREA(#841);
#843=SURFACE_SIDE_STYLE('',(#842));
#844=SURFACE_STYLE_USAGE(.BOTH.,#843);
#845=PRESENTATION_STYLE_ASSIGNMENT((#844));
#846=STYLED_ITEM('',(#845),#838);
#847=ADVANCED_FACE('',(#1597),#1599,.T.);
#848=COLOUR_RGB($,0.176470588235294,0.176470588235294,0.196078431372549);
#849=FILL_AREA_STYLE_COLOUR($,#848);
#850=FILL_AREA_STYLE($,(#849));
#851=SURFACE_STYLE_FILL_AREA(#850);
#852=SURFACE_SIDE_STYLE('',(#851));
#853=SURFACE_STYLE_USAGE(.BOTH.,#852);
#854=PRESENTATION_STYLE_ASSIGNMENT((#853));
#855=STYLED_ITEM('',(#854),#847);
#856=ADVANCED_FACE('',(#1604),#1606,.T.);
#857=COLOUR_RGB($,0.176470588235294,0.176470588235294,0.196078431372549);
#858=FILL_AREA_STYLE_COLOUR($,#857);
#859=FILL_AREA_STYLE($,(#858));
#860=SURFACE_STYLE_FILL_AREA(#859);
#861=SURFACE_SIDE_STYLE('',(#860));
#862=SURFACE_STYLE_USAGE(.BOTH.,#861);
#863=PRESENTATION_STYLE_ASSIGNMENT((#862));
#864=STYLED_ITEM('',(#863),#856);
#865=ADVANCED_FACE('',(#1611),#1613,.T.);
#866=COLOUR_RGB($,0.176470588235294,0.176470588235294,0.196078431372549);
#867=FILL_AREA_STYLE_COLOUR($,#866);
#868=FILL_AREA_STYLE($,(#867));
#869=SURFACE_STYLE_FILL_AREA(#868);
#870=SURFACE_SIDE_STYLE('',(#869));
#871=SURFACE_STYLE_USAGE(.BOTH.,#870);
#872=PRESENTATION_STYLE_ASSIGNMENT((#871));
#873=STYLED_ITEM('',(#872),#865);
#874=ADVANCED_FACE('',(#1618),#1620,.T.);
#875=COLOUR_RGB($,0.176470588235294,0.176470588235294,0.196078431372549);
#876=FILL_AREA_STYLE_COLOUR($,#875);
#877=FILL_AREA_STYLE($,(#876));
#878=SURFACE_STYLE_FILL_AREA(#877);
#879=SURFACE_SIDE_STYLE('',(#878));
#880=SURFACE_STYLE_USAGE(.BOTH.,#879);
#881=PRESENTATION_STYLE_ASSIGNMENT((#880));
#882=STYLED_ITEM('',(#881),#874);
#883=ADVANCED_FACE('',(#1625),#1627,.T.);
#884=COLOUR_RGB($,0.176470588235294,0.176470588235294,0.196078431372549);
#885=FILL_AREA_STYLE_COLOUR($,#884);
#886=FILL_AREA_STYLE($,(#885));
#887=SURFACE_STYLE_FILL_AREA(#886);
#888=SURFACE_SIDE_STYLE('',(#887));
#889=SURFACE_STYLE_USAGE(.BOTH.,#888);
#890=PRESENTATION_STYLE_ASSIGNMENT((#889));
#891=STYLED_ITEM('',(#890),#883);
#892=ADVANCED_FACE('',(#1632),#1634,.T.);
#893=COLOUR_RGB($,0.176470588235294,0.176470588235294,0.196078431372549);
#894=FILL_AREA_STYLE_COLOUR($,#893);
#895=FILL_AREA_STYLE($,(#894));
#896=SURFACE_STYLE_FILL_AREA(#895);
#897=SURFACE_SIDE_STYLE('',(#896));
#898=SURFACE_STYLE_USAGE(.BOTH.,#897);
#899=PRESENTATION_STYLE_ASSIGNMENT((#898));
#900=STYLED_ITEM('',(#899),#892);
#901=ADVANCED_FACE('',(#1639),#1641,.T.);
#902=COLOUR_RGB($,0.176470588235294,0.176470588235294,0.196078431372549);
#903=FILL_AREA_STYLE_COLOUR($,#902);
#904=FILL_AREA_STYLE($,(#903));
#905=SURFACE_STYLE_FILL_AREA(#904);
#906=SURFACE_SIDE_STYLE('',(#905));
#907=SURFACE_STYLE_USAGE(.BOTH.,#906);
#908=PRESENTATION_STYLE_ASSIGNMENT((#907));
#909=STYLED_ITEM('',(#908),#901);
#910=ADVANCED_FACE('',(#1646),#1648,.T.);
#911=COLOUR_RGB($,0.176470588235294,0.176470588235294,0.196078431372549);
#912=FILL_AREA_STYLE_COLOUR($,#911);
#913=FILL_AREA_STYLE($,(#912));
#914=SURFACE_STYLE_FILL_AREA(#913);
#915=SURFACE_SIDE_STYLE('',(#914));
#916=SURFACE_STYLE_USAGE(.BOTH.,#915);
#917=PRESENTATION_STYLE_ASSIGNMENT((#916));
#918=STYLED_ITEM('',(#917),#910);
#919=ADVANCED_FACE('',(#1653),#1655,.T.);
#920=COLOUR_RGB($,0.176470588235294,0.176470588235294,0.196078431372549);
#921=FILL_AREA_STYLE_COLOUR($,#920);
#922=FILL_AREA_STYLE($,(#921));
#923=SURFACE_STYLE_FILL_AREA(#922);
#924=SURFACE_SIDE_STYLE('',(#923));
#925=SURFACE_STYLE_USAGE(.BOTH.,#924);
#926=PRESENTATION_STYLE_ASSIGNMENT((#925));
#927=STYLED_ITEM('',(#926),#919);
#928=ADVANCED_FACE('',(#1660),#1662,.T.);
#929=COLOUR_RGB($,0.176470588235294,0.176470588235294,0.196078431372549);
#930=FILL_AREA_STYLE_COLOUR($,#929);
#931=FILL_AREA_STYLE($,(#930));
#932=SURFACE_STYLE_FILL_AREA(#931);
#933=SURFACE_SIDE_STYLE('',(#932));
#934=SURFACE_STYLE_USAGE(.BOTH.,#933);
#935=PRESENTATION_STYLE_ASSIGNMENT((#934));
#936=STYLED_ITEM('',(#935),#928);
#937=ADVANCED_FACE('',(#1667),#1669,.T.);
#938=COLOUR_RGB($,0.176470588235294,0.176470588235294,0.196078431372549);
#939=FILL_AREA_STYLE_COLOUR($,#938);
#940=FILL_AREA_STYLE($,(#939));
#941=SURFACE_STYLE_FILL_AREA(#940);
#942=SURFACE_SIDE_STYLE('',(#941));
#943=SURFACE_STYLE_USAGE(.BOTH.,#942);
#944=PRESENTATION_STYLE_ASSIGNMENT((#943));
#945=STYLED_ITEM('',(#944),#937);
#946=ADVANCED_FACE('',(#1674),#1676,.T.);
#947=COLOUR_RGB($,0.176470588235294,0.176470588235294,0.196078431372549);
#948=FILL_AREA_STYLE_COLOUR($,#947);
#949=FILL_AREA_STYLE($,(#948));
#950=SURFACE_STYLE_FILL_AREA(#949);
#951=SURFACE_SIDE_STYLE('',(#950));
#952=SURFACE_STYLE_USAGE(.BOTH.,#951);
#953=PRESENTATION_STYLE_ASSIGNMENT((#952));
#954=STYLED_ITEM('',(#953),#946);
#955=ADVANCED_FACE('',(#1681),#1683,.T.);
#956=COLOUR_RGB($,0.176470588235294,0.176470588235294,0.196078431372549);
#957=FILL_AREA_STYLE_COLOUR($,#956);
#958=FILL_AREA_STYLE($,(#957));
#959=SURFACE_STYLE_FILL_AREA(#958);
#960=SURFACE_SIDE_STYLE('',(#959));
#961=SURFACE_STYLE_USAGE(.BOTH.,#960);
#962=PRESENTATION_STYLE_ASSIGNMENT((#961));
#963=STYLED_ITEM('',(#962),#955);
#964=ADVANCED_FACE('',(#1688),#1690,.T.);
#965=COLOUR_RGB($,0.176470588235294,0.176470588235294,0.196078431372549);
#966=FILL_AREA_STYLE_COLOUR($,#965);
#967=FILL_AREA_STYLE($,(#966));
#968=SURFACE_STYLE_FILL_AREA(#967);
#969=SURFACE_SIDE_STYLE('',(#968));
#970=SURFACE_STYLE_USAGE(.BOTH.,#969);
#971=PRESENTATION_STYLE_ASSIGNMENT((#970));
#972=STYLED_ITEM('',(#971),#964);
#973=ADVANCED_FACE('',(#1695),#1697,.T.);
#974=COLOUR_RGB($,0.176470588235294,0.176470588235294,0.196078431372549);
#975=FILL_AREA_STYLE_COLOUR($,#974);
#976=FILL_AREA_STYLE($,(#975));
#977=SURFACE_STYLE_FILL_AREA(#976);
#978=SURFACE_SIDE_STYLE('',(#977));
#979=SURFACE_STYLE_USAGE(.BOTH.,#978);
#980=PRESENTATION_STYLE_ASSIGNMENT((#979));
#981=STYLED_ITEM('',(#980),#973);
#982=ADVANCED_FACE('',(#1702,#1704),#1706,.T.);
#983=COLOUR_RGB($,0.176470588235294,0.176470588235294,0.196078431372549);
#984=FILL_AREA_STYLE_COLOUR($,#983);
#985=FILL_AREA_STYLE($,(#984));
#986=SURFACE_STYLE_FILL_AREA(#985);
#987=SURFACE_SIDE_STYLE('',(#986));
#988=SURFACE_STYLE_USAGE(.BOTH.,#987);
#989=PRESENTATION_STYLE_ASSIGNMENT((#988));
#990=STYLED_ITEM('',(#989),#982);
#991=COMPOSITE_CURVE('',(#1711,#1712,#1713,#1714),.F.);
#992=COLOUR_RGB($,0.392156862745098,0.588235294117647,1.);
#993=PRESENTATION_STYLE_ASSIGNMENT((#994));
#994=CURVE_STYLE($,#995,POSITIVE_LENGTH_MEASURE(0.1),#992);
#995=PRE_DEFINED_CURVE_FONT('continuous');
#996=STYLED_ITEM('',(#993),#991);
#997=COMPOSITE_CURVE('',(#1715,#1716,#1717,#1718),.F.);
#998=COLOUR_RGB($,0.392156862745098,0.588235294117647,1.);
#999=PRESENTATION_STYLE_ASSIGNMENT((#1000));
#1000=CURVE_STYLE($,#1001,POSITIVE_LENGTH_MEASURE(0.1),#998);
#1001=PRE_DEFINED_CURVE_FONT('continuous');
#1002=STYLED_ITEM('',(#999),#997);
#1003=FACE_BOUND('',#1004,.T.);
#1004=EDGE_LOOP('',(#1719,#1720,#1721,#1722,#1723,#1724,#1725,#1726));
#1005=PLANE('',#1006);
#1006=AXIS2_PLACEMENT_3D('',#1007,#1008,#1009);
#1007=CARTESIAN_POINT('',(-3.00000000000001,2.00000000000002,0.));
#1008=DIRECTION('',(-1.,5.27355936696945E-014,0.));
#1009=DIRECTION('',(-5.27355936696945E-014,-1.,0.));
#1010=FACE_BOUND('',#1011,.T.);
#1011=EDGE_LOOP('',(#1727,#1728,#1729,#1730,#1731,#1732,#1733,#1734));
#1012=PLANE('',#1013);
#1013=AXIS2_PLACEMENT_3D('',#1014,#1015,#1016);
#1014=CARTESIAN_POINT('',(2.99999999999978,-2.00000000000004,0.));
#1015=DIRECTION('',(1.,-5.18474152499943E-014,0.));
#1016=DIRECTION('',(5.18474152499943E-014,1.,0.));
#1017=FACE_BOUND('',#1018,.T.);
#1018=EDGE_LOOP('',(#1735,#1736,#1737,#1738,#1739,#1740,#1741,#1742,#1743,#1744));
#1019=PLANE('',#1020);
#1020=AXIS2_PLACEMENT_3D('',#1021,#1022,#1023);
#1021=CARTESIAN_POINT('',(0.,0.,0.));
#1022=DIRECTION('',(0.,0.,1.));
#1023=DIRECTION('',(1.,0.,0.));
#1024=FACE_BOUND('',#1025,.T.);
#1025=EDGE_LOOP('',(#1745,#1746,#1747,#1748,#1749,#1750,#1751,#1752,#1753,#1754));
#1026=PLANE('',#1027);
#1027=AXIS2_PLACEMENT_3D('',#1028,#1029,#1030);
#1028=CARTESIAN_POINT('',(0.,0.,0.));
#1029=DIRECTION('',(0.,0.,1.));
#1030=DIRECTION('',(1.,0.,0.));
#1031=FACE_BOUND('',#1032,.T.);
#1032=EDGE_LOOP('',(#1755,#1756,#1757,#1758));
#1033=PLANE('',#1034);
#1034=AXIS2_PLACEMENT_3D('',#1035,#1036,#1037);
#1035=CARTESIAN_POINT('',(2.99999999999998,-1.27500000016664,3.1814763617972E-026));
#1036=DIRECTION('',(0.,-0.707106781223678,0.707106781149417));
#1037=DIRECTION('',(0.,0.707106781149417,0.707106781223678));
#1038=FACE_BOUND('',#1039,.T.);
#1039=EDGE_LOOP('',(#1759,#1760,#1761,#1762));
#1040=PLANE('',#1041);
#1041=AXIS2_PLACEMENT_3D('',#1042,#1043,#1044);
#1042=CARTESIAN_POINT('',(2.99999999999998,1.12500000011595,0.15));
#1043=DIRECTION('',(0.,0.707106781067065,0.70710678130603));
#1044=DIRECTION('',(0.,0.70710678130603,-0.707106781067065));
#1045=FACE_BOUND('',#1046,.T.);
#1046=EDGE_LOOP('',(#1763,#1764,#1765,#1766));
#1047=PLANE('',#1048);
#1048=AXIS2_PLACEMENT_3D('',#1049,#1050,#1051);
#1049=CARTESIAN_POINT('',(2.99999999999998,-1.12500000011595,0.150000000066445));
#1050=DIRECTION('',(0.,2.95313279972277E-011,1.));
#1051=DIRECTION('',(0.,1.,-2.95313279972277E-011));
#1052=FACE_BOUND('',#1053,.T.);
#1053=EDGE_LOOP('',(#1767,#1768,#1769,#1770));
#1054=PLANE('',#1055);
#1055=AXIS2_PLACEMENT_3D('',#1056,#1057,#1058);
#1056=CARTESIAN_POINT('',(-3.00000000000022,-2.00000000000002,0.));
#1057=DIRECTION('',(-0.707106781186552,-0.707106781186543,0.));
#1058=DIRECTION('',(0.707106781186543,-0.707106781186552,0.));
#1059=FACE_BOUND('',#1060,.T.);
#1060=EDGE_LOOP('',(#1771,#1772,#1773,#1774,#1775,#1776,#1777,#1778));
#1061=FACE_BOUND('',#1062,.T.);
#1062=EDGE_LOOP('',(#1779,#1780,#1781,#1782,#1783,#1784,#1785,#1786,#1787,#1788,
#1789,#1790,#1791,#1792,#1793,#1794,#1795,#1796,#1797,#1798,#1799,#1800,#1801,#1802));
#1063=PLANE('',#1064);
#1064=AXIS2_PLACEMENT_3D('',#1065,#1066,#1067);
#1065=CARTESIAN_POINT('',(0.,0.,3.5));
#1066=DIRECTION('',(0.,0.,1.));
#1067=DIRECTION('',(1.,0.,0.));
#1068=FACE_BOUND('',#1069,.T.);
#1069=EDGE_LOOP('',(#1803,#1804,#1805,#1806));
#1070=PLANE('',#1071);
#1071=AXIS2_PLACEMENT_3D('',#1072,#1073,#1074);
#1072=CARTESIAN_POINT('',(-2.,2.99999999999999,0.));
#1073=DIRECTION('',(-0.707106781186536,0.707106781186559,0.));
#1074=DIRECTION('',(-0.707106781186559,-0.707106781186536,0.));
#1075=FACE_BOUND('',#1076,.T.);
#1076=EDGE_LOOP('',(#1807,#1808,#1809,#1810));
#1077=PLANE('',#1078);
#1078=AXIS2_PLACEMENT_3D('',#1079,#1080,#1081);
#1079=CARTESIAN_POINT('',(2.99999999999998,2.,0.));
#1080=DIRECTION('',(0.707106781186552,0.707106781186543,-0.));
#1081=DIRECTION('',(-0.707106781186543,0.707106781186552,0.));
#1082=FACE_BOUND('',#1083,.T.);
#1083=EDGE_LOOP('',(#1811,#1812,#1813,#1814));
#1084=PLANE('',#1085);
#1085=AXIS2_PLACEMENT_3D('',#1086,#1087,#1088);
#1086=CARTESIAN_POINT('',(1.99999999999975,-3.00000000000004,0.));
#1087=DIRECTION('',(0.707106781186538,-0.707106781186557,0.));
#1088=DIRECTION('',(0.707106781186557,0.707106781186538,0.));
#1089=FACE_BOUND('',#1090,.T.);
#1090=EDGE_LOOP('',(#1815,#1816,#1817,#1818,#1819,#1820,#1821,#1822));
#1091=PLANE('',#1092);
#1092=AXIS2_PLACEMENT_3D('',#1093,#1094,#1095);
#1093=CARTESIAN_POINT('',(2.,3.,0.));
#1094=DIRECTION('',(-8.88178419700125E-016,1.,0.));
#1095=DIRECTION('',(-1.,-8.88178419700125E-016,0.));
#1096=FACE_BOUND('',#1097,.T.);
#1097=EDGE_LOOP('',(#1823,#1824,#1825,#1826));
#1098=PLANE('',#1099);
#1099=AXIS2_PLACEMENT_3D('',#1100,#1101,#1102);
#1100=CARTESIAN_POINT('',(-0.700000000006673,3.29999999999026,0.2));
#1101=DIRECTION('',(1.,0.,-0.));
#1102=DIRECTION('',(0.,-1.,0.));
#1103=FACE_BOUND('',#1104,.T.);
#1104=EDGE_LOOP('',(#1827,#1828,#1829,#1830));
#1105=PLANE('',#1106);
#1106=AXIS2_PLACEMENT_3D('',#1107,#1108,#1109);
#1107=CARTESIAN_POINT('',(-0.700000000006673,2.09999999998052,0.2));
#1108=DIRECTION('',(-1.3912046118156E-011,1.,-0.));
#1109=DIRECTION('',(1.,1.3912046118156E-011,0.));
#1110=FACE_BOUND('',#1111,.T.);
#1111=EDGE_LOOP('',(#1831,#1832,#1833,#1834));
#1112=PLANE('',#1113);
#1113=AXIS2_PLACEMENT_3D('',#1114,#1115,#1116);
#1114=CARTESIAN_POINT('',(0.700000000006673,2.1,0.2));
#1115=DIRECTION('',(-1.,-0.,-0.));
#1116=DIRECTION('',(0.,1.,0.));
#1117=FACE_BOUND('',#1118,.T.);
#1118=EDGE_LOOP('',(#1835,#1836,#1837,#1838,#1839,#1840,#1841,#1842));
#1119=PLANE('',#1120);
#1120=AXIS2_PLACEMENT_3D('',#1121,#1122,#1123);
#1121=CARTESIAN_POINT('',(-2.00000000000024,-3.00000000000001,0.));
#1122=DIRECTION('',(-7.10542735760101E-015,-1.,0.));
#1123=DIRECTION('',(1.,-7.10542735760101E-015,0.));
#1124=FACE_BOUND('',#1125,.T.);
#1125=EDGE_LOOP('',(#1843,#1844,#1845,#1846));
#1126=PLANE('',#1127);
#1127=AXIS2_PLACEMENT_3D('',#1128,#1129,#1130);
#1128=CARTESIAN_POINT('',(0.700000000006673,-2.1,0.2));
#1129=DIRECTION('',(1.,0.,0.));
#1130=DIRECTION('',(0.,-1.,0.));
#1131=FACE_BOUND('',#1132,.T.);
#1132=EDGE_LOOP('',(#1847,#1848,#1849,#1850));
#1133=PLANE('',#1134);
#1134=AXIS2_PLACEMENT_3D('',#1135,#1136,#1137);
#1135=CARTESIAN_POINT('',(-0.700000000006673,-2.09999999998052,0.2));
#1136=DIRECTION('',(1.3912046118156E-011,1.,0.));
#1137=DIRECTION('',(1.,-1.3912046118156E-011,0.));
#1138=FACE_BOUND('',#1139,.T.);
#1139=EDGE_LOOP('',(#1851,#1852,#1853,#1854));
#1140=PLANE('',#1141);
#1141=AXIS2_PLACEMENT_3D('',#1142,#1143,#1144);
#1142=CARTESIAN_POINT('',(-0.700000000006673,-3.29999999999026,0.2));
#1143=DIRECTION('',(-1.,0.,0.));
#1144=DIRECTION('',(0.,1.,0.));
#1145=FACE_BOUND('',#1146,.T.);
#1146=EDGE_LOOP('',(#1855,#1856,#1857,#1858));
#1147=PLANE('',#1148);
#1148=AXIS2_PLACEMENT_3D('',#1149,#1150,#1151);
#1149=CARTESIAN_POINT('',(2.75,-0.8,3.5));
#1150=DIRECTION('',(0.707106781186552,0.,-0.707106781186543));
#1151=DIRECTION('',(-0.707106781186543,0.,-0.707106781186552));
#1152=FACE_BOUND('',#1153,.T.);
#1153=EDGE_LOOP('',(#1859,#1860,#1861,#1862));
#1154=PLANE('',#1155);
#1155=AXIS2_PLACEMENT_3D('',#1156,#1157,#1158);
#1156=CARTESIAN_POINT('',(0.,-0.8,0.));
#1157=DIRECTION('',(-0.,1.,0.));
#1158=DIRECTION('',(1.,0.,0.));
#1159=FACE_BOUND('',#1160,.T.);
#1160=EDGE_LOOP('',(#1863,#1864,#1865,#1866));
#1161=PLANE('',#1162);
#1162=AXIS2_PLACEMENT_3D('',#1163,#1164,#1165);
#1163=CARTESIAN_POINT('',(2.65,-2.60502525316942,3.5));
#1164=DIRECTION('',(-0.707106781186549,0.,0.707106781186546));
#1165=DIRECTION('',(0.,1.,0.));
#1166=FACE_BOUND('',#1167,.T.);
#1167=EDGE_LOOP('',(#1867,#1868,#1869,#1870));
#1168=PLANE('',#1169);
#1169=AXIS2_PLACEMENT_3D('',#1170,#1171,#1172);
#1170=CARTESIAN_POINT('',(1.68682720163547,-3.03033008588991,3.5));
#1171=DIRECTION('',(-0.500000000000001,0.500000000000001,0.707106781186547));
#1172=DIRECTION('',(0.707106781186548,0.707106781186548,0.));
#1173=FACE_BOUND('',#1174,.T.);
#1174=EDGE_LOOP('',(#1871,#1872,#1873,#1874));
#1175=PLANE('',#1176);
#1176=AXIS2_PLACEMENT_3D('',#1177,#1178,#1179);
#1177=CARTESIAN_POINT('',(-2.60502525316942,-2.65,3.5));
#1178=DIRECTION('',(-0.,0.707106781186549,0.707106781186547));
#1179=DIRECTION('',(1.,0.,0.));
#1180=FACE_BOUND('',#1181,.T.);
#1181=EDGE_LOOP('',(#1875,#1876,#1877,#1878));
#1182=PLANE('',#1183);
#1183=AXIS2_PLACEMENT_3D('',#1184,#1185,#1186);
#1184=CARTESIAN_POINT('',(0.8,0.,0.));
#1185=DIRECTION('',(-1.,0.,0.));
#1186=DIRECTION('',(0.,0.,-1.));
#1187=FACE_BOUND('',#1188,.T.);
#1188=EDGE_LOOP('',(#1879,#1880,#1881,#1882));
#1189=PLANE('',#1190);
#1190=AXIS2_PLACEMENT_3D('',#1191,#1192,#1193);
#1191=CARTESIAN_POINT('',(0.8,-2.5,3.25000000000422));
#1192=DIRECTION('',(-0.,-0.707106781180575,-0.70710678119252));
#1193=DIRECTION('',(0.,-0.70710678119252,0.707106781180575));
#1194=FACE_BOUND('',#1195,.T.);
#1195=EDGE_LOOP('',(#1883,#1884,#1885,#1886));
#1196=PLANE('',#1197);
#1197=AXIS2_PLACEMENT_3D('',#1198,#1199,#1200);
#1198=CARTESIAN_POINT('',(-0.8,0.,0.));
#1199=DIRECTION('',(-1.,0.,0.));
#1200=DIRECTION('',(0.,0.,-1.));
#1201=FACE_BOUND('',#1202,.T.);
#1202=EDGE_LOOP('',(#1887,#1888,#1889,#1890));
#1203=PLANE('',#1204);
#1204=AXIS2_PLACEMENT_3D('',#1205,#1206,#1207);
#1205=CARTESIAN_POINT('',(-2.60502525316942,-2.65,3.5));
#1206=DIRECTION('',(-0.,0.707106781186549,0.707106781186547));
#1207=DIRECTION('',(1.,0.,0.));
#1208=FACE_BOUND('',#1209,.T.);
#1209=EDGE_LOOP('',(#1891,#1892,#1893,#1894));
#1210=PLANE('',#1211);
#1211=AXIS2_PLACEMENT_3D('',#1212,#1213,#1214);
#1212=CARTESIAN_POINT('',(-3.03033008588991,-1.68682720163547,3.5));
#1213=DIRECTION('',(0.500000000000001,0.500000000000001,0.707106781186546));
#1214=DIRECTION('',(0.707106781186548,-0.707106781186547,-4.13182225969414E-017));
#1215=FACE_BOUND('',#1216,.T.);
#1216=EDGE_LOOP('',(#1895,#1896,#1897,#1898));
#1217=PLANE('',#1218);
#1218=AXIS2_PLACEMENT_3D('',#1219,#1220,#1221);
#1219=CARTESIAN_POINT('',(-2.65,2.60502525316942,3.5));
#1220=DIRECTION('',(0.707106781186549,0.,0.707106781186546));
#1221=DIRECTION('',(0.,-1.,0.));
#1222=FACE_BOUND('',#1223,.T.);
#1223=EDGE_LOOP('',(#1899,#1900,#1901,#1902));
#1224=PLANE('',#1225);
#1225=AXIS2_PLACEMENT_3D('',#1226,#1227,#1228);
#1226=CARTESIAN_POINT('',(0.,-0.8,0.));
#1227=DIRECTION('',(-0.,1.,0.));
#1228=DIRECTION('',(1.,0.,0.));
#1229=FACE_BOUND('',#1230,.T.);
#1230=EDGE_LOOP('',(#1903,#1904,#1905,#1906));
#1231=PLANE('',#1232);
#1232=AXIS2_PLACEMENT_3D('',#1233,#1234,#1235);
#1233=CARTESIAN_POINT('',(-2.5,-0.8,3.25000000000001));
#1234=DIRECTION('',(-0.70710678118654,0.,-0.707106781186555));
#1235=DIRECTION('',(-0.707106781186555,0.,0.70710678118654));
#1236=FACE_BOUND('',#1237,.T.);
#1237=EDGE_LOOP('',(#1907,#1908,#1909,#1910));
#1238=PLANE('',#1239);
#1239=AXIS2_PLACEMENT_3D('',#1240,#1241,#1242);
#1240=CARTESIAN_POINT('',(0.,0.8,0.));
#1241=DIRECTION('',(-0.,1.,0.));
#1242=DIRECTION('',(1.,0.,0.));
#1243=FACE_BOUND('',#1244,.T.);
#1244=EDGE_LOOP('',(#1911,#1912,#1913,#1914));
#1245=PLANE('',#1246);
#1246=AXIS2_PLACEMENT_3D('',#1247,#1248,#1249);
#1247=CARTESIAN_POINT('',(-2.65,2.60502525316942,3.5));
#1248=DIRECTION('',(0.707106781186549,0.,0.707106781186546));
#1249=DIRECTION('',(0.,-1.,0.));
#1250=FACE_BOUND('',#1251,.T.);
#1251=EDGE_LOOP('',(#1915,#1916,#1917,#1918));
#1252=PLANE('',#1253);
#1253=AXIS2_PLACEMENT_3D('',#1254,#1255,#1256);
#1254=CARTESIAN_POINT('',(-1.68682720163547,3.03033008588991,3.5));
#1255=DIRECTION('',(0.500000000000001,-0.500000000000001,0.707106781186547));
#1256=DIRECTION('',(-0.707106781186548,-0.707106781186548,0.));
#1257=FACE_BOUND('',#1258,.T.);
#1258=EDGE_LOOP('',(#1919,#1920,#1921,#1922));
#1259=PLANE('',#1260);
#1260=AXIS2_PLACEMENT_3D('',#1261,#1262,#1263);
#1261=CARTESIAN_POINT('',(2.60502525316942,2.65,3.5));
#1262=DIRECTION('',(0.,-0.707106781186549,0.707106781186546));
#1263=DIRECTION('',(-1.,0.,0.));
#1264=FACE_BOUND('',#1265,.T.);
#1265=EDGE_LOOP('',(#1923,#1924,#1925,#1926));
#1266=PLANE('',#1267);
#1267=AXIS2_PLACEMENT_3D('',#1268,#1269,#1270);
#1268=CARTESIAN_POINT('',(-0.8,0.,0.));
#1269=DIRECTION('',(-1.,0.,0.));
#1270=DIRECTION('',(0.,0.,-1.));
#1271=FACE_BOUND('',#1272,.T.);
#1272=EDGE_LOOP('',(#1927,#1928,#1929,#1930));
#1273=PLANE('',#1274);
#1274=AXIS2_PLACEMENT_3D('',#1275,#1276,#1277);
#1275=CARTESIAN_POINT('',(0.8,2.75,3.5));
#1276=DIRECTION('',(0.,0.70710678119252,-0.707106781180575));
#1277=DIRECTION('',(0.,-0.707106781180575,-0.70710678119252));
#1278=FACE_BOUND('',#1279,.T.);
#1279=EDGE_LOOP('',(#1931,#1932,#1933,#1934));
#1280=PLANE('',#1281);
#1281=AXIS2_PLACEMENT_3D('',#1282,#1283,#1284);
#1282=CARTESIAN_POINT('',(0.8,0.,0.));
#1283=DIRECTION('',(-1.,0.,0.));
#1284=DIRECTION('',(0.,0.,-1.));
#1285=FACE_BOUND('',#1286,.T.);
#1286=EDGE_LOOP('',(#1935,#1936,#1937,#1938));
#1287=PLANE('',#1288);
#1288=AXIS2_PLACEMENT_3D('',#1289,#1290,#1291);
#1289=CARTESIAN_POINT('',(2.60502525316942,2.65,3.5));
#1290=DIRECTION('',(0.,-0.707106781186549,0.707106781186546));
#1291=DIRECTION('',(-1.,0.,0.));
#1292=FACE_BOUND('',#1293,.T.);
#1293=EDGE_LOOP('',(#1939,#1940,#1941,#1942));
#1294=PLANE('',#1295);
#1295=AXIS2_PLACEMENT_3D('',#1296,#1297,#1298);
#1296=CARTESIAN_POINT('',(3.03033008588991,1.68682720163547,3.5));
#1297=DIRECTION('',(-0.500000000000001,-0.500000000000001,0.707106781186547));
#1298=DIRECTION('',(-0.707106781186548,0.707106781186548,0.));
#1299=FACE_BOUND('',#1300,.T.);
#1300=EDGE_LOOP('',(#1943,#1944,#1945,#1946));
#1301=PLANE('',#1302);
#1302=AXIS2_PLACEMENT_3D('',#1303,#1304,#1305);
#1303=CARTESIAN_POINT('',(2.65,-2.60502525316942,3.5));
#1304=DIRECTION('',(-0.707106781186549,0.,0.707106781186546));
#1305=DIRECTION('',(0.,1.,0.));
#1306=FACE_BOUND('',#1307,.T.);
#1307=EDGE_LOOP('',(#1947,#1948,#1949,#1950));
#1308=PLANE('',#1309);
#1309=AXIS2_PLACEMENT_3D('',#1310,#1311,#1312);
#1310=CARTESIAN_POINT('',(0.,0.8,0.));
#1311=DIRECTION('',(-0.,1.,0.));
#1312=DIRECTION('',(1.,0.,0.));
#1313=FACE_BOUND('',#1314,.T.);
#1314=EDGE_LOOP('',(#1951,#1952,#1953,#1954));
#1315=PLANE('',#1316);
#1316=AXIS2_PLACEMENT_3D('',#1317,#1318,#1319);
#1317=CARTESIAN_POINT('',(0.,0.,0.2));
#1318=DIRECTION('',(-0.,-0.,1.));
#1319=DIRECTION('',(-1.,-0.,0.));
#1320=FACE_BOUND('',#1321,.T.);
#1321=EDGE_LOOP('',(#1955,#1956,#1957,#1958));
#1322=PLANE('',#1323);
#1323=AXIS2_PLACEMENT_3D('',#1324,#1325,#1326);
#1324=CARTESIAN_POINT('',(0.,0.,0.2));
#1325=DIRECTION('',(-0.,0.,-1.));
#1326=DIRECTION('',(-1.,0.,0.));
#1327=FACE_BOUND('',#1328,.T.);
#1328=EDGE_LOOP('',(#1959,#1960,#1961,#1962,#1963,#1964,#1965,#1966));
#1329=PLANE('',#1330);
#1330=AXIS2_PLACEMENT_3D('',#1331,#1332,#1333);
#1331=CARTESIAN_POINT('',(2.5,-2.00502525316942,-1.));
#1332=DIRECTION('',(1.,0.,0.));
#1333=DIRECTION('',(0.,1.,0.));
#1334=FACE_BOUND('',#1335,.T.);
#1335=EDGE_LOOP('',(#1967,#1968,#1969,#1970));
#1336=PLANE('',#1337);
#1337=AXIS2_PLACEMENT_3D('',#1338,#1339,#1340);
#1338=CARTESIAN_POINT('',(2.00502525316942,-2.5,-1.));
#1339=DIRECTION('',(0.707106781186548,-0.707106781186548,0.));
#1340=DIRECTION('',(0.707106781186548,0.707106781186548,0.));
#1341=FACE_BOUND('',#1342,.T.);
#1342=EDGE_LOOP('',(#1971,#1972,#1973,#1974,#1975,#1976,#1977,#1978));
#1343=PLANE('',#1344);
#1344=AXIS2_PLACEMENT_3D('',#1345,#1346,#1347);
#1345=CARTESIAN_POINT('',(-2.00502525316942,-2.5,-1.));
#1346=DIRECTION('',(0.,-1.,0.));
#1347=DIRECTION('',(1.,0.,0.));
#1348=FACE_BOUND('',#1349,.T.);
#1349=EDGE_LOOP('',(#1979,#1980,#1981,#1982));
#1350=PLANE('',#1351);
#1351=AXIS2_PLACEMENT_3D('',#1352,#1353,#1354);
#1352=CARTESIAN_POINT('',(-2.5,-2.00502525316942,-1.));
#1353=DIRECTION('',(-0.707106781186547,-0.707106781186548,0.));
#1354=DIRECTION('',(0.707106781186548,-0.707106781186547,0.));
#1355=FACE_BOUND('',#1356,.T.);
#1356=EDGE_LOOP('',(#1983,#1984,#1985,#1986,#1987,#1988,#1989,#1990));
#1357=PLANE('',#1358);
#1358=AXIS2_PLACEMENT_3D('',#1359,#1360,#1361);
#1359=CARTESIAN_POINT('',(-2.5,2.00502525316942,-1.));
#1360=DIRECTION('',(-1.,0.,0.));
#1361=DIRECTION('',(0.,-1.,0.));
#1362=FACE_BOUND('',#1363,.T.);
#1363=EDGE_LOOP('',(#1991,#1992,#1993,#1994));
#1364=PLANE('',#1365);
#1365=AXIS2_PLACEMENT_3D('',#1366,#1367,#1368);
#1366=CARTESIAN_POINT('',(-2.00502525316942,2.5,-1.));
#1367=DIRECTION('',(-0.707106781186548,0.707106781186548,0.));
#1368=DIRECTION('',(-0.707106781186548,-0.707106781186548,0.));
#1369=FACE_BOUND('',#1370,.T.);
#1370=EDGE_LOOP('',(#1995,#1996,#1997,#1998,#1999,#2000,#2001,#2002));
#1371=PLANE('',#1372);
#1372=AXIS2_PLACEMENT_3D('',#1373,#1374,#1375);
#1373=CARTESIAN_POINT('',(2.00502525316942,2.5,-1.));
#1374=DIRECTION('',(0.,1.,-0.));
#1375=DIRECTION('',(-1.,0.,0.));
#1376=FACE_BOUND('',#1377,.T.);
#1377=EDGE_LOOP('',(#2003,#2004,#2005,#2006));
#1378=PLANE('',#1379);
#1379=AXIS2_PLACEMENT_3D('',#1380,#1381,#1382);
#1380=CARTESIAN_POINT('',(2.5,2.00502525316942,-1.));
#1381=DIRECTION('',(0.707106781186548,0.707106781186548,-0.));
#1382=DIRECTION('',(-0.707106781186548,0.707106781186548,0.));
#1383=FACE_BOUND('',#1384,.T.);
#1384=EDGE_LOOP('',(#2007,#2008,#2009,#2010,#2011,#2012,#2013,#2014));
#1385=PLANE('',#1386);
#1386=AXIS2_PLACEMENT_3D('',#1387,#1388,#1389);
#1387=CARTESIAN_POINT('',(0.,0.,1.));
#1388=DIRECTION('',(0.,0.,1.));
#1389=DIRECTION('',(1.,0.,0.));
#1390=FACE_BOUND('',#1391,.T.);
#1391=EDGE_LOOP('',(#2015,#2016,#2017,#2018));
#1392=PLANE('',#1393);
#1393=AXIS2_PLACEMENT_3D('',#1394,#1395,#1396);
#1394=CARTESIAN_POINT('',(0.7,-3.10132502827207,1.1229838118881));
#1395=DIRECTION('',(0.,0.993374858639635,0.114919059440481));
#1396=DIRECTION('',(0.,0.114919059440481,-0.993374858639635));
#1397=FACE_BOUND('',#1398,.T.);
#1398=EDGE_LOOP('',(#2019,#2020,#2021,#2022));
#1399=CYLINDRICAL_SURFACE('',#1400,0.05);
#1400=AXIS2_PLACEMENT_3D('',#1401,#1402,#1403);
#1401=CARTESIAN_POINT('',(0.7,-2.95,0.25));
#1402=DIRECTION('',(1.,-0.,-0.));
#1403=DIRECTION('',(0.,-0.993374858630393,-0.114919059520368));
#1404=FACE_BOUND('',#1405,.T.);
#1405=EDGE_LOOP('',(#2023,#2024,#2025,#2026));
#1406=PLANE('',#1407);
#1407=AXIS2_PLACEMENT_3D('',#1408,#1409,#1410);
#1408=CARTESIAN_POINT('',(0.7,-2.95,0.2));
#1409=DIRECTION('',(0.,-0.,1.));
#1410=DIRECTION('',(0.,1.,0.));
#1411=FACE_BOUND('',#1412,.T.);
#1412=EDGE_LOOP('',(#2027,#2028,#2029,#2030));
#1413=CYLINDRICAL_SURFACE('',#1414,0.05);
#1414=AXIS2_PLACEMENT_3D('',#1415,#1416,#1417);
#1415=CARTESIAN_POINT('',(0.7,-2.2,0.25));
#1416=DIRECTION('',(1.,-0.,-0.));
#1417=DIRECTION('',(0.,0.,-1.));
#1418=FACE_BOUND('',#1419,.T.);
#1419=EDGE_LOOP('',(#2031,#2032,#2033,#2034));
#1420=PLANE('',#1421);
#1421=AXIS2_PLACEMENT_3D('',#1422,#1423,#1424);
#1422=CARTESIAN_POINT('',(0.7,-2.15,0.25));
#1423=DIRECTION('',(0.,-1.38777878078144E-016,1.));
#1424=DIRECTION('',(0.,1.,1.38777878078144E-016));
#1425=FACE_BOUND('',#1426,.T.);
#1426=EDGE_LOOP('',(#2035,#2036,#2037,#2038));
#1427=CYLINDRICAL_SURFACE('',#1428,0.25);
#1428=AXIS2_PLACEMENT_3D('',#1429,#1430,#1431);
#1429=CARTESIAN_POINT('',(0.7,-2.2,0.25));
#1430=DIRECTION('',(-1.,0.,0.));
#1431=DIRECTION('',(0.,1.,1.11022302462516E-016));
#1432=FACE_BOUND('',#1433,.T.);
#1433=EDGE_LOOP('',(#2039,#2040,#2041,#2042));
#1434=PLANE('',#1435);
#1435=AXIS2_PLACEMENT_3D('',#1436,#1437,#1438);
#1436=CARTESIAN_POINT('',(0.7,-2.2,-1.84889274661175E-032));
#1437=DIRECTION('',(0.,8.21730109605221E-033,-1.));
#1438=DIRECTION('',(0.,-1.,-8.21730109605221E-033));
#1439=FACE_BOUND('',#1440,.T.);
#1440=EDGE_LOOP('',(#2043,#2044,#2045,#2046));
#1441=CYLINDRICAL_SURFACE('',#1442,0.25);
#1442=AXIS2_PLACEMENT_3D('',#1443,#1444,#1445);
#1443=CARTESIAN_POINT('',(0.7,-2.95,0.25));
#1444=DIRECTION('',(-1.,0.,0.));
#1445=DIRECTION('',(0.,0.,-1.));
#1446=FACE_BOUND('',#1447,.T.);
#1447=EDGE_LOOP('',(#2047,#2048,#2049,#2050));
#1448=PLANE('',#1449);
#1449=AXIS2_PLACEMENT_3D('',#1450,#1451,#1452);
#1450=CARTESIAN_POINT('',(0.7,-3.19834371465707,0.22127023511997));
#1451=DIRECTION('',(-0.,-0.993374858639635,-0.114919059440481));
#1452=DIRECTION('',(0.,-0.114919059440481,0.993374858639635));
#1453=FACE_BOUND('',#1454,.T.);
#1454=EDGE_LOOP('',(#2051,#2052,#2053,#2054));
#1455=PLANE('',#1456);
#1456=AXIS2_PLACEMENT_3D('',#1457,#1458,#1459);
#1457=CARTESIAN_POINT('',(0.7,-3.3,1.1));
#1458=DIRECTION('',(0.,-0.11491905944048,0.993374858639635));
#1459=DIRECTION('',(0.,0.993374858639635,0.11491905944048));
#1460=FACE_BOUND('',#1461,.T.);
#1461=EDGE_LOOP('',(#2055,#2056,#2057,#2058,#2059,#2060,#2061,#2062,#2063,#2064));
#1462=PLANE('',#1463);
#1463=AXIS2_PLACEMENT_3D('',#1464,#1465,#1466);
#1464=CARTESIAN_POINT('',(-0.7,0.,0.));
#1465=DIRECTION('',(-1.,-0.,-0.));
#1466=DIRECTION('',(0.,0.,-1.));
#1467=FACE_BOUND('',#1468,.T.);
#1468=EDGE_LOOP('',(#2065,#2066,#2067,#2068,#2069,#2070,#2071,#2072,#2073,#2074));
#1469=PLANE('',#1470);
#1470=AXIS2_PLACEMENT_3D('',#1471,#1472,#1473);
#1471=CARTESIAN_POINT('',(0.7,0.,0.));
#1472=DIRECTION('',(-1.,-0.,-0.));
#1473=DIRECTION('',(0.,0.,-1.));
#1474=FACE_BOUND('',#1475,.T.);
#1475=EDGE_LOOP('',(#2075,#2076,#2077,#2078));
#1476=PLANE('',#1477);
#1477=AXIS2_PLACEMENT_3D('',#1478,#1479,#1480);
#1478=CARTESIAN_POINT('',(-0.7,3.10132502827207,1.1229838118881));
#1479=DIRECTION('',(0.,-0.993374858639635,0.114919059440481));
#1480=DIRECTION('',(-0.,-0.114919059440481,-0.993374858639635));
#1481=FACE_BOUND('',#1482,.T.);
#1482=EDGE_LOOP('',(#2079,#2080,#2081,#2082));
#1483=CYLINDRICAL_SURFACE('',#1484,0.05);
#1484=AXIS2_PLACEMENT_3D('',#1485,#1486,#1487);
#1485=CARTESIAN_POINT('',(-0.7,2.95,0.25));
#1486=DIRECTION('',(-1.,-0.,-0.));
#1487=DIRECTION('',(0.,0.993374858630393,-0.114919059520368));
#1488=FACE_BOUND('',#1489,.T.);
#1489=EDGE_LOOP('',(#2083,#2084,#2085,#2086));
#1490=PLANE('',#1491);
#1491=AXIS2_PLACEMENT_3D('',#1492,#1493,#1494);
#1492=CARTESIAN_POINT('',(-0.7,2.95,0.2));
#1493=DIRECTION('',(0.,0.,1.));
#1494=DIRECTION('',(0.,-1.,0.));
#1495=FACE_BOUND('',#1496,.T.);
#1496=EDGE_LOOP('',(#2087,#2088,#2089,#2090));
#1497=CYLINDRICAL_SURFACE('',#1498,0.05);
#1498=AXIS2_PLACEMENT_3D('',#1499,#1500,#1501);
#1499=CARTESIAN_POINT('',(-0.7,2.2,0.25));
#1500=DIRECTION('',(-1.,-0.,-0.));
#1501=DIRECTION('',(-0.,-0.,-1.));
#1502=FACE_BOUND('',#1503,.T.);
#1503=EDGE_LOOP('',(#2091,#2092,#2093,#2094));
#1504=PLANE('',#1505);
#1505=AXIS2_PLACEMENT_3D('',#1506,#1507,#1508);
#1506=CARTESIAN_POINT('',(-0.7,2.15,0.25));
#1507=DIRECTION('',(0.,1.38777878078144E-016,1.));
#1508=DIRECTION('',(0.,-1.,1.38777878078144E-016));
#1509=FACE_BOUND('',#1510,.T.);
#1510=EDGE_LOOP('',(#2095,#2096,#2097,#2098));
#1511=CYLINDRICAL_SURFACE('',#1512,0.25);
#1512=AXIS2_PLACEMENT_3D('',#1513,#1514,#1515);
#1513=CARTESIAN_POINT('',(-0.7,2.2,0.25));
#1514=DIRECTION('',(1.,0.,0.));
#1515=DIRECTION('',(0.,-1.,1.11022302462516E-016));
#1516=FACE_BOUND('',#1517,.T.);
#1517=EDGE_LOOP('',(#2099,#2100,#2101,#2102));
#1518=PLANE('',#1519);
#1519=AXIS2_PLACEMENT_3D('',#1520,#1521,#1522);
#1520=CARTESIAN_POINT('',(-0.7,2.2,-1.84889274661175E-032));
#1521=DIRECTION('',(-0.,-8.21730109605221E-033,-1.));
#1522=DIRECTION('',(0.,1.,-8.21730109605221E-033));
#1523=FACE_BOUND('',#1524,.T.);
#1524=EDGE_LOOP('',(#2103,#2104,#2105,#2106));
#1525=CYLINDRICAL_SURFACE('',#1526,0.25);
#1526=AXIS2_PLACEMENT_3D('',#1527,#1528,#1529);
#1527=CARTESIAN_POINT('',(-0.7,2.95,0.25));
#1528=DIRECTION('',(1.,0.,0.));
#1529=DIRECTION('',(-0.,-0.,-1.));
#1530=FACE_BOUND('',#1531,.T.);
#1531=EDGE_LOOP('',(#2107,#2108,#2109,#2110));
#1532=PLANE('',#1533);
#1533=AXIS2_PLACEMENT_3D('',#1534,#1535,#1536);
#1534=CARTESIAN_POINT('',(-0.7,3.19834371465707,0.22127023511997));
#1535=DIRECTION('',(0.,0.993374858639635,-0.114919059440481));
#1536=DIRECTION('',(0.,0.114919059440481,0.993374858639635));
#1537=FACE_BOUND('',#1538,.T.);
#1538=EDGE_LOOP('',(#2111,#2112,#2113,#2114));
#1539=PLANE('',#1540);
#1540=AXIS2_PLACEMENT_3D('',#1541,#1542,#1543);
#1541=CARTESIAN_POINT('',(-0.7,3.3,1.1));
#1542=DIRECTION('',(0.,0.11491905944048,0.993374858639635));
#1543=DIRECTION('',(0.,-0.993374858639635,0.11491905944048));
#1544=FACE_BOUND('',#1545,.T.);
#1545=EDGE_LOOP('',(#2115,#2116,#2117,#2118,#2119,#2120,#2121,#2122,#2123,#2124));
#1546=PLANE('',#1547);
#1547=AXIS2_PLACEMENT_3D('',#1548,#1549,#1550);
#1548=CARTESIAN_POINT('',(0.7,0.,0.));
#1549=DIRECTION('',(1.,0.,0.));
#1550=DIRECTION('',(-0.,-0.,-1.));
#1551=FACE_BOUND('',#1552,.T.);
#1552=EDGE_LOOP('',(#2125,#2126,#2127,#2128,#2129,#2130,#2131,#2132,#2133,#2134));
#1553=PLANE('',#1554);
#1554=AXIS2_PLACEMENT_3D('',#1555,#1556,#1557);
#1555=CARTESIAN_POINT('',(-0.7,0.,0.));
#1556=DIRECTION('',(1.,0.,0.));
#1557=DIRECTION('',(-0.,-0.,-1.));
#1558=FACE_BOUND('',#1559,.T.);
#1559=EDGE_LOOP('',(#2135,#2136,#2137,#2138,#2139,#2140,#2141,#2142,#2143,#2144,
#2145,#2146,#2147,#2148,#2149,#2150));
#1560=PLANE('',#1561);
#1561=AXIS2_PLACEMENT_3D('',#1562,#1563,#1564);
#1562=CARTESIAN_POINT('',(0.,0.,2.5));
#1563=DIRECTION('',(0.,0.,1.));
#1564=DIRECTION('',(1.,0.,0.));
#1565=FACE_BOUND('',#1566,.T.);
#1566=EDGE_LOOP('',(#2151,#2152,#2153,#2154,#2155,#2156,#2157,#2158,#2159,#2160,
#2161,#2162,#2163,#2164,#2165,#2166));
#1567=FACE_BOUND('',#1568,.T.);
#1568=EDGE_LOOP('',(#2167));
#1569=PLANE('',#1570);
#1570=AXIS2_PLACEMENT_3D('',#1571,#1572,#1573);
#1571=CARTESIAN_POINT('',(0.,0.,4.));
#1572=DIRECTION('',(0.,0.,1.));
#1573=DIRECTION('',(1.,0.,0.));
#1574=FACE_OUTER_BOUND('',#1575,.T.);
#1575=EDGE_LOOP('',(#2168));
#1576=FACE_OUTER_BOUND('',#1577,.T.);
#1577=EDGE_LOOP('',(#2169));
#1578=CYLINDRICAL_SURFACE('',#1579,2.3);
#1579=AXIS2_PLACEMENT_3D('',#1580,#1581,#1582);
#1580=CARTESIAN_POINT('',(0.,0.,2.5));
#1581=DIRECTION('',(0.,0.,1.));
#1582=DIRECTION('',(1.,0.,0.));
#1583=FACE_BOUND('',#1584,.T.);
#1584=EDGE_LOOP('',(#2170,#2171,#2172,#2173));
#1585=CYLINDRICAL_SURFACE('',#1586,0.2);
#1586=AXIS2_PLACEMENT_3D('',#1587,#1588,#1589);
#1587=CARTESIAN_POINT('',(2.3,-1.71005050633883,2.5));
#1588=DIRECTION('',(0.,0.,1.));
#1589=DIRECTION('',(0.707106781186549,-0.707106781186546,0.));
#1590=FACE_BOUND('',#1591,.T.);
#1591=EDGE_LOOP('',(#2174,#2175,#2176,#2177));
#1592=PLANE('',#1593);
#1593=AXIS2_PLACEMENT_3D('',#1594,#1595,#1596);
#1594=CARTESIAN_POINT('',(1.85147186257614,-2.44142135623731,2.5));
#1595=DIRECTION('',(0.707106781186548,-0.707106781186547,0.));
#1596=DIRECTION('',(0.707106781186547,0.707106781186548,0.));
#1597=FACE_BOUND('',#1598,.T.);
#1598=EDGE_LOOP('',(#2178,#2179,#2180,#2181));
#1599=CYLINDRICAL_SURFACE('',#1600,0.2);
#1600=AXIS2_PLACEMENT_3D('',#1601,#1602,#1603);
#1601=CARTESIAN_POINT('',(1.71005050633883,-2.3,2.5));
#1602=DIRECTION('',(0.,0.,1.));
#1603=DIRECTION('',(-0.707106781186547,-0.707106781186548,0.));
#1604=FACE_BOUND('',#1605,.T.);
#1605=EDGE_LOOP('',(#2182,#2183,#2184,#2185));
#1606=PLANE('',#1607);
#1607=AXIS2_PLACEMENT_3D('',#1608,#1609,#1610);
#1608=CARTESIAN_POINT('',(-1.56862915010153,-2.44142135623731,2.5));
#1609=DIRECTION('',(0.,-1.,0.));
#1610=DIRECTION('',(1.,0.,0.));
#1611=FACE_BOUND('',#1612,.T.);
#1612=EDGE_LOOP('',(#2186,#2187,#2188,#2189));
#1613=CYLINDRICAL_SURFACE('',#1614,0.2);
#1614=AXIS2_PLACEMENT_3D('',#1615,#1616,#1617);
#1615=CARTESIAN_POINT('',(-1.71005050633883,-2.3,2.5));
#1616=DIRECTION('',(0.,0.,1.));
#1617=DIRECTION('',(-0.707106781186549,-0.707106781186546,0.));
#1618=FACE_BOUND('',#1619,.T.);
#1619=EDGE_LOOP('',(#2190,#2191,#2192,#2193));
#1620=PLANE('',#1621);
#1621=AXIS2_PLACEMENT_3D('',#1622,#1623,#1624);
#1622=CARTESIAN_POINT('',(-2.44142135623731,-1.85147186257614,2.5));
#1623=DIRECTION('',(-0.707106781186549,-0.707106781186546,0.));
#1624=DIRECTION('',(0.707106781186546,-0.707106781186549,0.));
#1625=FACE_BOUND('',#1626,.T.);
#1626=EDGE_LOOP('',(#2194,#2195,#2196,#2197));
#1627=CYLINDRICAL_SURFACE('',#1628,0.2);
#1628=AXIS2_PLACEMENT_3D('',#1629,#1630,#1631);
#1629=CARTESIAN_POINT('',(-2.3,-1.71005050633883,2.5));
#1630=DIRECTION('',(0.,0.,1.));
#1631=DIRECTION('',(-0.707106781186548,0.707106781186547,0.));
#1632=FACE_BOUND('',#1633,.T.);
#1633=EDGE_LOOP('',(#2198,#2199,#2200,#2201));
#1634=PLANE('',#1635);
#1635=AXIS2_PLACEMENT_3D('',#1636,#1637,#1638);
#1636=CARTESIAN_POINT('',(-2.44142135623731,1.56862915010152,2.5));
#1637=DIRECTION('',(-1.,0.,0.));
#1638=DIRECTION('',(0.,-1.,0.));
#1639=FACE_BOUND('',#1640,.T.);
#1640=EDGE_LOOP('',(#2202,#2203,#2204,#2205));
#1641=CYLINDRICAL_SURFACE('',#1642,0.2);
#1642=AXIS2_PLACEMENT_3D('',#1643,#1644,#1645);
#1643=CARTESIAN_POINT('',(-2.3,1.71005050633883,2.5));
#1644=DIRECTION('',(0.,0.,1.));
#1645=DIRECTION('',(-0.707106781186546,0.707106781186549,0.));
#1646=FACE_BOUND('',#1647,.T.);
#1647=EDGE_LOOP('',(#2206,#2207,#2208,#2209));
#1648=PLANE('',#1649);
#1649=AXIS2_PLACEMENT_3D('',#1650,#1651,#1652);
#1650=CARTESIAN_POINT('',(-1.85147186257614,2.44142135623731,2.5));
#1651=DIRECTION('',(-0.707106781186549,0.707106781186546,0.));
#1652=DIRECTION('',(-0.707106781186546,-0.707106781186549,0.));
#1653=FACE_BOUND('',#1654,.T.);
#1654=EDGE_LOOP('',(#2210,#2211,#2212,#2213));
#1655=CYLINDRICAL_SURFACE('',#1656,0.2);
#1656=AXIS2_PLACEMENT_3D('',#1657,#1658,#1659);
#1657=CARTESIAN_POINT('',(-1.71005050633883,2.3,2.5));
#1658=DIRECTION('',(0.,0.,1.));
#1659=DIRECTION('',(0.707106781186549,0.707106781186546,0.));
#1660=FACE_BOUND('',#1661,.T.);
#1661=EDGE_LOOP('',(#2214,#2215,#2216,#2217));
#1662=PLANE('',#1663);
#1663=AXIS2_PLACEMENT_3D('',#1664,#1665,#1666);
#1664=CARTESIAN_POINT('',(1.56862915010152,2.44142135623731,2.5));
#1665=DIRECTION('',(0.,1.,-0.));
#1666=DIRECTION('',(-1.,0.,0.));
#1667=FACE_BOUND('',#1668,.T.);
#1668=EDGE_LOOP('',(#2218,#2219,#2220,#2221));
#1669=CYLINDRICAL_SURFACE('',#1670,0.2);
#1670=AXIS2_PLACEMENT_3D('',#1671,#1672,#1673);
#1671=CARTESIAN_POINT('',(1.71005050633883,2.3,2.5));
#1672=DIRECTION('',(0.,0.,1.));
#1673=DIRECTION('',(0.707106781186547,0.707106781186548,0.));
#1674=FACE_BOUND('',#1675,.T.);
#1675=EDGE_LOOP('',(#2222,#2223,#2224,#2225));
#1676=PLANE('',#1677);
#1677=AXIS2_PLACEMENT_3D('',#1678,#1679,#1680);
#1678=CARTESIAN_POINT('',(2.44142135623731,1.85147186257614,2.5));
#1679=DIRECTION('',(0.707106781186547,0.707106781186547,-0.));
#1680=DIRECTION('',(-0.707106781186547,0.707106781186547,0.));
#1681=FACE_BOUND('',#1682,.T.);
#1682=EDGE_LOOP('',(#2226,#2227,#2228,#2229));
#1683=CYLINDRICAL_SURFACE('',#1684,0.2);
#1684=AXIS2_PLACEMENT_3D('',#1685,#1686,#1687);
#1685=CARTESIAN_POINT('',(2.3,1.71005050633883,2.5));
#1686=DIRECTION('',(0.,0.,1.));
#1687=DIRECTION('',(0.707106781186544,-0.707106781186551,0.));
#1688=FACE_BOUND('',#1689,.T.);
#1689=EDGE_LOOP('',(#2230,#2231,#2232,#2233));
#1690=PLANE('',#1691);
#1691=AXIS2_PLACEMENT_3D('',#1692,#1693,#1694);
#1692=CARTESIAN_POINT('',(2.44142135623731,-1.56862915010152,2.5));
#1693=DIRECTION('',(1.,0.,0.));
#1694=DIRECTION('',(0.,1.,0.));
#1695=FACE_BOUND('',#1696,.T.);
#1696=EDGE_LOOP('',(#2234));
#1697=PLANE('',#1698);
#1698=AXIS2_PLACEMENT_3D('',#1699,#1700,#1701);
#1699=CARTESIAN_POINT('',(0.,0.,4.3));
#1700=DIRECTION('',(0.,0.,1.));
#1701=DIRECTION('',(1.,0.,0.));
#1702=FACE_OUTER_BOUND('',#1703,.T.);
#1703=EDGE_LOOP('',(#2235));
#1704=FACE_OUTER_BOUND('',#1705,.T.);
#1705=EDGE_LOOP('',(#2236));
#1706=TOROIDAL_SURFACE('',#1707,2.2,0.1);
#1707=AXIS2_PLACEMENT_3D('',#1708,#1709,#1710);
#1708=CARTESIAN_POINT('',(0.,0.,4.2));
#1709=DIRECTION('',(0.,0.,1.));
#1710=DIRECTION('',(1.,0.,0.));
#1711=COMPOSITE_CURVE_SEGMENT(.CONTINUOUS.,.T.,#2237);
#1712=COMPOSITE_CURVE_SEGMENT(.CONTINUOUS.,.T.,#2238);
#1713=COMPOSITE_CURVE_SEGMENT(.CONTINUOUS.,.T.,#2239);
#1714=COMPOSITE_CURVE_SEGMENT(.DISCONTINUOUS.,.T.,#2240);
#1715=COMPOSITE_CURVE_SEGMENT(.CONTINUOUS.,.T.,#2241);
#1716=COMPOSITE_CURVE_SEGMENT(.CONTINUOUS.,.T.,#2242);
#1717=COMPOSITE_CURVE_SEGMENT(.CONTINUOUS.,.T.,#2243);
#1718=COMPOSITE_CURVE_SEGMENT(.DISCONTINUOUS.,.T.,#2244);
#1719=ORIENTED_EDGE('',*,*,#2245,.T.);
#1720=ORIENTED_EDGE('',*,*,#2246,.T.);
#1721=ORIENTED_EDGE('',*,*,#2247,.T.);
#1722=ORIENTED_EDGE('',*,*,#2248,.T.);
#1723=ORIENTED_EDGE('',*,*,#2249,.F.);
#1724=ORIENTED_EDGE('',*,*,#2250,.F.);
#1725=ORIENTED_EDGE('',*,*,#2251,.T.);
#1726=ORIENTED_EDGE('',*,*,#2252,.T.);
#1727=ORIENTED_EDGE('',*,*,#2253,.T.);
#1728=ORIENTED_EDGE('',*,*,#2254,.T.);
#1729=ORIENTED_EDGE('',*,*,#2255,.T.);
#1730=ORIENTED_EDGE('',*,*,#2256,.T.);
#1731=ORIENTED_EDGE('',*,*,#2257,.F.);
#1732=ORIENTED_EDGE('',*,*,#2258,.F.);
#1733=ORIENTED_EDGE('',*,*,#2259,.T.);
#1734=ORIENTED_EDGE('',*,*,#2260,.T.);
#1735=ORIENTED_EDGE('',*,*,#2261,.T.);
#1736=ORIENTED_EDGE('',*,*,#2251,.F.);
#1737=ORIENTED_EDGE('',*,*,#2262,.F.);
#1738=ORIENTED_EDGE('',*,*,#2263,.F.);
#1739=ORIENTED_EDGE('',*,*,#2264,.T.);
#1740=ORIENTED_EDGE('',*,*,#2265,.T.);
#1741=ORIENTED_EDGE('',*,*,#2266,.T.);
#1742=ORIENTED_EDGE('',*,*,#2267,.F.);
#1743=ORIENTED_EDGE('',*,*,#2268,.F.);
#1744=ORIENTED_EDGE('',*,*,#2255,.F.);
#1745=ORIENTED_EDGE('',*,*,#2269,.T.);
#1746=ORIENTED_EDGE('',*,*,#2259,.F.);
#1747=ORIENTED_EDGE('',*,*,#2270,.F.);
#1748=ORIENTED_EDGE('',*,*,#2271,.F.);
#1749=ORIENTED_EDGE('',*,*,#2272,.T.);
#1750=ORIENTED_EDGE('',*,*,#2273,.T.);
#1751=ORIENTED_EDGE('',*,*,#2274,.T.);
#1752=ORIENTED_EDGE('',*,*,#2275,.F.);
#1753=ORIENTED_EDGE('',*,*,#2276,.F.);
#1754=ORIENTED_EDGE('',*,*,#2247,.F.);
#1755=ORIENTED_EDGE('',*,*,#2269,.F.);
#1756=ORIENTED_EDGE('',*,*,#2246,.F.);
#1757=ORIENTED_EDGE('',*,*,#2277,.F.);
#1758=ORIENTED_EDGE('',*,*,#2260,.F.);
#1759=ORIENTED_EDGE('',*,*,#2261,.F.);
#1760=ORIENTED_EDGE('',*,*,#2254,.F.);
#1761=ORIENTED_EDGE('',*,*,#2278,.T.);
#1762=ORIENTED_EDGE('',*,*,#2252,.F.);
#1763=ORIENTED_EDGE('',*,*,#2253,.F.);
#1764=ORIENTED_EDGE('',*,*,#2277,.T.);
#1765=ORIENTED_EDGE('',*,*,#2245,.F.);
#1766=ORIENTED_EDGE('',*,*,#2278,.F.);
#1767=ORIENTED_EDGE('',*,*,#2276,.T.);
#1768=ORIENTED_EDGE('',*,*,#2279,.T.);
#1769=ORIENTED_EDGE('',*,*,#2280,.F.);
#1770=ORIENTED_EDGE('',*,*,#2248,.F.);
#1771=ORIENTED_EDGE('',*,*,#2281,.T.);
#1772=ORIENTED_EDGE('',*,*,#2257,.T.);
#1773=ORIENTED_EDGE('',*,*,#2282,.T.);
#1774=ORIENTED_EDGE('',*,*,#2283,.T.);
#1775=ORIENTED_EDGE('',*,*,#2284,.T.);
#1776=ORIENTED_EDGE('',*,*,#2249,.T.);
#1777=ORIENTED_EDGE('',*,*,#2280,.T.);
#1778=ORIENTED_EDGE('',*,*,#2285,.T.);
#1779=ORIENTED_EDGE('',*,*,#2286,.T.);
#1780=ORIENTED_EDGE('',*,*,#2287,.T.);
#1781=ORIENTED_EDGE('',*,*,#2288,.T.);
#1782=ORIENTED_EDGE('',*,*,#2289,.T.);
#1783=ORIENTED_EDGE('',*,*,#2290,.T.);
#1784=ORIENTED_EDGE('',*,*,#2291,.T.);
#1785=ORIENTED_EDGE('',*,*,#2292,.T.);
#1786=ORIENTED_EDGE('',*,*,#2293,.T.);
#1787=ORIENTED_EDGE('',*,*,#2294,.T.);
#1788=ORIENTED_EDGE('',*,*,#2295,.T.);
#1789=ORIENTED_EDGE('',*,*,#2296,.T.);
#1790=ORIENTED_EDGE('',*,*,#2297,.T.);
#1791=ORIENTED_EDGE('',*,*,#2298,.T.);
#1792=ORIENTED_EDGE('',*,*,#2299,.T.);
#1793=ORIENTED_EDGE('',*,*,#2300,.T.);
#1794=ORIENTED_EDGE('',*,*,#2301,.T.);
#1795=ORIENTED_EDGE('',*,*,#2302,.T.);
#1796=ORIENTED_EDGE('',*,*,#2303,.T.);
#1797=ORIENTED_EDGE('',*,*,#2304,.T.);
#1798=ORIENTED_EDGE('',*,*,#2305,.T.);
#1799=ORIENTED_EDGE('',*,*,#2306,.T.);
#1800=ORIENTED_EDGE('',*,*,#2307,.T.);
#1801=ORIENTED_EDGE('',*,*,#2308,.T.);
#1802=ORIENTED_EDGE('',*,*,#2309,.T.);
#1803=ORIENTED_EDGE('',*,*,#2262,.T.);
#1804=ORIENTED_EDGE('',*,*,#2250,.T.);
#1805=ORIENTED_EDGE('',*,*,#2284,.F.);
#1806=ORIENTED_EDGE('',*,*,#2310,.F.);
#1807=ORIENTED_EDGE('',*,*,#2268,.T.);
#1808=ORIENTED_EDGE('',*,*,#2311,.T.);
#1809=ORIENTED_EDGE('',*,*,#2282,.F.);
#1810=ORIENTED_EDGE('',*,*,#2256,.F.);
#1811=ORIENTED_EDGE('',*,*,#2270,.T.);
#1812=ORIENTED_EDGE('',*,*,#2258,.T.);
#1813=ORIENTED_EDGE('',*,*,#2281,.F.);
#1814=ORIENTED_EDGE('',*,*,#2312,.F.);
#1815=ORIENTED_EDGE('',*,*,#2313,.T.);
#1816=ORIENTED_EDGE('',*,*,#2314,.T.);
#1817=ORIENTED_EDGE('',*,*,#2315,.T.);
#1818=ORIENTED_EDGE('',*,*,#2263,.T.);
#1819=ORIENTED_EDGE('',*,*,#2310,.T.);
#1820=ORIENTED_EDGE('',*,*,#2283,.F.);
#1821=ORIENTED_EDGE('',*,*,#2311,.F.);
#1822=ORIENTED_EDGE('',*,*,#2267,.T.);
#1823=ORIENTED_EDGE('',*,*,#2264,.F.);
#1824=ORIENTED_EDGE('',*,*,#2315,.F.);
#1825=ORIENTED_EDGE('',*,*,#2316,.T.);
#1826=ORIENTED_EDGE('',*,*,#2317,.T.);
#1827=ORIENTED_EDGE('',*,*,#2265,.F.);
#1828=ORIENTED_EDGE('',*,*,#2317,.F.);
#1829=ORIENTED_EDGE('',*,*,#2318,.T.);
#1830=ORIENTED_EDGE('',*,*,#2319,.T.);
#1831=ORIENTED_EDGE('',*,*,#2266,.F.);
#1832=ORIENTED_EDGE('',*,*,#2319,.F.);
#1833=ORIENTED_EDGE('',*,*,#2320,.T.);
#1834=ORIENTED_EDGE('',*,*,#2313,.F.);
#1835=ORIENTED_EDGE('',*,*,#2321,.T.);
#1836=ORIENTED_EDGE('',*,*,#2271,.T.);
#1837=ORIENTED_EDGE('',*,*,#2312,.T.);
#1838=ORIENTED_EDGE('',*,*,#2285,.F.);
#1839=ORIENTED_EDGE('',*,*,#2279,.F.);
#1840=ORIENTED_EDGE('',*,*,#2275,.T.);
#1841=ORIENTED_EDGE('',*,*,#2322,.T.);
#1842=ORIENTED_EDGE('',*,*,#2323,.T.);
#1843=ORIENTED_EDGE('',*,*,#2321,.F.);
#1844=ORIENTED_EDGE('',*,*,#2324,.F.);
#1845=ORIENTED_EDGE('',*,*,#2325,.T.);
#1846=ORIENTED_EDGE('',*,*,#2272,.F.);
#1847=ORIENTED_EDGE('',*,*,#2273,.F.);
#1848=ORIENTED_EDGE('',*,*,#2325,.F.);
#1849=ORIENTED_EDGE('',*,*,#2326,.F.);
#1850=ORIENTED_EDGE('',*,*,#2327,.T.);
#1851=ORIENTED_EDGE('',*,*,#2322,.F.);
#1852=ORIENTED_EDGE('',*,*,#2274,.F.);
#1853=ORIENTED_EDGE('',*,*,#2327,.F.);
#1854=ORIENTED_EDGE('',*,*,#2328,.F.);
#1855=ORIENTED_EDGE('',*,*,#2286,.F.);
#1856=ORIENTED_EDGE('',*,*,#2329,.T.);
#1857=ORIENTED_EDGE('',*,*,#2330,.F.);
#1858=ORIENTED_EDGE('',*,*,#2331,.F.);
#1859=ORIENTED_EDGE('',*,*,#2287,.F.);
#1860=ORIENTED_EDGE('',*,*,#2331,.T.);
#1861=ORIENTED_EDGE('',*,*,#2332,.F.);
#1862=ORIENTED_EDGE('',*,*,#2333,.F.);
#1863=ORIENTED_EDGE('',*,*,#2333,.T.);
#1864=ORIENTED_EDGE('',*,*,#2334,.T.);
#1865=ORIENTED_EDGE('',*,*,#2335,.T.);
#1866=ORIENTED_EDGE('',*,*,#2288,.F.);
#1867=ORIENTED_EDGE('',*,*,#2289,.F.);
#1868=ORIENTED_EDGE('',*,*,#2335,.F.);
#1869=ORIENTED_EDGE('',*,*,#2336,.T.);
#1870=ORIENTED_EDGE('',*,*,#2337,.T.);
#1871=ORIENTED_EDGE('',*,*,#2338,.T.);
#1872=ORIENTED_EDGE('',*,*,#2290,.F.);
#1873=ORIENTED_EDGE('',*,*,#2337,.F.);
#1874=ORIENTED_EDGE('',*,*,#2339,.T.);
#1875=ORIENTED_EDGE('',*,*,#2291,.F.);
#1876=ORIENTED_EDGE('',*,*,#2338,.F.);
#1877=ORIENTED_EDGE('',*,*,#2340,.F.);
#1878=ORIENTED_EDGE('',*,*,#2341,.T.);
#1879=ORIENTED_EDGE('',*,*,#2292,.F.);
#1880=ORIENTED_EDGE('',*,*,#2341,.F.);
#1881=ORIENTED_EDGE('',*,*,#2342,.F.);
#1882=ORIENTED_EDGE('',*,*,#2343,.T.);
#1883=ORIENTED_EDGE('',*,*,#2293,.F.);
#1884=ORIENTED_EDGE('',*,*,#2343,.F.);
#1885=ORIENTED_EDGE('',*,*,#2344,.F.);
#1886=ORIENTED_EDGE('',*,*,#2345,.F.);
#1887=ORIENTED_EDGE('',*,*,#2345,.T.);
#1888=ORIENTED_EDGE('',*,*,#2346,.T.);
#1889=ORIENTED_EDGE('',*,*,#2347,.T.);
#1890=ORIENTED_EDGE('',*,*,#2294,.F.);
#1891=ORIENTED_EDGE('',*,*,#2295,.F.);
#1892=ORIENTED_EDGE('',*,*,#2347,.F.);
#1893=ORIENTED_EDGE('',*,*,#2348,.T.);
#1894=ORIENTED_EDGE('',*,*,#2349,.T.);
#1895=ORIENTED_EDGE('',*,*,#2350,.T.);
#1896=ORIENTED_EDGE('',*,*,#2296,.F.);
#1897=ORIENTED_EDGE('',*,*,#2349,.F.);
#1898=ORIENTED_EDGE('',*,*,#2351,.T.);
#1899=ORIENTED_EDGE('',*,*,#2297,.F.);
#1900=ORIENTED_EDGE('',*,*,#2350,.F.);
#1901=ORIENTED_EDGE('',*,*,#2352,.F.);
#1902=ORIENTED_EDGE('',*,*,#2353,.T.);
#1903=ORIENTED_EDGE('',*,*,#2298,.F.);
#1904=ORIENTED_EDGE('',*,*,#2353,.F.);
#1905=ORIENTED_EDGE('',*,*,#2354,.F.);
#1906=ORIENTED_EDGE('',*,*,#2355,.T.);
#1907=ORIENTED_EDGE('',*,*,#2299,.F.);
#1908=ORIENTED_EDGE('',*,*,#2355,.F.);
#1909=ORIENTED_EDGE('',*,*,#2356,.F.);
#1910=ORIENTED_EDGE('',*,*,#2357,.F.);
#1911=ORIENTED_EDGE('',*,*,#2357,.T.);
#1912=ORIENTED_EDGE('',*,*,#2358,.T.);
#1913=ORIENTED_EDGE('',*,*,#2359,.T.);
#1914=ORIENTED_EDGE('',*,*,#2300,.F.);
#1915=ORIENTED_EDGE('',*,*,#2301,.F.);
#1916=ORIENTED_EDGE('',*,*,#2359,.F.);
#1917=ORIENTED_EDGE('',*,*,#2360,.T.);
#1918=ORIENTED_EDGE('',*,*,#2361,.T.);
#1919=ORIENTED_EDGE('',*,*,#2362,.T.);
#1920=ORIENTED_EDGE('',*,*,#2302,.F.);
#1921=ORIENTED_EDGE('',*,*,#2361,.F.);
#1922=ORIENTED_EDGE('',*,*,#2363,.T.);
#1923=ORIENTED_EDGE('',*,*,#2303,.F.);
#1924=ORIENTED_EDGE('',*,*,#2362,.F.);
#1925=ORIENTED_EDGE('',*,*,#2364,.F.);
#1926=ORIENTED_EDGE('',*,*,#2365,.F.);
#1927=ORIENTED_EDGE('',*,*,#2304,.F.);
#1928=ORIENTED_EDGE('',*,*,#2365,.T.);
#1929=ORIENTED_EDGE('',*,*,#2366,.F.);
#1930=ORIENTED_EDGE('',*,*,#2367,.F.);
#1931=ORIENTED_EDGE('',*,*,#2305,.F.);
#1932=ORIENTED_EDGE('',*,*,#2367,.T.);
#1933=ORIENTED_EDGE('',*,*,#2368,.F.);
#1934=ORIENTED_EDGE('',*,*,#2369,.F.);
#1935=ORIENTED_EDGE('',*,*,#2369,.T.);
#1936=ORIENTED_EDGE('',*,*,#2370,.T.);
#1937=ORIENTED_EDGE('',*,*,#2371,.T.);
#1938=ORIENTED_EDGE('',*,*,#2306,.F.);
#1939=ORIENTED_EDGE('',*,*,#2307,.F.);
#1940=ORIENTED_EDGE('',*,*,#2371,.F.);
#1941=ORIENTED_EDGE('',*,*,#2372,.T.);
#1942=ORIENTED_EDGE('',*,*,#2373,.T.);
#1943=ORIENTED_EDGE('',*,*,#2374,.T.);
#1944=ORIENTED_EDGE('',*,*,#2308,.F.);
#1945=ORIENTED_EDGE('',*,*,#2373,.F.);
#1946=ORIENTED_EDGE('',*,*,#2375,.T.);
#1947=ORIENTED_EDGE('',*,*,#2309,.F.);
#1948=ORIENTED_EDGE('',*,*,#2374,.F.);
#1949=ORIENTED_EDGE('',*,*,#2376,.F.);
#1950=ORIENTED_EDGE('',*,*,#2329,.F.);
#1951=ORIENTED_EDGE('',*,*,#2314,.F.);
#1952=ORIENTED_EDGE('',*,*,#2320,.F.);
#1953=ORIENTED_EDGE('',*,*,#2318,.F.);
#1954=ORIENTED_EDGE('',*,*,#2316,.F.);
#1955=ORIENTED_EDGE('',*,*,#2323,.F.);
#1956=ORIENTED_EDGE('',*,*,#2328,.T.);
#1957=ORIENTED_EDGE('',*,*,#2326,.T.);
#1958=ORIENTED_EDGE('',*,*,#2324,.T.);
#1959=ORIENTED_EDGE('',*,*,#2330,.T.);
#1960=ORIENTED_EDGE('',*,*,#2376,.T.);
#1961=ORIENTED_EDGE('',*,*,#2375,.F.);
#1962=ORIENTED_EDGE('',*,*,#2377,.F.);
#1963=ORIENTED_EDGE('',*,*,#2378,.T.);
#1964=ORIENTED_EDGE('',*,*,#2379,.T.);
#1965=ORIENTED_EDGE('',*,*,#2334,.F.);
#1966=ORIENTED_EDGE('',*,*,#2332,.T.);
#1967=ORIENTED_EDGE('',*,*,#2336,.F.);
#1968=ORIENTED_EDGE('',*,*,#2379,.F.);
#1969=ORIENTED_EDGE('',*,*,#2380,.T.);
#1970=ORIENTED_EDGE('',*,*,#2381,.T.);
#1971=ORIENTED_EDGE('',*,*,#2342,.T.);
#1972=ORIENTED_EDGE('',*,*,#2340,.T.);
#1973=ORIENTED_EDGE('',*,*,#2339,.F.);
#1974=ORIENTED_EDGE('',*,*,#2381,.F.);
#1975=ORIENTED_EDGE('',*,*,#2382,.T.);
#1976=ORIENTED_EDGE('',*,*,#2383,.T.);
#1977=ORIENTED_EDGE('',*,*,#2346,.F.);
#1978=ORIENTED_EDGE('',*,*,#2344,.T.);
#1979=ORIENTED_EDGE('',*,*,#2348,.F.);
#1980=ORIENTED_EDGE('',*,*,#2383,.F.);
#1981=ORIENTED_EDGE('',*,*,#2384,.T.);
#1982=ORIENTED_EDGE('',*,*,#2385,.T.);
#1983=ORIENTED_EDGE('',*,*,#2354,.T.);
#1984=ORIENTED_EDGE('',*,*,#2352,.T.);
#1985=ORIENTED_EDGE('',*,*,#2351,.F.);
#1986=ORIENTED_EDGE('',*,*,#2385,.F.);
#1987=ORIENTED_EDGE('',*,*,#2386,.T.);
#1988=ORIENTED_EDGE('',*,*,#2387,.T.);
#1989=ORIENTED_EDGE('',*,*,#2358,.F.);
#1990=ORIENTED_EDGE('',*,*,#2356,.T.);
#1991=ORIENTED_EDGE('',*,*,#2360,.F.);
#1992=ORIENTED_EDGE('',*,*,#2387,.F.);
#1993=ORIENTED_EDGE('',*,*,#2388,.T.);
#1994=ORIENTED_EDGE('',*,*,#2389,.T.);
#1995=ORIENTED_EDGE('',*,*,#2366,.T.);
#1996=ORIENTED_EDGE('',*,*,#2364,.T.);
#1997=ORIENTED_EDGE('',*,*,#2363,.F.);
#1998=ORIENTED_EDGE('',*,*,#2389,.F.);
#1999=ORIENTED_EDGE('',*,*,#2390,.T.);
#2000=ORIENTED_EDGE('',*,*,#2391,.T.);
#2001=ORIENTED_EDGE('',*,*,#2370,.F.);
#2002=ORIENTED_EDGE('',*,*,#2368,.T.);
#2003=ORIENTED_EDGE('',*,*,#2372,.F.);
#2004=ORIENTED_EDGE('',*,*,#2391,.F.);
#2005=ORIENTED_EDGE('',*,*,#2392,.T.);
#2006=ORIENTED_EDGE('',*,*,#2377,.T.);
#2007=ORIENTED_EDGE('',*,*,#2378,.F.);
#2008=ORIENTED_EDGE('',*,*,#2392,.F.);
#2009=ORIENTED_EDGE('',*,*,#2390,.F.);
#2010=ORIENTED_EDGE('',*,*,#2388,.F.);
#2011=ORIENTED_EDGE('',*,*,#2386,.F.);
#2012=ORIENTED_EDGE('',*,*,#2384,.F.);
#2013=ORIENTED_EDGE('',*,*,#2382,.F.);
#2014=ORIENTED_EDGE('',*,*,#2380,.F.);
#2015=ORIENTED_EDGE('',*,*,#2393,.T.);
#2016=ORIENTED_EDGE('',*,*,#2394,.T.);
#2017=ORIENTED_EDGE('',*,*,#2395,.F.);
#2018=ORIENTED_EDGE('',*,*,#2396,.F.);
#2019=ORIENTED_EDGE('',*,*,#2397,.T.);
#2020=ORIENTED_EDGE('',*,*,#2398,.T.);
#2021=ORIENTED_EDGE('',*,*,#2399,.F.);
#2022=ORIENTED_EDGE('',*,*,#2394,.F.);
#2023=ORIENTED_EDGE('',*,*,#2400,.T.);
#2024=ORIENTED_EDGE('',*,*,#2401,.T.);
#2025=ORIENTED_EDGE('',*,*,#2402,.F.);
#2026=ORIENTED_EDGE('',*,*,#2398,.F.);
#2027=ORIENTED_EDGE('',*,*,#2403,.T.);
#2028=ORIENTED_EDGE('',*,*,#2404,.T.);
#2029=ORIENTED_EDGE('',*,*,#2405,.F.);
#2030=ORIENTED_EDGE('',*,*,#2401,.F.);
#2031=ORIENTED_EDGE('',*,*,#2406,.T.);
#2032=ORIENTED_EDGE('',*,*,#2407,.T.);
#2033=ORIENTED_EDGE('',*,*,#2408,.F.);
#2034=ORIENTED_EDGE('',*,*,#2404,.F.);
#2035=ORIENTED_EDGE('',*,*,#2409,.T.);
#2036=ORIENTED_EDGE('',*,*,#2410,.T.);
#2037=ORIENTED_EDGE('',*,*,#2411,.F.);
#2038=ORIENTED_EDGE('',*,*,#2407,.F.);
#2039=ORIENTED_EDGE('',*,*,#2412,.T.);
#2040=ORIENTED_EDGE('',*,*,#2413,.T.);
#2041=ORIENTED_EDGE('',*,*,#2414,.F.);
#2042=ORIENTED_EDGE('',*,*,#2410,.F.);
#2043=ORIENTED_EDGE('',*,*,#2415,.T.);
#2044=ORIENTED_EDGE('',*,*,#2416,.T.);
#2045=ORIENTED_EDGE('',*,*,#2417,.F.);
#2046=ORIENTED_EDGE('',*,*,#2413,.F.);
#2047=ORIENTED_EDGE('',*,*,#2418,.T.);
#2048=ORIENTED_EDGE('',*,*,#2419,.T.);
#2049=ORIENTED_EDGE('',*,*,#2420,.F.);
#2050=ORIENTED_EDGE('',*,*,#2416,.F.);
#2051=ORIENTED_EDGE('',*,*,#2421,.T.);
#2052=ORIENTED_EDGE('',*,*,#2396,.T.);
#2053=ORIENTED_EDGE('',*,*,#2422,.F.);
#2054=ORIENTED_EDGE('',*,*,#2419,.F.);
#2055=ORIENTED_EDGE('',*,*,#2395,.T.);
#2056=ORIENTED_EDGE('',*,*,#2399,.T.);
#2057=ORIENTED_EDGE('',*,*,#2402,.T.);
#2058=ORIENTED_EDGE('',*,*,#2405,.T.);
#2059=ORIENTED_EDGE('',*,*,#2408,.T.);
#2060=ORIENTED_EDGE('',*,*,#2411,.T.);
#2061=ORIENTED_EDGE('',*,*,#2414,.T.);
#2062=ORIENTED_EDGE('',*,*,#2417,.T.);
#2063=ORIENTED_EDGE('',*,*,#2420,.T.);
#2064=ORIENTED_EDGE('',*,*,#2422,.T.);
#2065=ORIENTED_EDGE('',*,*,#2421,.F.);
#2066=ORIENTED_EDGE('',*,*,#2418,.F.);
#2067=ORIENTED_EDGE('',*,*,#2415,.F.);
#2068=ORIENTED_EDGE('',*,*,#2412,.F.);
#2069=ORIENTED_EDGE('',*,*,#2409,.F.);
#2070=ORIENTED_EDGE('',*,*,#2406,.F.);
#2071=ORIENTED_EDGE('',*,*,#2403,.F.);
#2072=ORIENTED_EDGE('',*,*,#2400,.F.);
#2073=ORIENTED_EDGE('',*,*,#2397,.F.);
#2074=ORIENTED_EDGE('',*,*,#2393,.F.);
#2075=ORIENTED_EDGE('',*,*,#2423,.T.);
#2076=ORIENTED_EDGE('',*,*,#2424,.T.);
#2077=ORIENTED_EDGE('',*,*,#2425,.F.);
#2078=ORIENTED_EDGE('',*,*,#2426,.F.);
#2079=ORIENTED_EDGE('',*,*,#2427,.T.);
#2080=ORIENTED_EDGE('',*,*,#2428,.T.);
#2081=ORIENTED_EDGE('',*,*,#2429,.F.);
#2082=ORIENTED_EDGE('',*,*,#2424,.F.);
#2083=ORIENTED_EDGE('',*,*,#2430,.T.);
#2084=ORIENTED_EDGE('',*,*,#2431,.T.);
#2085=ORIENTED_EDGE('',*,*,#2432,.F.);
#2086=ORIENTED_EDGE('',*,*,#2428,.F.);
#2087=ORIENTED_EDGE('',*,*,#2433,.T.);
#2088=ORIENTED_EDGE('',*,*,#2434,.T.);
#2089=ORIENTED_EDGE('',*,*,#2435,.F.);
#2090=ORIENTED_EDGE('',*,*,#2431,.F.);
#2091=ORIENTED_EDGE('',*,*,#2436,.T.);
#2092=ORIENTED_EDGE('',*,*,#2437,.T.);
#2093=ORIENTED_EDGE('',*,*,#2438,.F.);
#2094=ORIENTED_EDGE('',*,*,#2434,.F.);
#2095=ORIENTED_EDGE('',*,*,#2439,.T.);
#2096=ORIENTED_EDGE('',*,*,#2440,.T.);
#2097=ORIENTED_EDGE('',*,*,#2441,.F.);
#2098=ORIENTED_EDGE('',*,*,#2437,.F.);
#2099=ORIENTED_EDGE('',*,*,#2442,.T.);
#2100=ORIENTED_EDGE('',*,*,#2443,.T.);
#2101=ORIENTED_EDGE('',*,*,#2444,.F.);
#2102=ORIENTED_EDGE('',*,*,#2440,.F.);
#2103=ORIENTED_EDGE('',*,*,#2445,.T.);
#2104=ORIENTED_EDGE('',*,*,#2446,.T.);
#2105=ORIENTED_EDGE('',*,*,#2447,.F.);
#2106=ORIENTED_EDGE('',*,*,#2443,.F.);
#2107=ORIENTED_EDGE('',*,*,#2448,.T.);
#2108=ORIENTED_EDGE('',*,*,#2449,.T.);
#2109=ORIENTED_EDGE('',*,*,#2450,.F.);
#2110=ORIENTED_EDGE('',*,*,#2446,.F.);
#2111=ORIENTED_EDGE('',*,*,#2451,.T.);
#2112=ORIENTED_EDGE('',*,*,#2426,.T.);
#2113=ORIENTED_EDGE('',*,*,#2452,.F.);
#2114=ORIENTED_EDGE('',*,*,#2449,.F.);
#2115=ORIENTED_EDGE('',*,*,#2425,.T.);
#2116=ORIENTED_EDGE('',*,*,#2429,.T.);
#2117=ORIENTED_EDGE('',*,*,#2432,.T.);
#2118=ORIENTED_EDGE('',*,*,#2435,.T.);
#2119=ORIENTED_EDGE('',*,*,#2438,.T.);
#2120=ORIENTED_EDGE('',*,*,#2441,.T.);
#2121=ORIENTED_EDGE('',*,*,#2444,.T.);
#2122=ORIENTED_EDGE('',*,*,#2447,.T.);
#2123=ORIENTED_EDGE('',*,*,#2450,.T.);
#2124=ORIENTED_EDGE('',*,*,#2452,.T.);
#2125=ORIENTED_EDGE('',*,*,#2451,.F.);
#2126=ORIENTED_EDGE('',*,*,#2448,.F.);
#2127=ORIENTED_EDGE('',*,*,#2445,.F.);
#2128=ORIENTED_EDGE('',*,*,#2442,.F.);
#2129=ORIENTED_EDGE('',*,*,#2439,.F.);
#2130=ORIENTED_EDGE('',*,*,#2436,.F.);
#2131=ORIENTED_EDGE('',*,*,#2433,.F.);
#2132=ORIENTED_EDGE('',*,*,#2430,.F.);
#2133=ORIENTED_EDGE('',*,*,#2427,.F.);
#2134=ORIENTED_EDGE('',*,*,#2423,.F.);
#2135=ORIENTED_EDGE('',*,*,#2453,.F.);
#2136=ORIENTED_EDGE('',*,*,#2454,.F.);
#2137=ORIENTED_EDGE('',*,*,#2455,.F.);
#2138=ORIENTED_EDGE('',*,*,#2456,.F.);
#2139=ORIENTED_EDGE('',*,*,#2457,.F.);
#2140=ORIENTED_EDGE('',*,*,#2458,.F.);
#2141=ORIENTED_EDGE('',*,*,#2459,.F.);
#2142=ORIENTED_EDGE('',*,*,#2460,.F.);
#2143=ORIENTED_EDGE('',*,*,#2461,.F.);
#2144=ORIENTED_EDGE('',*,*,#2462,.F.);
#2145=ORIENTED_EDGE('',*,*,#2463,.F.);
#2146=ORIENTED_EDGE('',*,*,#2464,.F.);
#2147=ORIENTED_EDGE('',*,*,#2465,.F.);
#2148=ORIENTED_EDGE('',*,*,#2466,.F.);
#2149=ORIENTED_EDGE('',*,*,#2467,.F.);
#2150=ORIENTED_EDGE('',*,*,#2468,.F.);
#2151=ORIENTED_EDGE('',*,*,#2469,.T.);
#2152=ORIENTED_EDGE('',*,*,#2470,.T.);
#2153=ORIENTED_EDGE('',*,*,#2471,.T.);
#2154=ORIENTED_EDGE('',*,*,#2472,.T.);
#2155=ORIENTED_EDGE('',*,*,#2473,.T.);
#2156=ORIENTED_EDGE('',*,*,#2474,.T.);
#2157=ORIENTED_EDGE('',*,*,#2475,.T.);
#2158=ORIENTED_EDGE('',*,*,#2476,.T.);
#2159=ORIENTED_EDGE('',*,*,#2477,.T.);
#2160=ORIENTED_EDGE('',*,*,#2478,.T.);
#2161=ORIENTED_EDGE('',*,*,#2479,.T.);
#2162=ORIENTED_EDGE('',*,*,#2480,.T.);
#2163=ORIENTED_EDGE('',*,*,#2481,.T.);
#2164=ORIENTED_EDGE('',*,*,#2482,.T.);
#2165=ORIENTED_EDGE('',*,*,#2483,.T.);
#2166=ORIENTED_EDGE('',*,*,#2484,.T.);
#2167=ORIENTED_EDGE('',*,*,#2485,.F.);
#2168=ORIENTED_EDGE('',*,*,#2486,.F.);
#2169=ORIENTED_EDGE('',*,*,#2485,.T.);
#2170=ORIENTED_EDGE('',*,*,#2453,.T.);
#2171=ORIENTED_EDGE('',*,*,#2487,.T.);
#2172=ORIENTED_EDGE('',*,*,#2484,.F.);
#2173=ORIENTED_EDGE('',*,*,#2488,.F.);
#2174=ORIENTED_EDGE('',*,*,#2454,.T.);
#2175=ORIENTED_EDGE('',*,*,#2488,.T.);
#2176=ORIENTED_EDGE('',*,*,#2483,.F.);
#2177=ORIENTED_EDGE('',*,*,#2489,.F.);
#2178=ORIENTED_EDGE('',*,*,#2455,.T.);
#2179=ORIENTED_EDGE('',*,*,#2489,.T.);
#2180=ORIENTED_EDGE('',*,*,#2482,.F.);
#2181=ORIENTED_EDGE('',*,*,#2490,.F.);
#2182=ORIENTED_EDGE('',*,*,#2456,.T.);
#2183=ORIENTED_EDGE('',*,*,#2490,.T.);
#2184=ORIENTED_EDGE('',*,*,#2481,.F.);
#2185=ORIENTED_EDGE('',*,*,#2491,.F.);
#2186=ORIENTED_EDGE('',*,*,#2457,.T.);
#2187=ORIENTED_EDGE('',*,*,#2491,.T.);
#2188=ORIENTED_EDGE('',*,*,#2480,.F.);
#2189=ORIENTED_EDGE('',*,*,#2492,.F.);
#2190=ORIENTED_EDGE('',*,*,#2458,.T.);
#2191=ORIENTED_EDGE('',*,*,#2492,.T.);
#2192=ORIENTED_EDGE('',*,*,#2479,.F.);
#2193=ORIENTED_EDGE('',*,*,#2493,.F.);
#2194=ORIENTED_EDGE('',*,*,#2459,.T.);
#2195=ORIENTED_EDGE('',*,*,#2493,.T.);
#2196=ORIENTED_EDGE('',*,*,#2478,.F.);
#2197=ORIENTED_EDGE('',*,*,#2494,.F.);
#2198=ORIENTED_EDGE('',*,*,#2460,.T.);
#2199=ORIENTED_EDGE('',*,*,#2494,.T.);
#2200=ORIENTED_EDGE('',*,*,#2477,.F.);
#2201=ORIENTED_EDGE('',*,*,#2495,.F.);
#2202=ORIENTED_EDGE('',*,*,#2461,.T.);
#2203=ORIENTED_EDGE('',*,*,#2495,.T.);
#2204=ORIENTED_EDGE('',*,*,#2476,.F.);
#2205=ORIENTED_EDGE('',*,*,#2496,.F.);
#2206=ORIENTED_EDGE('',*,*,#2462,.T.);
#2207=ORIENTED_EDGE('',*,*,#2496,.T.);
#2208=ORIENTED_EDGE('',*,*,#2475,.F.);
#2209=ORIENTED_EDGE('',*,*,#2497,.F.);
#2210=ORIENTED_EDGE('',*,*,#2463,.T.);
#2211=ORIENTED_EDGE('',*,*,#2497,.T.);
#2212=ORIENTED_EDGE('',*,*,#2474,.F.);
#2213=ORIENTED_EDGE('',*,*,#2498,.F.);
#2214=ORIENTED_EDGE('',*,*,#2464,.T.);
#2215=ORIENTED_EDGE('',*,*,#2498,.T.);
#2216=ORIENTED_EDGE('',*,*,#2473,.F.);
#2217=ORIENTED_EDGE('',*,*,#2499,.F.);
#2218=ORIENTED_EDGE('',*,*,#2465,.T.);
#2219=ORIENTED_EDGE('',*,*,#2499,.T.);
#2220=ORIENTED_EDGE('',*,*,#2472,.F.);
#2221=ORIENTED_EDGE('',*,*,#2500,.F.);
#2222=ORIENTED_EDGE('',*,*,#2466,.T.);
#2223=ORIENTED_EDGE('',*,*,#2500,.T.);
#2224=ORIENTED_EDGE('',*,*,#2471,.F.);
#2225=ORIENTED_EDGE('',*,*,#2501,.F.);
#2226=ORIENTED_EDGE('',*,*,#2467,.T.);
#2227=ORIENTED_EDGE('',*,*,#2501,.T.);
#2228=ORIENTED_EDGE('',*,*,#2470,.F.);
#2229=ORIENTED_EDGE('',*,*,#2502,.F.);
#2230=ORIENTED_EDGE('',*,*,#2468,.T.);
#2231=ORIENTED_EDGE('',*,*,#2502,.T.);
#2232=ORIENTED_EDGE('',*,*,#2469,.F.);
#2233=ORIENTED_EDGE('',*,*,#2487,.F.);
#2234=ORIENTED_EDGE('',*,*,#2503,.T.);
#2235=ORIENTED_EDGE('',*,*,#2486,.T.);
#2236=ORIENTED_EDGE('',*,*,#2503,.F.);
#2237=TRIMMED_CURVE('',#2504,(PARAMETER_VALUE(0.)),(PARAMETER_VALUE(2.)),.T.,.PARAMETER.);
#2238=TRIMMED_CURVE('',#2505,(PARAMETER_VALUE(0.)),(PARAMETER_VALUE(2.)),.T.,.PARAMETER.);
#2239=TRIMMED_CURVE('',#2506,(PARAMETER_VALUE(0.)),(PARAMETER_VALUE(2.)),.T.,.PARAMETER.);
#2240=TRIMMED_CURVE('',#2507,(PARAMETER_VALUE(0.)),(PARAMETER_VALUE(2.)),.T.,.PARAMETER.);
#2241=TRIMMED_CURVE('',#2508,(PARAMETER_VALUE(0.)),(PARAMETER_VALUE(2.)),.T.,.PARAMETER.);
#2242=TRIMMED_CURVE('',#2509,(PARAMETER_VALUE(0.)),(PARAMETER_VALUE(2.)),.T.,.PARAMETER.);
#2243=TRIMMED_CURVE('',#2510,(PARAMETER_VALUE(0.)),(PARAMETER_VALUE(2.)),.T.,.PARAMETER.);
#2244=TRIMMED_CURVE('',#2511,(PARAMETER_VALUE(0.)),(PARAMETER_VALUE(2.)),.T.,.PARAMETER.);
#2245=EDGE_CURVE('',#2512,#2513,#2514,.F.);
#2246=EDGE_CURVE('',#2513,#2515,#2516,.F.);
#2247=EDGE_CURVE('',#2515,#2517,#2518,.T.);
#2248=EDGE_CURVE('',#2517,#2519,#2520,.T.);
#2249=EDGE_CURVE('',#2521,#2519,#2522,.T.);
#2250=EDGE_CURVE('',#2523,#2521,#2524,.T.);
#2251=EDGE_CURVE('',#2523,#2525,#2526,.T.);
#2252=EDGE_CURVE('',#2525,#2512,#2527,.F.);
#2253=EDGE_CURVE('',#2528,#2529,#2530,.F.);
#2254=EDGE_CURVE('',#2529,#2531,#2532,.F.);
#2255=EDGE_CURVE('',#2531,#2533,#2534,.T.);
#2256=EDGE_CURVE('',#2533,#2535,#2536,.T.);
#2257=EDGE_CURVE('',#2537,#2535,#2538,.T.);
#2258=EDGE_CURVE('',#2539,#2537,#2540,.T.);
#2259=EDGE_CURVE('',#2539,#2541,#2542,.T.);
#2260=EDGE_CURVE('',#2541,#2528,#2543,.F.);
#2261=EDGE_CURVE('',#2531,#2525,#2544,.T.);
#2262=EDGE_CURVE('',#2545,#2523,#2546,.T.);
#2263=EDGE_CURVE('',#2547,#2545,#2548,.T.);
#2264=EDGE_CURVE('',#2547,#2549,#2550,.F.);
#2265=EDGE_CURVE('',#2549,#2551,#2552,.F.);
#2266=EDGE_CURVE('',#2551,#2553,#2554,.F.);
#2267=EDGE_CURVE('',#2555,#2553,#2556,.T.);
#2268=EDGE_CURVE('',#2533,#2555,#2557,.T.);
#2269=EDGE_CURVE('',#2515,#2541,#2558,.T.);
#2270=EDGE_CURVE('',#2559,#2539,#2560,.T.);
#2271=EDGE_CURVE('',#2561,#2559,#2562,.T.);
#2272=EDGE_CURVE('',#2561,#2563,#2564,.T.);
#2273=EDGE_CURVE('',#2563,#2565,#2566,.T.);
#2274=EDGE_CURVE('',#2565,#2567,#2568,.T.);
#2275=EDGE_CURVE('',#2569,#2567,#2570,.T.);
#2276=EDGE_CURVE('',#2517,#2569,#2571,.T.);
#2277=EDGE_CURVE('',#2528,#2513,#2572,.T.);
#2278=EDGE_CURVE('',#2529,#2512,#2573,.T.);
#2279=EDGE_CURVE('',#2569,#2574,#2575,.T.);
#2280=EDGE_CURVE('',#2519,#2574,#2576,.T.);
#2281=EDGE_CURVE('',#2577,#2537,#2578,.T.);
#2282=EDGE_CURVE('',#2535,#2579,#2580,.T.);
#2283=EDGE_CURVE('',#2579,#2581,#2582,.T.);
#2284=EDGE_CURVE('',#2581,#2521,#2583,.T.);
#2285=EDGE_CURVE('',#2574,#2577,#2584,.T.);
#2286=EDGE_CURVE('',#2585,#2586,#2587,.F.);
#2287=EDGE_CURVE('',#2586,#2588,#2589,.T.);
#2288=EDGE_CURVE('',#2588,#2590,#2591,.F.);
#2289=EDGE_CURVE('',#2590,#2592,#2593,.F.);
#2290=EDGE_CURVE('',#2592,#2594,#2595,.F.);
#2291=EDGE_CURVE('',#2594,#2596,#2597,.T.);
#2292=EDGE_CURVE('',#2596,#2598,#2599,.F.);
#2293=EDGE_CURVE('',#2598,#2600,#2601,.F.);
#2294=EDGE_CURVE('',#2600,#2602,#2603,.F.);
#2295=EDGE_CURVE('',#2602,#2604,#2605,.F.);
#2296=EDGE_CURVE('',#2604,#2606,#2607,.F.);
#2297=EDGE_CURVE('',#2606,#2608,#2609,.T.);
#2298=EDGE_CURVE('',#2608,#2610,#2611,.F.);
#2299=EDGE_CURVE('',#2610,#2612,#2613,.F.);
#2300=EDGE_CURVE('',#2612,#2614,#2615,.F.);
#2301=EDGE_CURVE('',#2614,#2616,#2617,.F.);
#2302=EDGE_CURVE('',#2616,#2618,#2619,.F.);
#2303=EDGE_CURVE('',#2618,#2620,#2621,.F.);
#2304=EDGE_CURVE('',#2620,#2622,#2623,.F.);
#2305=EDGE_CURVE('',#2622,#2624,#2625,.T.);
#2306=EDGE_CURVE('',#2624,#2626,#2627,.F.);
#2307=EDGE_CURVE('',#2626,#2628,#2629,.F.);
#2308=EDGE_CURVE('',#2628,#2630,#2631,.F.);
#2309=EDGE_CURVE('',#2630,#2585,#2632,.F.);
#2310=EDGE_CURVE('',#2545,#2581,#2633,.T.);
#2311=EDGE_CURVE('',#2555,#2579,#2634,.T.);
#2312=EDGE_CURVE('',#2559,#2577,#2635,.T.);
#2313=EDGE_CURVE('',#2553,#2636,#2637,.T.);
#2314=EDGE_CURVE('',#2636,#2638,#2639,.F.);
#2315=EDGE_CURVE('',#2638,#2547,#2640,.T.);
#2316=EDGE_CURVE('',#2638,#2641,#2642,.T.);
#2317=EDGE_CURVE('',#2641,#2549,#2643,.T.);
#2318=EDGE_CURVE('',#2641,#2644,#2645,.T.);
#2319=EDGE_CURVE('',#2644,#2551,#2646,.T.);
#2320=EDGE_CURVE('',#2644,#2636,#2647,.T.);
#2321=EDGE_CURVE('',#2648,#2561,#2649,.F.);
#2322=EDGE_CURVE('',#2567,#2650,#2651,.F.);
#2323=EDGE_CURVE('',#2650,#2648,#2652,.T.);
#2324=EDGE_CURVE('',#2653,#2648,#2654,.T.);
#2325=EDGE_CURVE('',#2653,#2563,#2655,.T.);
#2326=EDGE_CURVE('',#2656,#2653,#2657,.T.);
#2327=EDGE_CURVE('',#2656,#2565,#2658,.T.);
#2328=EDGE_CURVE('',#2650,#2656,#2659,.T.);
#2329=EDGE_CURVE('',#2585,#2660,#2661,.T.);
#2330=EDGE_CURVE('',#2662,#2660,#2663,.T.);
#2331=EDGE_CURVE('',#2586,#2662,#2664,.T.);
#2332=EDGE_CURVE('',#2665,#2662,#2666,.F.);
#2333=EDGE_CURVE('',#2588,#2665,#2667,.T.);
#2334=EDGE_CURVE('',#2665,#2668,#2669,.F.);
#2335=EDGE_CURVE('',#2668,#2590,#2670,.F.);
#2336=EDGE_CURVE('',#2668,#2671,#2672,.F.);
#2337=EDGE_CURVE('',#2671,#2592,#2673,.F.);
#2338=EDGE_CURVE('',#2674,#2594,#2675,.T.);
#2339=EDGE_CURVE('',#2671,#2674,#2676,.F.);
#2340=EDGE_CURVE('',#2677,#2674,#2678,.F.);
#2341=EDGE_CURVE('',#2677,#2596,#2679,.T.);
#2342=EDGE_CURVE('',#2680,#2677,#2681,.T.);
#2343=EDGE_CURVE('',#2680,#2598,#2682,.T.);
#2344=EDGE_CURVE('',#2683,#2680,#2684,.T.);
#2345=EDGE_CURVE('',#2600,#2683,#2685,.F.);
#2346=EDGE_CURVE('',#2683,#2686,#2687,.F.);
#2347=EDGE_CURVE('',#2686,#2602,#2688,.F.);
#2348=EDGE_CURVE('',#2686,#2689,#2690,.F.);
#2349=EDGE_CURVE('',#2689,#2604,#2691,.F.);
#2350=EDGE_CURVE('',#2692,#2606,#2693,.T.);
#2351=EDGE_CURVE('',#2689,#2692,#2694,.F.);
#2352=EDGE_CURVE('',#2695,#2692,#2696,.F.);
#2353=EDGE_CURVE('',#2695,#2608,#2697,.T.);
#2354=EDGE_CURVE('',#2698,#2695,#2699,.T.);
#2355=EDGE_CURVE('',#2698,#2610,#2700,.T.);
#2356=EDGE_CURVE('',#2701,#2698,#2702,.T.);
#2357=EDGE_CURVE('',#2612,#2701,#2703,.F.);
#2358=EDGE_CURVE('',#2701,#2704,#2705,.F.);
#2359=EDGE_CURVE('',#2704,#2614,#2706,.F.);
#2360=EDGE_CURVE('',#2704,#2707,#2708,.F.);
#2361=EDGE_CURVE('',#2707,#2616,#2709,.F.);
#2362=EDGE_CURVE('',#2710,#2618,#2711,.F.);
#2363=EDGE_CURVE('',#2707,#2710,#2712,.F.);
#2364=EDGE_CURVE('',#2713,#2710,#2714,.T.);
#2365=EDGE_CURVE('',#2620,#2713,#2715,.T.);
#2366=EDGE_CURVE('',#2716,#2713,#2717,.T.);
#2367=EDGE_CURVE('',#2622,#2716,#2718,.T.);
#2368=EDGE_CURVE('',#2719,#2716,#2720,.F.);
#2369=EDGE_CURVE('',#2624,#2719,#2721,.T.);
#2370=EDGE_CURVE('',#2719,#2722,#2723,.F.);
#2371=EDGE_CURVE('',#2722,#2626,#2724,.F.);
#2372=EDGE_CURVE('',#2722,#2725,#2726,.F.);
#2373=EDGE_CURVE('',#2725,#2628,#2727,.F.);
#2374=EDGE_CURVE('',#2728,#2630,#2729,.F.);
#2375=EDGE_CURVE('',#2725,#2728,#2730,.F.);
#2376=EDGE_CURVE('',#2660,#2728,#2731,.T.);
#2377=EDGE_CURVE('',#2732,#2725,#2733,.T.);
#2378=EDGE_CURVE('',#2732,#2734,#2735,.F.);
#2379=EDGE_CURVE('',#2734,#2668,#2736,.T.);
#2380=EDGE_CURVE('',#2734,#2737,#2738,.F.);
#2381=EDGE_CURVE('',#2737,#2671,#2739,.T.);
#2382=EDGE_CURVE('',#2737,#2740,#2741,.F.);
#2383=EDGE_CURVE('',#2740,#2686,#2742,.T.);
#2384=EDGE_CURVE('',#2740,#2743,#2744,.F.);
#2385=EDGE_CURVE('',#2743,#2689,#2745,.T.);
#2386=EDGE_CURVE('',#2743,#2746,#2747,.F.);
#2387=EDGE_CURVE('',#2746,#2704,#2748,.T.);
#2388=EDGE_CURVE('',#2746,#2749,#2750,.F.);
#2389=EDGE_CURVE('',#2749,#2707,#2751,.T.);
#2390=EDGE_CURVE('',#2749,#2752,#2753,.F.);
#2391=EDGE_CURVE('',#2752,#2722,#2754,.T.);
#2392=EDGE_CURVE('',#2752,#2732,#2755,.F.);
#2393=EDGE_CURVE('',#2756,#2757,#2758,.T.);
#2394=EDGE_CURVE('',#2757,#2759,#2760,.T.);
#2395=EDGE_CURVE('',#2761,#2759,#2762,.T.);
#2396=EDGE_CURVE('',#2756,#2761,#2763,.T.);
#2397=EDGE_CURVE('',#2757,#2764,#2765,.T.);
#2398=EDGE_CURVE('',#2764,#2766,#2767,.T.);
#2399=EDGE_CURVE('',#2759,#2766,#2768,.T.);
#2400=EDGE_CURVE('',#2764,#2769,#2770,.T.);
#2401=EDGE_CURVE('',#2769,#2771,#2772,.T.);
#2402=EDGE_CURVE('',#2766,#2771,#2773,.T.);
#2403=EDGE_CURVE('',#2769,#2774,#2775,.T.);
#2404=EDGE_CURVE('',#2774,#2776,#2777,.T.);
#2405=EDGE_CURVE('',#2771,#2776,#2778,.T.);
#2406=EDGE_CURVE('',#2774,#2779,#2780,.T.);
#2407=EDGE_CURVE('',#2779,#2781,#2782,.T.);
#2408=EDGE_CURVE('',#2776,#2781,#2783,.T.);
#2409=EDGE_CURVE('',#2779,#2784,#2785,.T.);
#2410=EDGE_CURVE('',#2784,#2786,#2787,.T.);
#2411=EDGE_CURVE('',#2781,#2786,#2788,.T.);
#2412=EDGE_CURVE('',#2784,#2789,#2790,.T.);
#2413=EDGE_CURVE('',#2789,#2791,#2792,.T.);
#2414=EDGE_CURVE('',#2786,#2791,#2793,.T.);
#2415=EDGE_CURVE('',#2789,#2794,#2795,.T.);
#2416=EDGE_CURVE('',#2794,#2796,#2797,.T.);
#2417=EDGE_CURVE('',#2791,#2796,#2798,.T.);
#2418=EDGE_CURVE('',#2794,#2799,#2800,.T.);
#2419=EDGE_CURVE('',#2799,#2801,#2802,.T.);
#2420=EDGE_CURVE('',#2796,#2801,#2803,.T.);
#2421=EDGE_CURVE('',#2799,#2756,#2804,.T.);
#2422=EDGE_CURVE('',#2801,#2761,#2805,.T.);
#2423=EDGE_CURVE('',#2806,#2807,#2808,.T.);
#2424=EDGE_CURVE('',#2807,#2809,#2810,.T.);
#2425=EDGE_CURVE('',#2811,#2809,#2812,.T.);
#2426=EDGE_CURVE('',#2806,#2811,#2813,.T.);
#2427=EDGE_CURVE('',#2807,#2814,#2815,.T.);
#2428=EDGE_CURVE('',#2814,#2816,#2817,.T.);
#2429=EDGE_CURVE('',#2809,#2816,#2818,.T.);
#2430=EDGE_CURVE('',#2814,#2819,#2820,.T.);
#2431=EDGE_CURVE('',#2819,#2821,#2822,.T.);
#2432=EDGE_CURVE('',#2816,#2821,#2823,.T.);
#2433=EDGE_CURVE('',#2819,#2824,#2825,.T.);
#2434=EDGE_CURVE('',#2824,#2826,#2827,.T.);
#2435=EDGE_CURVE('',#2821,#2826,#2828,.T.);
#2436=EDGE_CURVE('',#2824,#2829,#2830,.T.);
#2437=EDGE_CURVE('',#2829,#2831,#2832,.T.);
#2438=EDGE_CURVE('',#2826,#2831,#2833,.T.);
#2439=EDGE_CURVE('',#2829,#2834,#2835,.T.);
#2440=EDGE_CURVE('',#2834,#2836,#2837,.T.);
#2441=EDGE_CURVE('',#2831,#2836,#2838,.T.);
#2442=EDGE_CURVE('',#2834,#2839,#2840,.T.);
#2443=EDGE_CURVE('',#2839,#2841,#2842,.T.);
#2444=EDGE_CURVE('',#2836,#2841,#2843,.T.);
#2445=EDGE_CURVE('',#2839,#2844,#2845,.T.);
#2446=EDGE_CURVE('',#2844,#2846,#2847,.T.);
#2447=EDGE_CURVE('',#2841,#2846,#2848,.T.);
#2448=EDGE_CURVE('',#2844,#2849,#2850,.T.);
#2449=EDGE_CURVE('',#2849,#2851,#2852,.T.);
#2450=EDGE_CURVE('',#2846,#2851,#2853,.T.);
#2451=EDGE_CURVE('',#2849,#2806,#2854,.T.);
#2452=EDGE_CURVE('',#2851,#2811,#2855,.T.);
#2453=EDGE_CURVE('',#2856,#2857,#2858,.T.);
#2454=EDGE_CURVE('',#2859,#2856,#2860,.T.);
#2455=EDGE_CURVE('',#2861,#2859,#2862,.T.);
#2456=EDGE_CURVE('',#2863,#2861,#2864,.T.);
#2457=EDGE_CURVE('',#2865,#2863,#2866,.T.);
#2458=EDGE_CURVE('',#2867,#2865,#2868,.T.);
#2459=EDGE_CURVE('',#2869,#2867,#2870,.T.);
#2460=EDGE_CURVE('',#2871,#2869,#2872,.T.);
#2461=EDGE_CURVE('',#2873,#2871,#2874,.T.);
#2462=EDGE_CURVE('',#2875,#2873,#2876,.T.);
#2463=EDGE_CURVE('',#2877,#2875,#2878,.T.);
#2464=EDGE_CURVE('',#2879,#2877,#2880,.T.);
#2465=EDGE_CURVE('',#2881,#2879,#2882,.T.);
#2466=EDGE_CURVE('',#2883,#2881,#2884,.T.);
#2467=EDGE_CURVE('',#2885,#2883,#2886,.T.);
#2468=EDGE_CURVE('',#2857,#2885,#2887,.T.);
#2469=EDGE_CURVE('',#2888,#2889,#2890,.T.);
#2470=EDGE_CURVE('',#2889,#2891,#2892,.T.);
#2471=EDGE_CURVE('',#2891,#2893,#2894,.T.);
#2472=EDGE_CURVE('',#2893,#2895,#2896,.T.);
#2473=EDGE_CURVE('',#2895,#2897,#2898,.T.);
#2474=EDGE_CURVE('',#2897,#2899,#2900,.T.);
#2475=EDGE_CURVE('',#2899,#2901,#2902,.T.);
#2476=EDGE_CURVE('',#2901,#2903,#2904,.T.);
#2477=EDGE_CURVE('',#2903,#2905,#2906,.T.);
#2478=EDGE_CURVE('',#2905,#2907,#2908,.T.);
#2479=EDGE_CURVE('',#2907,#2909,#2910,.T.);
#2480=EDGE_CURVE('',#2909,#2911,#2912,.T.);
#2481=EDGE_CURVE('',#2911,#2913,#2914,.T.);
#2482=EDGE_CURVE('',#2913,#2915,#2916,.T.);
#2483=EDGE_CURVE('',#2915,#2917,#2918,.T.);
#2484=EDGE_CURVE('',#2917,#2888,#2919,.T.);
#2485=EDGE_CURVE('',#2920,#2920,#2921,.T.);
#2486=EDGE_CURVE('',#2922,#2922,#2923,.T.);
#2487=EDGE_CURVE('',#2857,#2888,#2924,.T.);
#2488=EDGE_CURVE('',#2856,#2917,#2925,.T.);
#2489=EDGE_CURVE('',#2859,#2915,#2926,.T.);
#2490=EDGE_CURVE('',#2861,#2913,#2927,.T.);
#2491=EDGE_CURVE('',#2863,#2911,#2928,.T.);
#2492=EDGE_CURVE('',#2865,#2909,#2929,.T.);
#2493=EDGE_CURVE('',#2867,#2907,#2930,.T.);
#2494=EDGE_CURVE('',#2869,#2905,#2931,.T.);
#2495=EDGE_CURVE('',#2871,#2903,#2932,.T.);
#2496=EDGE_CURVE('',#2873,#2901,#2933,.T.);
#2497=EDGE_CURVE('',#2875,#2899,#2934,.T.);
#2498=EDGE_CURVE('',#2877,#2897,#2935,.T.);
#2499=EDGE_CURVE('',#2879,#2895,#2936,.T.);
#2500=EDGE_CURVE('',#2881,#2893,#2937,.T.);
#2501=EDGE_CURVE('',#2883,#2891,#2938,.T.);
#2502=EDGE_CURVE('',#2885,#2889,#2939,.T.);
#2503=EDGE_CURVE('',#2940,#2940,#2941,.T.);
#2504=LINE('',#2942,#2943);
#2505=LINE('',#2945,#2946);
#2506=LINE('',#2948,#2949);
#2507=LINE('',#2951,#2952);
#2508=LINE('',#2954,#2955);
#2509=LINE('',#2957,#2958);
#2510=LINE('',#2960,#2961);
#2511=LINE('',#2963,#2964);
#2512=VERTEX_POINT('',#2966);
#2513=VERTEX_POINT('',#2967);
#2514=LINE('',#2968,#2969);
#2515=VERTEX_POINT('',#2971);
#2516=LINE('',#2972,#2973);
#2517=VERTEX_POINT('',#2975);
#2518=LINE('',#2976,#2977);
#2519=VERTEX_POINT('',#2979);
#2520=LINE('',#2980,#2981);
#2521=VERTEX_POINT('',#2983);
#2522=LINE('',#2984,#2985);
#2523=VERTEX_POINT('',#2987);
#2524=LINE('',#2988,#2989);
#2525=VERTEX_POINT('',#2991);
#2526=LINE('',#2992,#2993);
#2527=LINE('',#2995,#2996);
#2528=VERTEX_POINT('',#2998);
#2529=VERTEX_POINT('',#2999);
#2530=LINE('',#3000,#3001);
#2531=VERTEX_POINT('',#3003);
#2532=LINE('',#3004,#3005);
#2533=VERTEX_POINT('',#3007);
#2534=LINE('',#3008,#3009);
#2535=VERTEX_POINT('',#3011);
#2536=LINE('',#3012,#3013);
#2537=VERTEX_POINT('',#3015);
#2538=LINE('',#3016,#3017);
#2539=VERTEX_POINT('',#3019);
#2540=LINE('',#3020,#3021);
#2541=VERTEX_POINT('',#3023);
#2542=LINE('',#3024,#3025);
#2543=LINE('',#3027,#3028);
#2544=LINE('',#3030,#3031);
#2545=VERTEX_POINT('',#3033);
#2546=LINE('',#3034,#3035);
#2547=VERTEX_POINT('',#3037);
#2548=LINE('',#3038,#3039);
#2549=VERTEX_POINT('',#3041);
#2550=LINE('',#3042,#3043);
#2551=VERTEX_POINT('',#3045);
#2552=LINE('',#3046,#3047);
#2553=VERTEX_POINT('',#3049);
#2554=LINE('',#3050,#3051);
#2555=VERTEX_POINT('',#3053);
#2556=LINE('',#3054,#3055);
#2557=LINE('',#3057,#3058);
#2558=LINE('',#3060,#3061);
#2559=VERTEX_POINT('',#3063);
#2560=LINE('',#3064,#3065);
#2561=VERTEX_POINT('',#3067);
#2562=LINE('',#3068,#3069);
#2563=VERTEX_POINT('',#3071);
#2564=LINE('',#3072,#3073);
#2565=VERTEX_POINT('',#3075);
#2566=LINE('',#3076,#3077);
#2567=VERTEX_POINT('',#3079);
#2568=LINE('',#3080,#3081);
#2569=VERTEX_POINT('',#3083);
#2570=LINE('',#3084,#3085);
#2571=LINE('',#3087,#3088);
#2572=LINE('',#3090,#3091);
#2573=LINE('',#3093,#3094);
#2574=VERTEX_POINT('',#3096);
#2575=LINE('',#3097,#3098);
#2576=LINE('',#3100,#3101);
#2577=VERTEX_POINT('',#3103);
#2578=LINE('',#3104,#3105);
#2579=VERTEX_POINT('',#3107);
#2580=LINE('',#3108,#3109);
#2581=VERTEX_POINT('',#3111);
#2582=LINE('',#3112,#3113);
#2583=LINE('',#3115,#3116);
#2584=LINE('',#3118,#3119);
#2585=VERTEX_POINT('',#3121);
#2586=VERTEX_POINT('',#3122);
#2587=LINE('',#3123,#3124);
#2588=VERTEX_POINT('',#3126);
#2589=LINE('',#3127,#3128);
#2590=VERTEX_POINT('',#3130);
#2591=LINE('',#3131,#3132);
#2592=VERTEX_POINT('',#3134);
#2593=LINE('',#3135,#3136);
#2594=VERTEX_POINT('',#3138);
#2595=LINE('',#3139,#3140);
#2596=VERTEX_POINT('',#3142);
#2597=LINE('',#3143,#3144);
#2598=VERTEX_POINT('',#3146);
#2599=LINE('',#3147,#3148);
#2600=VERTEX_POINT('',#3150);
#2601=LINE('',#3151,#3152);
#2602=VERTEX_POINT('',#3154);
#2603=LINE('',#3155,#3156);
#2604=VERTEX_POINT('',#3158);
#2605=LINE('',#3159,#3160);
#2606=VERTEX_POINT('',#3162);
#2607=LINE('',#3163,#3164);
#2608=VERTEX_POINT('',#3166);
#2609=LINE('',#3167,#3168);
#2610=VERTEX_POINT('',#3170);
#2611=LINE('',#3171,#3172);
#2612=VERTEX_POINT('',#3174);
#2613=LINE('',#3175,#3176);
#2614=VERTEX_POINT('',#3178);
#2615=LINE('',#3179,#3180);
#2616=VERTEX_POINT('',#3182);
#2617=LINE('',#3183,#3184);
#2618=VERTEX_POINT('',#3186);
#2619=LINE('',#3187,#3188);
#2620=VERTEX_POINT('',#3190);
#2621=LINE('',#3191,#3192);
#2622=VERTEX_POINT('',#3194);
#2623=LINE('',#3195,#3196);
#2624=VERTEX_POINT('',#3198);
#2625=LINE('',#3199,#3200);
#2626=VERTEX_POINT('',#3202);
#2627=LINE('',#3203,#3204);
#2628=VERTEX_POINT('',#3206);
#2629=LINE('',#3207,#3208);
#2630=VERTEX_POINT('',#3210);
#2631=LINE('',#3211,#3212);
#2632=LINE('',#3214,#3215);
#2633=LINE('',#3217,#3218);
#2634=LINE('',#3220,#3221);
#2635=LINE('',#3223,#3224);
#2636=VERTEX_POINT('',#3226);
#2637=LINE('',#3227,#3228);
#2638=VERTEX_POINT('',#3230);
#2639=LINE('',#3231,#3232);
#2640=LINE('',#3234,#3235);
#2641=VERTEX_POINT('',#3237);
#2642=LINE('',#3238,#3239);
#2643=LINE('',#3241,#3242);
#2644=VERTEX_POINT('',#3244);
#2645=LINE('',#3245,#3246);
#2646=LINE('',#3248,#3249);
#2647=LINE('',#3251,#3252);
#2648=VERTEX_POINT('',#3254);
#2649=LINE('',#3255,#3256);
#2650=VERTEX_POINT('',#3258);
#2651=LINE('',#3259,#3260);
#2652=LINE('',#3262,#3263);
#2653=VERTEX_POINT('',#3265);
#2654=LINE('',#3266,#3267);
#2655=LINE('',#3269,#3270);
#2656=VERTEX_POINT('',#3272);
#2657=LINE('',#3273,#3274);
#2658=LINE('',#3276,#3277);
#2659=LINE('',#3279,#3280);
#2660=VERTEX_POINT('',#3282);
#2661=LINE('',#3283,#3284);
#2662=VERTEX_POINT('',#3286);
#2663=LINE('',#3287,#3288);
#2664=LINE('',#3290,#3291);
#2665=VERTEX_POINT('',#3293);
#2666=LINE('',#3294,#3295);
#2667=LINE('',#3297,#3298);
#2668=VERTEX_POINT('',#3300);
#2669=LINE('',#3301,#3302);
#2670=LINE('',#3304,#3305);
#2671=VERTEX_POINT('',#3307);
#2672=LINE('',#3308,#3309);
#2673=LINE('',#3311,#3312);
#2674=VERTEX_POINT('',#3314);
#2675=LINE('',#3315,#3316);
#2676=LINE('',#3318,#3319);
#2677=VERTEX_POINT('',#3321);
#2678=LINE('',#3322,#3323);
#2679=LINE('',#3325,#3326);
#2680=VERTEX_POINT('',#3328);
#2681=LINE('',#3329,#3330);
#2682=LINE('',#3332,#3333);
#2683=VERTEX_POINT('',#3335);
#2684=LINE('',#3336,#3337);
#2685=LINE('',#3339,#3340);
#2686=VERTEX_POINT('',#3342);
#2687=LINE('',#3343,#3344);
#2688=LINE('',#3346,#3347);
#2689=VERTEX_POINT('',#3349);
#2690=LINE('',#3350,#3351);
#2691=LINE('',#3353,#3354);
#2692=VERTEX_POINT('',#3356);
#2693=LINE('',#3357,#3358);
#2694=LINE('',#3360,#3361);
#2695=VERTEX_POINT('',#3363);
#2696=LINE('',#3364,#3365);
#2697=LINE('',#3367,#3368);
#2698=VERTEX_POINT('',#3370);
#2699=LINE('',#3371,#3372);
#2700=LINE('',#3374,#3375);
#2701=VERTEX_POINT('',#3377);
#2702=LINE('',#3378,#3379);
#2703=LINE('',#3381,#3382);
#2704=VERTEX_POINT('',#3384);
#2705=LINE('',#3385,#3386);
#2706=LINE('',#3388,#3389);
#2707=VERTEX_POINT('',#3391);
#2708=LINE('',#3392,#3393);
#2709=LINE('',#3395,#3396);
#2710=VERTEX_POINT('',#3398);
#2711=LINE('',#3399,#3400);
#2712=LINE('',#3402,#3403);
#2713=VERTEX_POINT('',#3405);
#2714=LINE('',#3406,#3407);
#2715=LINE('',#3409,#3410);
#2716=VERTEX_POINT('',#3412);
#2717=LINE('',#3413,#3414);
#2718=LINE('',#3416,#3417);
#2719=VERTEX_POINT('',#3419);
#2720=LINE('',#3420,#3421);
#2721=LINE('',#3423,#3424);
#2722=VERTEX_POINT('',#3426);
#2723=LINE('',#3427,#3428);
#2724=LINE('',#3430,#3431);
#2725=VERTEX_POINT('',#3433);
#2726=LINE('',#3434,#3435);
#2727=LINE('',#3437,#3438);
#2728=VERTEX_POINT('',#3440);
#2729=LINE('',#3441,#3442);
#2730=LINE('',#3444,#3445);
#2731=LINE('',#3447,#3448);
#2732=VERTEX_POINT('',#3450);
#2733=LINE('',#3451,#3452);
#2734=VERTEX_POINT('',#3454);
#2735=LINE('',#3455,#3456);
#2736=LINE('',#3458,#3459);
#2737=VERTEX_POINT('',#3461);
#2738=LINE('',#3462,#3463);
#2739=LINE('',#3465,#3466);
#2740=VERTEX_POINT('',#3468);
#2741=LINE('',#3469,#3470);
#2742=LINE('',#3472,#3473);
#2743=VERTEX_POINT('',#3475);
#2744=LINE('',#3476,#3477);
#2745=LINE('',#3479,#3480);
#2746=VERTEX_POINT('',#3482);
#2747=LINE('',#3483,#3484);
#2748=LINE('',#3486,#3487);
#2749=VERTEX_POINT('',#3489);
#2750=LINE('',#3490,#3491);
#2751=LINE('',#3493,#3494);
#2752=VERTEX_POINT('',#3496);
#2753=LINE('',#3497,#3498);
#2754=LINE('',#3500,#3501);
#2755=LINE('',#3503,#3504);
#2756=VERTEX_POINT('',#3506);
#2757=VERTEX_POINT('',#3507);
#2758=LINE('',#3508,#3509);
#2759=VERTEX_POINT('',#3511);
#2760=LINE('',#3512,#3513);
#2761=VERTEX_POINT('',#3515);
#2762=LINE('',#3516,#3517);
#2763=LINE('',#3519,#3520);
#2764=VERTEX_POINT('',#3522);
#2765=CIRCLE('',#3523,0.05);
#2766=VERTEX_POINT('',#3527);
#2767=LINE('',#3528,#3529);
#2768=CIRCLE('',#3531,0.05);
#2769=VERTEX_POINT('',#3535);
#2770=LINE('',#3536,#3537);
#2771=VERTEX_POINT('',#3539);
#2772=LINE('',#3540,#3541);
#2773=LINE('',#3543,#3544);
#2774=VERTEX_POINT('',#3546);
#2775=CIRCLE('',#3547,0.05);
#2776=VERTEX_POINT('',#3551);
#2777=LINE('',#3552,#3553);
#2778=CIRCLE('',#3555,0.05);
#2779=VERTEX_POINT('',#3559);
#2780=LINE('',#3560,#3561);
#2781=VERTEX_POINT('',#3563);
#2782=LINE('',#3564,#3565);
#2783=LINE('',#3567,#3568);
#2784=VERTEX_POINT('',#3570);
#2785=CIRCLE('',#3571,0.25);
#2786=VERTEX_POINT('',#3575);
#2787=LINE('',#3576,#3577);
#2788=CIRCLE('',#3579,0.25);
#2789=VERTEX_POINT('',#3583);
#2790=LINE('',#3584,#3585);
#2791=VERTEX_POINT('',#3587);
#2792=LINE('',#3588,#3589);
#2793=LINE('',#3591,#3592);
#2794=VERTEX_POINT('',#3594);
#2795=CIRCLE('',#3595,0.25);
#2796=VERTEX_POINT('',#3599);
#2797=LINE('',#3600,#3601);
#2798=CIRCLE('',#3603,0.25);
#2799=VERTEX_POINT('',#3607);
#2800=LINE('',#3608,#3609);
#2801=VERTEX_POINT('',#3611);
#2802=LINE('',#3612,#3613);
#2803=LINE('',#3615,#3616);
#2804=LINE('',#3618,#3619);
#2805=LINE('',#3621,#3622);
#2806=VERTEX_POINT('',#3624);
#2807=VERTEX_POINT('',#3625);
#2808=LINE('',#3626,#3627);
#2809=VERTEX_POINT('',#3629);
#2810=LINE('',#3630,#3631);
#2811=VERTEX_POINT('',#3633);
#2812=LINE('',#3634,#3635);
#2813=LINE('',#3637,#3638);
#2814=VERTEX_POINT('',#3640);
#2815=CIRCLE('',#3641,0.05);
#2816=VERTEX_POINT('',#3645);
#2817=LINE('',#3646,#3647);
#2818=CIRCLE('',#3649,0.05);
#2819=VERTEX_POINT('',#3653);
#2820=LINE('',#3654,#3655);
#2821=VERTEX_POINT('',#3657);
#2822=LINE('',#3658,#3659);
#2823=LINE('',#3661,#3662);
#2824=VERTEX_POINT('',#3664);
#2825=CIRCLE('',#3665,0.05);
#2826=VERTEX_POINT('',#3669);
#2827=LINE('',#3670,#3671);
#2828=CIRCLE('',#3673,0.05);
#2829=VERTEX_POINT('',#3677);
#2830=LINE('',#3678,#3679);
#2831=VERTEX_POINT('',#3681);
#2832=LINE('',#3682,#3683);
#2833=LINE('',#3685,#3686);
#2834=VERTEX_POINT('',#3688);
#2835=CIRCLE('',#3689,0.25);
#2836=VERTEX_POINT('',#3693);
#2837=LINE('',#3694,#3695);
#2838=CIRCLE('',#3697,0.25);
#2839=VERTEX_POINT('',#3701);
#2840=LINE('',#3702,#3703);
#2841=VERTEX_POINT('',#3705);
#2842=LINE('',#3706,#3707);
#2843=LINE('',#3709,#3710);
#2844=VERTEX_POINT('',#3712);
#2845=CIRCLE('',#3713,0.25);
#2846=VERTEX_POINT('',#3717);
#2847=LINE('',#3718,#3719);
#2848=CIRCLE('',#3721,0.25);
#2849=VERTEX_POINT('',#3725);
#2850=LINE('',#3726,#3727);
#2851=VERTEX_POINT('',#3729);
#2852=LINE('',#3730,#3731);
#2853=LINE('',#3733,#3734);
#2854=LINE('',#3736,#3737);
#2855=LINE('',#3739,#3740);
#2856=VERTEX_POINT('',#3742);
#2857=VERTEX_POINT('',#3743);
#2858=CIRCLE('',#3744,0.2);
#2859=VERTEX_POINT('',#3748);
#2860=LINE('',#3749,#3750);
#2861=VERTEX_POINT('',#3752);
#2862=CIRCLE('',#3753,0.2);
#2863=VERTEX_POINT('',#3757);
#2864=LINE('',#3758,#3759);
#2865=VERTEX_POINT('',#3761);
#2866=CIRCLE('',#3762,0.2);
#2867=VERTEX_POINT('',#3766);
#2868=LINE('',#3767,#3768);
#2869=VERTEX_POINT('',#3770);
#2870=CIRCLE('',#3771,0.2);
#2871=VERTEX_POINT('',#3775);
#2872=LINE('',#3776,#3777);
#2873=VERTEX_POINT('',#3779);
#2874=CIRCLE('',#3780,0.2);
#2875=VERTEX_POINT('',#3784);
#2876=LINE('',#3785,#3786);
#2877=VERTEX_POINT('',#3788);
#2878=CIRCLE('',#3789,0.2);
#2879=VERTEX_POINT('',#3793);
#2880=LINE('',#3794,#3795);
#2881=VERTEX_POINT('',#3797);
#2882=CIRCLE('',#3798,0.2);
#2883=VERTEX_POINT('',#3802);
#2884=LINE('',#3803,#3804);
#2885=VERTEX_POINT('',#3806);
#2886=CIRCLE('',#3807,0.2);
#2887=LINE('',#3811,#3812);
#2888=VERTEX_POINT('',#3814);
#2889=VERTEX_POINT('',#3815);
#2890=LINE('',#3816,#3817);
#2891=VERTEX_POINT('',#3819);
#2892=CIRCLE('',#3820,0.2);
#2893=VERTEX_POINT('',#3824);
#2894=LINE('',#3825,#3826);
#2895=VERTEX_POINT('',#3828);
#2896=CIRCLE('',#3829,0.2);
#2897=VERTEX_POINT('',#3833);
#2898=LINE('',#3834,#3835);
#2899=VERTEX_POINT('',#3837);
#2900=CIRCLE('',#3838,0.2);
#2901=VERTEX_POINT('',#3842);
#2902=LINE('',#3843,#3844);
#2903=VERTEX_POINT('',#3846);
#2904=CIRCLE('',#3847,0.2);
#2905=VERTEX_POINT('',#3851);
#2906=LINE('',#3852,#3853);
#2907=VERTEX_POINT('',#3855);
#2908=CIRCLE('',#3856,0.2);
#2909=VERTEX_POINT('',#3860);
#2910=LINE('',#3861,#3862);
#2911=VERTEX_POINT('',#3864);
#2912=CIRCLE('',#3865,0.2);
#2913=VERTEX_POINT('',#3869);
#2914=LINE('',#3870,#3871);
#2915=VERTEX_POINT('',#3873);
#2916=CIRCLE('',#3874,0.2);
#2917=VERTEX_POINT('',#3878);
#2918=LINE('',#3879,#3880);
#2919=CIRCLE('',#3882,0.2);
#2920=VERTEX_POINT('',#3886);
#2921=CIRCLE('',#3887,2.3);
#2922=VERTEX_POINT('',#3891);
#2923=CIRCLE('',#3892,2.3);
#2924=LINE('',#3896,#3897);
#2925=LINE('',#3899,#3900);
#2926=LINE('',#3902,#3903);
#2927=LINE('',#3905,#3906);
#2928=LINE('',#3908,#3909);
#2929=LINE('',#3911,#3912);
#2930=LINE('',#3914,#3915);
#2931=LINE('',#3917,#3918);
#2932=LINE('',#3920,#3921);
#2933=LINE('',#3923,#3924);
#2934=LINE('',#3926,#3927);
#2935=LINE('',#3929,#3930);
#2936=LINE('',#3932,#3933);
#2937=LINE('',#3935,#3936);
#2938=LINE('',#3938,#3939);
#2939=LINE('',#3941,#3942);
#2940=VERTEX_POINT('',#3944);
#2941=CIRCLE('',#3945,2.2);
#2942=CARTESIAN_POINT('',(1.,-4.,0.));
#2943=VECTOR('',#2944,1.);
#2944=DIRECTION('',(0.,1.,0.));
#2945=CARTESIAN_POINT('',(1.,-2.,0.));
#2946=VECTOR('',#2947,1.);
#2947=DIRECTION('',(-1.,0.,0.));
#2948=CARTESIAN_POINT('',(-1.,-2.,0.));
#2949=VECTOR('',#2950,1.);
#2950=DIRECTION('',(0.,-1.,0.));
#2951=CARTESIAN_POINT('',(-1.,-4.,0.));
#2952=VECTOR('',#2953,1.);
#2953=DIRECTION('',(1.,0.,0.));
#2954=CARTESIAN_POINT('',(1.,4.,0.));
#2955=VECTOR('',#2956,1.);
#2956=DIRECTION('',(-1.,0.,0.));
#2957=CARTESIAN_POINT('',(-1.,4.,0.));
#2958=VECTOR('',#2959,1.);
#2959=DIRECTION('',(0.,-1.,0.));
#2960=CARTESIAN_POINT('',(-1.,2.,0.));
#2961=VECTOR('',#2962,1.);
#2962=DIRECTION('',(1.,0.,0.));
#2963=CARTESIAN_POINT('',(1.,2.,0.));
#2964=VECTOR('',#2965,1.);
#2965=DIRECTION('',(0.,1.,0.));
#2966=CARTESIAN_POINT('',(-3.00000000000022,1.12500000011595,0.15));
#2967=CARTESIAN_POINT('',(-3.00000000000022,-1.12500000011595,0.150000000066445));
#2968=CARTESIAN_POINT('',(-3.00000000000017,-1.12500000011595,0.150000000066445));
#2969=VECTOR('',#2970,1.);
#2970=DIRECTION('',(5.26985862301094E-014,1.,-2.95313279972277E-011));
#2971=CARTESIAN_POINT('',(-3.00000000000018,-1.27500000016664,0.));
#2972=CARTESIAN_POINT('',(-3.00000000000018,-1.27500000016664,3.1814763617972E-026));
#2973=VECTOR('',#2974,1.);
#2974=DIRECTION('',(3.76822189936972E-014,0.707106781149417,0.707106781223678));
#2975=CARTESIAN_POINT('',(-3.00000000000022,-2.00000000000002,0.));
#2976=CARTESIAN_POINT('',(-3.00000000000018,-1.27500000016664,0.));
#2977=VECTOR('',#2978,1.);
#2978=DIRECTION('',(-5.26781683529416E-014,-1.,0.));
#2979=CARTESIAN_POINT('',(-3.00000000000022,-2.00000000000002,3.5));
#2980=CARTESIAN_POINT('',(-3.00000000000022,-2.00000000000002,0.));
#2981=VECTOR('',#2982,1.);
#2982=DIRECTION('',(0.,0.,1.));
#2983=CARTESIAN_POINT('',(-3.00000000000001,2.00000000000002,3.5));
#2984=CARTESIAN_POINT('',(-3.00000000000001,2.00000000000002,3.5));
#2985=VECTOR('',#2986,1.);
#2986=DIRECTION('',(-5.27355936696945E-014,-1.,0.));
#2987=CARTESIAN_POINT('',(-3.00000000000001,2.00000000000002,0.));
#2988=CARTESIAN_POINT('',(-3.00000000000001,2.00000000000002,0.));
#2989=VECTOR('',#2990,1.);
#2990=DIRECTION('',(0.,0.,1.));
#2991=CARTESIAN_POINT('',(-3.00000000000004,1.27500000016664,0.));
#2992=CARTESIAN_POINT('',(-3.00000000000001,2.00000000000002,0.));
#2993=VECTOR('',#2994,1.);
#2994=DIRECTION('',(-5.26781683529416E-014,-1.,0.));
#2995=CARTESIAN_POINT('',(-3.00000000000005,1.12500000011595,0.15));
#2996=VECTOR('',#2997,1.);
#2997=DIRECTION('',(3.76822190020433E-014,0.70710678130603,-0.707106781067065));
#2998=CARTESIAN_POINT('',(2.99999999999998,-1.12500000011595,0.150000000066445));
#2999=CARTESIAN_POINT('',(2.99999999999998,1.12500000011595,0.15));
#3000=CARTESIAN_POINT('',(2.99999999999994,1.12500000011595,0.15));
#3001=VECTOR('',#3002,1.);
#3002=DIRECTION('',(-5.19090943015685E-014,-1.,2.95313279972277E-011));
#3003=CARTESIAN_POINT('',(2.99999999999995,1.27500000016664,0.));
#3004=CARTESIAN_POINT('',(2.99999999999995,1.27500000016664,1.11022302462516E-016));
#3005=VECTOR('',#3006,1.);
#3006=DIRECTION('',(-3.55887623908187E-014,-0.707106781306031,0.707106781067064));
#3007=CARTESIAN_POINT('',(2.99999999999998,2.,0.));
#3008=CARTESIAN_POINT('',(2.99999999999995,1.27500000016664,0.));
#3009=VECTOR('',#3010,1.);
#3010=DIRECTION('',(5.20656315116294E-014,1.,0.));
#3011=CARTESIAN_POINT('',(2.99999999999998,2.,3.5));
#3012=CARTESIAN_POINT('',(2.99999999999998,2.,0.));
#3013=VECTOR('',#3014,1.);
#3014=DIRECTION('',(0.,0.,1.));
#3015=CARTESIAN_POINT('',(2.99999999999978,-2.00000000000004,3.5));
#3016=CARTESIAN_POINT('',(2.99999999999978,-2.00000000000004,3.5));
#3017=VECTOR('',#3018,1.);
#3018=DIRECTION('',(5.18474152499943E-014,1.,0.));
#3019=CARTESIAN_POINT('',(2.99999999999978,-2.00000000000004,0.));
#3020=CARTESIAN_POINT('',(2.99999999999978,-2.00000000000004,0.));
#3021=VECTOR('',#3022,1.);
#3022=DIRECTION('',(0.,0.,1.));
#3023=CARTESIAN_POINT('',(2.99999999999981,-1.27500000016664,0.));
#3024=CARTESIAN_POINT('',(2.99999999999978,-2.00000000000004,0.));
#3025=VECTOR('',#3026,1.);
#3026=DIRECTION('',(5.20656315116268E-014,1.,0.));
#3027=CARTESIAN_POINT('',(2.99999999999982,-1.12500000011595,0.150000000066445));
#3028=VECTOR('',#3029,1.);
#3029=DIRECTION('',(-3.55887623829363E-014,-0.707106781149417,-0.707106781223678));
#3030=CARTESIAN_POINT('',(2.99999999999998,1.27500000016664,0.));
#3031=VECTOR('',#3032,1.);
#3032=DIRECTION('',(-1.,0.,0.));
#3033=CARTESIAN_POINT('',(-2.,2.99999999999999,0.));
#3034=CARTESIAN_POINT('',(-2.,2.99999999999999,0.));
#3035=VECTOR('',#3036,1.);
#3036=DIRECTION('',(-0.707106781186559,-0.707106781186536,0.));
#3037=CARTESIAN_POINT('',(-0.700000000006673,2.99999999999999,0.));
#3038=CARTESIAN_POINT('',(-0.700000000006673,2.99999999999999,0.));
#3039=VECTOR('',#3040,1.);
#3040=DIRECTION('',(-1.,-1.02482125350541E-015,0.));
#3041=CARTESIAN_POINT('',(-0.700000000006673,2.09999999998052,0.));
#3042=CARTESIAN_POINT('',(-0.700000000006673,2.09999999998052,0.));
#3043=VECTOR('',#3044,1.);
#3044=DIRECTION('',(0.,1.,0.));
#3045=CARTESIAN_POINT('',(0.700000000006673,2.1,0.));
#3046=CARTESIAN_POINT('',(0.700000000006673,2.1,0.));
#3047=VECTOR('',#3048,1.);
#3048=DIRECTION('',(-1.,-1.3912046118156E-011,0.));
#3049=CARTESIAN_POINT('',(0.700000000006673,3.,0.));
#3050=CARTESIAN_POINT('',(0.700000000006673,3.,0.));
#3051=VECTOR('',#3052,1.);
#3052=DIRECTION('',(0.,-1.,0.));
#3053=CARTESIAN_POINT('',(2.,3.,0.));
#3054=CARTESIAN_POINT('',(2.,3.,0.));
#3055=VECTOR('',#3056,1.);
#3056=DIRECTION('',(-1.,-1.0248212535054E-015,0.));
#3057=CARTESIAN_POINT('',(2.99999999999998,2.,0.));
#3058=VECTOR('',#3059,1.);
#3059=DIRECTION('',(-0.707106781186543,0.707106781186552,0.));
#3060=CARTESIAN_POINT('',(-3.00000000000022,-1.27500000016664,0.));
#3061=VECTOR('',#3062,1.);
#3062=DIRECTION('',(1.,0.,0.));
#3063=CARTESIAN_POINT('',(1.99999999999975,-3.00000000000004,0.));
#3064=CARTESIAN_POINT('',(1.99999999999975,-3.00000000000004,0.));
#3065=VECTOR('',#3066,1.);
#3066=DIRECTION('',(0.707106781186557,0.707106781186538,0.));
#3067=CARTESIAN_POINT('',(0.700000000006673,-3.00000000000003,0.));
#3068=CARTESIAN_POINT('',(0.700000000006673,-3.00000000000003,0.));
#3069=VECTOR('',#3070,1.);
#3070=DIRECTION('',(1.,-7.1737487745392E-015,0.));
#3071=CARTESIAN_POINT('',(0.700000000006673,-2.1,0.));
#3072=CARTESIAN_POINT('',(0.700000000006673,-3.00000000000004,0.));
#3073=VECTOR('',#3074,1.);
#3074=DIRECTION('',(0.,1.,0.));
#3075=CARTESIAN_POINT('',(-0.700000000006673,-2.09999999998052,0.));
#3076=CARTESIAN_POINT('',(0.700000000006673,-2.1,0.));
#3077=VECTOR('',#3078,1.);
#3078=DIRECTION('',(-1.,1.3912046118156E-011,0.));
#3079=CARTESIAN_POINT('',(-0.700000000006673,-3.00000000000002,0.));
#3080=CARTESIAN_POINT('',(-0.700000000006673,-2.09999999998052,0.));
#3081=VECTOR('',#3082,1.);
#3082=DIRECTION('',(0.,-1.,0.));
#3083=CARTESIAN_POINT('',(-2.00000000000024,-3.00000000000001,0.));
#3084=CARTESIAN_POINT('',(-2.00000000000024,-3.00000000000001,0.));
#3085=VECTOR('',#3086,1.);
#3086=DIRECTION('',(1.,-7.17374877453651E-015,0.));
#3087=CARTESIAN_POINT('',(-3.00000000000022,-2.00000000000002,0.));
#3088=VECTOR('',#3089,1.);
#3089=DIRECTION('',(0.707106781186543,-0.707106781186552,0.));
#3090=CARTESIAN_POINT('',(2.99999999999998,-1.12500000011595,0.150000000066445));
#3091=VECTOR('',#3092,1.);
#3092=DIRECTION('',(-1.,0.,0.));
#3093=CARTESIAN_POINT('',(2.99999999999998,1.12500000011595,0.15));
#3094=VECTOR('',#3095,1.);
#3095=DIRECTION('',(-1.,0.,0.));
#3096=CARTESIAN_POINT('',(-2.00000000000024,-3.00000000000001,3.5));
#3097=CARTESIAN_POINT('',(-2.00000000000024,-3.00000000000001,0.));
#3098=VECTOR('',#3099,1.);
#3099=DIRECTION('',(0.,0.,1.));
#3100=CARTESIAN_POINT('',(-3.00000000000022,-2.00000000000002,3.5));
#3101=VECTOR('',#3102,1.);
#3102=DIRECTION('',(0.707106781186543,-0.707106781186552,0.));
#3103=CARTESIAN_POINT('',(1.99999999999975,-3.00000000000004,3.5));
#3104=CARTESIAN_POINT('',(1.99999999999975,-3.00000000000004,3.5));
#3105=VECTOR('',#3106,1.);
#3106=DIRECTION('',(0.707106781186557,0.707106781186538,0.));
#3107=CARTESIAN_POINT('',(2.,3.,3.5));
#3108=CARTESIAN_POINT('',(2.99999999999998,2.,3.5));
#3109=VECTOR('',#3110,1.);
#3110=DIRECTION('',(-0.707106781186543,0.707106781186552,0.));
#3111=CARTESIAN_POINT('',(-2.,2.99999999999999,3.5));
#3112=CARTESIAN_POINT('',(2.,3.,3.5));
#3113=VECTOR('',#3114,1.);
#3114=DIRECTION('',(-1.,-8.88178419700125E-016,0.));
#3115=CARTESIAN_POINT('',(-2.,2.99999999999999,3.5));
#3116=VECTOR('',#3117,1.);
#3117=DIRECTION('',(-0.707106781186559,-0.707106781186536,0.));
#3118=CARTESIAN_POINT('',(-2.00000000000024,-3.00000000000001,3.5));
#3119=VECTOR('',#3120,1.);
#3120=DIRECTION('',(1.,-7.10542735760101E-015,0.));
#3121=CARTESIAN_POINT('',(2.75,0.8,3.5));
#3122=CARTESIAN_POINT('',(2.75,-0.8,3.5));
#3123=CARTESIAN_POINT('',(2.75,-0.8,3.5));
#3124=VECTOR('',#3125,1.);
#3125=DIRECTION('',(0.,1.,0.));
#3126=CARTESIAN_POINT('',(2.65,-0.8,3.5));
#3127=CARTESIAN_POINT('',(2.75,-0.8,3.5));
#3128=VECTOR('',#3129,1.);
#3129=DIRECTION('',(-1.,0.,0.));
#3130=CARTESIAN_POINT('',(2.65,-2.06715728752538,3.5));
#3131=CARTESIAN_POINT('',(2.65,-2.06715728752538,3.5));
#3132=VECTOR('',#3133,1.);
#3133=DIRECTION('',(0.,1.,0.));
#3134=CARTESIAN_POINT('',(2.06715728752538,-2.65,3.5));
#3135=CARTESIAN_POINT('',(2.06715728752538,-2.65,3.5));
#3136=VECTOR('',#3137,1.);
#3137=DIRECTION('',(0.707106781186548,0.707106781186547,0.));
#3138=CARTESIAN_POINT('',(0.8,-2.65,3.5));
#3139=CARTESIAN_POINT('',(0.8,-2.65,3.5));
#3140=VECTOR('',#3141,1.);
#3141=DIRECTION('',(1.,3.50460999768482E-016,0.));
#3142=CARTESIAN_POINT('',(0.8,-2.75,3.5));
#3143=CARTESIAN_POINT('',(0.8,-2.65,3.5));
#3144=VECTOR('',#3145,1.);
#3145=DIRECTION('',(0.,-1.,0.));
#3146=CARTESIAN_POINT('',(-0.8,-2.75,3.5));
#3147=CARTESIAN_POINT('',(-0.8,-2.75,3.5));
#3148=VECTOR('',#3149,1.);
#3149=DIRECTION('',(1.,0.,0.));
#3150=CARTESIAN_POINT('',(-0.8,-2.65,3.5));
#3151=CARTESIAN_POINT('',(-0.8,-2.65,3.5));
#3152=VECTOR('',#3153,1.);
#3153=DIRECTION('',(0.,-1.,0.));
#3154=CARTESIAN_POINT('',(-2.06715728752538,-2.65,3.5));
#3155=CARTESIAN_POINT('',(-2.06715728752538,-2.65,3.5));
#3156=VECTOR('',#3157,1.);
#3157=DIRECTION('',(1.,0.,0.));
#3158=CARTESIAN_POINT('',(-2.65,-2.06715728752538,3.5));
#3159=CARTESIAN_POINT('',(-2.65,-2.06715728752538,3.5));
#3160=VECTOR('',#3161,1.);
#3161=DIRECTION('',(0.707106781186548,-0.707106781186547,0.));
#3162=CARTESIAN_POINT('',(-2.65,-0.8,3.5));
#3163=CARTESIAN_POINT('',(-2.65,-0.8,3.5));
#3164=VECTOR('',#3165,1.);
#3165=DIRECTION('',(0.,-1.,0.));
#3166=CARTESIAN_POINT('',(-2.75,-0.8,3.5));
#3167=CARTESIAN_POINT('',(-2.65,-0.8,3.5));
#3168=VECTOR('',#3169,1.);
#3169=DIRECTION('',(-1.,0.,0.));
#3170=CARTESIAN_POINT('',(-2.75,0.8,3.5));
#3171=CARTESIAN_POINT('',(-2.75,0.8,3.5));
#3172=VECTOR('',#3173,1.);
#3173=DIRECTION('',(0.,-1.,0.));
#3174=CARTESIAN_POINT('',(-2.65,0.8,3.5));
#3175=CARTESIAN_POINT('',(-2.65,0.8,3.5));
#3176=VECTOR('',#3177,1.);
#3177=DIRECTION('',(-1.,0.,0.));
#3178=CARTESIAN_POINT('',(-2.65,2.06715728752538,3.5));
#3179=CARTESIAN_POINT('',(-2.65,2.06715728752538,3.5));
#3180=VECTOR('',#3181,1.);
#3181=DIRECTION('',(0.,-1.,0.));
#3182=CARTESIAN_POINT('',(-2.06715728752538,2.65,3.5));
#3183=CARTESIAN_POINT('',(-2.06715728752538,2.65,3.5));
#3184=VECTOR('',#3185,1.);
#3185=DIRECTION('',(-0.707106781186548,-0.707106781186547,0.));
#3186=CARTESIAN_POINT('',(-0.8,2.65,3.5));
#3187=CARTESIAN_POINT('',(-0.8,2.65,3.5));
#3188=VECTOR('',#3189,1.);
#3189=DIRECTION('',(-1.,0.,0.));
#3190=CARTESIAN_POINT('',(-0.8,2.75,3.5));
#3191=CARTESIAN_POINT('',(-0.8,2.75,3.5));
#3192=VECTOR('',#3193,1.);
#3193=DIRECTION('',(0.,-1.,0.));
#3194=CARTESIAN_POINT('',(0.8,2.75,3.5));
#3195=CARTESIAN_POINT('',(0.8,2.75,3.5));
#3196=VECTOR('',#3197,1.);
#3197=DIRECTION('',(-1.,0.,0.));
#3198=CARTESIAN_POINT('',(0.8,2.65,3.5));
#3199=CARTESIAN_POINT('',(0.8,2.75,3.5));
#3200=VECTOR('',#3201,1.);
#3201=DIRECTION('',(0.,-1.,0.));
#3202=CARTESIAN_POINT('',(2.06715728752538,2.65,3.5));
#3203=CARTESIAN_POINT('',(2.06715728752538,2.65,3.5));
#3204=VECTOR('',#3205,1.);
#3205=DIRECTION('',(-1.,-3.50460999768482E-016,0.));
#3206=CARTESIAN_POINT('',(2.65,2.06715728752538,3.5));
#3207=CARTESIAN_POINT('',(2.65,2.06715728752538,3.5));
#3208=VECTOR('',#3209,1.);
#3209=DIRECTION('',(-0.707106781186547,0.707106781186548,0.));
#3210=CARTESIAN_POINT('',(2.65,0.8,3.5));
#3211=CARTESIAN_POINT('',(2.65,0.8,3.5));
#3212=VECTOR('',#3213,1.);
#3213=DIRECTION('',(0.,1.,0.));
#3214=CARTESIAN_POINT('',(2.75,0.8,3.5));
#3215=VECTOR('',#3216,1.);
#3216=DIRECTION('',(-1.,0.,0.));
#3217=CARTESIAN_POINT('',(-2.,2.99999999999999,0.));
#3218=VECTOR('',#3219,1.);
#3219=DIRECTION('',(0.,0.,1.));
#3220=CARTESIAN_POINT('',(2.,3.,0.));
#3221=VECTOR('',#3222,1.);
#3222=DIRECTION('',(0.,0.,1.));
#3223=CARTESIAN_POINT('',(1.99999999999975,-3.00000000000004,0.));
#3224=VECTOR('',#3225,1.);
#3225=DIRECTION('',(0.,0.,1.));
#3226=CARTESIAN_POINT('',(0.700000000006673,2.99999999999999,0.2));
#3227=CARTESIAN_POINT('',(0.700000000006673,3.,0.));
#3228=VECTOR('',#3229,1.);
#3229=DIRECTION('',(0.,0.,1.));
#3230=CARTESIAN_POINT('',(-0.700000000006673,2.99999999999999,0.2));
#3231=CARTESIAN_POINT('',(-0.700000000006673,2.99999999999999,0.2));
#3232=VECTOR('',#3233,1.);
#3233=DIRECTION('',(1.,6.34413156922613E-016,0.));
#3234=CARTESIAN_POINT('',(-0.700000000006673,2.99999999999999,0.2));
#3235=VECTOR('',#3236,1.);
#3236=DIRECTION('',(0.,0.,-1.));
#3237=CARTESIAN_POINT('',(-0.700000000006673,2.09999999998052,0.2));
#3238=CARTESIAN_POINT('',(-0.700000000006673,2.99999999999999,0.2));
#3239=VECTOR('',#3240,1.);
#3240=DIRECTION('',(0.,-1.,0.));
#3241=CARTESIAN_POINT('',(-0.700000000006673,2.09999999998052,0.2));
#3242=VECTOR('',#3243,1.);
#3243=DIRECTION('',(0.,0.,-1.));
#3244=CARTESIAN_POINT('',(0.700000000006673,2.1,0.2));
#3245=CARTESIAN_POINT('',(-0.700000000006673,2.09999999998052,0.2));
#3246=VECTOR('',#3247,1.);
#3247=DIRECTION('',(1.,1.3912046118156E-011,0.));
#3248=CARTESIAN_POINT('',(0.700000000006673,2.1,0.2));
#3249=VECTOR('',#3250,1.);
#3250=DIRECTION('',(0.,0.,-1.));
#3251=CARTESIAN_POINT('',(0.700000000006673,2.1,0.2));
#3252=VECTOR('',#3253,1.);
#3253=DIRECTION('',(0.,1.,0.));
#3254=CARTESIAN_POINT('',(0.700000000006673,-3.00000000000003,0.2));
#3255=CARTESIAN_POINT('',(0.700000000006673,-3.00000000000003,0.));
#3256=VECTOR('',#3257,1.);
#3257=DIRECTION('',(0.,0.,1.));
#3258=CARTESIAN_POINT('',(-0.700000000006673,-3.00000000000002,0.2));
#3259=CARTESIAN_POINT('',(-0.700000000006673,-3.00000000000002,0.2));
#3260=VECTOR('',#3261,1.);
#3261=DIRECTION('',(0.,0.,-1.));
#3262=CARTESIAN_POINT('',(-0.700000000006673,-3.00000000000002,0.2));
#3263=VECTOR('',#3264,1.);
#3264=DIRECTION('',(1.,-6.97854472614874E-015,0.));
#3265=CARTESIAN_POINT('',(0.700000000006673,-2.1,0.2));
#3266=CARTESIAN_POINT('',(0.700000000006673,-2.1,0.2));
#3267=VECTOR('',#3268,1.);
#3268=DIRECTION('',(0.,-1.,0.));
#3269=CARTESIAN_POINT('',(0.700000000006673,-2.1,0.2));
#3270=VECTOR('',#3271,1.);
#3271=DIRECTION('',(0.,0.,-1.));
#3272=CARTESIAN_POINT('',(-0.700000000006673,-2.09999999998052,0.2));
#3273=CARTESIAN_POINT('',(-0.700000000006673,-2.09999999998052,0.2));
#3274=VECTOR('',#3275,1.);
#3275=DIRECTION('',(1.,-1.3912046118156E-011,0.));
#3276=CARTESIAN_POINT('',(-0.700000000006673,-2.09999999998052,0.2));
#3277=VECTOR('',#3278,1.);
#3278=DIRECTION('',(0.,0.,-1.));
#3279=CARTESIAN_POINT('',(-0.700000000006673,-3.00000000000002,0.2));
#3280=VECTOR('',#3281,1.);
#3281=DIRECTION('',(0.,1.,0.));
#3282=CARTESIAN_POINT('',(2.5,0.8,3.25));
#3283=CARTESIAN_POINT('',(2.75,0.8,3.5));
#3284=VECTOR('',#3285,1.);
#3285=DIRECTION('',(-0.707106781186543,0.,-0.707106781186552));
#3286=CARTESIAN_POINT('',(2.5,-0.8,3.25));
#3287=CARTESIAN_POINT('',(2.5,-0.8,3.25));
#3288=VECTOR('',#3289,1.);
#3289=DIRECTION('',(0.,1.,0.));
#3290=CARTESIAN_POINT('',(2.75,-0.8,3.5));
#3291=VECTOR('',#3292,1.);
#3292=DIRECTION('',(-0.707106781186543,0.,-0.707106781186552));
#3293=CARTESIAN_POINT('',(2.5,-0.8,3.35));
#3294=CARTESIAN_POINT('',(2.5,-0.8,3.25));
#3295=VECTOR('',#3296,1.);
#3296=DIRECTION('',(0.,0.,1.));
#3297=CARTESIAN_POINT('',(2.65,-0.8,3.5));
#3298=VECTOR('',#3299,1.);
#3299=DIRECTION('',(-0.707106781186546,0.,-0.707106781186549));
#3300=CARTESIAN_POINT('',(2.5,-2.00502525316942,3.35));
#3301=CARTESIAN_POINT('',(2.5,-2.00502525316942,3.35));
#3302=VECTOR('',#3303,1.);
#3303=DIRECTION('',(0.,1.,0.));
#3304=CARTESIAN_POINT('',(2.65,-2.06715728752538,3.5));
#3305=VECTOR('',#3306,1.);
#3306=DIRECTION('',(-0.678598344545846,0.281084637714822,-0.678598344545848));
#3307=CARTESIAN_POINT('',(2.00502525316942,-2.5,3.35));
#3308=CARTESIAN_POINT('',(2.00502525316942,-2.5,3.35));
#3309=VECTOR('',#3310,1.);
#3310=DIRECTION('',(0.707106781186548,0.707106781186548,0.));
#3311=CARTESIAN_POINT('',(2.06715728752538,-2.65,3.5));
#3312=VECTOR('',#3313,1.);
#3313=DIRECTION('',(-0.28108463771482,0.678598344545847,-0.678598344545847));
#3314=CARTESIAN_POINT('',(0.8,-2.5,3.35));
#3315=CARTESIAN_POINT('',(0.8,-2.5,3.35));
#3316=VECTOR('',#3317,1.);
#3317=DIRECTION('',(0.,-0.707106781186546,0.707106781186548));
#3318=CARTESIAN_POINT('',(0.8,-2.5,3.35));
#3319=VECTOR('',#3320,1.);
#3320=DIRECTION('',(1.,0.,0.));
#3321=CARTESIAN_POINT('',(0.8,-2.5,3.25000000000422));
#3322=CARTESIAN_POINT('',(0.8,-2.5,3.35));
#3323=VECTOR('',#3324,1.);
#3324=DIRECTION('',(0.,0.,-1.));
#3325=CARTESIAN_POINT('',(0.8,-2.5,3.25000000000422));
#3326=VECTOR('',#3327,1.);
#3327=DIRECTION('',(0.,-0.70710678119252,0.707106781180575));
#3328=CARTESIAN_POINT('',(-0.8,-2.5,3.25000000000422));
#3329=CARTESIAN_POINT('',(-0.8,-2.5,3.25000000000422));
#3330=VECTOR('',#3331,1.);
#3331=DIRECTION('',(1.,0.,0.));
#3332=CARTESIAN_POINT('',(-0.8,-2.5,3.25000000000422));
#3333=VECTOR('',#3334,1.);
#3334=DIRECTION('',(0.,-0.70710678119252,0.707106781180575));
#3335=CARTESIAN_POINT('',(-0.8,-2.5,3.35));
#3336=CARTESIAN_POINT('',(-0.8,-2.5,3.35));
#3337=VECTOR('',#3338,1.);
#3338=DIRECTION('',(0.,0.,-1.));
#3339=CARTESIAN_POINT('',(-0.8,-2.5,3.35));
#3340=VECTOR('',#3341,1.);
#3341=DIRECTION('',(0.,-0.707106781186546,0.707106781186548));
#3342=CARTESIAN_POINT('',(-2.00502525316942,-2.5,3.35));
#3343=CARTESIAN_POINT('',(-2.00502525316942,-2.5,3.35));
#3344=VECTOR('',#3345,1.);
#3345=DIRECTION('',(1.,0.,0.));
#3346=CARTESIAN_POINT('',(-2.06715728752538,-2.65,3.5));
#3347=VECTOR('',#3348,1.);
#3348=DIRECTION('',(0.281084637714821,0.678598344545846,-0.678598344545848));
#3349=CARTESIAN_POINT('',(-2.5,-2.00502525316942,3.35));
#3350=CARTESIAN_POINT('',(-2.5,-2.00502525316942,3.35));
#3351=VECTOR('',#3352,1.);
#3352=DIRECTION('',(0.707106781186548,-0.707106781186547,0.));
#3353=CARTESIAN_POINT('',(-2.65,-2.06715728752538,3.5));
#3354=VECTOR('',#3355,1.);
#3355=DIRECTION('',(0.678598344545846,0.281084637714819,-0.678598344545848));
#3356=CARTESIAN_POINT('',(-2.5,-0.8,3.35));
#3357=CARTESIAN_POINT('',(-2.5,-0.8,3.35));
#3358=VECTOR('',#3359,1.);
#3359=DIRECTION('',(-0.707106781186546,0.,0.707106781186549));
#3360=CARTESIAN_POINT('',(-2.5,-0.8,3.35));
#3361=VECTOR('',#3362,1.);
#3362=DIRECTION('',(0.,-1.,0.));
#3363=CARTESIAN_POINT('',(-2.5,-0.8,3.25000000000001));
#3364=CARTESIAN_POINT('',(-2.5,-0.8,3.35));
#3365=VECTOR('',#3366,1.);
#3366=DIRECTION('',(0.,0.,-1.));
#3367=CARTESIAN_POINT('',(-2.5,-0.8,3.25000000000001));
#3368=VECTOR('',#3369,1.);
#3369=DIRECTION('',(-0.707106781186555,0.,0.70710678118654));
#3370=CARTESIAN_POINT('',(-2.5,0.8,3.25000000000001));
#3371=CARTESIAN_POINT('',(-2.5,0.8,3.25000000000001));
#3372=VECTOR('',#3373,1.);
#3373=DIRECTION('',(0.,-1.,0.));
#3374=CARTESIAN_POINT('',(-2.5,0.8,3.25000000000001));
#3375=VECTOR('',#3376,1.);
#3376=DIRECTION('',(-0.707106781186555,0.,0.70710678118654));
#3377=CARTESIAN_POINT('',(-2.5,0.8,3.35));
#3378=CARTESIAN_POINT('',(-2.5,0.8,3.35));
#3379=VECTOR('',#3380,1.);
#3380=DIRECTION('',(0.,0.,-1.));
#3381=CARTESIAN_POINT('',(-2.5,0.8,3.35));
#3382=VECTOR('',#3383,1.);
#3383=DIRECTION('',(-0.707106781186546,0.,0.707106781186549));
#3384=CARTESIAN_POINT('',(-2.5,2.00502525316942,3.35));
#3385=CARTESIAN_POINT('',(-2.5,2.00502525316942,3.35));
#3386=VECTOR('',#3387,1.);
#3387=DIRECTION('',(0.,-1.,0.));
#3388=CARTESIAN_POINT('',(-2.65,2.06715728752538,3.5));
#3389=VECTOR('',#3390,1.);
#3390=DIRECTION('',(0.678598344545846,-0.281084637714822,-0.678598344545848));
#3391=CARTESIAN_POINT('',(-2.00502525316942,2.5,3.35));
#3392=CARTESIAN_POINT('',(-2.00502525316942,2.5,3.35));
#3393=VECTOR('',#3394,1.);
#3394=DIRECTION('',(-0.707106781186548,-0.707106781186548,0.));
#3395=CARTESIAN_POINT('',(-2.06715728752538,2.65,3.5));
#3396=VECTOR('',#3397,1.);
#3397=DIRECTION('',(0.28108463771482,-0.678598344545847,-0.678598344545847));
#3398=CARTESIAN_POINT('',(-0.8,2.5,3.35));
#3399=CARTESIAN_POINT('',(-0.8,2.65,3.5));
#3400=VECTOR('',#3401,1.);
#3401=DIRECTION('',(0.,-0.707106781186546,-0.707106781186549));
#3402=CARTESIAN_POINT('',(-0.8,2.5,3.35));
#3403=VECTOR('',#3404,1.);
#3404=DIRECTION('',(-1.,0.,0.));
#3405=CARTESIAN_POINT('',(-0.8,2.5,3.24999999999578));
#3406=CARTESIAN_POINT('',(-0.8,2.5,3.24999999999578));
#3407=VECTOR('',#3408,1.);
#3408=DIRECTION('',(0.,0.,1.));
#3409=CARTESIAN_POINT('',(-0.8,2.75,3.5));
#3410=VECTOR('',#3411,1.);
#3411=DIRECTION('',(0.,-0.707106781180575,-0.70710678119252));
#3412=CARTESIAN_POINT('',(0.8,2.5,3.24999999999578));
#3413=CARTESIAN_POINT('',(0.8,2.5,3.24999999999578));
#3414=VECTOR('',#3415,1.);
#3415=DIRECTION('',(-1.,0.,0.));
#3416=CARTESIAN_POINT('',(0.8,2.75,3.5));
#3417=VECTOR('',#3418,1.);
#3418=DIRECTION('',(0.,-0.707106781180575,-0.70710678119252));
#3419=CARTESIAN_POINT('',(0.8,2.5,3.35));
#3420=CARTESIAN_POINT('',(0.8,2.5,3.24999999999578));
#3421=VECTOR('',#3422,1.);
#3422=DIRECTION('',(0.,0.,1.));
#3423=CARTESIAN_POINT('',(0.8,2.65,3.5));
#3424=VECTOR('',#3425,1.);
#3425=DIRECTION('',(0.,-0.707106781186546,-0.707106781186549));
#3426=CARTESIAN_POINT('',(2.00502525316942,2.5,3.35));
#3427=CARTESIAN_POINT('',(2.00502525316942,2.5,3.35));
#3428=VECTOR('',#3429,1.);
#3429=DIRECTION('',(-1.,0.,0.));
#3430=CARTESIAN_POINT('',(2.06715728752538,2.65,3.5));
#3431=VECTOR('',#3432,1.);
#3432=DIRECTION('',(-0.281084637714822,-0.678598344545846,-0.678598344545848));
#3433=CARTESIAN_POINT('',(2.5,2.00502525316942,3.35));
#3434=CARTESIAN_POINT('',(2.5,2.00502525316942,3.35));
#3435=VECTOR('',#3436,1.);
#3436=DIRECTION('',(-0.707106781186548,0.707106781186548,0.));
#3437=CARTESIAN_POINT('',(2.65,2.06715728752538,3.5));
#3438=VECTOR('',#3439,1.);
#3439=DIRECTION('',(-0.678598344545847,-0.28108463771482,-0.678598344545847));
#3440=CARTESIAN_POINT('',(2.5,0.799999999999999,3.35));
#3441=CARTESIAN_POINT('',(2.65,0.8,3.5));
#3442=VECTOR('',#3443,1.);
#3443=DIRECTION('',(-0.707106781186546,0.,-0.707106781186549));
#3444=CARTESIAN_POINT('',(2.5,0.799999999999999,3.35));
#3445=VECTOR('',#3446,1.);
#3446=DIRECTION('',(0.,1.,0.));
#3447=CARTESIAN_POINT('',(2.5,0.8,3.25));
#3448=VECTOR('',#3449,1.);
#3449=DIRECTION('',(0.,0.,1.));
#3450=CARTESIAN_POINT('',(2.5,2.00502525316942,1.));
#3451=CARTESIAN_POINT('',(2.5,2.00502525316942,1.));
#3452=VECTOR('',#3453,1.);
#3453=DIRECTION('',(0.,0.,1.));
#3454=CARTESIAN_POINT('',(2.5,-2.00502525316942,1.));
#3455=CARTESIAN_POINT('',(2.5,-2.00502525316942,1.));
#3456=VECTOR('',#3457,1.);
#3457=DIRECTION('',(0.,1.,0.));
#3458=CARTESIAN_POINT('',(2.5,-2.00502525316942,1.));
#3459=VECTOR('',#3460,1.);
#3460=DIRECTION('',(0.,0.,1.));
#3461=CARTESIAN_POINT('',(2.00502525316942,-2.5,1.));
#3462=CARTESIAN_POINT('',(2.00502525316942,-2.5,1.));
#3463=VECTOR('',#3464,1.);
#3464=DIRECTION('',(0.707106781186548,0.707106781186548,0.));
#3465=CARTESIAN_POINT('',(2.00502525316942,-2.5,1.));
#3466=VECTOR('',#3467,1.);
#3467=DIRECTION('',(0.,0.,1.));
#3468=CARTESIAN_POINT('',(-2.00502525316942,-2.5,1.));
#3469=CARTESIAN_POINT('',(-2.00502525316942,-2.5,1.));
#3470=VECTOR('',#3471,1.);
#3471=DIRECTION('',(1.,0.,0.));
#3472=CARTESIAN_POINT('',(-2.00502525316942,-2.5,1.));
#3473=VECTOR('',#3474,1.);
#3474=DIRECTION('',(0.,0.,1.));
#3475=CARTESIAN_POINT('',(-2.5,-2.00502525316942,1.));
#3476=CARTESIAN_POINT('',(-2.5,-2.00502525316942,1.));
#3477=VECTOR('',#3478,1.);
#3478=DIRECTION('',(0.707106781186548,-0.707106781186547,0.));
#3479=CARTESIAN_POINT('',(-2.5,-2.00502525316942,1.));
#3480=VECTOR('',#3481,1.);
#3481=DIRECTION('',(0.,0.,1.));
#3482=CARTESIAN_POINT('',(-2.5,2.00502525316942,1.));
#3483=CARTESIAN_POINT('',(-2.5,2.00502525316942,1.));
#3484=VECTOR('',#3485,1.);
#3485=DIRECTION('',(0.,-1.,0.));
#3486=CARTESIAN_POINT('',(-2.5,2.00502525316942,1.));
#3487=VECTOR('',#3488,1.);
#3488=DIRECTION('',(0.,0.,1.));
#3489=CARTESIAN_POINT('',(-2.00502525316942,2.5,1.));
#3490=CARTESIAN_POINT('',(-2.00502525316942,2.5,1.));
#3491=VECTOR('',#3492,1.);
#3492=DIRECTION('',(-0.707106781186548,-0.707106781186548,0.));
#3493=CARTESIAN_POINT('',(-2.00502525316942,2.5,1.));
#3494=VECTOR('',#3495,1.);
#3495=DIRECTION('',(0.,0.,1.));
#3496=CARTESIAN_POINT('',(2.00502525316942,2.5,1.));
#3497=CARTESIAN_POINT('',(2.00502525316942,2.5,1.));
#3498=VECTOR('',#3499,1.);
#3499=DIRECTION('',(-1.,0.,0.));
#3500=CARTESIAN_POINT('',(2.00502525316942,2.5,1.));
#3501=VECTOR('',#3502,1.);
#3502=DIRECTION('',(0.,0.,1.));
#3503=CARTESIAN_POINT('',(2.5,2.00502525316942,1.));
#3504=VECTOR('',#3505,1.);
#3505=DIRECTION('',(-0.707106781186548,0.707106781186548,0.));
#3506=CARTESIAN_POINT('',(0.7,-3.10132502827207,1.1229838118881));
#3507=CARTESIAN_POINT('',(0.7,-2.99966874293152,0.244254047023982));
#3508=CARTESIAN_POINT('',(0.7,-3.10132502827207,1.1229838118881));
#3509=VECTOR('',#3510,1.);
#3510=DIRECTION('',(0.,0.114919059440481,-0.993374858639635));
#3511=CARTESIAN_POINT('',(-0.7,-2.99966874293152,0.244254047023982));
#3512=CARTESIAN_POINT('',(0.7,-2.99966874292914,0.244254047008066));
#3513=VECTOR('',#3514,1.);
#3514=DIRECTION('',(-1.,0.,0.));
#3515=CARTESIAN_POINT('',(-0.7,-3.10132502827207,1.1229838118881));
#3516=CARTESIAN_POINT('',(-0.7,-3.10132502827207,1.1229838118881));
#3517=VECTOR('',#3518,1.);
#3518=DIRECTION('',(0.,0.114919059440481,-0.993374858639635));
#3519=CARTESIAN_POINT('',(0.7,-3.10132502827207,1.1229838118881));
#3520=VECTOR('',#3521,1.);
#3521=DIRECTION('',(-1.,0.,0.));
#3522=CARTESIAN_POINT('',(0.7,-2.95,0.2));
#3523=AXIS2_PLACEMENT_3D('',#3524,#3525,#3526);
#3524=CARTESIAN_POINT('',(0.7,-2.95,0.25));
#3525=DIRECTION('',(1.,0.,0.));
#3526=DIRECTION('',(0.,-0.993374858630393,-0.114919059520368));
#3527=CARTESIAN_POINT('',(-0.7,-2.95,0.2));
#3528=CARTESIAN_POINT('',(0.7,-2.95,0.2));
#3529=VECTOR('',#3530,1.);
#3530=DIRECTION('',(-1.,0.,0.));
#3531=AXIS2_PLACEMENT_3D('',#3532,#3533,#3534);
#3532=CARTESIAN_POINT('',(-0.7,-2.95,0.25));
#3533=DIRECTION('',(1.,0.,0.));
#3534=DIRECTION('',(0.,-0.993374858630393,-0.114919059520368));
#3535=CARTESIAN_POINT('',(0.7,-2.2,0.2));
#3536=CARTESIAN_POINT('',(0.7,-2.95,0.2));
#3537=VECTOR('',#3538,1.);
#3538=DIRECTION('',(0.,1.,0.));
#3539=CARTESIAN_POINT('',(-0.7,-2.2,0.2));
#3540=CARTESIAN_POINT('',(0.7,-2.2,0.2));
#3541=VECTOR('',#3542,1.);
#3542=DIRECTION('',(-1.,0.,0.));
#3543=CARTESIAN_POINT('',(-0.7,-2.95,0.2));
#3544=VECTOR('',#3545,1.);
#3545=DIRECTION('',(0.,1.,0.));
#3546=CARTESIAN_POINT('',(0.7,-2.15,0.25));
#3547=AXIS2_PLACEMENT_3D('',#3548,#3549,#3550);
#3548=CARTESIAN_POINT('',(0.7,-2.2,0.25));
#3549=DIRECTION('',(1.,0.,0.));
#3550=DIRECTION('',(0.,0.,-1.));
#3551=CARTESIAN_POINT('',(-0.7,-2.15,0.25));
#3552=CARTESIAN_POINT('',(0.7,-2.15,0.25));
#3553=VECTOR('',#3554,1.);
#3554=DIRECTION('',(-1.,0.,0.));
#3555=AXIS2_PLACEMENT_3D('',#3556,#3557,#3558);
#3556=CARTESIAN_POINT('',(-0.7,-2.2,0.25));
#3557=DIRECTION('',(1.,0.,0.));
#3558=DIRECTION('',(0.,0.,-1.));
#3559=CARTESIAN_POINT('',(0.7,-1.95,0.25));
#3560=CARTESIAN_POINT('',(0.7,-2.15,0.25));
#3561=VECTOR('',#3562,1.);
#3562=DIRECTION('',(0.,1.,1.38777878078144E-016));
#3563=CARTESIAN_POINT('',(-0.7,-1.95,0.25));
#3564=CARTESIAN_POINT('',(0.7,-1.95,0.25));
#3565=VECTOR('',#3566,1.);
#3566=DIRECTION('',(-1.,0.,0.));
#3567=CARTESIAN_POINT('',(-0.7,-2.15,0.25));
#3568=VECTOR('',#3569,1.);
#3569=DIRECTION('',(0.,1.,1.38777878078144E-016));
#3570=CARTESIAN_POINT('',(0.7,-2.2,-1.84889274661175E-032));
#3571=AXIS2_PLACEMENT_3D('',#3572,#3573,#3574);
#3572=CARTESIAN_POINT('',(0.7,-2.2,0.25));
#3573=DIRECTION('',(-1.,-0.,-0.));
#3574=DIRECTION('',(0.,1.,1.11022302462516E-016));
#3575=CARTESIAN_POINT('',(-0.7,-2.2,-1.84889274661175E-032));
#3576=CARTESIAN_POINT('',(0.7,-2.2,-1.84889274661175E-032));
#3577=VECTOR('',#3578,1.);
#3578=DIRECTION('',(-1.,0.,0.));
#3579=AXIS2_PLACEMENT_3D('',#3580,#3581,#3582);
#3580=CARTESIAN_POINT('',(-0.7,-2.2,0.25));
#3581=DIRECTION('',(-1.,-0.,-0.));
#3582=DIRECTION('',(0.,1.,1.11022302462516E-016));
#3583=CARTESIAN_POINT('',(0.7,-2.95,0.));
#3584=CARTESIAN_POINT('',(0.7,-2.2,-1.84889274661175E-032));
#3585=VECTOR('',#3586,1.);
#3586=DIRECTION('',(0.,-1.,-8.21730109605221E-033));
#3587=CARTESIAN_POINT('',(-0.7,-2.95,0.));
#3588=CARTESIAN_POINT('',(0.7,-2.95,-2.46519032881566E-032));
#3589=VECTOR('',#3590,1.);
#3590=DIRECTION('',(-1.,0.,0.));
#3591=CARTESIAN_POINT('',(-0.7,-2.2,-1.84889274661175E-032));
#3592=VECTOR('',#3593,1.);
#3593=DIRECTION('',(0.,-1.,-8.21730109605221E-033));
#3594=CARTESIAN_POINT('',(0.7,-3.19834371465707,0.22127023511997));
#3595=AXIS2_PLACEMENT_3D('',#3596,#3597,#3598);
#3596=CARTESIAN_POINT('',(0.7,-2.95,0.25));
#3597=DIRECTION('',(-1.,-0.,-0.));
#3598=DIRECTION('',(0.,0.,-1.));
#3599=CARTESIAN_POINT('',(-0.7,-3.19834371465707,0.22127023511997));
#3600=CARTESIAN_POINT('',(0.7,-3.19834371465707,0.22127023511997));
#3601=VECTOR('',#3602,1.);
#3602=DIRECTION('',(-1.,0.,0.));
#3603=AXIS2_PLACEMENT_3D('',#3604,#3605,#3606);
#3604=CARTESIAN_POINT('',(-0.7,-2.95,0.25));
#3605=DIRECTION('',(-1.,-0.,-0.));
#3606=DIRECTION('',(0.,0.,-1.));
#3607=CARTESIAN_POINT('',(0.7,-3.3,1.1));
#3608=CARTESIAN_POINT('',(0.7,-3.19834371465707,0.22127023511997));
#3609=VECTOR('',#3610,1.);
#3610=DIRECTION('',(0.,-0.114919059440481,0.993374858639635));
#3611=CARTESIAN_POINT('',(-0.7,-3.3,1.1));
#3612=CARTESIAN_POINT('',(0.7,-3.3,1.1));
#3613=VECTOR('',#3614,1.);
#3614=DIRECTION('',(-1.,0.,0.));
#3615=CARTESIAN_POINT('',(-0.7,-3.19834371465707,0.22127023511997));
#3616=VECTOR('',#3617,1.);
#3617=DIRECTION('',(0.,-0.114919059440481,0.993374858639635));
#3618=CARTESIAN_POINT('',(0.7,-3.3,1.1));
#3619=VECTOR('',#3620,1.);
#3620=DIRECTION('',(0.,0.993374858639635,0.11491905944048));
#3621=CARTESIAN_POINT('',(-0.7,-3.3,1.1));
#3622=VECTOR('',#3623,1.);
#3623=DIRECTION('',(0.,0.993374858639635,0.11491905944048));
#3624=CARTESIAN_POINT('',(-0.7,3.10132502827207,1.1229838118881));
#3625=CARTESIAN_POINT('',(-0.7,2.99966874293152,0.244254047023982));
#3626=CARTESIAN_POINT('',(-0.7,3.10132502827207,1.1229838118881));
#3627=VECTOR('',#3628,1.);
#3628=DIRECTION('',(0.,-0.114919059440481,-0.993374858639635));
#3629=CARTESIAN_POINT('',(0.7,2.99966874293152,0.244254047023982));
#3630=CARTESIAN_POINT('',(-0.7,2.99966874292914,0.244254047008066));
#3631=VECTOR('',#3632,1.);
#3632=DIRECTION('',(1.,0.,0.));
#3633=CARTESIAN_POINT('',(0.7,3.10132502827207,1.1229838118881));
#3634=CARTESIAN_POINT('',(0.7,3.10132502827207,1.1229838118881));
#3635=VECTOR('',#3636,1.);
#3636=DIRECTION('',(0.,-0.114919059440481,-0.993374858639635));
#3637=CARTESIAN_POINT('',(-0.7,3.10132502827207,1.1229838118881));
#3638=VECTOR('',#3639,1.);
#3639=DIRECTION('',(1.,0.,0.));
#3640=CARTESIAN_POINT('',(-0.7,2.95,0.2));
#3641=AXIS2_PLACEMENT_3D('',#3642,#3643,#3644);
#3642=CARTESIAN_POINT('',(-0.7,2.95,0.25));
#3643=DIRECTION('',(-1.,0.,-0.));
#3644=DIRECTION('',(0.,0.993374858630393,-0.114919059520368));
#3645=CARTESIAN_POINT('',(0.7,2.95,0.2));
#3646=CARTESIAN_POINT('',(-0.7,2.95,0.2));
#3647=VECTOR('',#3648,1.);
#3648=DIRECTION('',(1.,0.,0.));
#3649=AXIS2_PLACEMENT_3D('',#3650,#3651,#3652);
#3650=CARTESIAN_POINT('',(0.7,2.95,0.25));
#3651=DIRECTION('',(-1.,0.,-0.));
#3652=DIRECTION('',(0.,0.993374858630393,-0.114919059520368));
#3653=CARTESIAN_POINT('',(-0.7,2.2,0.2));
#3654=CARTESIAN_POINT('',(-0.7,2.95,0.2));
#3655=VECTOR('',#3656,1.);
#3656=DIRECTION('',(0.,-1.,0.));
#3657=CARTESIAN_POINT('',(0.7,2.2,0.2));
#3658=CARTESIAN_POINT('',(-0.7,2.2,0.2));
#3659=VECTOR('',#3660,1.);
#3660=DIRECTION('',(1.,0.,0.));
#3661=CARTESIAN_POINT('',(0.7,2.95,0.2));
#3662=VECTOR('',#3663,1.);
#3663=DIRECTION('',(0.,-1.,0.));
#3664=CARTESIAN_POINT('',(-0.7,2.15,0.25));
#3665=AXIS2_PLACEMENT_3D('',#3666,#3667,#3668);
#3666=CARTESIAN_POINT('',(-0.7,2.2,0.25));
#3667=DIRECTION('',(-1.,0.,-0.));
#3668=DIRECTION('',(0.,0.,-1.));
#3669=CARTESIAN_POINT('',(0.7,2.15,0.25));
#3670=CARTESIAN_POINT('',(-0.7,2.15,0.25));
#3671=VECTOR('',#3672,1.);
#3672=DIRECTION('',(1.,0.,0.));
#3673=AXIS2_PLACEMENT_3D('',#3674,#3675,#3676);
#3674=CARTESIAN_POINT('',(0.7,2.2,0.25));
#3675=DIRECTION('',(-1.,0.,-0.));
#3676=DIRECTION('',(0.,0.,-1.));
#3677=CARTESIAN_POINT('',(-0.7,1.95,0.25));
#3678=CARTESIAN_POINT('',(-0.7,2.15,0.25));
#3679=VECTOR('',#3680,1.);
#3680=DIRECTION('',(0.,-1.,1.38777878078144E-016));
#3681=CARTESIAN_POINT('',(0.7,1.95,0.25));
#3682=CARTESIAN_POINT('',(-0.7,1.95,0.25));
#3683=VECTOR('',#3684,1.);
#3684=DIRECTION('',(1.,0.,0.));
#3685=CARTESIAN_POINT('',(0.7,2.15,0.25));
#3686=VECTOR('',#3687,1.);
#3687=DIRECTION('',(0.,-1.,1.38777878078144E-016));
#3688=CARTESIAN_POINT('',(-0.7,2.2,-1.84889274661175E-032));
#3689=AXIS2_PLACEMENT_3D('',#3690,#3691,#3692);
#3690=CARTESIAN_POINT('',(-0.7,2.2,0.25));
#3691=DIRECTION('',(1.,-0.,0.));
#3692=DIRECTION('',(0.,-1.,1.11022302462516E-016));
#3693=CARTESIAN_POINT('',(0.7,2.2,-1.84889274661175E-032));
#3694=CARTESIAN_POINT('',(-0.7,2.2,-1.84889274661175E-032));
#3695=VECTOR('',#3696,1.);
#3696=DIRECTION('',(1.,0.,0.));
#3697=AXIS2_PLACEMENT_3D('',#3698,#3699,#3700);
#3698=CARTESIAN_POINT('',(0.7,2.2,0.25));
#3699=DIRECTION('',(1.,-0.,0.));
#3700=DIRECTION('',(0.,-1.,1.11022302462516E-016));
#3701=CARTESIAN_POINT('',(-0.7,2.95,0.));
#3702=CARTESIAN_POINT('',(-0.7,2.2,-1.84889274661175E-032));
#3703=VECTOR('',#3704,1.);
#3704=DIRECTION('',(0.,1.,-8.21730109605221E-033));
#3705=CARTESIAN_POINT('',(0.7,2.95,0.));
#3706=CARTESIAN_POINT('',(-0.7,2.95,-2.46519032881566E-032));
#3707=VECTOR('',#3708,1.);
#3708=DIRECTION('',(1.,0.,0.));
#3709=CARTESIAN_POINT('',(0.7,2.2,-1.84889274661175E-032));
#3710=VECTOR('',#3711,1.);
#3711=DIRECTION('',(0.,1.,-8.21730109605221E-033));
#3712=CARTESIAN_POINT('',(-0.7,3.19834371465707,0.22127023511997));
#3713=AXIS2_PLACEMENT_3D('',#3714,#3715,#3716);
#3714=CARTESIAN_POINT('',(-0.7,2.95,0.25));
#3715=DIRECTION('',(1.,-0.,0.));
#3716=DIRECTION('',(0.,0.,-1.));
#3717=CARTESIAN_POINT('',(0.7,3.19834371465707,0.22127023511997));
#3718=CARTESIAN_POINT('',(-0.7,3.19834371465707,0.22127023511997));
#3719=VECTOR('',#3720,1.);
#3720=DIRECTION('',(1.,0.,0.));
#3721=AXIS2_PLACEMENT_3D('',#3722,#3723,#3724);
#3722=CARTESIAN_POINT('',(0.7,2.95,0.25));
#3723=DIRECTION('',(1.,-0.,0.));
#3724=DIRECTION('',(0.,0.,-1.));
#3725=CARTESIAN_POINT('',(-0.7,3.3,1.1));
#3726=CARTESIAN_POINT('',(-0.7,3.19834371465707,0.22127023511997));
#3727=VECTOR('',#3728,1.);
#3728=DIRECTION('',(0.,0.114919059440481,0.993374858639635));
#3729=CARTESIAN_POINT('',(0.7,3.3,1.1));
#3730=CARTESIAN_POINT('',(-0.7,3.3,1.1));
#3731=VECTOR('',#3732,1.);
#3732=DIRECTION('',(1.,0.,0.));
#3733=CARTESIAN_POINT('',(0.7,3.19834371465707,0.22127023511997));
#3734=VECTOR('',#3735,1.);
#3735=DIRECTION('',(0.,0.114919059440481,0.993374858639635));
#3736=CARTESIAN_POINT('',(-0.7,3.3,1.1));
#3737=VECTOR('',#3738,1.);
#3738=DIRECTION('',(0.,-0.993374858639635,0.11491905944048));
#3739=CARTESIAN_POINT('',(0.7,3.3,1.1));
#3740=VECTOR('',#3741,1.);
#3741=DIRECTION('',(0.,-0.993374858639635,0.11491905944048));
#3742=CARTESIAN_POINT('',(2.44142135623731,-1.85147186257614,2.5));
#3743=CARTESIAN_POINT('',(2.44142135623731,-1.56862915010152,2.5));
#3744=AXIS2_PLACEMENT_3D('',#3745,#3746,#3747);
#3745=CARTESIAN_POINT('',(2.3,-1.71005050633883,2.5));
#3746=DIRECTION('',(0.,0.,1.));
#3747=DIRECTION('',(0.707106781186549,-0.707106781186546,0.));
#3748=CARTESIAN_POINT('',(1.85147186257614,-2.44142135623731,2.5));
#3749=CARTESIAN_POINT('',(1.85147186257614,-2.44142135623731,2.5));
#3750=VECTOR('',#3751,1.);
#3751=DIRECTION('',(0.707106781186547,0.707106781186548,0.));
#3752=CARTESIAN_POINT('',(1.56862915010152,-2.44142135623731,2.5));
#3753=AXIS2_PLACEMENT_3D('',#3754,#3755,#3756);
#3754=CARTESIAN_POINT('',(1.71005050633883,-2.3,2.5));
#3755=DIRECTION('',(0.,0.,1.));
#3756=DIRECTION('',(-0.707106781186547,-0.707106781186548,0.));
#3757=CARTESIAN_POINT('',(-1.56862915010153,-2.44142135623731,2.5));
#3758=CARTESIAN_POINT('',(-1.56862915010153,-2.44142135623731,2.5));
#3759=VECTOR('',#3760,1.);
#3760=DIRECTION('',(1.,0.,0.));
#3761=CARTESIAN_POINT('',(-1.85147186257614,-2.44142135623731,2.5));
#3762=AXIS2_PLACEMENT_3D('',#3763,#3764,#3765);
#3763=CARTESIAN_POINT('',(-1.71005050633883,-2.3,2.5));
#3764=DIRECTION('',(0.,0.,1.));
#3765=DIRECTION('',(-0.707106781186549,-0.707106781186546,0.));
#3766=CARTESIAN_POINT('',(-2.44142135623731,-1.85147186257614,2.5));
#3767=CARTESIAN_POINT('',(-2.44142135623731,-1.85147186257614,2.5));
#3768=VECTOR('',#3769,1.);
#3769=DIRECTION('',(0.707106781186546,-0.707106781186549,0.));
#3770=CARTESIAN_POINT('',(-2.44142135623731,-1.56862915010152,2.5));
#3771=AXIS2_PLACEMENT_3D('',#3772,#3773,#3774);
#3772=CARTESIAN_POINT('',(-2.3,-1.71005050633883,2.5));
#3773=DIRECTION('',(0.,0.,1.));
#3774=DIRECTION('',(-0.707106781186548,0.707106781186547,0.));
#3775=CARTESIAN_POINT('',(-2.44142135623731,1.56862915010152,2.5));
#3776=CARTESIAN_POINT('',(-2.44142135623731,1.56862915010152,2.5));
#3777=VECTOR('',#3778,1.);
#3778=DIRECTION('',(0.,-1.,0.));
#3779=CARTESIAN_POINT('',(-2.44142135623731,1.85147186257614,2.5));
#3780=AXIS2_PLACEMENT_3D('',#3781,#3782,#3783);
#3781=CARTESIAN_POINT('',(-2.3,1.71005050633883,2.5));
#3782=DIRECTION('',(0.,0.,1.));
#3783=DIRECTION('',(-0.707106781186546,0.707106781186549,0.));
#3784=CARTESIAN_POINT('',(-1.85147186257614,2.44142135623731,2.5));
#3785=CARTESIAN_POINT('',(-1.85147186257614,2.44142135623731,2.5));
#3786=VECTOR('',#3787,1.);
#3787=DIRECTION('',(-0.707106781186546,-0.707106781186549,0.));
#3788=CARTESIAN_POINT('',(-1.56862915010152,2.44142135623731,2.5));
#3789=AXIS2_PLACEMENT_3D('',#3790,#3791,#3792);
#3790=CARTESIAN_POINT('',(-1.71005050633883,2.3,2.5));
#3791=DIRECTION('',(0.,0.,1.));
#3792=DIRECTION('',(0.707106781186549,0.707106781186546,0.));
#3793=CARTESIAN_POINT('',(1.56862915010152,2.44142135623731,2.5));
#3794=CARTESIAN_POINT('',(1.56862915010152,2.44142135623731,2.5));
#3795=VECTOR('',#3796,1.);
#3796=DIRECTION('',(-1.,0.,0.));
#3797=CARTESIAN_POINT('',(1.85147186257614,2.44142135623731,2.5));
#3798=AXIS2_PLACEMENT_3D('',#3799,#3800,#3801);
#3799=CARTESIAN_POINT('',(1.71005050633883,2.3,2.5));
#3800=DIRECTION('',(0.,0.,1.));
#3801=DIRECTION('',(0.707106781186547,0.707106781186548,0.));
#3802=CARTESIAN_POINT('',(2.44142135623731,1.85147186257614,2.5));
#3803=CARTESIAN_POINT('',(2.44142135623731,1.85147186257614,2.5));
#3804=VECTOR('',#3805,1.);
#3805=DIRECTION('',(-0.707106781186547,0.707106781186547,0.));
#3806=CARTESIAN_POINT('',(2.44142135623731,1.56862915010152,2.5));
#3807=AXIS2_PLACEMENT_3D('',#3808,#3809,#3810);
#3808=CARTESIAN_POINT('',(2.3,1.71005050633883,2.5));
#3809=DIRECTION('',(0.,0.,1.));
#3810=DIRECTION('',(0.707106781186544,-0.707106781186551,0.));
#3811=CARTESIAN_POINT('',(2.44142135623731,-1.56862915010152,2.5));
#3812=VECTOR('',#3813,1.);
#3813=DIRECTION('',(0.,1.,0.));
#3814=CARTESIAN_POINT('',(2.44142135623731,-1.56862915010152,4.));
#3815=CARTESIAN_POINT('',(2.44142135623731,1.56862915010152,4.));
#3816=CARTESIAN_POINT('',(2.44142135623731,-1.56862915010152,4.));
#3817=VECTOR('',#3818,1.);
#3818=DIRECTION('',(0.,1.,0.));
#3819=CARTESIAN_POINT('',(2.44142135623731,1.85147186257614,4.));
#3820=AXIS2_PLACEMENT_3D('',#3821,#3822,#3823);
#3821=CARTESIAN_POINT('',(2.3,1.71005050633883,4.));
#3822=DIRECTION('',(0.,0.,1.));
#3823=DIRECTION('',(0.707106781186544,-0.707106781186551,0.));
#3824=CARTESIAN_POINT('',(1.85147186257614,2.44142135623731,4.));
#3825=CARTESIAN_POINT('',(2.44142135623731,1.85147186257614,4.));
#3826=VECTOR('',#3827,1.);
#3827=DIRECTION('',(-0.707106781186547,0.707106781186547,0.));
#3828=CARTESIAN_POINT('',(1.56862915010152,2.44142135623731,4.));
#3829=AXIS2_PLACEMENT_3D('',#3830,#3831,#3832);
#3830=CARTESIAN_POINT('',(1.71005050633883,2.3,4.));
#3831=DIRECTION('',(0.,0.,1.));
#3832=DIRECTION('',(0.707106781186547,0.707106781186548,0.));
#3833=CARTESIAN_POINT('',(-1.56862915010152,2.44142135623731,4.));
#3834=CARTESIAN_POINT('',(1.56862915010152,2.44142135623731,4.));
#3835=VECTOR('',#3836,1.);
#3836=DIRECTION('',(-1.,0.,0.));
#3837=CARTESIAN_POINT('',(-1.85147186257614,2.44142135623731,4.));
#3838=AXIS2_PLACEMENT_3D('',#3839,#3840,#3841);
#3839=CARTESIAN_POINT('',(-1.71005050633883,2.3,4.));
#3840=DIRECTION('',(0.,0.,1.));
#3841=DIRECTION('',(0.707106781186549,0.707106781186546,0.));
#3842=CARTESIAN_POINT('',(-2.44142135623731,1.85147186257614,4.));
#3843=CARTESIAN_POINT('',(-1.85147186257614,2.44142135623731,4.));
#3844=VECTOR('',#3845,1.);
#3845=DIRECTION('',(-0.707106781186546,-0.707106781186549,0.));
#3846=CARTESIAN_POINT('',(-2.44142135623731,1.56862915010152,4.));
#3847=AXIS2_PLACEMENT_3D('',#3848,#3849,#3850);
#3848=CARTESIAN_POINT('',(-2.3,1.71005050633883,4.));
#3849=DIRECTION('',(0.,0.,1.));
#3850=DIRECTION('',(-0.707106781186546,0.707106781186549,0.));
#3851=CARTESIAN_POINT('',(-2.44142135623731,-1.56862915010152,4.));
#3852=CARTESIAN_POINT('',(-2.44142135623731,1.56862915010152,4.));
#3853=VECTOR('',#3854,1.);
#3854=DIRECTION('',(0.,-1.,0.));
#3855=CARTESIAN_POINT('',(-2.44142135623731,-1.85147186257614,4.));
#3856=AXIS2_PLACEMENT_3D('',#3857,#3858,#3859);
#3857=CARTESIAN_POINT('',(-2.3,-1.71005050633883,4.));
#3858=DIRECTION('',(0.,0.,1.));
#3859=DIRECTION('',(-0.707106781186548,0.707106781186547,0.));
#3860=CARTESIAN_POINT('',(-1.85147186257614,-2.44142135623731,4.));
#3861=CARTESIAN_POINT('',(-2.44142135623731,-1.85147186257614,4.));
#3862=VECTOR('',#3863,1.);
#3863=DIRECTION('',(0.707106781186546,-0.707106781186549,0.));
#3864=CARTESIAN_POINT('',(-1.56862915010153,-2.44142135623731,4.));
#3865=AXIS2_PLACEMENT_3D('',#3866,#3867,#3868);
#3866=CARTESIAN_POINT('',(-1.71005050633883,-2.3,4.));
#3867=DIRECTION('',(0.,0.,1.));
#3868=DIRECTION('',(-0.707106781186549,-0.707106781186546,0.));
#3869=CARTESIAN_POINT('',(1.56862915010152,-2.44142135623731,4.));
#3870=CARTESIAN_POINT('',(-1.56862915010153,-2.44142135623731,4.));
#3871=VECTOR('',#3872,1.);
#3872=DIRECTION('',(1.,0.,0.));
#3873=CARTESIAN_POINT('',(1.85147186257614,-2.44142135623731,4.));
#3874=AXIS2_PLACEMENT_3D('',#3875,#3876,#3877);
#3875=CARTESIAN_POINT('',(1.71005050633883,-2.3,4.));
#3876=DIRECTION('',(0.,0.,1.));
#3877=DIRECTION('',(-0.707106781186547,-0.707106781186548,0.));
#3878=CARTESIAN_POINT('',(2.44142135623731,-1.85147186257614,4.));
#3879=CARTESIAN_POINT('',(1.85147186257614,-2.44142135623731,4.));
#3880=VECTOR('',#3881,1.);
#3881=DIRECTION('',(0.707106781186547,0.707106781186548,0.));
#3882=AXIS2_PLACEMENT_3D('',#3883,#3884,#3885);
#3883=CARTESIAN_POINT('',(2.3,-1.71005050633883,4.));
#3884=DIRECTION('',(0.,0.,1.));
#3885=DIRECTION('',(0.707106781186549,-0.707106781186546,0.));
#3886=CARTESIAN_POINT('',(2.3,-2.81668763803891E-016,4.));
#3887=AXIS2_PLACEMENT_3D('',#3888,#3889,#3890);
#3888=CARTESIAN_POINT('',(0.,0.,4.));
#3889=DIRECTION('',(0.,0.,1.));
#3890=DIRECTION('',(1.,0.,0.));
#3891=CARTESIAN_POINT('',(2.3,-2.81668763803891E-016,4.2));
#3892=AXIS2_PLACEMENT_3D('',#3893,#3894,#3895);
#3893=CARTESIAN_POINT('',(0.,0.,4.2));
#3894=DIRECTION('',(0.,0.,1.));
#3895=DIRECTION('',(1.,0.,0.));
#3896=CARTESIAN_POINT('',(2.44142135623731,-1.56862915010152,2.5));
#3897=VECTOR('',#3898,1.);
#3898=DIRECTION('',(0.,0.,1.));
#3899=CARTESIAN_POINT('',(2.44142135623731,-1.85147186257614,2.5));
#3900=VECTOR('',#3901,1.);
#3901=DIRECTION('',(0.,0.,1.));
#3902=CARTESIAN_POINT('',(1.85147186257614,-2.44142135623731,2.5));
#3903=VECTOR('',#3904,1.);
#3904=DIRECTION('',(0.,0.,1.));
#3905=CARTESIAN_POINT('',(1.56862915010152,-2.44142135623731,2.5));
#3906=VECTOR('',#3907,1.);
#3907=DIRECTION('',(0.,0.,1.));
#3908=CARTESIAN_POINT('',(-1.56862915010153,-2.44142135623731,2.5));
#3909=VECTOR('',#3910,1.);
#3910=DIRECTION('',(0.,0.,1.));
#3911=CARTESIAN_POINT('',(-1.85147186257615,-2.44142135623731,2.5));
#3912=VECTOR('',#3913,1.);
#3913=DIRECTION('',(0.,0.,1.));
#3914=CARTESIAN_POINT('',(-2.44142135623731,-1.85147186257614,2.5));
#3915=VECTOR('',#3916,1.);
#3916=DIRECTION('',(0.,0.,1.));
#3917=CARTESIAN_POINT('',(-2.44142135623731,-1.56862915010152,2.5));
#3918=VECTOR('',#3919,1.);
#3919=DIRECTION('',(0.,0.,1.));
#3920=CARTESIAN_POINT('',(-2.44142135623731,1.56862915010152,2.5));
#3921=VECTOR('',#3922,1.);
#3922=DIRECTION('',(0.,0.,1.));
#3923=CARTESIAN_POINT('',(-2.44142135623731,1.85147186257614,2.5));
#3924=VECTOR('',#3925,1.);
#3925=DIRECTION('',(0.,0.,1.));
#3926=CARTESIAN_POINT('',(-1.85147186257614,2.44142135623731,2.5));
#3927=VECTOR('',#3928,1.);
#3928=DIRECTION('',(0.,0.,1.));
#3929=CARTESIAN_POINT('',(-1.56862915010152,2.44142135623731,2.5));
#3930=VECTOR('',#3931,1.);
#3931=DIRECTION('',(0.,0.,1.));
#3932=CARTESIAN_POINT('',(1.56862915010152,2.44142135623731,2.5));
#3933=VECTOR('',#3934,1.);
#3934=DIRECTION('',(0.,0.,1.));
#3935=CARTESIAN_POINT('',(1.85147186257614,2.44142135623731,2.5));
#3936=VECTOR('',#3937,1.);
#3937=DIRECTION('',(0.,0.,1.));
#3938=CARTESIAN_POINT('',(2.44142135623731,1.85147186257614,2.5));
#3939=VECTOR('',#3940,1.);
#3940=DIRECTION('',(0.,0.,1.));
#3941=CARTESIAN_POINT('',(2.44142135623731,1.56862915010152,2.5));
#3942=VECTOR('',#3943,1.);
#3943=DIRECTION('',(0.,0.,1.));
#3944=CARTESIAN_POINT('',(2.2,-2.69422295812418E-016,4.3));
#3945=AXIS2_PLACEMENT_3D('',#3946,#3947,#3948);
#3946=CARTESIAN_POINT('',(0.,0.,4.3));
#3947=DIRECTION('',(0.,0.,1.));
#3948=DIRECTION('',(1.,0.,0.));
ENDSEC;
END-ISO-10303-21;
