ISO-10303-21;
HEADER;
FILE_DESCRIPTION(('STEP AP214'),
    '1');
FILE_NAME('1TS009',
    '2022-12-01T17:43:08',
    ('AF'),
    (''),
    'UNSPECIFIED',
    'UNSPECIFIED',
    '');
/*Based on Hon Yuan Precision Ind. Co.,Ltd. 1TS009 datasheet, Rev.B 2015-11-10*/
FILE_SCHEMA(('AUTOMOTIVE_DESIGN { 1 0 10303 214 3 1 1}'));
ENDSEC;

DATA;
#1=SHAPE_REPRESENTATION('NONE',(#2),#6);
#2=AXIS2_PLACEMENT_3D('',#3,#4,#5);
#3=CARTESIAN_POINT('',(0.,0.,0.));
#4=DIRECTION('',(0.,0.,1.));
#5=DIRECTION('',(1.,0.,0.));
#6=(GEOMETRIC_REPRESENTATION_CONTEXT(3)GLOBAL_UNCERTAINTY_ASSIGNED_CONTEXT((#8))
GLOBAL_UNIT_ASSIGNED_CONTEXT((#7,#9,#10))REPRESENTATION_CONTEXT('NONE','NONE'));
#7=(LENGTH_UNIT()NAMED_UNIT(*)SI_UNIT(.MILLI.,.METRE.));
#8=UNCERTAINTY_MEASURE_WITH_UNIT(LENGTH_MEASURE(1.E-005),#7,'NONE','NONE');
#9=(NAMED_UNIT(*)PLANE_ANGLE_UNIT()SI_UNIT($,.RADIAN.));
#10=(NAMED_UNIT(*)SI_UNIT($,.STERADIAN.)SOLID_ANGLE_UNIT());
#11=SHAPE_DEFINITION_REPRESENTATION(#12,#1);
#12=PRODUCT_DEFINITION_SHAPE('NONE','NONE',#13);
#13=PRODUCT_DEFINITION('','UNSPECIFIED',#14,#22);
#14=PRODUCT_DEFINITION_FORMATION_WITH_SPECIFIED_SOURCE('ANY','UNSPECIFIED',#15,.NOT_KNOWN.);
#15=PRODUCT('','1TS009D-XXX0-4300','Based on Hon Yuan Precision Ind. Co.,Ltd. 1TS009 datasheet, Rev.B 2015-11-10',
(#25));
#16=PERSON('UNSPECIFIED','AF','UNSPECIFIED',('UNSPECIFIED'),('UNSPECIFIED'),('UNSPECIFIED'));
#17=ORGANIZATION('UNSPECIFIED','UNSPECIFIED','UNSPECIFIED');
#18=PERSON_AND_ORGANIZATION(#16,#17);
#19=PERSON_AND_ORGANIZATION_ROLE('design_owner');
#20=CC_DESIGN_PERSON_AND_ORGANIZATION_ASSIGNMENT(#18,#19,(#15));
#21=PRODUCT_RELATED_PRODUCT_CATEGORY('assembly','',(#15));
#22=DESIGN_CONTEXT('detailed design',#23,'design');
#23=APPLICATION_CONTEXT('configuration controlled 3d designs of mechanical parts and assemblies');
#24=APPLICATION_PROTOCOL_DEFINITION('international standard','automotive_design',
2011,#23);
#25=PRODUCT_CONTEXT('NONE',#23,'mechanical');
#26=CC_DESIGN_DATE_AND_TIME_ASSIGNMENT(#27,#31,(#13));
#27=DATE_AND_TIME(#28,#29);
#28=CALENDAR_DATE(0,1,1);
#29=LOCAL_TIME(0,0,0.,#30);
#30=COORDINATED_UNIVERSAL_TIME_OFFSET(0,0,.AHEAD.);
#31=DATE_TIME_ROLE('creation_date');
#32=CC_DESIGN_APPROVAL(#33,(#13));
#33=APPROVAL(#34,'UNSPECIFIED');
#34=APPROVAL_STATUS('not_yet_approved');
#35=APPROVAL_DATE_TIME(#36,#33);
#36=DATE_AND_TIME(#37,#38);
#37=CALENDAR_DATE(0,1,1);
#38=LOCAL_TIME(0,0,0.,#39);
#39=COORDINATED_UNIVERSAL_TIME_OFFSET(0,0,.AHEAD.);
#40=DERIVED_UNIT((#44,#41));
#41=DERIVED_UNIT_ELEMENT(#42,-1.);
#42=VOLUME_UNIT(#43);
#43=DIMENSIONAL_EXPONENTS(3.,0.,0.,0.,0.,0.,0.);
#44=(DERIVED_UNIT_ELEMENT($,-1.)NAMED_UNIT($)MASS_UNIT()SI_UNIT($,.GRAM.));
#45=MANIFOLD_SOLID_BREP('',#46);
#46=CLOSED_SHELL('',(#91,#100,#109,#118,#127,#136,#145,#154,#163,#172,#181,#190,
#199,#208,#217,#226,#235,#244,#253,#262,#271,#280,#289,#298,#307,#316,#325,#334,
#343,#352,#361,#370,#379,#388,#397,#406,#415,#424,#433,#442,#451,#460,#469,#478,
#487,#496,#505,#514,#523,#532,#541,#550,#559,#568,#577));
#47=COLOUR_RGB($,0.827450980392157,0.831372549019608,0.835294117647059);
#48=FILL_AREA_STYLE_COLOUR($,#47);
#49=FILL_AREA_STYLE($,(#48));
#50=SURFACE_STYLE_FILL_AREA(#49);
#51=SURFACE_SIDE_STYLE('',(#50));
#52=SURFACE_STYLE_USAGE(.BOTH.,#51);
#53=PRESENTATION_STYLE_ASSIGNMENT((#52));
#54=MECHANICAL_DESIGN_GEOMETRIC_PRESENTATION_REPRESENTATION('NONE',(#55,#65,#75,
#85,#99,#108,#117,#126,#135,#144,#153,#162,#171,#180,#189,#198,#207,#216,#225,#234,
#243,#252,#261,#270,#279,#288,#297,#306,#315,#324,#333,#342,#351,#360,#369,#378,
#387,#396,#405,#414,#423,#432,#441,#450,#459,#468,#477,#486,#495,#504,#513,#522,
#531,#540,#549,#558,#567,#576,#585,#594,#603,#612,#621,#630,#639,#648,#657,#666,
#675,#684,#693,#702,#711,#720,#729,#738,#747,#756,#765,#774,#783,#792,#801,#810,
#819,#828,#837,#846,#855,#864,#873,#882,#891,#900,#909,#918,#924,#930),#6);
#55=STYLED_ITEM('',(#53),#45);
#56=MANIFOLD_SOLID_BREP('',#57);
#57=CLOSED_SHELL('',(#586,#595,#604,#613,#622,#631,#640,#649,#658,#667,#676,#685,
#694,#703,#712,#721,#730,#739,#748,#757,#766));
#58=COLOUR_RGB($,0.827450980392157,0.831372549019608,0.835294117647059);
#59=FILL_AREA_STYLE_COLOUR($,#58);
#60=FILL_AREA_STYLE($,(#59));
#61=SURFACE_STYLE_FILL_AREA(#60);
#62=SURFACE_SIDE_STYLE('',(#61));
#63=SURFACE_STYLE_USAGE(.BOTH.,#62);
#64=PRESENTATION_STYLE_ASSIGNMENT((#63));
#65=STYLED_ITEM('',(#64),#56);
#66=MANIFOLD_SOLID_BREP('',#67);
#67=CLOSED_SHELL('',(#775,#784,#793,#802,#811,#820,#829,#838));
#68=COLOUR_RGB($,0.827450980392157,0.831372549019608,0.835294117647059);
#69=FILL_AREA_STYLE_COLOUR($,#68);
#70=FILL_AREA_STYLE($,(#69));
#71=SURFACE_STYLE_FILL_AREA(#70);
#72=SURFACE_SIDE_STYLE('',(#71));
#73=SURFACE_STYLE_USAGE(.BOTH.,#72);
#74=PRESENTATION_STYLE_ASSIGNMENT((#73));
#75=STYLED_ITEM('',(#74),#66);
#76=MANIFOLD_SOLID_BREP('',#77);
#77=CLOSED_SHELL('',(#847,#856,#865,#874,#883,#892,#901,#910));
#78=COLOUR_RGB($,0.827450980392157,0.831372549019608,0.835294117647059);
#79=FILL_AREA_STYLE_COLOUR($,#78);
#80=FILL_AREA_STYLE($,(#79));
#81=SURFACE_STYLE_FILL_AREA(#80);
#82=SURFACE_SIDE_STYLE('',(#81));
#83=SURFACE_STYLE_USAGE(.BOTH.,#82);
#84=PRESENTATION_STYLE_ASSIGNMENT((#83));
#85=STYLED_ITEM('',(#84),#76);
#86=ADVANCED_BREP_SHAPE_REPRESENTATION('NONE',(#45,#56,#66,#76),#6);
#87=SHAPE_REPRESENTATION_RELATIONSHIP('','',#1,#86);
#88=GEOMETRIC_CURVE_SET('',(#919,#925));
#89=GEOMETRICALLY_BOUNDED_WIREFRAME_SHAPE_REPRESENTATION('NONE',(#88),#6);
#90=SHAPE_REPRESENTATION_RELATIONSHIP('','',#1,#89);
#91=ADVANCED_FACE('',(#931),#933,.T.);
#92=COLOUR_RGB($,0.176470588235294,0.176470588235294,0.196078431372549);
#93=FILL_AREA_STYLE_COLOUR($,#92);
#94=FILL_AREA_STYLE($,(#93));
#95=SURFACE_STYLE_FILL_AREA(#94);
#96=SURFACE_SIDE_STYLE('',(#95));
#97=SURFACE_STYLE_USAGE(.BOTH.,#96);
#98=PRESENTATION_STYLE_ASSIGNMENT((#97));
#99=STYLED_ITEM('',(#98),#91);
#100=ADVANCED_FACE('',(#938),#940,.T.);
#101=COLOUR_RGB($,0.176470588235294,0.176470588235294,0.196078431372549);
#102=FILL_AREA_STYLE_COLOUR($,#101);
#103=FILL_AREA_STYLE($,(#102));
#104=SURFACE_STYLE_FILL_AREA(#103);
#105=SURFACE_SIDE_STYLE('',(#104));
#106=SURFACE_STYLE_USAGE(.BOTH.,#105);
#107=PRESENTATION_STYLE_ASSIGNMENT((#106));
#108=STYLED_ITEM('',(#107),#100);
#109=ADVANCED_FACE('',(#945),#947,.F.);
#110=COLOUR_RGB($,0.176470588235294,0.176470588235294,0.196078431372549);
#111=FILL_AREA_STYLE_COLOUR($,#110);
#112=FILL_AREA_STYLE($,(#111));
#113=SURFACE_STYLE_FILL_AREA(#112);
#114=SURFACE_SIDE_STYLE('',(#113));
#115=SURFACE_STYLE_USAGE(.BOTH.,#114);
#116=PRESENTATION_STYLE_ASSIGNMENT((#115));
#117=STYLED_ITEM('',(#116),#109);
#118=ADVANCED_FACE('',(#952),#954,.F.);
#119=COLOUR_RGB($,0.176470588235294,0.176470588235294,0.196078431372549);
#120=FILL_AREA_STYLE_COLOUR($,#119);
#121=FILL_AREA_STYLE($,(#120));
#122=SURFACE_STYLE_FILL_AREA(#121);
#123=SURFACE_SIDE_STYLE('',(#122));
#124=SURFACE_STYLE_USAGE(.BOTH.,#123);
#125=PRESENTATION_STYLE_ASSIGNMENT((#124));
#126=STYLED_ITEM('',(#125),#118);
#127=ADVANCED_FACE('',(#959),#961,.F.);
#128=COLOUR_RGB($,0.176470588235294,0.176470588235294,0.196078431372549);
#129=FILL_AREA_STYLE_COLOUR($,#128);
#130=FILL_AREA_STYLE($,(#129));
#131=SURFACE_STYLE_FILL_AREA(#130);
#132=SURFACE_SIDE_STYLE('',(#131));
#133=SURFACE_STYLE_USAGE(.BOTH.,#132);
#134=PRESENTATION_STYLE_ASSIGNMENT((#133));
#135=STYLED_ITEM('',(#134),#127);
#136=ADVANCED_FACE('',(#966),#968,.F.);
#137=COLOUR_RGB($,0.176470588235294,0.176470588235294,0.196078431372549);
#138=FILL_AREA_STYLE_COLOUR($,#137);
#139=FILL_AREA_STYLE($,(#138));
#140=SURFACE_STYLE_FILL_AREA(#139);
#141=SURFACE_SIDE_STYLE('',(#140));
#142=SURFACE_STYLE_USAGE(.BOTH.,#141);
#143=PRESENTATION_STYLE_ASSIGNMENT((#142));
#144=STYLED_ITEM('',(#143),#136);
#145=ADVANCED_FACE('',(#973),#975,.F.);
#146=COLOUR_RGB($,0.176470588235294,0.176470588235294,0.196078431372549);
#147=FILL_AREA_STYLE_COLOUR($,#146);
#148=FILL_AREA_STYLE($,(#147));
#149=SURFACE_STYLE_FILL_AREA(#148);
#150=SURFACE_SIDE_STYLE('',(#149));
#151=SURFACE_STYLE_USAGE(.BOTH.,#150);
#152=PRESENTATION_STYLE_ASSIGNMENT((#151));
#153=STYLED_ITEM('',(#152),#145);
#154=ADVANCED_FACE('',(#980),#982,.T.);
#155=COLOUR_RGB($,0.176470588235294,0.176470588235294,0.196078431372549);
#156=FILL_AREA_STYLE_COLOUR($,#155);
#157=FILL_AREA_STYLE($,(#156));
#158=SURFACE_STYLE_FILL_AREA(#157);
#159=SURFACE_SIDE_STYLE('',(#158));
#160=SURFACE_STYLE_USAGE(.BOTH.,#159);
#161=PRESENTATION_STYLE_ASSIGNMENT((#160));
#162=STYLED_ITEM('',(#161),#154);
#163=ADVANCED_FACE('',(#987,#989),#991,.T.);
#164=COLOUR_RGB($,0.176470588235294,0.176470588235294,0.196078431372549);
#165=FILL_AREA_STYLE_COLOUR($,#164);
#166=FILL_AREA_STYLE($,(#165));
#167=SURFACE_STYLE_FILL_AREA(#166);
#168=SURFACE_SIDE_STYLE('',(#167));
#169=SURFACE_STYLE_USAGE(.BOTH.,#168);
#170=PRESENTATION_STYLE_ASSIGNMENT((#169));
#171=STYLED_ITEM('',(#170),#163);
#172=ADVANCED_FACE('',(#996),#998,.T.);
#173=COLOUR_RGB($,0.176470588235294,0.176470588235294,0.196078431372549);
#174=FILL_AREA_STYLE_COLOUR($,#173);
#175=FILL_AREA_STYLE($,(#174));
#176=SURFACE_STYLE_FILL_AREA(#175);
#177=SURFACE_SIDE_STYLE('',(#176));
#178=SURFACE_STYLE_USAGE(.BOTH.,#177);
#179=PRESENTATION_STYLE_ASSIGNMENT((#178));
#180=STYLED_ITEM('',(#179),#172);
#181=ADVANCED_FACE('',(#1003),#1005,.T.);
#182=COLOUR_RGB($,0.176470588235294,0.176470588235294,0.196078431372549);
#183=FILL_AREA_STYLE_COLOUR($,#182);
#184=FILL_AREA_STYLE($,(#183));
#185=SURFACE_STYLE_FILL_AREA(#184);
#186=SURFACE_SIDE_STYLE('',(#185));
#187=SURFACE_STYLE_USAGE(.BOTH.,#186);
#188=PRESENTATION_STYLE_ASSIGNMENT((#187));
#189=STYLED_ITEM('',(#188),#181);
#190=ADVANCED_FACE('',(#1010),#1012,.T.);
#191=COLOUR_RGB($,0.176470588235294,0.176470588235294,0.196078431372549);
#192=FILL_AREA_STYLE_COLOUR($,#191);
#193=FILL_AREA_STYLE($,(#192));
#194=SURFACE_STYLE_FILL_AREA(#193);
#195=SURFACE_SIDE_STYLE('',(#194));
#196=SURFACE_STYLE_USAGE(.BOTH.,#195);
#197=PRESENTATION_STYLE_ASSIGNMENT((#196));
#198=STYLED_ITEM('',(#197),#190);
#199=ADVANCED_FACE('',(#1017),#1019,.T.);
#200=COLOUR_RGB($,0.176470588235294,0.176470588235294,0.196078431372549);
#201=FILL_AREA_STYLE_COLOUR($,#200);
#202=FILL_AREA_STYLE($,(#201));
#203=SURFACE_STYLE_FILL_AREA(#202);
#204=SURFACE_SIDE_STYLE('',(#203));
#205=SURFACE_STYLE_USAGE(.BOTH.,#204);
#206=PRESENTATION_STYLE_ASSIGNMENT((#205));
#207=STYLED_ITEM('',(#206),#199);
#208=ADVANCED_FACE('',(#1024),#1026,.F.);
#209=COLOUR_RGB($,0.176470588235294,0.176470588235294,0.196078431372549);
#210=FILL_AREA_STYLE_COLOUR($,#209);
#211=FILL_AREA_STYLE($,(#210));
#212=SURFACE_STYLE_FILL_AREA(#211);
#213=SURFACE_SIDE_STYLE('',(#212));
#214=SURFACE_STYLE_USAGE(.BOTH.,#213);
#215=PRESENTATION_STYLE_ASSIGNMENT((#214));
#216=STYLED_ITEM('',(#215),#208);
#217=ADVANCED_FACE('',(#1031),#1033,.F.);
#218=COLOUR_RGB($,0.176470588235294,0.176470588235294,0.196078431372549);
#219=FILL_AREA_STYLE_COLOUR($,#218);
#220=FILL_AREA_STYLE($,(#219));
#221=SURFACE_STYLE_FILL_AREA(#220);
#222=SURFACE_SIDE_STYLE('',(#221));
#223=SURFACE_STYLE_USAGE(.BOTH.,#222);
#224=PRESENTATION_STYLE_ASSIGNMENT((#223));
#225=STYLED_ITEM('',(#224),#217);
#226=ADVANCED_FACE('',(#1038),#1040,.F.);
#227=COLOUR_RGB($,0.176470588235294,0.176470588235294,0.196078431372549);
#228=FILL_AREA_STYLE_COLOUR($,#227);
#229=FILL_AREA_STYLE($,(#228));
#230=SURFACE_STYLE_FILL_AREA(#229);
#231=SURFACE_SIDE_STYLE('',(#230));
#232=SURFACE_STYLE_USAGE(.BOTH.,#231);
#233=PRESENTATION_STYLE_ASSIGNMENT((#232));
#234=STYLED_ITEM('',(#233),#226);
#235=ADVANCED_FACE('',(#1045),#1047,.T.);
#236=COLOUR_RGB($,0.176470588235294,0.176470588235294,0.196078431372549);
#237=FILL_AREA_STYLE_COLOUR($,#236);
#238=FILL_AREA_STYLE($,(#237));
#239=SURFACE_STYLE_FILL_AREA(#238);
#240=SURFACE_SIDE_STYLE('',(#239));
#241=SURFACE_STYLE_USAGE(.BOTH.,#240);
#242=PRESENTATION_STYLE_ASSIGNMENT((#241));
#243=STYLED_ITEM('',(#242),#235);
#244=ADVANCED_FACE('',(#1052),#1054,.F.);
#245=COLOUR_RGB($,0.176470588235294,0.176470588235294,0.196078431372549);
#246=FILL_AREA_STYLE_COLOUR($,#245);
#247=FILL_AREA_STYLE($,(#246));
#248=SURFACE_STYLE_FILL_AREA(#247);
#249=SURFACE_SIDE_STYLE('',(#248));
#250=SURFACE_STYLE_USAGE(.BOTH.,#249);
#251=PRESENTATION_STYLE_ASSIGNMENT((#250));
#252=STYLED_ITEM('',(#251),#244);
#253=ADVANCED_FACE('',(#1059),#1061,.F.);
#254=COLOUR_RGB($,0.176470588235294,0.176470588235294,0.196078431372549);
#255=FILL_AREA_STYLE_COLOUR($,#254);
#256=FILL_AREA_STYLE($,(#255));
#257=SURFACE_STYLE_FILL_AREA(#256);
#258=SURFACE_SIDE_STYLE('',(#257));
#259=SURFACE_STYLE_USAGE(.BOTH.,#258);
#260=PRESENTATION_STYLE_ASSIGNMENT((#259));
#261=STYLED_ITEM('',(#260),#253);
#262=ADVANCED_FACE('',(#1066),#1068,.F.);
#263=COLOUR_RGB($,0.176470588235294,0.176470588235294,0.196078431372549);
#264=FILL_AREA_STYLE_COLOUR($,#263);
#265=FILL_AREA_STYLE($,(#264));
#266=SURFACE_STYLE_FILL_AREA(#265);
#267=SURFACE_SIDE_STYLE('',(#266));
#268=SURFACE_STYLE_USAGE(.BOTH.,#267);
#269=PRESENTATION_STYLE_ASSIGNMENT((#268));
#270=STYLED_ITEM('',(#269),#262);
#271=ADVANCED_FACE('',(#1073),#1075,.F.);
#272=COLOUR_RGB($,0.176470588235294,0.176470588235294,0.196078431372549);
#273=FILL_AREA_STYLE_COLOUR($,#272);
#274=FILL_AREA_STYLE($,(#273));
#275=SURFACE_STYLE_FILL_AREA(#274);
#276=SURFACE_SIDE_STYLE('',(#275));
#277=SURFACE_STYLE_USAGE(.BOTH.,#276);
#278=PRESENTATION_STYLE_ASSIGNMENT((#277));
#279=STYLED_ITEM('',(#278),#271);
#280=ADVANCED_FACE('',(#1080),#1082,.T.);
#281=COLOUR_RGB($,0.176470588235294,0.176470588235294,0.196078431372549);
#282=FILL_AREA_STYLE_COLOUR($,#281);
#283=FILL_AREA_STYLE($,(#282));
#284=SURFACE_STYLE_FILL_AREA(#283);
#285=SURFACE_SIDE_STYLE('',(#284));
#286=SURFACE_STYLE_USAGE(.BOTH.,#285);
#287=PRESENTATION_STYLE_ASSIGNMENT((#286));
#288=STYLED_ITEM('',(#287),#280);
#289=ADVANCED_FACE('',(#1087),#1089,.T.);
#290=COLOUR_RGB($,0.176470588235294,0.176470588235294,0.196078431372549);
#291=FILL_AREA_STYLE_COLOUR($,#290);
#292=FILL_AREA_STYLE($,(#291));
#293=SURFACE_STYLE_FILL_AREA(#292);
#294=SURFACE_SIDE_STYLE('',(#293));
#295=SURFACE_STYLE_USAGE(.BOTH.,#294);
#296=PRESENTATION_STYLE_ASSIGNMENT((#295));
#297=STYLED_ITEM('',(#296),#289);
#298=ADVANCED_FACE('',(#1094),#1096,.T.);
#299=COLOUR_RGB($,0.176470588235294,0.176470588235294,0.196078431372549);
#300=FILL_AREA_STYLE_COLOUR($,#299);
#301=FILL_AREA_STYLE($,(#300));
#302=SURFACE_STYLE_FILL_AREA(#301);
#303=SURFACE_SIDE_STYLE('',(#302));
#304=SURFACE_STYLE_USAGE(.BOTH.,#303);
#305=PRESENTATION_STYLE_ASSIGNMENT((#304));
#306=STYLED_ITEM('',(#305),#298);
#307=ADVANCED_FACE('',(#1101),#1103,.T.);
#308=COLOUR_RGB($,0.176470588235294,0.176470588235294,0.196078431372549);
#309=FILL_AREA_STYLE_COLOUR($,#308);
#310=FILL_AREA_STYLE($,(#309));
#311=SURFACE_STYLE_FILL_AREA(#310);
#312=SURFACE_SIDE_STYLE('',(#311));
#313=SURFACE_STYLE_USAGE(.BOTH.,#312);
#314=PRESENTATION_STYLE_ASSIGNMENT((#313));
#315=STYLED_ITEM('',(#314),#307);
#316=ADVANCED_FACE('',(#1108),#1110,.T.);
#317=COLOUR_RGB($,0.176470588235294,0.176470588235294,0.196078431372549);
#318=FILL_AREA_STYLE_COLOUR($,#317);
#319=FILL_AREA_STYLE($,(#318));
#320=SURFACE_STYLE_FILL_AREA(#319);
#321=SURFACE_SIDE_STYLE('',(#320));
#322=SURFACE_STYLE_USAGE(.BOTH.,#321);
#323=PRESENTATION_STYLE_ASSIGNMENT((#322));
#324=STYLED_ITEM('',(#323),#316);
#325=ADVANCED_FACE('',(#1115),#1117,.F.);
#326=COLOUR_RGB($,0.176470588235294,0.176470588235294,0.196078431372549);
#327=FILL_AREA_STYLE_COLOUR($,#326);
#328=FILL_AREA_STYLE($,(#327));
#329=SURFACE_STYLE_FILL_AREA(#328);
#330=SURFACE_SIDE_STYLE('',(#329));
#331=SURFACE_STYLE_USAGE(.BOTH.,#330);
#332=PRESENTATION_STYLE_ASSIGNMENT((#331));
#333=STYLED_ITEM('',(#332),#325);
#334=ADVANCED_FACE('',(#1122),#1124,.F.);
#335=COLOUR_RGB($,0.176470588235294,0.176470588235294,0.196078431372549);
#336=FILL_AREA_STYLE_COLOUR($,#335);
#337=FILL_AREA_STYLE($,(#336));
#338=SURFACE_STYLE_FILL_AREA(#337);
#339=SURFACE_SIDE_STYLE('',(#338));
#340=SURFACE_STYLE_USAGE(.BOTH.,#339);
#341=PRESENTATION_STYLE_ASSIGNMENT((#340));
#342=STYLED_ITEM('',(#341),#334);
#343=ADVANCED_FACE('',(#1129),#1131,.T.);
#344=COLOUR_RGB($,0.176470588235294,0.176470588235294,0.196078431372549);
#345=FILL_AREA_STYLE_COLOUR($,#344);
#346=FILL_AREA_STYLE($,(#345));
#347=SURFACE_STYLE_FILL_AREA(#346);
#348=SURFACE_SIDE_STYLE('',(#347));
#349=SURFACE_STYLE_USAGE(.BOTH.,#348);
#350=PRESENTATION_STYLE_ASSIGNMENT((#349));
#351=STYLED_ITEM('',(#350),#343);
#352=ADVANCED_FACE('',(#1136),#1138,.T.);
#353=COLOUR_RGB($,0.176470588235294,0.176470588235294,0.196078431372549);
#354=FILL_AREA_STYLE_COLOUR($,#353);
#355=FILL_AREA_STYLE($,(#354));
#356=SURFACE_STYLE_FILL_AREA(#355);
#357=SURFACE_SIDE_STYLE('',(#356));
#358=SURFACE_STYLE_USAGE(.BOTH.,#357);
#359=PRESENTATION_STYLE_ASSIGNMENT((#358));
#360=STYLED_ITEM('',(#359),#352);
#361=ADVANCED_FACE('',(#1143),#1145,.T.);
#362=COLOUR_RGB($,0.176470588235294,0.176470588235294,0.196078431372549);
#363=FILL_AREA_STYLE_COLOUR($,#362);
#364=FILL_AREA_STYLE($,(#363));
#365=SURFACE_STYLE_FILL_AREA(#364);
#366=SURFACE_SIDE_STYLE('',(#365));
#367=SURFACE_STYLE_USAGE(.BOTH.,#366);
#368=PRESENTATION_STYLE_ASSIGNMENT((#367));
#369=STYLED_ITEM('',(#368),#361);
#370=ADVANCED_FACE('',(#1150),#1152,.T.);
#371=COLOUR_RGB($,0.176470588235294,0.176470588235294,0.196078431372549);
#372=FILL_AREA_STYLE_COLOUR($,#371);
#373=FILL_AREA_STYLE($,(#372));
#374=SURFACE_STYLE_FILL_AREA(#373);
#375=SURFACE_SIDE_STYLE('',(#374));
#376=SURFACE_STYLE_USAGE(.BOTH.,#375);
#377=PRESENTATION_STYLE_ASSIGNMENT((#376));
#378=STYLED_ITEM('',(#377),#370);
#379=ADVANCED_FACE('',(#1157),#1159,.F.);
#380=COLOUR_RGB($,0.176470588235294,0.176470588235294,0.196078431372549);
#381=FILL_AREA_STYLE_COLOUR($,#380);
#382=FILL_AREA_STYLE($,(#381));
#383=SURFACE_STYLE_FILL_AREA(#382);
#384=SURFACE_SIDE_STYLE('',(#383));
#385=SURFACE_STYLE_USAGE(.BOTH.,#384);
#386=PRESENTATION_STYLE_ASSIGNMENT((#385));
#387=STYLED_ITEM('',(#386),#379);
#388=ADVANCED_FACE('',(#1164),#1166,.F.);
#389=COLOUR_RGB($,0.176470588235294,0.176470588235294,0.196078431372549);
#390=FILL_AREA_STYLE_COLOUR($,#389);
#391=FILL_AREA_STYLE($,(#390));
#392=SURFACE_STYLE_FILL_AREA(#391);
#393=SURFACE_SIDE_STYLE('',(#392));
#394=SURFACE_STYLE_USAGE(.BOTH.,#393);
#395=PRESENTATION_STYLE_ASSIGNMENT((#394));
#396=STYLED_ITEM('',(#395),#388);
#397=ADVANCED_FACE('',(#1171),#1173,.T.);
#398=COLOUR_RGB($,0.176470588235294,0.176470588235294,0.196078431372549);
#399=FILL_AREA_STYLE_COLOUR($,#398);
#400=FILL_AREA_STYLE($,(#399));
#401=SURFACE_STYLE_FILL_AREA(#400);
#402=SURFACE_SIDE_STYLE('',(#401));
#403=SURFACE_STYLE_USAGE(.BOTH.,#402);
#404=PRESENTATION_STYLE_ASSIGNMENT((#403));
#405=STYLED_ITEM('',(#404),#397);
#406=ADVANCED_FACE('',(#1178),#1180,.T.);
#407=COLOUR_RGB($,0.176470588235294,0.176470588235294,0.196078431372549);
#408=FILL_AREA_STYLE_COLOUR($,#407);
#409=FILL_AREA_STYLE($,(#408));
#410=SURFACE_STYLE_FILL_AREA(#409);
#411=SURFACE_SIDE_STYLE('',(#410));
#412=SURFACE_STYLE_USAGE(.BOTH.,#411);
#413=PRESENTATION_STYLE_ASSIGNMENT((#412));
#414=STYLED_ITEM('',(#413),#406);
#415=ADVANCED_FACE('',(#1185),#1187,.T.);
#416=COLOUR_RGB($,0.176470588235294,0.176470588235294,0.196078431372549);
#417=FILL_AREA_STYLE_COLOUR($,#416);
#418=FILL_AREA_STYLE($,(#417));
#419=SURFACE_STYLE_FILL_AREA(#418);
#420=SURFACE_SIDE_STYLE('',(#419));
#421=SURFACE_STYLE_USAGE(.BOTH.,#420);
#422=PRESENTATION_STYLE_ASSIGNMENT((#421));
#423=STYLED_ITEM('',(#422),#415);
#424=ADVANCED_FACE('',(#1192),#1194,.F.);
#425=COLOUR_RGB($,0.176470588235294,0.176470588235294,0.196078431372549);
#426=FILL_AREA_STYLE_COLOUR($,#425);
#427=FILL_AREA_STYLE($,(#426));
#428=SURFACE_STYLE_FILL_AREA(#427);
#429=SURFACE_SIDE_STYLE('',(#428));
#430=SURFACE_STYLE_USAGE(.BOTH.,#429);
#431=PRESENTATION_STYLE_ASSIGNMENT((#430));
#432=STYLED_ITEM('',(#431),#424);
#433=ADVANCED_FACE('',(#1199),#1201,.F.);
#434=COLOUR_RGB($,0.176470588235294,0.176470588235294,0.196078431372549);
#435=FILL_AREA_STYLE_COLOUR($,#434);
#436=FILL_AREA_STYLE($,(#435));
#437=SURFACE_STYLE_FILL_AREA(#436);
#438=SURFACE_SIDE_STYLE('',(#437));
#439=SURFACE_STYLE_USAGE(.BOTH.,#438);
#440=PRESENTATION_STYLE_ASSIGNMENT((#439));
#441=STYLED_ITEM('',(#440),#433);
#442=ADVANCED_FACE('',(#1206),#1208,.T.);
#443=COLOUR_RGB($,0.176470588235294,0.176470588235294,0.196078431372549);
#444=FILL_AREA_STYLE_COLOUR($,#443);
#445=FILL_AREA_STYLE($,(#444));
#446=SURFACE_STYLE_FILL_AREA(#445);
#447=SURFACE_SIDE_STYLE('',(#446));
#448=SURFACE_STYLE_USAGE(.BOTH.,#447);
#449=PRESENTATION_STYLE_ASSIGNMENT((#448));
#450=STYLED_ITEM('',(#449),#442);
#451=ADVANCED_FACE('',(#1213),#1215,.T.);
#452=COLOUR_RGB($,0.176470588235294,0.176470588235294,0.196078431372549);
#453=FILL_AREA_STYLE_COLOUR($,#452);
#454=FILL_AREA_STYLE($,(#453));
#455=SURFACE_STYLE_FILL_AREA(#454);
#456=SURFACE_SIDE_STYLE('',(#455));
#457=SURFACE_STYLE_USAGE(.BOTH.,#456);
#458=PRESENTATION_STYLE_ASSIGNMENT((#457));
#459=STYLED_ITEM('',(#458),#451);
#460=ADVANCED_FACE('',(#1220),#1222,.T.);
#461=COLOUR_RGB($,0.176470588235294,0.176470588235294,0.196078431372549);
#462=FILL_AREA_STYLE_COLOUR($,#461);
#463=FILL_AREA_STYLE($,(#462));
#464=SURFACE_STYLE_FILL_AREA(#463);
#465=SURFACE_SIDE_STYLE('',(#464));
#466=SURFACE_STYLE_USAGE(.BOTH.,#465);
#467=PRESENTATION_STYLE_ASSIGNMENT((#466));
#468=STYLED_ITEM('',(#467),#460);
#469=ADVANCED_FACE('',(#1227),#1229,.T.);
#470=COLOUR_RGB($,0.176470588235294,0.176470588235294,0.196078431372549);
#471=FILL_AREA_STYLE_COLOUR($,#470);
#472=FILL_AREA_STYLE($,(#471));
#473=SURFACE_STYLE_FILL_AREA(#472);
#474=SURFACE_SIDE_STYLE('',(#473));
#475=SURFACE_STYLE_USAGE(.BOTH.,#474);
#476=PRESENTATION_STYLE_ASSIGNMENT((#475));
#477=STYLED_ITEM('',(#476),#469);
#478=ADVANCED_FACE('',(#1234),#1236,.F.);
#479=COLOUR_RGB($,0.176470588235294,0.176470588235294,0.196078431372549);
#480=FILL_AREA_STYLE_COLOUR($,#479);
#481=FILL_AREA_STYLE($,(#480));
#482=SURFACE_STYLE_FILL_AREA(#481);
#483=SURFACE_SIDE_STYLE('',(#482));
#484=SURFACE_STYLE_USAGE(.BOTH.,#483);
#485=PRESENTATION_STYLE_ASSIGNMENT((#484));
#486=STYLED_ITEM('',(#485),#478);
#487=ADVANCED_FACE('',(#1241),#1243,.T.);
#488=COLOUR_RGB($,0.176470588235294,0.176470588235294,0.196078431372549);
#489=FILL_AREA_STYLE_COLOUR($,#488);
#490=FILL_AREA_STYLE($,(#489));
#491=SURFACE_STYLE_FILL_AREA(#490);
#492=SURFACE_SIDE_STYLE('',(#491));
#493=SURFACE_STYLE_USAGE(.BOTH.,#492);
#494=PRESENTATION_STYLE_ASSIGNMENT((#493));
#495=STYLED_ITEM('',(#494),#487);
#496=ADVANCED_FACE('',(#1248),#1250,.T.);
#497=COLOUR_RGB($,0.176470588235294,0.176470588235294,0.196078431372549);
#498=FILL_AREA_STYLE_COLOUR($,#497);
#499=FILL_AREA_STYLE($,(#498));
#500=SURFACE_STYLE_FILL_AREA(#499);
#501=SURFACE_SIDE_STYLE('',(#500));
#502=SURFACE_STYLE_USAGE(.BOTH.,#501);
#503=PRESENTATION_STYLE_ASSIGNMENT((#502));
#504=STYLED_ITEM('',(#503),#496);
#505=ADVANCED_FACE('',(#1255),#1257,.F.);
#506=COLOUR_RGB($,0.176470588235294,0.176470588235294,0.196078431372549);
#507=FILL_AREA_STYLE_COLOUR($,#506);
#508=FILL_AREA_STYLE($,(#507));
#509=SURFACE_STYLE_FILL_AREA(#508);
#510=SURFACE_SIDE_STYLE('',(#509));
#511=SURFACE_STYLE_USAGE(.BOTH.,#510);
#512=PRESENTATION_STYLE_ASSIGNMENT((#511));
#513=STYLED_ITEM('',(#512),#505);
#514=ADVANCED_FACE('',(#1262),#1264,.F.);
#515=COLOUR_RGB($,0.176470588235294,0.176470588235294,0.196078431372549);
#516=FILL_AREA_STYLE_COLOUR($,#515);
#517=FILL_AREA_STYLE($,(#516));
#518=SURFACE_STYLE_FILL_AREA(#517);
#519=SURFACE_SIDE_STYLE('',(#518));
#520=SURFACE_STYLE_USAGE(.BOTH.,#519);
#521=PRESENTATION_STYLE_ASSIGNMENT((#520));
#522=STYLED_ITEM('',(#521),#514);
#523=ADVANCED_FACE('',(#1269),#1271,.F.);
#524=COLOUR_RGB($,0.176470588235294,0.176470588235294,0.196078431372549);
#525=FILL_AREA_STYLE_COLOUR($,#524);
#526=FILL_AREA_STYLE($,(#525));
#527=SURFACE_STYLE_FILL_AREA(#526);
#528=SURFACE_SIDE_STYLE('',(#527));
#529=SURFACE_STYLE_USAGE(.BOTH.,#528);
#530=PRESENTATION_STYLE_ASSIGNMENT((#529));
#531=STYLED_ITEM('',(#530),#523);
#532=ADVANCED_FACE('',(#1276),#1278,.F.);
#533=COLOUR_RGB($,0.176470588235294,0.176470588235294,0.196078431372549);
#534=FILL_AREA_STYLE_COLOUR($,#533);
#535=FILL_AREA_STYLE($,(#534));
#536=SURFACE_STYLE_FILL_AREA(#535);
#537=SURFACE_SIDE_STYLE('',(#536));
#538=SURFACE_STYLE_USAGE(.BOTH.,#537);
#539=PRESENTATION_STYLE_ASSIGNMENT((#538));
#540=STYLED_ITEM('',(#539),#532);
#541=ADVANCED_FACE('',(#1283),#1285,.F.);
#542=COLOUR_RGB($,0.176470588235294,0.176470588235294,0.196078431372549);
#543=FILL_AREA_STYLE_COLOUR($,#542);
#544=FILL_AREA_STYLE($,(#543));
#545=SURFACE_STYLE_FILL_AREA(#544);
#546=SURFACE_SIDE_STYLE('',(#545));
#547=SURFACE_STYLE_USAGE(.BOTH.,#546);
#548=PRESENTATION_STYLE_ASSIGNMENT((#547));
#549=STYLED_ITEM('',(#548),#541);
#550=ADVANCED_FACE('',(#1290),#1292,.F.);
#551=COLOUR_RGB($,0.176470588235294,0.176470588235294,0.196078431372549);
#552=FILL_AREA_STYLE_COLOUR($,#551);
#553=FILL_AREA_STYLE($,(#552));
#554=SURFACE_STYLE_FILL_AREA(#553);
#555=SURFACE_SIDE_STYLE('',(#554));
#556=SURFACE_STYLE_USAGE(.BOTH.,#555);
#557=PRESENTATION_STYLE_ASSIGNMENT((#556));
#558=STYLED_ITEM('',(#557),#550);
#559=ADVANCED_FACE('',(#1297),#1299,.F.);
#560=COLOUR_RGB($,0.176470588235294,0.176470588235294,0.196078431372549);
#561=FILL_AREA_STYLE_COLOUR($,#560);
#562=FILL_AREA_STYLE($,(#561));
#563=SURFACE_STYLE_FILL_AREA(#562);
#564=SURFACE_SIDE_STYLE('',(#563));
#565=SURFACE_STYLE_USAGE(.BOTH.,#564);
#566=PRESENTATION_STYLE_ASSIGNMENT((#565));
#567=STYLED_ITEM('',(#566),#559);
#568=ADVANCED_FACE('',(#1304),#1306,.F.);
#569=COLOUR_RGB($,0.176470588235294,0.176470588235294,0.196078431372549);
#570=FILL_AREA_STYLE_COLOUR($,#569);
#571=FILL_AREA_STYLE($,(#570));
#572=SURFACE_STYLE_FILL_AREA(#571);
#573=SURFACE_SIDE_STYLE('',(#572));
#574=SURFACE_STYLE_USAGE(.BOTH.,#573);
#575=PRESENTATION_STYLE_ASSIGNMENT((#574));
#576=STYLED_ITEM('',(#575),#568);
#577=ADVANCED_FACE('',(#1311),#1313,.T.);
#578=COLOUR_RGB($,0.176470588235294,0.176470588235294,0.196078431372549);
#579=FILL_AREA_STYLE_COLOUR($,#578);
#580=FILL_AREA_STYLE($,(#579));
#581=SURFACE_STYLE_FILL_AREA(#580);
#582=SURFACE_SIDE_STYLE('',(#581));
#583=SURFACE_STYLE_USAGE(.BOTH.,#582);
#584=PRESENTATION_STYLE_ASSIGNMENT((#583));
#585=STYLED_ITEM('',(#584),#577);
#586=ADVANCED_FACE('',(#1318),#1320,.F.);
#587=COLOUR_RGB($,0.176470588235294,0.176470588235294,0.196078431372549);
#588=FILL_AREA_STYLE_COLOUR($,#587);
#589=FILL_AREA_STYLE($,(#588));
#590=SURFACE_STYLE_FILL_AREA(#589);
#591=SURFACE_SIDE_STYLE('',(#590));
#592=SURFACE_STYLE_USAGE(.BOTH.,#591);
#593=PRESENTATION_STYLE_ASSIGNMENT((#592));
#594=STYLED_ITEM('',(#593),#586);
#595=ADVANCED_FACE('',(#1325,#1327),#1329,.T.);
#596=COLOUR_RGB($,0.176470588235294,0.176470588235294,0.196078431372549);
#597=FILL_AREA_STYLE_COLOUR($,#596);
#598=FILL_AREA_STYLE($,(#597));
#599=SURFACE_STYLE_FILL_AREA(#598);
#600=SURFACE_SIDE_STYLE('',(#599));
#601=SURFACE_STYLE_USAGE(.BOTH.,#600);
#602=PRESENTATION_STYLE_ASSIGNMENT((#601));
#603=STYLED_ITEM('',(#602),#595);
#604=ADVANCED_FACE('',(#1334,#1336),#1338,.T.);
#605=COLOUR_RGB($,0.176470588235294,0.176470588235294,0.196078431372549);
#606=FILL_AREA_STYLE_COLOUR($,#605);
#607=FILL_AREA_STYLE($,(#606));
#608=SURFACE_STYLE_FILL_AREA(#607);
#609=SURFACE_SIDE_STYLE('',(#608));
#610=SURFACE_STYLE_USAGE(.BOTH.,#609);
#611=PRESENTATION_STYLE_ASSIGNMENT((#610));
#612=STYLED_ITEM('',(#611),#604);
#613=ADVANCED_FACE('',(#1343),#1345,.T.);
#614=COLOUR_RGB($,0.176470588235294,0.176470588235294,0.196078431372549);
#615=FILL_AREA_STYLE_COLOUR($,#614);
#616=FILL_AREA_STYLE($,(#615));
#617=SURFACE_STYLE_FILL_AREA(#616);
#618=SURFACE_SIDE_STYLE('',(#617));
#619=SURFACE_STYLE_USAGE(.BOTH.,#618);
#620=PRESENTATION_STYLE_ASSIGNMENT((#619));
#621=STYLED_ITEM('',(#620),#613);
#622=ADVANCED_FACE('',(#1350),#1352,.T.);
#623=COLOUR_RGB($,0.176470588235294,0.176470588235294,0.196078431372549);
#624=FILL_AREA_STYLE_COLOUR($,#623);
#625=FILL_AREA_STYLE($,(#624));
#626=SURFACE_STYLE_FILL_AREA(#625);
#627=SURFACE_SIDE_STYLE('',(#626));
#628=SURFACE_STYLE_USAGE(.BOTH.,#627);
#629=PRESENTATION_STYLE_ASSIGNMENT((#628));
#630=STYLED_ITEM('',(#629),#622);
#631=ADVANCED_FACE('',(#1357),#1359,.T.);
#632=COLOUR_RGB($,0.176470588235294,0.176470588235294,0.196078431372549);
#633=FILL_AREA_STYLE_COLOUR($,#632);
#634=FILL_AREA_STYLE($,(#633));
#635=SURFACE_STYLE_FILL_AREA(#634);
#636=SURFACE_SIDE_STYLE('',(#635));
#637=SURFACE_STYLE_USAGE(.BOTH.,#636);
#638=PRESENTATION_STYLE_ASSIGNMENT((#637));
#639=STYLED_ITEM('',(#638),#631);
#640=ADVANCED_FACE('',(#1364),#1366,.T.);
#641=COLOUR_RGB($,0.176470588235294,0.176470588235294,0.196078431372549);
#642=FILL_AREA_STYLE_COLOUR($,#641);
#643=FILL_AREA_STYLE($,(#642));
#644=SURFACE_STYLE_FILL_AREA(#643);
#645=SURFACE_SIDE_STYLE('',(#644));
#646=SURFACE_STYLE_USAGE(.BOTH.,#645);
#647=PRESENTATION_STYLE_ASSIGNMENT((#646));
#648=STYLED_ITEM('',(#647),#640);
#649=ADVANCED_FACE('',(#1371),#1373,.T.);
#650=COLOUR_RGB($,0.176470588235294,0.176470588235294,0.196078431372549);
#651=FILL_AREA_STYLE_COLOUR($,#650);
#652=FILL_AREA_STYLE($,(#651));
#653=SURFACE_STYLE_FILL_AREA(#652);
#654=SURFACE_SIDE_STYLE('',(#653));
#655=SURFACE_STYLE_USAGE(.BOTH.,#654);
#656=PRESENTATION_STYLE_ASSIGNMENT((#655));
#657=STYLED_ITEM('',(#656),#649);
#658=ADVANCED_FACE('',(#1378),#1380,.T.);
#659=COLOUR_RGB($,0.176470588235294,0.176470588235294,0.196078431372549);
#660=FILL_AREA_STYLE_COLOUR($,#659);
#661=FILL_AREA_STYLE($,(#660));
#662=SURFACE_STYLE_FILL_AREA(#661);
#663=SURFACE_SIDE_STYLE('',(#662));
#664=SURFACE_STYLE_USAGE(.BOTH.,#663);
#665=PRESENTATION_STYLE_ASSIGNMENT((#664));
#666=STYLED_ITEM('',(#665),#658);
#667=ADVANCED_FACE('',(#1385),#1387,.T.);
#668=COLOUR_RGB($,0.176470588235294,0.176470588235294,0.196078431372549);
#669=FILL_AREA_STYLE_COLOUR($,#668);
#670=FILL_AREA_STYLE($,(#669));
#671=SURFACE_STYLE_FILL_AREA(#670);
#672=SURFACE_SIDE_STYLE('',(#671));
#673=SURFACE_STYLE_USAGE(.BOTH.,#672);
#674=PRESENTATION_STYLE_ASSIGNMENT((#673));
#675=STYLED_ITEM('',(#674),#667);
#676=ADVANCED_FACE('',(#1392),#1394,.T.);
#677=COLOUR_RGB($,0.176470588235294,0.176470588235294,0.196078431372549);
#678=FILL_AREA_STYLE_COLOUR($,#677);
#679=FILL_AREA_STYLE($,(#678));
#680=SURFACE_STYLE_FILL_AREA(#679);
#681=SURFACE_SIDE_STYLE('',(#680));
#682=SURFACE_STYLE_USAGE(.BOTH.,#681);
#683=PRESENTATION_STYLE_ASSIGNMENT((#682));
#684=STYLED_ITEM('',(#683),#676);
#685=ADVANCED_FACE('',(#1399),#1401,.T.);
#686=COLOUR_RGB($,0.176470588235294,0.176470588235294,0.196078431372549);
#687=FILL_AREA_STYLE_COLOUR($,#686);
#688=FILL_AREA_STYLE($,(#687));
#689=SURFACE_STYLE_FILL_AREA(#688);
#690=SURFACE_SIDE_STYLE('',(#689));
#691=SURFACE_STYLE_USAGE(.BOTH.,#690);
#692=PRESENTATION_STYLE_ASSIGNMENT((#691));
#693=STYLED_ITEM('',(#692),#685);
#694=ADVANCED_FACE('',(#1406),#1408,.T.);
#695=COLOUR_RGB($,0.176470588235294,0.176470588235294,0.196078431372549);
#696=FILL_AREA_STYLE_COLOUR($,#695);
#697=FILL_AREA_STYLE($,(#696));
#698=SURFACE_STYLE_FILL_AREA(#697);
#699=SURFACE_SIDE_STYLE('',(#698));
#700=SURFACE_STYLE_USAGE(.BOTH.,#699);
#701=PRESENTATION_STYLE_ASSIGNMENT((#700));
#702=STYLED_ITEM('',(#701),#694);
#703=ADVANCED_FACE('',(#1413),#1415,.T.);
#704=COLOUR_RGB($,0.176470588235294,0.176470588235294,0.196078431372549);
#705=FILL_AREA_STYLE_COLOUR($,#704);
#706=FILL_AREA_STYLE($,(#705));
#707=SURFACE_STYLE_FILL_AREA(#706);
#708=SURFACE_SIDE_STYLE('',(#707));
#709=SURFACE_STYLE_USAGE(.BOTH.,#708);
#710=PRESENTATION_STYLE_ASSIGNMENT((#709));
#711=STYLED_ITEM('',(#710),#703);
#712=ADVANCED_FACE('',(#1420),#1422,.T.);
#713=COLOUR_RGB($,0.176470588235294,0.176470588235294,0.196078431372549);
#714=FILL_AREA_STYLE_COLOUR($,#713);
#715=FILL_AREA_STYLE($,(#714));
#716=SURFACE_STYLE_FILL_AREA(#715);
#717=SURFACE_SIDE_STYLE('',(#716));
#718=SURFACE_STYLE_USAGE(.BOTH.,#717);
#719=PRESENTATION_STYLE_ASSIGNMENT((#718));
#720=STYLED_ITEM('',(#719),#712);
#721=ADVANCED_FACE('',(#1427),#1429,.T.);
#722=COLOUR_RGB($,0.176470588235294,0.176470588235294,0.196078431372549);
#723=FILL_AREA_STYLE_COLOUR($,#722);
#724=FILL_AREA_STYLE($,(#723));
#725=SURFACE_STYLE_FILL_AREA(#724);
#726=SURFACE_SIDE_STYLE('',(#725));
#727=SURFACE_STYLE_USAGE(.BOTH.,#726);
#728=PRESENTATION_STYLE_ASSIGNMENT((#727));
#729=STYLED_ITEM('',(#728),#721);
#730=ADVANCED_FACE('',(#1434),#1436,.T.);
#731=COLOUR_RGB($,0.176470588235294,0.176470588235294,0.196078431372549);
#732=FILL_AREA_STYLE_COLOUR($,#731);
#733=FILL_AREA_STYLE($,(#732));
#734=SURFACE_STYLE_FILL_AREA(#733);
#735=SURFACE_SIDE_STYLE('',(#734));
#736=SURFACE_STYLE_USAGE(.BOTH.,#735);
#737=PRESENTATION_STYLE_ASSIGNMENT((#736));
#738=STYLED_ITEM('',(#737),#730);
#739=ADVANCED_FACE('',(#1441),#1443,.T.);
#740=COLOUR_RGB($,0.176470588235294,0.176470588235294,0.196078431372549);
#741=FILL_AREA_STYLE_COLOUR($,#740);
#742=FILL_AREA_STYLE($,(#741));
#743=SURFACE_STYLE_FILL_AREA(#742);
#744=SURFACE_SIDE_STYLE('',(#743));
#745=SURFACE_STYLE_USAGE(.BOTH.,#744);
#746=PRESENTATION_STYLE_ASSIGNMENT((#745));
#747=STYLED_ITEM('',(#746),#739);
#748=ADVANCED_FACE('',(#1448),#1450,.T.);
#749=COLOUR_RGB($,0.176470588235294,0.176470588235294,0.196078431372549);
#750=FILL_AREA_STYLE_COLOUR($,#749);
#751=FILL_AREA_STYLE($,(#750));
#752=SURFACE_STYLE_FILL_AREA(#751);
#753=SURFACE_SIDE_STYLE('',(#752));
#754=SURFACE_STYLE_USAGE(.BOTH.,#753);
#755=PRESENTATION_STYLE_ASSIGNMENT((#754));
#756=STYLED_ITEM('',(#755),#748);
#757=ADVANCED_FACE('',(#1455),#1457,.T.);
#758=COLOUR_RGB($,0.176470588235294,0.176470588235294,0.196078431372549);
#759=FILL_AREA_STYLE_COLOUR($,#758);
#760=FILL_AREA_STYLE($,(#759));
#761=SURFACE_STYLE_FILL_AREA(#760);
#762=SURFACE_SIDE_STYLE('',(#761));
#763=SURFACE_STYLE_USAGE(.BOTH.,#762);
#764=PRESENTATION_STYLE_ASSIGNMENT((#763));
#765=STYLED_ITEM('',(#764),#757);
#766=ADVANCED_FACE('',(#1462,#1464),#1466,.T.);
#767=COLOUR_RGB($,0.176470588235294,0.176470588235294,0.196078431372549);
#768=FILL_AREA_STYLE_COLOUR($,#767);
#769=FILL_AREA_STYLE($,(#768));
#770=SURFACE_STYLE_FILL_AREA(#769);
#771=SURFACE_SIDE_STYLE('',(#770));
#772=SURFACE_STYLE_USAGE(.BOTH.,#771);
#773=PRESENTATION_STYLE_ASSIGNMENT((#772));
#774=STYLED_ITEM('',(#773),#766);
#775=ADVANCED_FACE('',(#1471),#1473,.T.);
#776=COLOUR_RGB($,0.827450980392157,0.831372549019608,0.835294117647059);
#777=FILL_AREA_STYLE_COLOUR($,#776);
#778=FILL_AREA_STYLE($,(#777));
#779=SURFACE_STYLE_FILL_AREA(#778);
#780=SURFACE_SIDE_STYLE('',(#779));
#781=SURFACE_STYLE_USAGE(.BOTH.,#780);
#782=PRESENTATION_STYLE_ASSIGNMENT((#781));
#783=STYLED_ITEM('',(#782),#775);
#784=ADVANCED_FACE('',(#1478),#1480,.T.);
#785=COLOUR_RGB($,0.827450980392157,0.831372549019608,0.835294117647059);
#786=FILL_AREA_STYLE_COLOUR($,#785);
#787=FILL_AREA_STYLE($,(#786));
#788=SURFACE_STYLE_FILL_AREA(#787);
#789=SURFACE_SIDE_STYLE('',(#788));
#790=SURFACE_STYLE_USAGE(.BOTH.,#789);
#791=PRESENTATION_STYLE_ASSIGNMENT((#790));
#792=STYLED_ITEM('',(#791),#784);
#793=ADVANCED_FACE('',(#1485),#1487,.T.);
#794=COLOUR_RGB($,0.827450980392157,0.831372549019608,0.835294117647059);
#795=FILL_AREA_STYLE_COLOUR($,#794);
#796=FILL_AREA_STYLE($,(#795));
#797=SURFACE_STYLE_FILL_AREA(#796);
#798=SURFACE_SIDE_STYLE('',(#797));
#799=SURFACE_STYLE_USAGE(.BOTH.,#798);
#800=PRESENTATION_STYLE_ASSIGNMENT((#799));
#801=STYLED_ITEM('',(#800),#793);
#802=ADVANCED_FACE('',(#1492),#1494,.T.);
#803=COLOUR_RGB($,0.827450980392157,0.831372549019608,0.835294117647059);
#804=FILL_AREA_STYLE_COLOUR($,#803);
#805=FILL_AREA_STYLE($,(#804));
#806=SURFACE_STYLE_FILL_AREA(#805);
#807=SURFACE_SIDE_STYLE('',(#806));
#808=SURFACE_STYLE_USAGE(.BOTH.,#807);
#809=PRESENTATION_STYLE_ASSIGNMENT((#808));
#810=STYLED_ITEM('',(#809),#802);
#811=ADVANCED_FACE('',(#1499),#1501,.F.);
#812=COLOUR_RGB($,0.827450980392157,0.831372549019608,0.835294117647059);
#813=FILL_AREA_STYLE_COLOUR($,#812);
#814=FILL_AREA_STYLE($,(#813));
#815=SURFACE_STYLE_FILL_AREA(#814);
#816=SURFACE_SIDE_STYLE('',(#815));
#817=SURFACE_STYLE_USAGE(.BOTH.,#816);
#818=PRESENTATION_STYLE_ASSIGNMENT((#817));
#819=STYLED_ITEM('',(#818),#811);
#820=ADVANCED_FACE('',(#1506),#1508,.T.);
#821=COLOUR_RGB($,0.827450980392157,0.831372549019608,0.835294117647059);
#822=FILL_AREA_STYLE_COLOUR($,#821);
#823=FILL_AREA_STYLE($,(#822));
#824=SURFACE_STYLE_FILL_AREA(#823);
#825=SURFACE_SIDE_STYLE('',(#824));
#826=SURFACE_STYLE_USAGE(.BOTH.,#825);
#827=PRESENTATION_STYLE_ASSIGNMENT((#826));
#828=STYLED_ITEM('',(#827),#820);
#829=ADVANCED_FACE('',(#1513),#1515,.T.);
#830=COLOUR_RGB($,0.827450980392157,0.831372549019608,0.835294117647059);
#831=FILL_AREA_STYLE_COLOUR($,#830);
#832=FILL_AREA_STYLE($,(#831));
#833=SURFACE_STYLE_FILL_AREA(#832);
#834=SURFACE_SIDE_STYLE('',(#833));
#835=SURFACE_STYLE_USAGE(.BOTH.,#834);
#836=PRESENTATION_STYLE_ASSIGNMENT((#835));
#837=STYLED_ITEM('',(#836),#829);
#838=ADVANCED_FACE('',(#1520),#1522,.F.);
#839=COLOUR_RGB($,0.827450980392157,0.831372549019608,0.835294117647059);
#840=FILL_AREA_STYLE_COLOUR($,#839);
#841=FILL_AREA_STYLE($,(#840));
#842=SURFACE_STYLE_FILL_AREA(#841);
#843=SURFACE_SIDE_STYLE('',(#842));
#844=SURFACE_STYLE_USAGE(.BOTH.,#843);
#845=PRESENTATION_STYLE_ASSIGNMENT((#844));
#846=STYLED_ITEM('',(#845),#838);
#847=ADVANCED_FACE('',(#1527),#1529,.T.);
#848=COLOUR_RGB($,0.827450980392157,0.831372549019608,0.835294117647059);
#849=FILL_AREA_STYLE_COLOUR($,#848);
#850=FILL_AREA_STYLE($,(#849));
#851=SURFACE_STYLE_FILL_AREA(#850);
#852=SURFACE_SIDE_STYLE('',(#851));
#853=SURFACE_STYLE_USAGE(.BOTH.,#852);
#854=PRESENTATION_STYLE_ASSIGNMENT((#853));
#855=STYLED_ITEM('',(#854),#847);
#856=ADVANCED_FACE('',(#1534),#1536,.T.);
#857=COLOUR_RGB($,0.827450980392157,0.831372549019608,0.835294117647059);
#858=FILL_AREA_STYLE_COLOUR($,#857);
#859=FILL_AREA_STYLE($,(#858));
#860=SURFACE_STYLE_FILL_AREA(#859);
#861=SURFACE_SIDE_STYLE('',(#860));
#862=SURFACE_STYLE_USAGE(.BOTH.,#861);
#863=PRESENTATION_STYLE_ASSIGNMENT((#862));
#864=STYLED_ITEM('',(#863),#856);
#865=ADVANCED_FACE('',(#1541),#1543,.T.);
#866=COLOUR_RGB($,0.827450980392157,0.831372549019608,0.835294117647059);
#867=FILL_AREA_STYLE_COLOUR($,#866);
#868=FILL_AREA_STYLE($,(#867));
#869=SURFACE_STYLE_FILL_AREA(#868);
#870=SURFACE_SIDE_STYLE('',(#869));
#871=SURFACE_STYLE_USAGE(.BOTH.,#870);
#872=PRESENTATION_STYLE_ASSIGNMENT((#871));
#873=STYLED_ITEM('',(#872),#865);
#874=ADVANCED_FACE('',(#1548),#1550,.T.);
#875=COLOUR_RGB($,0.827450980392157,0.831372549019608,0.835294117647059);
#876=FILL_AREA_STYLE_COLOUR($,#875);
#877=FILL_AREA_STYLE($,(#876));
#878=SURFACE_STYLE_FILL_AREA(#877);
#879=SURFACE_SIDE_STYLE('',(#878));
#880=SURFACE_STYLE_USAGE(.BOTH.,#879);
#881=PRESENTATION_STYLE_ASSIGNMENT((#880));
#882=STYLED_ITEM('',(#881),#874);
#883=ADVANCED_FACE('',(#1555),#1557,.F.);
#884=COLOUR_RGB($,0.827450980392157,0.831372549019608,0.835294117647059);
#885=FILL_AREA_STYLE_COLOUR($,#884);
#886=FILL_AREA_STYLE($,(#885));
#887=SURFACE_STYLE_FILL_AREA(#886);
#888=SURFACE_SIDE_STYLE('',(#887));
#889=SURFACE_STYLE_USAGE(.BOTH.,#888);
#890=PRESENTATION_STYLE_ASSIGNMENT((#889));
#891=STYLED_ITEM('',(#890),#883);
#892=ADVANCED_FACE('',(#1562),#1564,.T.);
#893=COLOUR_RGB($,0.827450980392157,0.831372549019608,0.835294117647059);
#894=FILL_AREA_STYLE_COLOUR($,#893);
#895=FILL_AREA_STYLE($,(#894));
#896=SURFACE_STYLE_FILL_AREA(#895);
#897=SURFACE_SIDE_STYLE('',(#896));
#898=SURFACE_STYLE_USAGE(.BOTH.,#897);
#899=PRESENTATION_STYLE_ASSIGNMENT((#898));
#900=STYLED_ITEM('',(#899),#892);
#901=ADVANCED_FACE('',(#1569),#1571,.T.);
#902=COLOUR_RGB($,0.827450980392157,0.831372549019608,0.835294117647059);
#903=FILL_AREA_STYLE_COLOUR($,#902);
#904=FILL_AREA_STYLE($,(#903));
#905=SURFACE_STYLE_FILL_AREA(#904);
#906=SURFACE_SIDE_STYLE('',(#905));
#907=SURFACE_STYLE_USAGE(.BOTH.,#906);
#908=PRESENTATION_STYLE_ASSIGNMENT((#907));
#909=STYLED_ITEM('',(#908),#901);
#910=ADVANCED_FACE('',(#1576),#1578,.F.);
#911=COLOUR_RGB($,0.827450980392157,0.831372549019608,0.835294117647059);
#912=FILL_AREA_STYLE_COLOUR($,#911);
#913=FILL_AREA_STYLE($,(#912));
#914=SURFACE_STYLE_FILL_AREA(#913);
#915=SURFACE_SIDE_STYLE('',(#914));
#916=SURFACE_STYLE_USAGE(.BOTH.,#915);
#917=PRESENTATION_STYLE_ASSIGNMENT((#916));
#918=STYLED_ITEM('',(#917),#910);
#919=COMPOSITE_CURVE('',(#1583,#1584,#1585,#1586),.F.);
#920=COLOUR_RGB($,0.392156862745098,0.588235294117647,1.);
#921=PRESENTATION_STYLE_ASSIGNMENT((#922));
#922=CURVE_STYLE($,#923,POSITIVE_LENGTH_MEASURE(0.1),#920);
#923=PRE_DEFINED_CURVE_FONT('continuous');
#924=STYLED_ITEM('',(#921),#919);
#925=COMPOSITE_CURVE('',(#1587,#1588,#1589,#1590),.F.);
#926=COLOUR_RGB($,0.392156862745098,0.588235294117647,1.);
#927=PRESENTATION_STYLE_ASSIGNMENT((#928));
#928=CURVE_STYLE($,#929,POSITIVE_LENGTH_MEASURE(0.1),#926);
#929=PRE_DEFINED_CURVE_FONT('continuous');
#930=STYLED_ITEM('',(#927),#925);
#931=FACE_BOUND('',#932,.T.);
#932=EDGE_LOOP('',(#1591,#1592,#1593,#1594,#1595,#1596,#1597,#1598));
#933=PLANE('',#934);
#934=AXIS2_PLACEMENT_3D('',#935,#936,#937);
#935=CARTESIAN_POINT('',(-3.00000000000001,2.00000000000002,0.));
#936=DIRECTION('',(-1.,5.27355936696945E-014,0.));
#937=DIRECTION('',(-5.27355936696945E-014,-1.,0.));
#938=FACE_BOUND('',#939,.T.);
#939=EDGE_LOOP('',(#1599,#1600,#1601,#1602,#1603,#1604,#1605,#1606));
#940=PLANE('',#941);
#941=AXIS2_PLACEMENT_3D('',#942,#943,#944);
#942=CARTESIAN_POINT('',(2.99999999999978,-2.00000000000004,0.));
#943=DIRECTION('',(1.,-5.18474152499943E-014,0.));
#944=DIRECTION('',(5.18474152499943E-014,1.,0.));
#945=FACE_BOUND('',#946,.T.);
#946=EDGE_LOOP('',(#1607,#1608,#1609,#1610,#1611,#1612,#1613,#1614,#1615,#1616));
#947=PLANE('',#948);
#948=AXIS2_PLACEMENT_3D('',#949,#950,#951);
#949=CARTESIAN_POINT('',(0.,0.,0.));
#950=DIRECTION('',(0.,0.,1.));
#951=DIRECTION('',(1.,0.,0.));
#952=FACE_BOUND('',#953,.T.);
#953=EDGE_LOOP('',(#1617,#1618,#1619,#1620,#1621,#1622,#1623,#1624,#1625,#1626));
#954=PLANE('',#955);
#955=AXIS2_PLACEMENT_3D('',#956,#957,#958);
#956=CARTESIAN_POINT('',(0.,0.,0.));
#957=DIRECTION('',(0.,0.,1.));
#958=DIRECTION('',(1.,0.,0.));
#959=FACE_BOUND('',#960,.T.);
#960=EDGE_LOOP('',(#1627,#1628,#1629,#1630));
#961=PLANE('',#962);
#962=AXIS2_PLACEMENT_3D('',#963,#964,#965);
#963=CARTESIAN_POINT('',(2.99999999999998,-1.27500000016664,3.1814763617972E-026));
#964=DIRECTION('',(0.,-0.707106781223678,0.707106781149417));
#965=DIRECTION('',(0.,0.707106781149417,0.707106781223678));
#966=FACE_BOUND('',#967,.T.);
#967=EDGE_LOOP('',(#1631,#1632,#1633,#1634));
#968=PLANE('',#969);
#969=AXIS2_PLACEMENT_3D('',#970,#971,#972);
#970=CARTESIAN_POINT('',(2.99999999999998,1.12500000011595,0.15));
#971=DIRECTION('',(0.,0.707106781067065,0.70710678130603));
#972=DIRECTION('',(0.,0.70710678130603,-0.707106781067065));
#973=FACE_BOUND('',#974,.T.);
#974=EDGE_LOOP('',(#1635,#1636,#1637,#1638));
#975=PLANE('',#976);
#976=AXIS2_PLACEMENT_3D('',#977,#978,#979);
#977=CARTESIAN_POINT('',(2.99999999999998,-1.12500000011595,0.150000000066445));
#978=DIRECTION('',(0.,2.95313279972277E-011,1.));
#979=DIRECTION('',(0.,1.,-2.95313279972277E-011));
#980=FACE_BOUND('',#981,.T.);
#981=EDGE_LOOP('',(#1639,#1640,#1641,#1642));
#982=PLANE('',#983);
#983=AXIS2_PLACEMENT_3D('',#984,#985,#986);
#984=CARTESIAN_POINT('',(-3.00000000000022,-2.00000000000002,0.));
#985=DIRECTION('',(-0.707106781186552,-0.707106781186543,0.));
#986=DIRECTION('',(0.707106781186543,-0.707106781186552,0.));
#987=FACE_BOUND('',#988,.T.);
#988=EDGE_LOOP('',(#1643,#1644,#1645,#1646,#1647,#1648,#1649,#1650));
#989=FACE_BOUND('',#990,.T.);
#990=EDGE_LOOP('',(#1651,#1652,#1653,#1654,#1655,#1656,#1657,#1658,#1659,#1660,#1661,
#1662,#1663,#1664,#1665,#1666,#1667,#1668,#1669,#1670,#1671,#1672,#1673,#1674));
#991=PLANE('',#992);
#992=AXIS2_PLACEMENT_3D('',#993,#994,#995);
#993=CARTESIAN_POINT('',(0.,0.,3.5));
#994=DIRECTION('',(0.,0.,1.));
#995=DIRECTION('',(1.,0.,0.));
#996=FACE_BOUND('',#997,.T.);
#997=EDGE_LOOP('',(#1675,#1676,#1677,#1678));
#998=PLANE('',#999);
#999=AXIS2_PLACEMENT_3D('',#1000,#1001,#1002);
#1000=CARTESIAN_POINT('',(-2.,2.99999999999999,0.));
#1001=DIRECTION('',(-0.707106781186536,0.707106781186559,0.));
#1002=DIRECTION('',(-0.707106781186559,-0.707106781186536,0.));
#1003=FACE_BOUND('',#1004,.T.);
#1004=EDGE_LOOP('',(#1679,#1680,#1681,#1682));
#1005=PLANE('',#1006);
#1006=AXIS2_PLACEMENT_3D('',#1007,#1008,#1009);
#1007=CARTESIAN_POINT('',(2.99999999999998,2.,0.));
#1008=DIRECTION('',(0.707106781186552,0.707106781186543,-0.));
#1009=DIRECTION('',(-0.707106781186543,0.707106781186552,0.));
#1010=FACE_BOUND('',#1011,.T.);
#1011=EDGE_LOOP('',(#1683,#1684,#1685,#1686));
#1012=PLANE('',#1013);
#1013=AXIS2_PLACEMENT_3D('',#1014,#1015,#1016);
#1014=CARTESIAN_POINT('',(1.99999999999975,-3.00000000000004,0.));
#1015=DIRECTION('',(0.707106781186538,-0.707106781186557,0.));
#1016=DIRECTION('',(0.707106781186557,0.707106781186538,0.));
#1017=FACE_BOUND('',#1018,.T.);
#1018=EDGE_LOOP('',(#1687,#1688,#1689,#1690,#1691,#1692,#1693,#1694));
#1019=PLANE('',#1020);
#1020=AXIS2_PLACEMENT_3D('',#1021,#1022,#1023);
#1021=CARTESIAN_POINT('',(2.,3.,0.));
#1022=DIRECTION('',(-8.88178419700125E-016,1.,0.));
#1023=DIRECTION('',(-1.,-8.88178419700125E-016,0.));
#1024=FACE_BOUND('',#1025,.T.);
#1025=EDGE_LOOP('',(#1695,#1696,#1697,#1698));
#1026=PLANE('',#1027);
#1027=AXIS2_PLACEMENT_3D('',#1028,#1029,#1030);
#1028=CARTESIAN_POINT('',(-0.7,4.,0.2));
#1029=DIRECTION('',(1.,2.36547623594082E-012,-0.));
#1030=DIRECTION('',(2.36547623594082E-012,-1.,0.));
#1031=FACE_BOUND('',#1032,.T.);
#1032=EDGE_LOOP('',(#1699,#1700,#1701,#1702));
#1033=PLANE('',#1034);
#1034=AXIS2_PLACEMENT_3D('',#1035,#1036,#1037);
#1035=CARTESIAN_POINT('',(-0.700000000006673,2.09999999998052,0.2));
#1036=DIRECTION('',(-1.3912046118156E-011,1.,-0.));
#1037=DIRECTION('',(1.,1.3912046118156E-011,0.));
#1038=FACE_BOUND('',#1039,.T.);
#1039=EDGE_LOOP('',(#1703,#1704,#1705,#1706));
#1040=PLANE('',#1041);
#1041=AXIS2_PLACEMENT_3D('',#1042,#1043,#1044);
#1042=CARTESIAN_POINT('',(0.700000000004495,2.1,0.2));
#1043=DIRECTION('',(-1.,-2.36547623594082E-012,-0.));
#1044=DIRECTION('',(-2.36547623594082E-012,1.,0.));
#1045=FACE_BOUND('',#1046,.T.);
#1046=EDGE_LOOP('',(#1707,#1708,#1709,#1710,#1711,#1712,#1713,#1714));
#1047=PLANE('',#1048);
#1048=AXIS2_PLACEMENT_3D('',#1049,#1050,#1051);
#1049=CARTESIAN_POINT('',(-2.00000000000024,-3.00000000000001,0.));
#1050=DIRECTION('',(-7.10542735760101E-015,-1.,0.));
#1051=DIRECTION('',(1.,-7.10542735760101E-015,0.));
#1052=FACE_BOUND('',#1053,.T.);
#1053=EDGE_LOOP('',(#1715,#1716,#1717,#1718));
#1054=PLANE('',#1055);
#1055=AXIS2_PLACEMENT_3D('',#1056,#1057,#1058);
#1056=CARTESIAN_POINT('',(0.700000000004495,-2.1,0.2));
#1057=DIRECTION('',(1.,-2.36547623594082E-012,0.));
#1058=DIRECTION('',(-2.36547623594082E-012,-1.,0.));
#1059=FACE_BOUND('',#1060,.T.);
#1060=EDGE_LOOP('',(#1719,#1720,#1721,#1722));
#1061=PLANE('',#1062);
#1062=AXIS2_PLACEMENT_3D('',#1063,#1064,#1065);
#1063=CARTESIAN_POINT('',(-0.700000000006673,-2.09999999998052,0.2));
#1064=DIRECTION('',(1.3912046118156E-011,1.,0.));
#1065=DIRECTION('',(1.,-1.3912046118156E-011,0.));
#1066=FACE_BOUND('',#1067,.T.);
#1067=EDGE_LOOP('',(#1723,#1724,#1725,#1726));
#1068=PLANE('',#1069);
#1069=AXIS2_PLACEMENT_3D('',#1070,#1071,#1072);
#1070=CARTESIAN_POINT('',(-0.7,-4.,0.2));
#1071=DIRECTION('',(-1.,2.36547623594082E-012,0.));
#1072=DIRECTION('',(2.36547623594082E-012,1.,0.));
#1073=FACE_BOUND('',#1074,.T.);
#1074=EDGE_LOOP('',(#1727,#1728,#1729,#1730));
#1075=PLANE('',#1076);
#1076=AXIS2_PLACEMENT_3D('',#1077,#1078,#1079);
#1077=CARTESIAN_POINT('',(2.75,-0.8,3.5));
#1078=DIRECTION('',(0.707106781186552,0.,-0.707106781186543));
#1079=DIRECTION('',(-0.707106781186543,0.,-0.707106781186552));
#1080=FACE_BOUND('',#1081,.T.);
#1081=EDGE_LOOP('',(#1731,#1732,#1733,#1734));
#1082=PLANE('',#1083);
#1083=AXIS2_PLACEMENT_3D('',#1084,#1085,#1086);
#1084=CARTESIAN_POINT('',(0.,-0.8,0.));
#1085=DIRECTION('',(-0.,1.,0.));
#1086=DIRECTION('',(1.,0.,0.));
#1087=FACE_BOUND('',#1088,.T.);
#1088=EDGE_LOOP('',(#1735,#1736,#1737,#1738));
#1089=PLANE('',#1090);
#1090=AXIS2_PLACEMENT_3D('',#1091,#1092,#1093);
#1091=CARTESIAN_POINT('',(2.65,-2.60502525316942,3.5));
#1092=DIRECTION('',(-0.707106781186549,0.,0.707106781186546));
#1093=DIRECTION('',(0.,1.,0.));
#1094=FACE_BOUND('',#1095,.T.);
#1095=EDGE_LOOP('',(#1739,#1740,#1741,#1742));
#1096=PLANE('',#1097);
#1097=AXIS2_PLACEMENT_3D('',#1098,#1099,#1100);
#1098=CARTESIAN_POINT('',(1.68682720163547,-3.03033008588991,3.5));
#1099=DIRECTION('',(-0.500000000000001,0.500000000000001,0.707106781186547));
#1100=DIRECTION('',(0.707106781186548,0.707106781186548,0.));
#1101=FACE_BOUND('',#1102,.T.);
#1102=EDGE_LOOP('',(#1743,#1744,#1745,#1746));
#1103=PLANE('',#1104);
#1104=AXIS2_PLACEMENT_3D('',#1105,#1106,#1107);
#1105=CARTESIAN_POINT('',(-2.60502525316942,-2.65,3.5));
#1106=DIRECTION('',(-0.,0.707106781186549,0.707106781186547));
#1107=DIRECTION('',(1.,0.,0.));
#1108=FACE_BOUND('',#1109,.T.);
#1109=EDGE_LOOP('',(#1747,#1748,#1749,#1750));
#1110=PLANE('',#1111);
#1111=AXIS2_PLACEMENT_3D('',#1112,#1113,#1114);
#1112=CARTESIAN_POINT('',(0.8,0.,0.));
#1113=DIRECTION('',(-1.,0.,0.));
#1114=DIRECTION('',(0.,0.,-1.));
#1115=FACE_BOUND('',#1116,.T.);
#1116=EDGE_LOOP('',(#1751,#1752,#1753,#1754));
#1117=PLANE('',#1118);
#1118=AXIS2_PLACEMENT_3D('',#1119,#1120,#1121);
#1119=CARTESIAN_POINT('',(0.8,-2.5,3.25000000000422));
#1120=DIRECTION('',(-0.,-0.707106781180575,-0.70710678119252));
#1121=DIRECTION('',(0.,-0.70710678119252,0.707106781180575));
#1122=FACE_BOUND('',#1123,.T.);
#1123=EDGE_LOOP('',(#1755,#1756,#1757,#1758));
#1124=PLANE('',#1125);
#1125=AXIS2_PLACEMENT_3D('',#1126,#1127,#1128);
#1126=CARTESIAN_POINT('',(-0.8,0.,0.));
#1127=DIRECTION('',(-1.,0.,0.));
#1128=DIRECTION('',(0.,0.,-1.));
#1129=FACE_BOUND('',#1130,.T.);
#1130=EDGE_LOOP('',(#1759,#1760,#1761,#1762));
#1131=PLANE('',#1132);
#1132=AXIS2_PLACEMENT_3D('',#1133,#1134,#1135);
#1133=CARTESIAN_POINT('',(-2.60502525316942,-2.65,3.5));
#1134=DIRECTION('',(-0.,0.707106781186549,0.707106781186547));
#1135=DIRECTION('',(1.,0.,0.));
#1136=FACE_BOUND('',#1137,.T.);
#1137=EDGE_LOOP('',(#1763,#1764,#1765,#1766));
#1138=PLANE('',#1139);
#1139=AXIS2_PLACEMENT_3D('',#1140,#1141,#1142);
#1140=CARTESIAN_POINT('',(-3.03033008588991,-1.68682720163547,3.5));
#1141=DIRECTION('',(0.500000000000001,0.500000000000001,0.707106781186546));
#1142=DIRECTION('',(0.707106781186548,-0.707106781186547,-4.13182225969414E-017));
#1143=FACE_BOUND('',#1144,.T.);
#1144=EDGE_LOOP('',(#1767,#1768,#1769,#1770));
#1145=PLANE('',#1146);
#1146=AXIS2_PLACEMENT_3D('',#1147,#1148,#1149);
#1147=CARTESIAN_POINT('',(-2.65,2.60502525316942,3.5));
#1148=DIRECTION('',(0.707106781186549,0.,0.707106781186546));
#1149=DIRECTION('',(0.,-1.,0.));
#1150=FACE_BOUND('',#1151,.T.);
#1151=EDGE_LOOP('',(#1771,#1772,#1773,#1774));
#1152=PLANE('',#1153);
#1153=AXIS2_PLACEMENT_3D('',#1154,#1155,#1156);
#1154=CARTESIAN_POINT('',(0.,-0.8,0.));
#1155=DIRECTION('',(-0.,1.,0.));
#1156=DIRECTION('',(1.,0.,0.));
#1157=FACE_BOUND('',#1158,.T.);
#1158=EDGE_LOOP('',(#1775,#1776,#1777,#1778));
#1159=PLANE('',#1160);
#1160=AXIS2_PLACEMENT_3D('',#1161,#1162,#1163);
#1161=CARTESIAN_POINT('',(-2.5,-0.8,3.25000000000001));
#1162=DIRECTION('',(-0.70710678118654,0.,-0.707106781186555));
#1163=DIRECTION('',(-0.707106781186555,0.,0.70710678118654));
#1164=FACE_BOUND('',#1165,.T.);
#1165=EDGE_LOOP('',(#1779,#1780,#1781,#1782));
#1166=PLANE('',#1167);
#1167=AXIS2_PLACEMENT_3D('',#1168,#1169,#1170);
#1168=CARTESIAN_POINT('',(0.,0.8,0.));
#1169=DIRECTION('',(-0.,1.,0.));
#1170=DIRECTION('',(1.,0.,0.));
#1171=FACE_BOUND('',#1172,.T.);
#1172=EDGE_LOOP('',(#1783,#1784,#1785,#1786));
#1173=PLANE('',#1174);
#1174=AXIS2_PLACEMENT_3D('',#1175,#1176,#1177);
#1175=CARTESIAN_POINT('',(-2.65,2.60502525316942,3.5));
#1176=DIRECTION('',(0.707106781186549,0.,0.707106781186546));
#1177=DIRECTION('',(0.,-1.,0.));
#1178=FACE_BOUND('',#1179,.T.);
#1179=EDGE_LOOP('',(#1787,#1788,#1789,#1790));
#1180=PLANE('',#1181);
#1181=AXIS2_PLACEMENT_3D('',#1182,#1183,#1184);
#1182=CARTESIAN_POINT('',(-1.68682720163547,3.03033008588991,3.5));
#1183=DIRECTION('',(0.500000000000001,-0.500000000000001,0.707106781186547));
#1184=DIRECTION('',(-0.707106781186548,-0.707106781186548,0.));
#1185=FACE_BOUND('',#1186,.T.);
#1186=EDGE_LOOP('',(#1791,#1792,#1793,#1794));
#1187=PLANE('',#1188);
#1188=AXIS2_PLACEMENT_3D('',#1189,#1190,#1191);
#1189=CARTESIAN_POINT('',(2.60502525316942,2.65,3.5));
#1190=DIRECTION('',(0.,-0.707106781186549,0.707106781186546));
#1191=DIRECTION('',(-1.,0.,0.));
#1192=FACE_BOUND('',#1193,.T.);
#1193=EDGE_LOOP('',(#1795,#1796,#1797,#1798));
#1194=PLANE('',#1195);
#1195=AXIS2_PLACEMENT_3D('',#1196,#1197,#1198);
#1196=CARTESIAN_POINT('',(-0.8,0.,0.));
#1197=DIRECTION('',(-1.,0.,0.));
#1198=DIRECTION('',(0.,0.,-1.));
#1199=FACE_BOUND('',#1200,.T.);
#1200=EDGE_LOOP('',(#1799,#1800,#1801,#1802));
#1201=PLANE('',#1202);
#1202=AXIS2_PLACEMENT_3D('',#1203,#1204,#1205);
#1203=CARTESIAN_POINT('',(0.8,2.75,3.5));
#1204=DIRECTION('',(0.,0.70710678119252,-0.707106781180575));
#1205=DIRECTION('',(0.,-0.707106781180575,-0.70710678119252));
#1206=FACE_BOUND('',#1207,.T.);
#1207=EDGE_LOOP('',(#1803,#1804,#1805,#1806));
#1208=PLANE('',#1209);
#1209=AXIS2_PLACEMENT_3D('',#1210,#1211,#1212);
#1210=CARTESIAN_POINT('',(0.8,0.,0.));
#1211=DIRECTION('',(-1.,0.,0.));
#1212=DIRECTION('',(0.,0.,-1.));
#1213=FACE_BOUND('',#1214,.T.);
#1214=EDGE_LOOP('',(#1807,#1808,#1809,#1810));
#1215=PLANE('',#1216);
#1216=AXIS2_PLACEMENT_3D('',#1217,#1218,#1219);
#1217=CARTESIAN_POINT('',(2.60502525316942,2.65,3.5));
#1218=DIRECTION('',(0.,-0.707106781186549,0.707106781186546));
#1219=DIRECTION('',(-1.,0.,0.));
#1220=FACE_BOUND('',#1221,.T.);
#1221=EDGE_LOOP('',(#1811,#1812,#1813,#1814));
#1222=PLANE('',#1223);
#1223=AXIS2_PLACEMENT_3D('',#1224,#1225,#1226);
#1224=CARTESIAN_POINT('',(3.03033008588991,1.68682720163547,3.5));
#1225=DIRECTION('',(-0.500000000000001,-0.500000000000001,0.707106781186547));
#1226=DIRECTION('',(-0.707106781186548,0.707106781186548,0.));
#1227=FACE_BOUND('',#1228,.T.);
#1228=EDGE_LOOP('',(#1815,#1816,#1817,#1818));
#1229=PLANE('',#1230);
#1230=AXIS2_PLACEMENT_3D('',#1231,#1232,#1233);
#1231=CARTESIAN_POINT('',(2.65,-2.60502525316942,3.5));
#1232=DIRECTION('',(-0.707106781186549,0.,0.707106781186546));
#1233=DIRECTION('',(0.,1.,0.));
#1234=FACE_BOUND('',#1235,.T.);
#1235=EDGE_LOOP('',(#1819,#1820,#1821,#1822));
#1236=PLANE('',#1237);
#1237=AXIS2_PLACEMENT_3D('',#1238,#1239,#1240);
#1238=CARTESIAN_POINT('',(0.,0.8,0.));
#1239=DIRECTION('',(-0.,1.,0.));
#1240=DIRECTION('',(1.,0.,0.));
#1241=FACE_BOUND('',#1242,.T.);
#1242=EDGE_LOOP('',(#1823,#1824,#1825,#1826));
#1243=PLANE('',#1244);
#1244=AXIS2_PLACEMENT_3D('',#1245,#1246,#1247);
#1245=CARTESIAN_POINT('',(0.,0.,0.2));
#1246=DIRECTION('',(-0.,-0.,1.));
#1247=DIRECTION('',(-1.,-0.,0.));
#1248=FACE_BOUND('',#1249,.T.);
#1249=EDGE_LOOP('',(#1827,#1828,#1829,#1830));
#1250=PLANE('',#1251);
#1251=AXIS2_PLACEMENT_3D('',#1252,#1253,#1254);
#1252=CARTESIAN_POINT('',(0.,0.,0.2));
#1253=DIRECTION('',(-0.,0.,-1.));
#1254=DIRECTION('',(-1.,0.,0.));
#1255=FACE_BOUND('',#1256,.T.);
#1256=EDGE_LOOP('',(#1831,#1832,#1833,#1834,#1835,#1836,#1837,#1838));
#1257=PLANE('',#1258);
#1258=AXIS2_PLACEMENT_3D('',#1259,#1260,#1261);
#1259=CARTESIAN_POINT('',(2.5,-2.00502525316942,-1.));
#1260=DIRECTION('',(1.,0.,0.));
#1261=DIRECTION('',(0.,1.,0.));
#1262=FACE_BOUND('',#1263,.T.);
#1263=EDGE_LOOP('',(#1839,#1840,#1841,#1842));
#1264=PLANE('',#1265);
#1265=AXIS2_PLACEMENT_3D('',#1266,#1267,#1268);
#1266=CARTESIAN_POINT('',(2.00502525316942,-2.5,-1.));
#1267=DIRECTION('',(0.707106781186548,-0.707106781186548,0.));
#1268=DIRECTION('',(0.707106781186548,0.707106781186548,0.));
#1269=FACE_BOUND('',#1270,.T.);
#1270=EDGE_LOOP('',(#1843,#1844,#1845,#1846,#1847,#1848,#1849,#1850));
#1271=PLANE('',#1272);
#1272=AXIS2_PLACEMENT_3D('',#1273,#1274,#1275);
#1273=CARTESIAN_POINT('',(-2.00502525316942,-2.5,-1.));
#1274=DIRECTION('',(0.,-1.,0.));
#1275=DIRECTION('',(1.,0.,0.));
#1276=FACE_BOUND('',#1277,.T.);
#1277=EDGE_LOOP('',(#1851,#1852,#1853,#1854));
#1278=PLANE('',#1279);
#1279=AXIS2_PLACEMENT_3D('',#1280,#1281,#1282);
#1280=CARTESIAN_POINT('',(-2.5,-2.00502525316942,-1.));
#1281=DIRECTION('',(-0.707106781186547,-0.707106781186548,0.));
#1282=DIRECTION('',(0.707106781186548,-0.707106781186547,0.));
#1283=FACE_BOUND('',#1284,.T.);
#1284=EDGE_LOOP('',(#1855,#1856,#1857,#1858,#1859,#1860,#1861,#1862));
#1285=PLANE('',#1286);
#1286=AXIS2_PLACEMENT_3D('',#1287,#1288,#1289);
#1287=CARTESIAN_POINT('',(-2.5,2.00502525316942,-1.));
#1288=DIRECTION('',(-1.,0.,0.));
#1289=DIRECTION('',(0.,-1.,0.));
#1290=FACE_BOUND('',#1291,.T.);
#1291=EDGE_LOOP('',(#1863,#1864,#1865,#1866));
#1292=PLANE('',#1293);
#1293=AXIS2_PLACEMENT_3D('',#1294,#1295,#1296);
#1294=CARTESIAN_POINT('',(-2.00502525316942,2.5,-1.));
#1295=DIRECTION('',(-0.707106781186548,0.707106781186548,0.));
#1296=DIRECTION('',(-0.707106781186548,-0.707106781186548,0.));
#1297=FACE_BOUND('',#1298,.T.);
#1298=EDGE_LOOP('',(#1867,#1868,#1869,#1870,#1871,#1872,#1873,#1874));
#1299=PLANE('',#1300);
#1300=AXIS2_PLACEMENT_3D('',#1301,#1302,#1303);
#1301=CARTESIAN_POINT('',(2.00502525316942,2.5,-1.));
#1302=DIRECTION('',(0.,1.,-0.));
#1303=DIRECTION('',(-1.,0.,0.));
#1304=FACE_BOUND('',#1305,.T.);
#1305=EDGE_LOOP('',(#1875,#1876,#1877,#1878));
#1306=PLANE('',#1307);
#1307=AXIS2_PLACEMENT_3D('',#1308,#1309,#1310);
#1308=CARTESIAN_POINT('',(2.5,2.00502525316942,-1.));
#1309=DIRECTION('',(0.707106781186548,0.707106781186548,-0.));
#1310=DIRECTION('',(-0.707106781186548,0.707106781186548,0.));
#1311=FACE_BOUND('',#1312,.T.);
#1312=EDGE_LOOP('',(#1879,#1880,#1881,#1882,#1883,#1884,#1885,#1886));
#1313=PLANE('',#1314);
#1314=AXIS2_PLACEMENT_3D('',#1315,#1316,#1317);
#1315=CARTESIAN_POINT('',(0.,0.,1.));
#1316=DIRECTION('',(0.,0.,1.));
#1317=DIRECTION('',(1.,0.,0.));
#1318=FACE_BOUND('',#1319,.T.);
#1319=EDGE_LOOP('',(#1887,#1888,#1889,#1890,#1891,#1892,#1893,#1894,#1895,#1896,
#1897,#1898,#1899,#1900,#1901,#1902));
#1320=PLANE('',#1321);
#1321=AXIS2_PLACEMENT_3D('',#1322,#1323,#1324);
#1322=CARTESIAN_POINT('',(0.,0.,2.5));
#1323=DIRECTION('',(0.,0.,1.));
#1324=DIRECTION('',(1.,0.,0.));
#1325=FACE_BOUND('',#1326,.T.);
#1326=EDGE_LOOP('',(#1903,#1904,#1905,#1906,#1907,#1908,#1909,#1910,#1911,#1912,
#1913,#1914,#1915,#1916,#1917,#1918));
#1327=FACE_BOUND('',#1328,.T.);
#1328=EDGE_LOOP('',(#1919));
#1329=PLANE('',#1330);
#1330=AXIS2_PLACEMENT_3D('',#1331,#1332,#1333);
#1331=CARTESIAN_POINT('',(0.,0.,4.));
#1332=DIRECTION('',(0.,0.,1.));
#1333=DIRECTION('',(1.,0.,0.));
#1334=FACE_OUTER_BOUND('',#1335,.T.);
#1335=EDGE_LOOP('',(#1920));
#1336=FACE_OUTER_BOUND('',#1337,.T.);
#1337=EDGE_LOOP('',(#1921));
#1338=CYLINDRICAL_SURFACE('',#1339,2.3);
#1339=AXIS2_PLACEMENT_3D('',#1340,#1341,#1342);
#1340=CARTESIAN_POINT('',(0.,0.,2.5));
#1341=DIRECTION('',(0.,0.,1.));
#1342=DIRECTION('',(1.,0.,0.));
#1343=FACE_BOUND('',#1344,.T.);
#1344=EDGE_LOOP('',(#1922,#1923,#1924,#1925));
#1345=CYLINDRICAL_SURFACE('',#1346,0.2);
#1346=AXIS2_PLACEMENT_3D('',#1347,#1348,#1349);
#1347=CARTESIAN_POINT('',(2.3,-1.71005050633883,2.5));
#1348=DIRECTION('',(0.,0.,1.));
#1349=DIRECTION('',(0.707106781186549,-0.707106781186546,0.));
#1350=FACE_BOUND('',#1351,.T.);
#1351=EDGE_LOOP('',(#1926,#1927,#1928,#1929));
#1352=PLANE('',#1353);
#1353=AXIS2_PLACEMENT_3D('',#1354,#1355,#1356);
#1354=CARTESIAN_POINT('',(1.85147186257614,-2.44142135623731,2.5));
#1355=DIRECTION('',(0.707106781186548,-0.707106781186547,0.));
#1356=DIRECTION('',(0.707106781186547,0.707106781186548,0.));
#1357=FACE_BOUND('',#1358,.T.);
#1358=EDGE_LOOP('',(#1930,#1931,#1932,#1933));
#1359=CYLINDRICAL_SURFACE('',#1360,0.2);
#1360=AXIS2_PLACEMENT_3D('',#1361,#1362,#1363);
#1361=CARTESIAN_POINT('',(1.71005050633883,-2.3,2.5));
#1362=DIRECTION('',(0.,0.,1.));
#1363=DIRECTION('',(-0.707106781186547,-0.707106781186548,0.));
#1364=FACE_BOUND('',#1365,.T.);
#1365=EDGE_LOOP('',(#1934,#1935,#1936,#1937));
#1366=PLANE('',#1367);
#1367=AXIS2_PLACEMENT_3D('',#1368,#1369,#1370);
#1368=CARTESIAN_POINT('',(-1.56862915010153,-2.44142135623731,2.5));
#1369=DIRECTION('',(0.,-1.,0.));
#1370=DIRECTION('',(1.,0.,0.));
#1371=FACE_BOUND('',#1372,.T.);
#1372=EDGE_LOOP('',(#1938,#1939,#1940,#1941));
#1373=CYLINDRICAL_SURFACE('',#1374,0.2);
#1374=AXIS2_PLACEMENT_3D('',#1375,#1376,#1377);
#1375=CARTESIAN_POINT('',(-1.71005050633883,-2.3,2.5));
#1376=DIRECTION('',(0.,0.,1.));
#1377=DIRECTION('',(-0.707106781186549,-0.707106781186546,0.));
#1378=FACE_BOUND('',#1379,.T.);
#1379=EDGE_LOOP('',(#1942,#1943,#1944,#1945));
#1380=PLANE('',#1381);
#1381=AXIS2_PLACEMENT_3D('',#1382,#1383,#1384);
#1382=CARTESIAN_POINT('',(-2.44142135623731,-1.85147186257614,2.5));
#1383=DIRECTION('',(-0.707106781186549,-0.707106781186546,0.));
#1384=DIRECTION('',(0.707106781186546,-0.707106781186549,0.));
#1385=FACE_BOUND('',#1386,.T.);
#1386=EDGE_LOOP('',(#1946,#1947,#1948,#1949));
#1387=CYLINDRICAL_SURFACE('',#1388,0.2);
#1388=AXIS2_PLACEMENT_3D('',#1389,#1390,#1391);
#1389=CARTESIAN_POINT('',(-2.3,-1.71005050633883,2.5));
#1390=DIRECTION('',(0.,0.,1.));
#1391=DIRECTION('',(-0.707106781186548,0.707106781186547,0.));
#1392=FACE_BOUND('',#1393,.T.);
#1393=EDGE_LOOP('',(#1950,#1951,#1952,#1953));
#1394=PLANE('',#1395);
#1395=AXIS2_PLACEMENT_3D('',#1396,#1397,#1398);
#1396=CARTESIAN_POINT('',(-2.44142135623731,1.56862915010152,2.5));
#1397=DIRECTION('',(-1.,0.,0.));
#1398=DIRECTION('',(0.,-1.,0.));
#1399=FACE_BOUND('',#1400,.T.);
#1400=EDGE_LOOP('',(#1954,#1955,#1956,#1957));
#1401=CYLINDRICAL_SURFACE('',#1402,0.2);
#1402=AXIS2_PLACEMENT_3D('',#1403,#1404,#1405);
#1403=CARTESIAN_POINT('',(-2.3,1.71005050633883,2.5));
#1404=DIRECTION('',(0.,0.,1.));
#1405=DIRECTION('',(-0.707106781186546,0.707106781186549,0.));
#1406=FACE_BOUND('',#1407,.T.);
#1407=EDGE_LOOP('',(#1958,#1959,#1960,#1961));
#1408=PLANE('',#1409);
#1409=AXIS2_PLACEMENT_3D('',#1410,#1411,#1412);
#1410=CARTESIAN_POINT('',(-1.85147186257614,2.44142135623731,2.5));
#1411=DIRECTION('',(-0.707106781186549,0.707106781186546,0.));
#1412=DIRECTION('',(-0.707106781186546,-0.707106781186549,0.));
#1413=FACE_BOUND('',#1414,.T.);
#1414=EDGE_LOOP('',(#1962,#1963,#1964,#1965));
#1415=CYLINDRICAL_SURFACE('',#1416,0.2);
#1416=AXIS2_PLACEMENT_3D('',#1417,#1418,#1419);
#1417=CARTESIAN_POINT('',(-1.71005050633883,2.3,2.5));
#1418=DIRECTION('',(0.,0.,1.));
#1419=DIRECTION('',(0.707106781186549,0.707106781186546,0.));
#1420=FACE_BOUND('',#1421,.T.);
#1421=EDGE_LOOP('',(#1966,#1967,#1968,#1969));
#1422=PLANE('',#1423);
#1423=AXIS2_PLACEMENT_3D('',#1424,#1425,#1426);
#1424=CARTESIAN_POINT('',(1.56862915010152,2.44142135623731,2.5));
#1425=DIRECTION('',(0.,1.,-0.));
#1426=DIRECTION('',(-1.,0.,0.));
#1427=FACE_BOUND('',#1428,.T.);
#1428=EDGE_LOOP('',(#1970,#1971,#1972,#1973));
#1429=CYLINDRICAL_SURFACE('',#1430,0.2);
#1430=AXIS2_PLACEMENT_3D('',#1431,#1432,#1433);
#1431=CARTESIAN_POINT('',(1.71005050633883,2.3,2.5));
#1432=DIRECTION('',(0.,0.,1.));
#1433=DIRECTION('',(0.707106781186547,0.707106781186548,0.));
#1434=FACE_BOUND('',#1435,.T.);
#1435=EDGE_LOOP('',(#1974,#1975,#1976,#1977));
#1436=PLANE('',#1437);
#1437=AXIS2_PLACEMENT_3D('',#1438,#1439,#1440);
#1438=CARTESIAN_POINT('',(2.44142135623731,1.85147186257614,2.5));
#1439=DIRECTION('',(0.707106781186547,0.707106781186547,-0.));
#1440=DIRECTION('',(-0.707106781186547,0.707106781186547,0.));
#1441=FACE_BOUND('',#1442,.T.);
#1442=EDGE_LOOP('',(#1978,#1979,#1980,#1981));
#1443=CYLINDRICAL_SURFACE('',#1444,0.2);
#1444=AXIS2_PLACEMENT_3D('',#1445,#1446,#1447);
#1445=CARTESIAN_POINT('',(2.3,1.71005050633883,2.5));
#1446=DIRECTION('',(0.,0.,1.));
#1447=DIRECTION('',(0.707106781186544,-0.707106781186551,0.));
#1448=FACE_BOUND('',#1449,.T.);
#1449=EDGE_LOOP('',(#1982,#1983,#1984,#1985));
#1450=PLANE('',#1451);
#1451=AXIS2_PLACEMENT_3D('',#1452,#1453,#1454);
#1452=CARTESIAN_POINT('',(2.44142135623731,-1.56862915010152,2.5));
#1453=DIRECTION('',(1.,0.,0.));
#1454=DIRECTION('',(0.,1.,0.));
#1455=FACE_BOUND('',#1456,.T.);
#1456=EDGE_LOOP('',(#1986));
#1457=PLANE('',#1458);
#1458=AXIS2_PLACEMENT_3D('',#1459,#1460,#1461);
#1459=CARTESIAN_POINT('',(0.,0.,4.3));
#1460=DIRECTION('',(0.,0.,1.));
#1461=DIRECTION('',(1.,0.,0.));
#1462=FACE_OUTER_BOUND('',#1463,.T.);
#1463=EDGE_LOOP('',(#1987));
#1464=FACE_OUTER_BOUND('',#1465,.T.);
#1465=EDGE_LOOP('',(#1988));
#1466=TOROIDAL_SURFACE('',#1467,2.2,0.1);
#1467=AXIS2_PLACEMENT_3D('',#1468,#1469,#1470);
#1468=CARTESIAN_POINT('',(0.,0.,4.2));
#1469=DIRECTION('',(0.,0.,1.));
#1470=DIRECTION('',(1.,0.,0.));
#1471=FACE_BOUND('',#1472,.T.);
#1472=EDGE_LOOP('',(#1989,#1990,#1991,#1992));
#1473=CYLINDRICAL_SURFACE('',#1474,0.25);
#1474=AXIS2_PLACEMENT_3D('',#1475,#1476,#1477);
#1475=CARTESIAN_POINT('',(0.7,-2.2,0.25));
#1476=DIRECTION('',(-1.,0.,0.));
#1477=DIRECTION('',(0.,1.,2.22044604925031E-016));
#1478=FACE_BOUND('',#1479,.T.);
#1479=EDGE_LOOP('',(#1993,#1994,#1995,#1996));
#1480=PLANE('',#1481);
#1481=AXIS2_PLACEMENT_3D('',#1482,#1483,#1484);
#1482=CARTESIAN_POINT('',(0.7,-2.2,-2.1195166833753E-016));
#1483=DIRECTION('',(0.,8.21730109605221E-032,-1.));
#1484=DIRECTION('',(0.,-1.,-8.21730109605221E-032));
#1485=FACE_BOUND('',#1486,.T.);
#1486=EDGE_LOOP('',(#1997,#1998,#1999,#2000));
#1487=PLANE('',#1488);
#1488=AXIS2_PLACEMENT_3D('',#1489,#1490,#1491);
#1489=CARTESIAN_POINT('',(0.7,-4.,-2.1195166833753E-016));
#1490=DIRECTION('',(0.,-1.,0.));
#1491=DIRECTION('',(0.,0.,1.));
#1492=FACE_BOUND('',#1493,.T.);
#1493=EDGE_LOOP('',(#2001,#2002,#2003,#2004));
#1494=PLANE('',#1495);
#1495=AXIS2_PLACEMENT_3D('',#1496,#1497,#1498);
#1496=CARTESIAN_POINT('',(0.7,-4.,0.2));
#1497=DIRECTION('',(0.,-0.,1.));
#1498=DIRECTION('',(0.,1.,0.));
#1499=FACE_BOUND('',#1500,.T.);
#1500=EDGE_LOOP('',(#2005,#2006,#2007,#2008));
#1501=CYLINDRICAL_SURFACE('',#1502,0.05);
#1502=AXIS2_PLACEMENT_3D('',#1503,#1504,#1505);
#1503=CARTESIAN_POINT('',(0.7,-2.2,0.25));
#1504=DIRECTION('',(1.,-0.,-0.));
#1505=DIRECTION('',(0.,0.,-1.));
#1506=FACE_BOUND('',#1507,.T.);
#1507=EDGE_LOOP('',(#2009,#2010,#2011,#2012));
#1508=PLANE('',#1509);
#1509=AXIS2_PLACEMENT_3D('',#1510,#1511,#1512);
#1510=CARTESIAN_POINT('',(0.7,-2.15,0.25));
#1511=DIRECTION('',(0.,-2.77555756156289E-016,1.));
#1512=DIRECTION('',(0.,1.,2.77555756156289E-016));
#1513=FACE_BOUND('',#1514,.T.);
#1514=EDGE_LOOP('',(#2013,#2014,#2015,#2016,#2017,#2018));
#1515=PLANE('',#1516);
#1516=AXIS2_PLACEMENT_3D('',#1517,#1518,#1519);
#1517=CARTESIAN_POINT('',(-0.7,0.,0.));
#1518=DIRECTION('',(-1.,-0.,-0.));
#1519=DIRECTION('',(0.,0.,-1.));
#1520=FACE_BOUND('',#1521,.T.);
#1521=EDGE_LOOP('',(#2019,#2020,#2021,#2022,#2023,#2024));
#1522=PLANE('',#1523);
#1523=AXIS2_PLACEMENT_3D('',#1524,#1525,#1526);
#1524=CARTESIAN_POINT('',(0.7,0.,0.));
#1525=DIRECTION('',(-1.,-0.,-0.));
#1526=DIRECTION('',(0.,0.,-1.));
#1527=FACE_BOUND('',#1528,.T.);
#1528=EDGE_LOOP('',(#2025,#2026,#2027,#2028));
#1529=CYLINDRICAL_SURFACE('',#1530,0.25);
#1530=AXIS2_PLACEMENT_3D('',#1531,#1532,#1533);
#1531=CARTESIAN_POINT('',(-0.7,2.2,0.25));
#1532=DIRECTION('',(1.,0.,0.));
#1533=DIRECTION('',(0.,-1.,2.22044604925031E-016));
#1534=FACE_BOUND('',#1535,.T.);
#1535=EDGE_LOOP('',(#2029,#2030,#2031,#2032));
#1536=PLANE('',#1537);
#1537=AXIS2_PLACEMENT_3D('',#1538,#1539,#1540);
#1538=CARTESIAN_POINT('',(-0.7,2.2,-2.1195166833753E-016));
#1539=DIRECTION('',(-0.,-8.21730109605221E-032,-1.));
#1540=DIRECTION('',(0.,1.,-8.21730109605221E-032));
#1541=FACE_BOUND('',#1542,.T.);
#1542=EDGE_LOOP('',(#2033,#2034,#2035,#2036));
#1543=PLANE('',#1544);
#1544=AXIS2_PLACEMENT_3D('',#1545,#1546,#1547);
#1545=CARTESIAN_POINT('',(-0.7,4.,-2.1195166833753E-016));
#1546=DIRECTION('',(0.,1.,0.));
#1547=DIRECTION('',(0.,0.,1.));
#1548=FACE_BOUND('',#1549,.T.);
#1549=EDGE_LOOP('',(#2037,#2038,#2039,#2040));
#1550=PLANE('',#1551);
#1551=AXIS2_PLACEMENT_3D('',#1552,#1553,#1554);
#1552=CARTESIAN_POINT('',(-0.7,4.,0.2));
#1553=DIRECTION('',(0.,0.,1.));
#1554=DIRECTION('',(0.,-1.,0.));
#1555=FACE_BOUND('',#1556,.T.);
#1556=EDGE_LOOP('',(#2041,#2042,#2043,#2044));
#1557=CYLINDRICAL_SURFACE('',#1558,0.05);
#1558=AXIS2_PLACEMENT_3D('',#1559,#1560,#1561);
#1559=CARTESIAN_POINT('',(-0.7,2.2,0.25));
#1560=DIRECTION('',(-1.,-0.,-0.));
#1561=DIRECTION('',(-0.,-0.,-1.));
#1562=FACE_BOUND('',#1563,.T.);
#1563=EDGE_LOOP('',(#2045,#2046,#2047,#2048));
#1564=PLANE('',#1565);
#1565=AXIS2_PLACEMENT_3D('',#1566,#1567,#1568);
#1566=CARTESIAN_POINT('',(-0.7,2.15,0.25));
#1567=DIRECTION('',(0.,2.77555756156289E-016,1.));
#1568=DIRECTION('',(0.,-1.,2.77555756156289E-016));
#1569=FACE_BOUND('',#1570,.T.);
#1570=EDGE_LOOP('',(#2049,#2050,#2051,#2052,#2053,#2054));
#1571=PLANE('',#1572);
#1572=AXIS2_PLACEMENT_3D('',#1573,#1574,#1575);
#1573=CARTESIAN_POINT('',(0.7,0.,0.));
#1574=DIRECTION('',(1.,0.,0.));
#1575=DIRECTION('',(-0.,-0.,-1.));
#1576=FACE_BOUND('',#1577,.T.);
#1577=EDGE_LOOP('',(#2055,#2056,#2057,#2058,#2059,#2060));
#1578=PLANE('',#1579);
#1579=AXIS2_PLACEMENT_3D('',#1580,#1581,#1582);
#1580=CARTESIAN_POINT('',(-0.7,0.,0.));
#1581=DIRECTION('',(1.,0.,0.));
#1582=DIRECTION('',(-0.,-0.,-1.));
#1583=COMPOSITE_CURVE_SEGMENT(.CONTINUOUS.,.T.,#2061);
#1584=COMPOSITE_CURVE_SEGMENT(.CONTINUOUS.,.T.,#2062);
#1585=COMPOSITE_CURVE_SEGMENT(.CONTINUOUS.,.T.,#2063);
#1586=COMPOSITE_CURVE_SEGMENT(.DISCONTINUOUS.,.T.,#2064);
#1587=COMPOSITE_CURVE_SEGMENT(.CONTINUOUS.,.T.,#2065);
#1588=COMPOSITE_CURVE_SEGMENT(.CONTINUOUS.,.T.,#2066);
#1589=COMPOSITE_CURVE_SEGMENT(.CONTINUOUS.,.T.,#2067);
#1590=COMPOSITE_CURVE_SEGMENT(.DISCONTINUOUS.,.T.,#2068);
#1591=ORIENTED_EDGE('',*,*,#2069,.T.);
#1592=ORIENTED_EDGE('',*,*,#2070,.T.);
#1593=ORIENTED_EDGE('',*,*,#2071,.T.);
#1594=ORIENTED_EDGE('',*,*,#2072,.T.);
#1595=ORIENTED_EDGE('',*,*,#2073,.F.);
#1596=ORIENTED_EDGE('',*,*,#2074,.F.);
#1597=ORIENTED_EDGE('',*,*,#2075,.T.);
#1598=ORIENTED_EDGE('',*,*,#2076,.T.);
#1599=ORIENTED_EDGE('',*,*,#2077,.T.);
#1600=ORIENTED_EDGE('',*,*,#2078,.T.);
#1601=ORIENTED_EDGE('',*,*,#2079,.T.);
#1602=ORIENTED_EDGE('',*,*,#2080,.T.);
#1603=ORIENTED_EDGE('',*,*,#2081,.F.);
#1604=ORIENTED_EDGE('',*,*,#2082,.F.);
#1605=ORIENTED_EDGE('',*,*,#2083,.T.);
#1606=ORIENTED_EDGE('',*,*,#2084,.T.);
#1607=ORIENTED_EDGE('',*,*,#2085,.T.);
#1608=ORIENTED_EDGE('',*,*,#2075,.F.);
#1609=ORIENTED_EDGE('',*,*,#2086,.F.);
#1610=ORIENTED_EDGE('',*,*,#2087,.F.);
#1611=ORIENTED_EDGE('',*,*,#2088,.T.);
#1612=ORIENTED_EDGE('',*,*,#2089,.T.);
#1613=ORIENTED_EDGE('',*,*,#2090,.T.);
#1614=ORIENTED_EDGE('',*,*,#2091,.F.);
#1615=ORIENTED_EDGE('',*,*,#2092,.F.);
#1616=ORIENTED_EDGE('',*,*,#2079,.F.);
#1617=ORIENTED_EDGE('',*,*,#2093,.T.);
#1618=ORIENTED_EDGE('',*,*,#2083,.F.);
#1619=ORIENTED_EDGE('',*,*,#2094,.F.);
#1620=ORIENTED_EDGE('',*,*,#2095,.F.);
#1621=ORIENTED_EDGE('',*,*,#2096,.T.);
#1622=ORIENTED_EDGE('',*,*,#2097,.T.);
#1623=ORIENTED_EDGE('',*,*,#2098,.T.);
#1624=ORIENTED_EDGE('',*,*,#2099,.F.);
#1625=ORIENTED_EDGE('',*,*,#2100,.F.);
#1626=ORIENTED_EDGE('',*,*,#2071,.F.);
#1627=ORIENTED_EDGE('',*,*,#2093,.F.);
#1628=ORIENTED_EDGE('',*,*,#2070,.F.);
#1629=ORIENTED_EDGE('',*,*,#2101,.F.);
#1630=ORIENTED_EDGE('',*,*,#2084,.F.);
#1631=ORIENTED_EDGE('',*,*,#2085,.F.);
#1632=ORIENTED_EDGE('',*,*,#2078,.F.);
#1633=ORIENTED_EDGE('',*,*,#2102,.T.);
#1634=ORIENTED_EDGE('',*,*,#2076,.F.);
#1635=ORIENTED_EDGE('',*,*,#2077,.F.);
#1636=ORIENTED_EDGE('',*,*,#2101,.T.);
#1637=ORIENTED_EDGE('',*,*,#2069,.F.);
#1638=ORIENTED_EDGE('',*,*,#2102,.F.);
#1639=ORIENTED_EDGE('',*,*,#2100,.T.);
#1640=ORIENTED_EDGE('',*,*,#2103,.T.);
#1641=ORIENTED_EDGE('',*,*,#2104,.F.);
#1642=ORIENTED_EDGE('',*,*,#2072,.F.);
#1643=ORIENTED_EDGE('',*,*,#2105,.T.);
#1644=ORIENTED_EDGE('',*,*,#2081,.T.);
#1645=ORIENTED_EDGE('',*,*,#2106,.T.);
#1646=ORIENTED_EDGE('',*,*,#2107,.T.);
#1647=ORIENTED_EDGE('',*,*,#2108,.T.);
#1648=ORIENTED_EDGE('',*,*,#2073,.T.);
#1649=ORIENTED_EDGE('',*,*,#2104,.T.);
#1650=ORIENTED_EDGE('',*,*,#2109,.T.);
#1651=ORIENTED_EDGE('',*,*,#2110,.T.);
#1652=ORIENTED_EDGE('',*,*,#2111,.T.);
#1653=ORIENTED_EDGE('',*,*,#2112,.T.);
#1654=ORIENTED_EDGE('',*,*,#2113,.T.);
#1655=ORIENTED_EDGE('',*,*,#2114,.T.);
#1656=ORIENTED_EDGE('',*,*,#2115,.T.);
#1657=ORIENTED_EDGE('',*,*,#2116,.T.);
#1658=ORIENTED_EDGE('',*,*,#2117,.T.);
#1659=ORIENTED_EDGE('',*,*,#2118,.T.);
#1660=ORIENTED_EDGE('',*,*,#2119,.T.);
#1661=ORIENTED_EDGE('',*,*,#2120,.T.);
#1662=ORIENTED_EDGE('',*,*,#2121,.T.);
#1663=ORIENTED_EDGE('',*,*,#2122,.T.);
#1664=ORIENTED_EDGE('',*,*,#2123,.T.);
#1665=ORIENTED_EDGE('',*,*,#2124,.T.);
#1666=ORIENTED_EDGE('',*,*,#2125,.T.);
#1667=ORIENTED_EDGE('',*,*,#2126,.T.);
#1668=ORIENTED_EDGE('',*,*,#2127,.T.);
#1669=ORIENTED_EDGE('',*,*,#2128,.T.);
#1670=ORIENTED_EDGE('',*,*,#2129,.T.);
#1671=ORIENTED_EDGE('',*,*,#2130,.T.);
#1672=ORIENTED_EDGE('',*,*,#2131,.T.);
#1673=ORIENTED_EDGE('',*,*,#2132,.T.);
#1674=ORIENTED_EDGE('',*,*,#2133,.T.);
#1675=ORIENTED_EDGE('',*,*,#2086,.T.);
#1676=ORIENTED_EDGE('',*,*,#2074,.T.);
#1677=ORIENTED_EDGE('',*,*,#2108,.F.);
#1678=ORIENTED_EDGE('',*,*,#2134,.F.);
#1679=ORIENTED_EDGE('',*,*,#2092,.T.);
#1680=ORIENTED_EDGE('',*,*,#2135,.T.);
#1681=ORIENTED_EDGE('',*,*,#2106,.F.);
#1682=ORIENTED_EDGE('',*,*,#2080,.F.);
#1683=ORIENTED_EDGE('',*,*,#2094,.T.);
#1684=ORIENTED_EDGE('',*,*,#2082,.T.);
#1685=ORIENTED_EDGE('',*,*,#2105,.F.);
#1686=ORIENTED_EDGE('',*,*,#2136,.F.);
#1687=ORIENTED_EDGE('',*,*,#2137,.T.);
#1688=ORIENTED_EDGE('',*,*,#2138,.T.);
#1689=ORIENTED_EDGE('',*,*,#2139,.T.);
#1690=ORIENTED_EDGE('',*,*,#2087,.T.);
#1691=ORIENTED_EDGE('',*,*,#2134,.T.);
#1692=ORIENTED_EDGE('',*,*,#2107,.F.);
#1693=ORIENTED_EDGE('',*,*,#2135,.F.);
#1694=ORIENTED_EDGE('',*,*,#2091,.T.);
#1695=ORIENTED_EDGE('',*,*,#2088,.F.);
#1696=ORIENTED_EDGE('',*,*,#2139,.F.);
#1697=ORIENTED_EDGE('',*,*,#2140,.T.);
#1698=ORIENTED_EDGE('',*,*,#2141,.T.);
#1699=ORIENTED_EDGE('',*,*,#2089,.F.);
#1700=ORIENTED_EDGE('',*,*,#2141,.F.);
#1701=ORIENTED_EDGE('',*,*,#2142,.T.);
#1702=ORIENTED_EDGE('',*,*,#2143,.T.);
#1703=ORIENTED_EDGE('',*,*,#2090,.F.);
#1704=ORIENTED_EDGE('',*,*,#2143,.F.);
#1705=ORIENTED_EDGE('',*,*,#2144,.T.);
#1706=ORIENTED_EDGE('',*,*,#2137,.F.);
#1707=ORIENTED_EDGE('',*,*,#2145,.T.);
#1708=ORIENTED_EDGE('',*,*,#2095,.T.);
#1709=ORIENTED_EDGE('',*,*,#2136,.T.);
#1710=ORIENTED_EDGE('',*,*,#2109,.F.);
#1711=ORIENTED_EDGE('',*,*,#2103,.F.);
#1712=ORIENTED_EDGE('',*,*,#2099,.T.);
#1713=ORIENTED_EDGE('',*,*,#2146,.T.);
#1714=ORIENTED_EDGE('',*,*,#2147,.T.);
#1715=ORIENTED_EDGE('',*,*,#2145,.F.);
#1716=ORIENTED_EDGE('',*,*,#2148,.F.);
#1717=ORIENTED_EDGE('',*,*,#2149,.T.);
#1718=ORIENTED_EDGE('',*,*,#2096,.F.);
#1719=ORIENTED_EDGE('',*,*,#2097,.F.);
#1720=ORIENTED_EDGE('',*,*,#2149,.F.);
#1721=ORIENTED_EDGE('',*,*,#2150,.F.);
#1722=ORIENTED_EDGE('',*,*,#2151,.T.);
#1723=ORIENTED_EDGE('',*,*,#2146,.F.);
#1724=ORIENTED_EDGE('',*,*,#2098,.F.);
#1725=ORIENTED_EDGE('',*,*,#2151,.F.);
#1726=ORIENTED_EDGE('',*,*,#2152,.F.);
#1727=ORIENTED_EDGE('',*,*,#2110,.F.);
#1728=ORIENTED_EDGE('',*,*,#2153,.T.);
#1729=ORIENTED_EDGE('',*,*,#2154,.F.);
#1730=ORIENTED_EDGE('',*,*,#2155,.F.);
#1731=ORIENTED_EDGE('',*,*,#2111,.F.);
#1732=ORIENTED_EDGE('',*,*,#2155,.T.);
#1733=ORIENTED_EDGE('',*,*,#2156,.F.);
#1734=ORIENTED_EDGE('',*,*,#2157,.F.);
#1735=ORIENTED_EDGE('',*,*,#2157,.T.);
#1736=ORIENTED_EDGE('',*,*,#2158,.T.);
#1737=ORIENTED_EDGE('',*,*,#2159,.T.);
#1738=ORIENTED_EDGE('',*,*,#2112,.F.);
#1739=ORIENTED_EDGE('',*,*,#2113,.F.);
#1740=ORIENTED_EDGE('',*,*,#2159,.F.);
#1741=ORIENTED_EDGE('',*,*,#2160,.T.);
#1742=ORIENTED_EDGE('',*,*,#2161,.T.);
#1743=ORIENTED_EDGE('',*,*,#2162,.T.);
#1744=ORIENTED_EDGE('',*,*,#2114,.F.);
#1745=ORIENTED_EDGE('',*,*,#2161,.F.);
#1746=ORIENTED_EDGE('',*,*,#2163,.T.);
#1747=ORIENTED_EDGE('',*,*,#2115,.F.);
#1748=ORIENTED_EDGE('',*,*,#2162,.F.);
#1749=ORIENTED_EDGE('',*,*,#2164,.F.);
#1750=ORIENTED_EDGE('',*,*,#2165,.T.);
#1751=ORIENTED_EDGE('',*,*,#2116,.F.);
#1752=ORIENTED_EDGE('',*,*,#2165,.F.);
#1753=ORIENTED_EDGE('',*,*,#2166,.F.);
#1754=ORIENTED_EDGE('',*,*,#2167,.T.);
#1755=ORIENTED_EDGE('',*,*,#2117,.F.);
#1756=ORIENTED_EDGE('',*,*,#2167,.F.);
#1757=ORIENTED_EDGE('',*,*,#2168,.F.);
#1758=ORIENTED_EDGE('',*,*,#2169,.F.);
#1759=ORIENTED_EDGE('',*,*,#2169,.T.);
#1760=ORIENTED_EDGE('',*,*,#2170,.T.);
#1761=ORIENTED_EDGE('',*,*,#2171,.T.);
#1762=ORIENTED_EDGE('',*,*,#2118,.F.);
#1763=ORIENTED_EDGE('',*,*,#2119,.F.);
#1764=ORIENTED_EDGE('',*,*,#2171,.F.);
#1765=ORIENTED_EDGE('',*,*,#2172,.T.);
#1766=ORIENTED_EDGE('',*,*,#2173,.T.);
#1767=ORIENTED_EDGE('',*,*,#2174,.T.);
#1768=ORIENTED_EDGE('',*,*,#2120,.F.);
#1769=ORIENTED_EDGE('',*,*,#2173,.F.);
#1770=ORIENTED_EDGE('',*,*,#2175,.T.);
#1771=ORIENTED_EDGE('',*,*,#2121,.F.);
#1772=ORIENTED_EDGE('',*,*,#2174,.F.);
#1773=ORIENTED_EDGE('',*,*,#2176,.F.);
#1774=ORIENTED_EDGE('',*,*,#2177,.T.);
#1775=ORIENTED_EDGE('',*,*,#2122,.F.);
#1776=ORIENTED_EDGE('',*,*,#2177,.F.);
#1777=ORIENTED_EDGE('',*,*,#2178,.F.);
#1778=ORIENTED_EDGE('',*,*,#2179,.T.);
#1779=ORIENTED_EDGE('',*,*,#2123,.F.);
#1780=ORIENTED_EDGE('',*,*,#2179,.F.);
#1781=ORIENTED_EDGE('',*,*,#2180,.F.);
#1782=ORIENTED_EDGE('',*,*,#2181,.F.);
#1783=ORIENTED_EDGE('',*,*,#2181,.T.);
#1784=ORIENTED_EDGE('',*,*,#2182,.T.);
#1785=ORIENTED_EDGE('',*,*,#2183,.T.);
#1786=ORIENTED_EDGE('',*,*,#2124,.F.);
#1787=ORIENTED_EDGE('',*,*,#2125,.F.);
#1788=ORIENTED_EDGE('',*,*,#2183,.F.);
#1789=ORIENTED_EDGE('',*,*,#2184,.T.);
#1790=ORIENTED_EDGE('',*,*,#2185,.T.);
#1791=ORIENTED_EDGE('',*,*,#2186,.T.);
#1792=ORIENTED_EDGE('',*,*,#2126,.F.);
#1793=ORIENTED_EDGE('',*,*,#2185,.F.);
#1794=ORIENTED_EDGE('',*,*,#2187,.T.);
#1795=ORIENTED_EDGE('',*,*,#2127,.F.);
#1796=ORIENTED_EDGE('',*,*,#2186,.F.);
#1797=ORIENTED_EDGE('',*,*,#2188,.F.);
#1798=ORIENTED_EDGE('',*,*,#2189,.F.);
#1799=ORIENTED_EDGE('',*,*,#2128,.F.);
#1800=ORIENTED_EDGE('',*,*,#2189,.T.);
#1801=ORIENTED_EDGE('',*,*,#2190,.F.);
#1802=ORIENTED_EDGE('',*,*,#2191,.F.);
#1803=ORIENTED_EDGE('',*,*,#2129,.F.);
#1804=ORIENTED_EDGE('',*,*,#2191,.T.);
#1805=ORIENTED_EDGE('',*,*,#2192,.F.);
#1806=ORIENTED_EDGE('',*,*,#2193,.F.);
#1807=ORIENTED_EDGE('',*,*,#2193,.T.);
#1808=ORIENTED_EDGE('',*,*,#2194,.T.);
#1809=ORIENTED_EDGE('',*,*,#2195,.T.);
#1810=ORIENTED_EDGE('',*,*,#2130,.F.);
#1811=ORIENTED_EDGE('',*,*,#2131,.F.);
#1812=ORIENTED_EDGE('',*,*,#2195,.F.);
#1813=ORIENTED_EDGE('',*,*,#2196,.T.);
#1814=ORIENTED_EDGE('',*,*,#2197,.T.);
#1815=ORIENTED_EDGE('',*,*,#2198,.T.);
#1816=ORIENTED_EDGE('',*,*,#2132,.F.);
#1817=ORIENTED_EDGE('',*,*,#2197,.F.);
#1818=ORIENTED_EDGE('',*,*,#2199,.T.);
#1819=ORIENTED_EDGE('',*,*,#2133,.F.);
#1820=ORIENTED_EDGE('',*,*,#2198,.F.);
#1821=ORIENTED_EDGE('',*,*,#2200,.F.);
#1822=ORIENTED_EDGE('',*,*,#2153,.F.);
#1823=ORIENTED_EDGE('',*,*,#2138,.F.);
#1824=ORIENTED_EDGE('',*,*,#2144,.F.);
#1825=ORIENTED_EDGE('',*,*,#2142,.F.);
#1826=ORIENTED_EDGE('',*,*,#2140,.F.);
#1827=ORIENTED_EDGE('',*,*,#2147,.F.);
#1828=ORIENTED_EDGE('',*,*,#2152,.T.);
#1829=ORIENTED_EDGE('',*,*,#2150,.T.);
#1830=ORIENTED_EDGE('',*,*,#2148,.T.);
#1831=ORIENTED_EDGE('',*,*,#2154,.T.);
#1832=ORIENTED_EDGE('',*,*,#2200,.T.);
#1833=ORIENTED_EDGE('',*,*,#2199,.F.);
#1834=ORIENTED_EDGE('',*,*,#2201,.F.);
#1835=ORIENTED_EDGE('',*,*,#2202,.T.);
#1836=ORIENTED_EDGE('',*,*,#2203,.T.);
#1837=ORIENTED_EDGE('',*,*,#2158,.F.);
#1838=ORIENTED_EDGE('',*,*,#2156,.T.);
#1839=ORIENTED_EDGE('',*,*,#2160,.F.);
#1840=ORIENTED_EDGE('',*,*,#2203,.F.);
#1841=ORIENTED_EDGE('',*,*,#2204,.T.);
#1842=ORIENTED_EDGE('',*,*,#2205,.T.);
#1843=ORIENTED_EDGE('',*,*,#2166,.T.);
#1844=ORIENTED_EDGE('',*,*,#2164,.T.);
#1845=ORIENTED_EDGE('',*,*,#2163,.F.);
#1846=ORIENTED_EDGE('',*,*,#2205,.F.);
#1847=ORIENTED_EDGE('',*,*,#2206,.T.);
#1848=ORIENTED_EDGE('',*,*,#2207,.T.);
#1849=ORIENTED_EDGE('',*,*,#2170,.F.);
#1850=ORIENTED_EDGE('',*,*,#2168,.T.);
#1851=ORIENTED_EDGE('',*,*,#2172,.F.);
#1852=ORIENTED_EDGE('',*,*,#2207,.F.);
#1853=ORIENTED_EDGE('',*,*,#2208,.T.);
#1854=ORIENTED_EDGE('',*,*,#2209,.T.);
#1855=ORIENTED_EDGE('',*,*,#2178,.T.);
#1856=ORIENTED_EDGE('',*,*,#2176,.T.);
#1857=ORIENTED_EDGE('',*,*,#2175,.F.);
#1858=ORIENTED_EDGE('',*,*,#2209,.F.);
#1859=ORIENTED_EDGE('',*,*,#2210,.T.);
#1860=ORIENTED_EDGE('',*,*,#2211,.T.);
#1861=ORIENTED_EDGE('',*,*,#2182,.F.);
#1862=ORIENTED_EDGE('',*,*,#2180,.T.);
#1863=ORIENTED_EDGE('',*,*,#2184,.F.);
#1864=ORIENTED_EDGE('',*,*,#2211,.F.);
#1865=ORIENTED_EDGE('',*,*,#2212,.T.);
#1866=ORIENTED_EDGE('',*,*,#2213,.T.);
#1867=ORIENTED_EDGE('',*,*,#2190,.T.);
#1868=ORIENTED_EDGE('',*,*,#2188,.T.);
#1869=ORIENTED_EDGE('',*,*,#2187,.F.);
#1870=ORIENTED_EDGE('',*,*,#2213,.F.);
#1871=ORIENTED_EDGE('',*,*,#2214,.T.);
#1872=ORIENTED_EDGE('',*,*,#2215,.T.);
#1873=ORIENTED_EDGE('',*,*,#2194,.F.);
#1874=ORIENTED_EDGE('',*,*,#2192,.T.);
#1875=ORIENTED_EDGE('',*,*,#2196,.F.);
#1876=ORIENTED_EDGE('',*,*,#2215,.F.);
#1877=ORIENTED_EDGE('',*,*,#2216,.T.);
#1878=ORIENTED_EDGE('',*,*,#2201,.T.);
#1879=ORIENTED_EDGE('',*,*,#2202,.F.);
#1880=ORIENTED_EDGE('',*,*,#2216,.F.);
#1881=ORIENTED_EDGE('',*,*,#2214,.F.);
#1882=ORIENTED_EDGE('',*,*,#2212,.F.);
#1883=ORIENTED_EDGE('',*,*,#2210,.F.);
#1884=ORIENTED_EDGE('',*,*,#2208,.F.);
#1885=ORIENTED_EDGE('',*,*,#2206,.F.);
#1886=ORIENTED_EDGE('',*,*,#2204,.F.);
#1887=ORIENTED_EDGE('',*,*,#2217,.F.);
#1888=ORIENTED_EDGE('',*,*,#2218,.F.);
#1889=ORIENTED_EDGE('',*,*,#2219,.F.);
#1890=ORIENTED_EDGE('',*,*,#2220,.F.);
#1891=ORIENTED_EDGE('',*,*,#2221,.F.);
#1892=ORIENTED_EDGE('',*,*,#2222,.F.);
#1893=ORIENTED_EDGE('',*,*,#2223,.F.);
#1894=ORIENTED_EDGE('',*,*,#2224,.F.);
#1895=ORIENTED_EDGE('',*,*,#2225,.F.);
#1896=ORIENTED_EDGE('',*,*,#2226,.F.);
#1897=ORIENTED_EDGE('',*,*,#2227,.F.);
#1898=ORIENTED_EDGE('',*,*,#2228,.F.);
#1899=ORIENTED_EDGE('',*,*,#2229,.F.);
#1900=ORIENTED_EDGE('',*,*,#2230,.F.);
#1901=ORIENTED_EDGE('',*,*,#2231,.F.);
#1902=ORIENTED_EDGE('',*,*,#2232,.F.);
#1903=ORIENTED_EDGE('',*,*,#2233,.T.);
#1904=ORIENTED_EDGE('',*,*,#2234,.T.);
#1905=ORIENTED_EDGE('',*,*,#2235,.T.);
#1906=ORIENTED_EDGE('',*,*,#2236,.T.);
#1907=ORIENTED_EDGE('',*,*,#2237,.T.);
#1908=ORIENTED_EDGE('',*,*,#2238,.T.);
#1909=ORIENTED_EDGE('',*,*,#2239,.T.);
#1910=ORIENTED_EDGE('',*,*,#2240,.T.);
#1911=ORIENTED_EDGE('',*,*,#2241,.T.);
#1912=ORIENTED_EDGE('',*,*,#2242,.T.);
#1913=ORIENTED_EDGE('',*,*,#2243,.T.);
#1914=ORIENTED_EDGE('',*,*,#2244,.T.);
#1915=ORIENTED_EDGE('',*,*,#2245,.T.);
#1916=ORIENTED_EDGE('',*,*,#2246,.T.);
#1917=ORIENTED_EDGE('',*,*,#2247,.T.);
#1918=ORIENTED_EDGE('',*,*,#2248,.T.);
#1919=ORIENTED_EDGE('',*,*,#2249,.F.);
#1920=ORIENTED_EDGE('',*,*,#2250,.F.);
#1921=ORIENTED_EDGE('',*,*,#2249,.T.);
#1922=ORIENTED_EDGE('',*,*,#2217,.T.);
#1923=ORIENTED_EDGE('',*,*,#2251,.T.);
#1924=ORIENTED_EDGE('',*,*,#2248,.F.);
#1925=ORIENTED_EDGE('',*,*,#2252,.F.);
#1926=ORIENTED_EDGE('',*,*,#2218,.T.);
#1927=ORIENTED_EDGE('',*,*,#2252,.T.);
#1928=ORIENTED_EDGE('',*,*,#2247,.F.);
#1929=ORIENTED_EDGE('',*,*,#2253,.F.);
#1930=ORIENTED_EDGE('',*,*,#2219,.T.);
#1931=ORIENTED_EDGE('',*,*,#2253,.T.);
#1932=ORIENTED_EDGE('',*,*,#2246,.F.);
#1933=ORIENTED_EDGE('',*,*,#2254,.F.);
#1934=ORIENTED_EDGE('',*,*,#2220,.T.);
#1935=ORIENTED_EDGE('',*,*,#2254,.T.);
#1936=ORIENTED_EDGE('',*,*,#2245,.F.);
#1937=ORIENTED_EDGE('',*,*,#2255,.F.);
#1938=ORIENTED_EDGE('',*,*,#2221,.T.);
#1939=ORIENTED_EDGE('',*,*,#2255,.T.);
#1940=ORIENTED_EDGE('',*,*,#2244,.F.);
#1941=ORIENTED_EDGE('',*,*,#2256,.F.);
#1942=ORIENTED_EDGE('',*,*,#2222,.T.);
#1943=ORIENTED_EDGE('',*,*,#2256,.T.);
#1944=ORIENTED_EDGE('',*,*,#2243,.F.);
#1945=ORIENTED_EDGE('',*,*,#2257,.F.);
#1946=ORIENTED_EDGE('',*,*,#2223,.T.);
#1947=ORIENTED_EDGE('',*,*,#2257,.T.);
#1948=ORIENTED_EDGE('',*,*,#2242,.F.);
#1949=ORIENTED_EDGE('',*,*,#2258,.F.);
#1950=ORIENTED_EDGE('',*,*,#2224,.T.);
#1951=ORIENTED_EDGE('',*,*,#2258,.T.);
#1952=ORIENTED_EDGE('',*,*,#2241,.F.);
#1953=ORIENTED_EDGE('',*,*,#2259,.F.);
#1954=ORIENTED_EDGE('',*,*,#2225,.T.);
#1955=ORIENTED_EDGE('',*,*,#2259,.T.);
#1956=ORIENTED_EDGE('',*,*,#2240,.F.);
#1957=ORIENTED_EDGE('',*,*,#2260,.F.);
#1958=ORIENTED_EDGE('',*,*,#2226,.T.);
#1959=ORIENTED_EDGE('',*,*,#2260,.T.);
#1960=ORIENTED_EDGE('',*,*,#2239,.F.);
#1961=ORIENTED_EDGE('',*,*,#2261,.F.);
#1962=ORIENTED_EDGE('',*,*,#2227,.T.);
#1963=ORIENTED_EDGE('',*,*,#2261,.T.);
#1964=ORIENTED_EDGE('',*,*,#2238,.F.);
#1965=ORIENTED_EDGE('',*,*,#2262,.F.);
#1966=ORIENTED_EDGE('',*,*,#2228,.T.);
#1967=ORIENTED_EDGE('',*,*,#2262,.T.);
#1968=ORIENTED_EDGE('',*,*,#2237,.F.);
#1969=ORIENTED_EDGE('',*,*,#2263,.F.);
#1970=ORIENTED_EDGE('',*,*,#2229,.T.);
#1971=ORIENTED_EDGE('',*,*,#2263,.T.);
#1972=ORIENTED_EDGE('',*,*,#2236,.F.);
#1973=ORIENTED_EDGE('',*,*,#2264,.F.);
#1974=ORIENTED_EDGE('',*,*,#2230,.T.);
#1975=ORIENTED_EDGE('',*,*,#2264,.T.);
#1976=ORIENTED_EDGE('',*,*,#2235,.F.);
#1977=ORIENTED_EDGE('',*,*,#2265,.F.);
#1978=ORIENTED_EDGE('',*,*,#2231,.T.);
#1979=ORIENTED_EDGE('',*,*,#2265,.T.);
#1980=ORIENTED_EDGE('',*,*,#2234,.F.);
#1981=ORIENTED_EDGE('',*,*,#2266,.F.);
#1982=ORIENTED_EDGE('',*,*,#2232,.T.);
#1983=ORIENTED_EDGE('',*,*,#2266,.T.);
#1984=ORIENTED_EDGE('',*,*,#2233,.F.);
#1985=ORIENTED_EDGE('',*,*,#2251,.F.);
#1986=ORIENTED_EDGE('',*,*,#2267,.T.);
#1987=ORIENTED_EDGE('',*,*,#2250,.T.);
#1988=ORIENTED_EDGE('',*,*,#2267,.F.);
#1989=ORIENTED_EDGE('',*,*,#2268,.T.);
#1990=ORIENTED_EDGE('',*,*,#2269,.T.);
#1991=ORIENTED_EDGE('',*,*,#2270,.F.);
#1992=ORIENTED_EDGE('',*,*,#2271,.F.);
#1993=ORIENTED_EDGE('',*,*,#2272,.T.);
#1994=ORIENTED_EDGE('',*,*,#2273,.T.);
#1995=ORIENTED_EDGE('',*,*,#2274,.F.);
#1996=ORIENTED_EDGE('',*,*,#2269,.F.);
#1997=ORIENTED_EDGE('',*,*,#2275,.T.);
#1998=ORIENTED_EDGE('',*,*,#2276,.T.);
#1999=ORIENTED_EDGE('',*,*,#2277,.F.);
#2000=ORIENTED_EDGE('',*,*,#2273,.F.);
#2001=ORIENTED_EDGE('',*,*,#2278,.T.);
#2002=ORIENTED_EDGE('',*,*,#2279,.T.);
#2003=ORIENTED_EDGE('',*,*,#2280,.F.);
#2004=ORIENTED_EDGE('',*,*,#2276,.F.);
#2005=ORIENTED_EDGE('',*,*,#2281,.T.);
#2006=ORIENTED_EDGE('',*,*,#2282,.T.);
#2007=ORIENTED_EDGE('',*,*,#2283,.F.);
#2008=ORIENTED_EDGE('',*,*,#2279,.F.);
#2009=ORIENTED_EDGE('',*,*,#2284,.T.);
#2010=ORIENTED_EDGE('',*,*,#2271,.T.);
#2011=ORIENTED_EDGE('',*,*,#2285,.F.);
#2012=ORIENTED_EDGE('',*,*,#2282,.F.);
#2013=ORIENTED_EDGE('',*,*,#2270,.T.);
#2014=ORIENTED_EDGE('',*,*,#2274,.T.);
#2015=ORIENTED_EDGE('',*,*,#2277,.T.);
#2016=ORIENTED_EDGE('',*,*,#2280,.T.);
#2017=ORIENTED_EDGE('',*,*,#2283,.T.);
#2018=ORIENTED_EDGE('',*,*,#2285,.T.);
#2019=ORIENTED_EDGE('',*,*,#2284,.F.);
#2020=ORIENTED_EDGE('',*,*,#2281,.F.);
#2021=ORIENTED_EDGE('',*,*,#2278,.F.);
#2022=ORIENTED_EDGE('',*,*,#2275,.F.);
#2023=ORIENTED_EDGE('',*,*,#2272,.F.);
#2024=ORIENTED_EDGE('',*,*,#2268,.F.);
#2025=ORIENTED_EDGE('',*,*,#2286,.T.);
#2026=ORIENTED_EDGE('',*,*,#2287,.T.);
#2027=ORIENTED_EDGE('',*,*,#2288,.F.);
#2028=ORIENTED_EDGE('',*,*,#2289,.F.);
#2029=ORIENTED_EDGE('',*,*,#2290,.T.);
#2030=ORIENTED_EDGE('',*,*,#2291,.T.);
#2031=ORIENTED_EDGE('',*,*,#2292,.F.);
#2032=ORIENTED_EDGE('',*,*,#2287,.F.);
#2033=ORIENTED_EDGE('',*,*,#2293,.T.);
#2034=ORIENTED_EDGE('',*,*,#2294,.T.);
#2035=ORIENTED_EDGE('',*,*,#2295,.F.);
#2036=ORIENTED_EDGE('',*,*,#2291,.F.);
#2037=ORIENTED_EDGE('',*,*,#2296,.T.);
#2038=ORIENTED_EDGE('',*,*,#2297,.T.);
#2039=ORIENTED_EDGE('',*,*,#2298,.F.);
#2040=ORIENTED_EDGE('',*,*,#2294,.F.);
#2041=ORIENTED_EDGE('',*,*,#2299,.T.);
#2042=ORIENTED_EDGE('',*,*,#2300,.T.);
#2043=ORIENTED_EDGE('',*,*,#2301,.F.);
#2044=ORIENTED_EDGE('',*,*,#2297,.F.);
#2045=ORIENTED_EDGE('',*,*,#2302,.T.);
#2046=ORIENTED_EDGE('',*,*,#2289,.T.);
#2047=ORIENTED_EDGE('',*,*,#2303,.F.);
#2048=ORIENTED_EDGE('',*,*,#2300,.F.);
#2049=ORIENTED_EDGE('',*,*,#2288,.T.);
#2050=ORIENTED_EDGE('',*,*,#2292,.T.);
#2051=ORIENTED_EDGE('',*,*,#2295,.T.);
#2052=ORIENTED_EDGE('',*,*,#2298,.T.);
#2053=ORIENTED_EDGE('',*,*,#2301,.T.);
#2054=ORIENTED_EDGE('',*,*,#2303,.T.);
#2055=ORIENTED_EDGE('',*,*,#2302,.F.);
#2056=ORIENTED_EDGE('',*,*,#2299,.F.);
#2057=ORIENTED_EDGE('',*,*,#2296,.F.);
#2058=ORIENTED_EDGE('',*,*,#2293,.F.);
#2059=ORIENTED_EDGE('',*,*,#2290,.F.);
#2060=ORIENTED_EDGE('',*,*,#2286,.F.);
#2061=TRIMMED_CURVE('',#2304,(PARAMETER_VALUE(0.)),(PARAMETER_VALUE(3.)),.T.,.PARAMETER.);
#2062=TRIMMED_CURVE('',#2305,(PARAMETER_VALUE(0.)),(PARAMETER_VALUE(2.)),.T.,.PARAMETER.);
#2063=TRIMMED_CURVE('',#2306,(PARAMETER_VALUE(0.)),(PARAMETER_VALUE(3.)),.T.,.PARAMETER.);
#2064=TRIMMED_CURVE('',#2307,(PARAMETER_VALUE(0.)),(PARAMETER_VALUE(2.)),.T.,.PARAMETER.);
#2065=TRIMMED_CURVE('',#2308,(PARAMETER_VALUE(0.)),(PARAMETER_VALUE(2.)),.T.,.PARAMETER.);
#2066=TRIMMED_CURVE('',#2309,(PARAMETER_VALUE(0.)),(PARAMETER_VALUE(3.)),.T.,.PARAMETER.);
#2067=TRIMMED_CURVE('',#2310,(PARAMETER_VALUE(0.)),(PARAMETER_VALUE(2.)),.T.,.PARAMETER.);
#2068=TRIMMED_CURVE('',#2311,(PARAMETER_VALUE(0.)),(PARAMETER_VALUE(3.)),.T.,.PARAMETER.);
#2069=EDGE_CURVE('',#2312,#2313,#2314,.F.);
#2070=EDGE_CURVE('',#2313,#2315,#2316,.F.);
#2071=EDGE_CURVE('',#2315,#2317,#2318,.T.);
#2072=EDGE_CURVE('',#2317,#2319,#2320,.T.);
#2073=EDGE_CURVE('',#2321,#2319,#2322,.T.);
#2074=EDGE_CURVE('',#2323,#2321,#2324,.T.);
#2075=EDGE_CURVE('',#2323,#2325,#2326,.T.);
#2076=EDGE_CURVE('',#2325,#2312,#2327,.F.);
#2077=EDGE_CURVE('',#2328,#2329,#2330,.F.);
#2078=EDGE_CURVE('',#2329,#2331,#2332,.F.);
#2079=EDGE_CURVE('',#2331,#2333,#2334,.T.);
#2080=EDGE_CURVE('',#2333,#2335,#2336,.T.);
#2081=EDGE_CURVE('',#2337,#2335,#2338,.T.);
#2082=EDGE_CURVE('',#2339,#2337,#2340,.T.);
#2083=EDGE_CURVE('',#2339,#2341,#2342,.T.);
#2084=EDGE_CURVE('',#2341,#2328,#2343,.F.);
#2085=EDGE_CURVE('',#2331,#2325,#2344,.T.);
#2086=EDGE_CURVE('',#2345,#2323,#2346,.T.);
#2087=EDGE_CURVE('',#2347,#2345,#2348,.T.);
#2088=EDGE_CURVE('',#2347,#2349,#2350,.F.);
#2089=EDGE_CURVE('',#2349,#2351,#2352,.F.);
#2090=EDGE_CURVE('',#2351,#2353,#2354,.F.);
#2091=EDGE_CURVE('',#2355,#2353,#2356,.T.);
#2092=EDGE_CURVE('',#2333,#2355,#2357,.T.);
#2093=EDGE_CURVE('',#2315,#2341,#2358,.T.);
#2094=EDGE_CURVE('',#2359,#2339,#2360,.T.);
#2095=EDGE_CURVE('',#2361,#2359,#2362,.T.);
#2096=EDGE_CURVE('',#2361,#2363,#2364,.T.);
#2097=EDGE_CURVE('',#2363,#2365,#2366,.T.);
#2098=EDGE_CURVE('',#2365,#2367,#2368,.T.);
#2099=EDGE_CURVE('',#2369,#2367,#2370,.T.);
#2100=EDGE_CURVE('',#2317,#2369,#2371,.T.);
#2101=EDGE_CURVE('',#2328,#2313,#2372,.T.);
#2102=EDGE_CURVE('',#2329,#2312,#2373,.T.);
#2103=EDGE_CURVE('',#2369,#2374,#2375,.T.);
#2104=EDGE_CURVE('',#2319,#2374,#2376,.T.);
#2105=EDGE_CURVE('',#2377,#2337,#2378,.T.);
#2106=EDGE_CURVE('',#2335,#2379,#2380,.T.);
#2107=EDGE_CURVE('',#2379,#2381,#2382,.T.);
#2108=EDGE_CURVE('',#2381,#2321,#2383,.T.);
#2109=EDGE_CURVE('',#2374,#2377,#2384,.T.);
#2110=EDGE_CURVE('',#2385,#2386,#2387,.F.);
#2111=EDGE_CURVE('',#2386,#2388,#2389,.T.);
#2112=EDGE_CURVE('',#2388,#2390,#2391,.F.);
#2113=EDGE_CURVE('',#2390,#2392,#2393,.F.);
#2114=EDGE_CURVE('',#2392,#2394,#2395,.F.);
#2115=EDGE_CURVE('',#2394,#2396,#2397,.T.);
#2116=EDGE_CURVE('',#2396,#2398,#2399,.F.);
#2117=EDGE_CURVE('',#2398,#2400,#2401,.F.);
#2118=EDGE_CURVE('',#2400,#2402,#2403,.F.);
#2119=EDGE_CURVE('',#2402,#2404,#2405,.F.);
#2120=EDGE_CURVE('',#2404,#2406,#2407,.F.);
#2121=EDGE_CURVE('',#2406,#2408,#2409,.T.);
#2122=EDGE_CURVE('',#2408,#2410,#2411,.F.);
#2123=EDGE_CURVE('',#2410,#2412,#2413,.F.);
#2124=EDGE_CURVE('',#2412,#2414,#2415,.F.);
#2125=EDGE_CURVE('',#2414,#2416,#2417,.F.);
#2126=EDGE_CURVE('',#2416,#2418,#2419,.F.);
#2127=EDGE_CURVE('',#2418,#2420,#2421,.F.);
#2128=EDGE_CURVE('',#2420,#2422,#2423,.F.);
#2129=EDGE_CURVE('',#2422,#2424,#2425,.T.);
#2130=EDGE_CURVE('',#2424,#2426,#2427,.F.);
#2131=EDGE_CURVE('',#2426,#2428,#2429,.F.);
#2132=EDGE_CURVE('',#2428,#2430,#2431,.F.);
#2133=EDGE_CURVE('',#2430,#2385,#2432,.F.);
#2134=EDGE_CURVE('',#2345,#2381,#2433,.T.);
#2135=EDGE_CURVE('',#2355,#2379,#2434,.T.);
#2136=EDGE_CURVE('',#2359,#2377,#2435,.T.);
#2137=EDGE_CURVE('',#2353,#2436,#2437,.T.);
#2138=EDGE_CURVE('',#2436,#2438,#2439,.F.);
#2139=EDGE_CURVE('',#2438,#2347,#2440,.T.);
#2140=EDGE_CURVE('',#2438,#2441,#2442,.T.);
#2141=EDGE_CURVE('',#2441,#2349,#2443,.T.);
#2142=EDGE_CURVE('',#2441,#2444,#2445,.T.);
#2143=EDGE_CURVE('',#2444,#2351,#2446,.T.);
#2144=EDGE_CURVE('',#2444,#2436,#2447,.T.);
#2145=EDGE_CURVE('',#2448,#2361,#2449,.F.);
#2146=EDGE_CURVE('',#2367,#2450,#2451,.F.);
#2147=EDGE_CURVE('',#2450,#2448,#2452,.T.);
#2148=EDGE_CURVE('',#2453,#2448,#2454,.T.);
#2149=EDGE_CURVE('',#2453,#2363,#2455,.T.);
#2150=EDGE_CURVE('',#2456,#2453,#2457,.T.);
#2151=EDGE_CURVE('',#2456,#2365,#2458,.T.);
#2152=EDGE_CURVE('',#2450,#2456,#2459,.T.);
#2153=EDGE_CURVE('',#2385,#2460,#2461,.T.);
#2154=EDGE_CURVE('',#2462,#2460,#2463,.T.);
#2155=EDGE_CURVE('',#2386,#2462,#2464,.T.);
#2156=EDGE_CURVE('',#2465,#2462,#2466,.F.);
#2157=EDGE_CURVE('',#2388,#2465,#2467,.T.);
#2158=EDGE_CURVE('',#2465,#2468,#2469,.F.);
#2159=EDGE_CURVE('',#2468,#2390,#2470,.F.);
#2160=EDGE_CURVE('',#2468,#2471,#2472,.F.);
#2161=EDGE_CURVE('',#2471,#2392,#2473,.F.);
#2162=EDGE_CURVE('',#2474,#2394,#2475,.T.);
#2163=EDGE_CURVE('',#2471,#2474,#2476,.F.);
#2164=EDGE_CURVE('',#2477,#2474,#2478,.F.);
#2165=EDGE_CURVE('',#2477,#2396,#2479,.T.);
#2166=EDGE_CURVE('',#2480,#2477,#2481,.T.);
#2167=EDGE_CURVE('',#2480,#2398,#2482,.T.);
#2168=EDGE_CURVE('',#2483,#2480,#2484,.T.);
#2169=EDGE_CURVE('',#2400,#2483,#2485,.F.);
#2170=EDGE_CURVE('',#2483,#2486,#2487,.F.);
#2171=EDGE_CURVE('',#2486,#2402,#2488,.F.);
#2172=EDGE_CURVE('',#2486,#2489,#2490,.F.);
#2173=EDGE_CURVE('',#2489,#2404,#2491,.F.);
#2174=EDGE_CURVE('',#2492,#2406,#2493,.T.);
#2175=EDGE_CURVE('',#2489,#2492,#2494,.F.);
#2176=EDGE_CURVE('',#2495,#2492,#2496,.F.);
#2177=EDGE_CURVE('',#2495,#2408,#2497,.T.);
#2178=EDGE_CURVE('',#2498,#2495,#2499,.T.);
#2179=EDGE_CURVE('',#2498,#2410,#2500,.T.);
#2180=EDGE_CURVE('',#2501,#2498,#2502,.T.);
#2181=EDGE_CURVE('',#2412,#2501,#2503,.F.);
#2182=EDGE_CURVE('',#2501,#2504,#2505,.F.);
#2183=EDGE_CURVE('',#2504,#2414,#2506,.F.);
#2184=EDGE_CURVE('',#2504,#2507,#2508,.F.);
#2185=EDGE_CURVE('',#2507,#2416,#2509,.F.);
#2186=EDGE_CURVE('',#2510,#2418,#2511,.F.);
#2187=EDGE_CURVE('',#2507,#2510,#2512,.F.);
#2188=EDGE_CURVE('',#2513,#2510,#2514,.T.);
#2189=EDGE_CURVE('',#2420,#2513,#2515,.T.);
#2190=EDGE_CURVE('',#2516,#2513,#2517,.T.);
#2191=EDGE_CURVE('',#2422,#2516,#2518,.T.);
#2192=EDGE_CURVE('',#2519,#2516,#2520,.F.);
#2193=EDGE_CURVE('',#2424,#2519,#2521,.T.);
#2194=EDGE_CURVE('',#2519,#2522,#2523,.F.);
#2195=EDGE_CURVE('',#2522,#2426,#2524,.F.);
#2196=EDGE_CURVE('',#2522,#2525,#2526,.F.);
#2197=EDGE_CURVE('',#2525,#2428,#2527,.F.);
#2198=EDGE_CURVE('',#2528,#2430,#2529,.F.);
#2199=EDGE_CURVE('',#2525,#2528,#2530,.F.);
#2200=EDGE_CURVE('',#2460,#2528,#2531,.T.);
#2201=EDGE_CURVE('',#2532,#2525,#2533,.T.);
#2202=EDGE_CURVE('',#2532,#2534,#2535,.F.);
#2203=EDGE_CURVE('',#2534,#2468,#2536,.T.);
#2204=EDGE_CURVE('',#2534,#2537,#2538,.F.);
#2205=EDGE_CURVE('',#2537,#2471,#2539,.T.);
#2206=EDGE_CURVE('',#2537,#2540,#2541,.F.);
#2207=EDGE_CURVE('',#2540,#2486,#2542,.T.);
#2208=EDGE_CURVE('',#2540,#2543,#2544,.F.);
#2209=EDGE_CURVE('',#2543,#2489,#2545,.T.);
#2210=EDGE_CURVE('',#2543,#2546,#2547,.F.);
#2211=EDGE_CURVE('',#2546,#2504,#2548,.T.);
#2212=EDGE_CURVE('',#2546,#2549,#2550,.F.);
#2213=EDGE_CURVE('',#2549,#2507,#2551,.T.);
#2214=EDGE_CURVE('',#2549,#2552,#2553,.F.);
#2215=EDGE_CURVE('',#2552,#2522,#2554,.T.);
#2216=EDGE_CURVE('',#2552,#2532,#2555,.F.);
#2217=EDGE_CURVE('',#2556,#2557,#2558,.T.);
#2218=EDGE_CURVE('',#2559,#2556,#2560,.T.);
#2219=EDGE_CURVE('',#2561,#2559,#2562,.T.);
#2220=EDGE_CURVE('',#2563,#2561,#2564,.T.);
#2221=EDGE_CURVE('',#2565,#2563,#2566,.T.);
#2222=EDGE_CURVE('',#2567,#2565,#2568,.T.);
#2223=EDGE_CURVE('',#2569,#2567,#2570,.T.);
#2224=EDGE_CURVE('',#2571,#2569,#2572,.T.);
#2225=EDGE_CURVE('',#2573,#2571,#2574,.T.);
#2226=EDGE_CURVE('',#2575,#2573,#2576,.T.);
#2227=EDGE_CURVE('',#2577,#2575,#2578,.T.);
#2228=EDGE_CURVE('',#2579,#2577,#2580,.T.);
#2229=EDGE_CURVE('',#2581,#2579,#2582,.T.);
#2230=EDGE_CURVE('',#2583,#2581,#2584,.T.);
#2231=EDGE_CURVE('',#2585,#2583,#2586,.T.);
#2232=EDGE_CURVE('',#2557,#2585,#2587,.T.);
#2233=EDGE_CURVE('',#2588,#2589,#2590,.T.);
#2234=EDGE_CURVE('',#2589,#2591,#2592,.T.);
#2235=EDGE_CURVE('',#2591,#2593,#2594,.T.);
#2236=EDGE_CURVE('',#2593,#2595,#2596,.T.);
#2237=EDGE_CURVE('',#2595,#2597,#2598,.T.);
#2238=EDGE_CURVE('',#2597,#2599,#2600,.T.);
#2239=EDGE_CURVE('',#2599,#2601,#2602,.T.);
#2240=EDGE_CURVE('',#2601,#2603,#2604,.T.);
#2241=EDGE_CURVE('',#2603,#2605,#2606,.T.);
#2242=EDGE_CURVE('',#2605,#2607,#2608,.T.);
#2243=EDGE_CURVE('',#2607,#2609,#2610,.T.);
#2244=EDGE_CURVE('',#2609,#2611,#2612,.T.);
#2245=EDGE_CURVE('',#2611,#2613,#2614,.T.);
#2246=EDGE_CURVE('',#2613,#2615,#2616,.T.);
#2247=EDGE_CURVE('',#2615,#2617,#2618,.T.);
#2248=EDGE_CURVE('',#2617,#2588,#2619,.T.);
#2249=EDGE_CURVE('',#2620,#2620,#2621,.T.);
#2250=EDGE_CURVE('',#2622,#2622,#2623,.T.);
#2251=EDGE_CURVE('',#2557,#2588,#2624,.T.);
#2252=EDGE_CURVE('',#2556,#2617,#2625,.T.);
#2253=EDGE_CURVE('',#2559,#2615,#2626,.T.);
#2254=EDGE_CURVE('',#2561,#2613,#2627,.T.);
#2255=EDGE_CURVE('',#2563,#2611,#2628,.T.);
#2256=EDGE_CURVE('',#2565,#2609,#2629,.T.);
#2257=EDGE_CURVE('',#2567,#2607,#2630,.T.);
#2258=EDGE_CURVE('',#2569,#2605,#2631,.T.);
#2259=EDGE_CURVE('',#2571,#2603,#2632,.T.);
#2260=EDGE_CURVE('',#2573,#2601,#2633,.T.);
#2261=EDGE_CURVE('',#2575,#2599,#2634,.T.);
#2262=EDGE_CURVE('',#2577,#2597,#2635,.T.);
#2263=EDGE_CURVE('',#2579,#2595,#2636,.T.);
#2264=EDGE_CURVE('',#2581,#2593,#2637,.T.);
#2265=EDGE_CURVE('',#2583,#2591,#2638,.T.);
#2266=EDGE_CURVE('',#2585,#2589,#2639,.T.);
#2267=EDGE_CURVE('',#2640,#2640,#2641,.T.);
#2268=EDGE_CURVE('',#2642,#2643,#2644,.T.);
#2269=EDGE_CURVE('',#2643,#2645,#2646,.T.);
#2270=EDGE_CURVE('',#2647,#2645,#2648,.T.);
#2271=EDGE_CURVE('',#2642,#2647,#2649,.T.);
#2272=EDGE_CURVE('',#2643,#2650,#2651,.T.);
#2273=EDGE_CURVE('',#2650,#2652,#2653,.T.);
#2274=EDGE_CURVE('',#2645,#2652,#2654,.T.);
#2275=EDGE_CURVE('',#2650,#2655,#2656,.T.);
#2276=EDGE_CURVE('',#2655,#2657,#2658,.T.);
#2277=EDGE_CURVE('',#2652,#2657,#2659,.T.);
#2278=EDGE_CURVE('',#2655,#2660,#2661,.T.);
#2279=EDGE_CURVE('',#2660,#2662,#2663,.T.);
#2280=EDGE_CURVE('',#2657,#2662,#2664,.T.);
#2281=EDGE_CURVE('',#2660,#2665,#2666,.T.);
#2282=EDGE_CURVE('',#2665,#2667,#2668,.T.);
#2283=EDGE_CURVE('',#2662,#2667,#2669,.T.);
#2284=EDGE_CURVE('',#2665,#2642,#2670,.T.);
#2285=EDGE_CURVE('',#2667,#2647,#2671,.T.);
#2286=EDGE_CURVE('',#2672,#2673,#2674,.T.);
#2287=EDGE_CURVE('',#2673,#2675,#2676,.T.);
#2288=EDGE_CURVE('',#2677,#2675,#2678,.T.);
#2289=EDGE_CURVE('',#2672,#2677,#2679,.T.);
#2290=EDGE_CURVE('',#2673,#2680,#2681,.T.);
#2291=EDGE_CURVE('',#2680,#2682,#2683,.T.);
#2292=EDGE_CURVE('',#2675,#2682,#2684,.T.);
#2293=EDGE_CURVE('',#2680,#2685,#2686,.T.);
#2294=EDGE_CURVE('',#2685,#2687,#2688,.T.);
#2295=EDGE_CURVE('',#2682,#2687,#2689,.T.);
#2296=EDGE_CURVE('',#2685,#2690,#2691,.T.);
#2297=EDGE_CURVE('',#2690,#2692,#2693,.T.);
#2298=EDGE_CURVE('',#2687,#2692,#2694,.T.);
#2299=EDGE_CURVE('',#2690,#2695,#2696,.T.);
#2300=EDGE_CURVE('',#2695,#2697,#2698,.T.);
#2301=EDGE_CURVE('',#2692,#2697,#2699,.T.);
#2302=EDGE_CURVE('',#2695,#2672,#2700,.T.);
#2303=EDGE_CURVE('',#2697,#2677,#2701,.T.);
#2304=LINE('',#2702,#2703);
#2305=LINE('',#2705,#2706);
#2306=LINE('',#2708,#2709);
#2307=LINE('',#2711,#2712);
#2308=LINE('',#2714,#2715);
#2309=LINE('',#2717,#2718);
#2310=LINE('',#2720,#2721);
#2311=LINE('',#2723,#2724);
#2312=VERTEX_POINT('',#2726);
#2313=VERTEX_POINT('',#2727);
#2314=LINE('',#2728,#2729);
#2315=VERTEX_POINT('',#2731);
#2316=LINE('',#2732,#2733);
#2317=VERTEX_POINT('',#2735);
#2318=LINE('',#2736,#2737);
#2319=VERTEX_POINT('',#2739);
#2320=LINE('',#2740,#2741);
#2321=VERTEX_POINT('',#2743);
#2322=LINE('',#2744,#2745);
#2323=VERTEX_POINT('',#2747);
#2324=LINE('',#2748,#2749);
#2325=VERTEX_POINT('',#2751);
#2326=LINE('',#2752,#2753);
#2327=LINE('',#2755,#2756);
#2328=VERTEX_POINT('',#2758);
#2329=VERTEX_POINT('',#2759);
#2330=LINE('',#2760,#2761);
#2331=VERTEX_POINT('',#2763);
#2332=LINE('',#2764,#2765);
#2333=VERTEX_POINT('',#2767);
#2334=LINE('',#2768,#2769);
#2335=VERTEX_POINT('',#2771);
#2336=LINE('',#2772,#2773);
#2337=VERTEX_POINT('',#2775);
#2338=LINE('',#2776,#2777);
#2339=VERTEX_POINT('',#2779);
#2340=LINE('',#2780,#2781);
#2341=VERTEX_POINT('',#2783);
#2342=LINE('',#2784,#2785);
#2343=LINE('',#2787,#2788);
#2344=LINE('',#2790,#2791);
#2345=VERTEX_POINT('',#2793);
#2346=LINE('',#2794,#2795);
#2347=VERTEX_POINT('',#2797);
#2348=LINE('',#2798,#2799);
#2349=VERTEX_POINT('',#2801);
#2350=LINE('',#2802,#2803);
#2351=VERTEX_POINT('',#2805);
#2352=LINE('',#2806,#2807);
#2353=VERTEX_POINT('',#2809);
#2354=LINE('',#2810,#2811);
#2355=VERTEX_POINT('',#2813);
#2356=LINE('',#2814,#2815);
#2357=LINE('',#2817,#2818);
#2358=LINE('',#2820,#2821);
#2359=VERTEX_POINT('',#2823);
#2360=LINE('',#2824,#2825);
#2361=VERTEX_POINT('',#2827);
#2362=LINE('',#2828,#2829);
#2363=VERTEX_POINT('',#2831);
#2364=LINE('',#2832,#2833);
#2365=VERTEX_POINT('',#2835);
#2366=LINE('',#2836,#2837);
#2367=VERTEX_POINT('',#2839);
#2368=LINE('',#2840,#2841);
#2369=VERTEX_POINT('',#2843);
#2370=LINE('',#2844,#2845);
#2371=LINE('',#2847,#2848);
#2372=LINE('',#2850,#2851);
#2373=LINE('',#2853,#2854);
#2374=VERTEX_POINT('',#2856);
#2375=LINE('',#2857,#2858);
#2376=LINE('',#2860,#2861);
#2377=VERTEX_POINT('',#2863);
#2378=LINE('',#2864,#2865);
#2379=VERTEX_POINT('',#2867);
#2380=LINE('',#2868,#2869);
#2381=VERTEX_POINT('',#2871);
#2382=LINE('',#2872,#2873);
#2383=LINE('',#2875,#2876);
#2384=LINE('',#2878,#2879);
#2385=VERTEX_POINT('',#2881);
#2386=VERTEX_POINT('',#2882);
#2387=LINE('',#2883,#2884);
#2388=VERTEX_POINT('',#2886);
#2389=LINE('',#2887,#2888);
#2390=VERTEX_POINT('',#2890);
#2391=LINE('',#2891,#2892);
#2392=VERTEX_POINT('',#2894);
#2393=LINE('',#2895,#2896);
#2394=VERTEX_POINT('',#2898);
#2395=LINE('',#2899,#2900);
#2396=VERTEX_POINT('',#2902);
#2397=LINE('',#2903,#2904);
#2398=VERTEX_POINT('',#2906);
#2399=LINE('',#2907,#2908);
#2400=VERTEX_POINT('',#2910);
#2401=LINE('',#2911,#2912);
#2402=VERTEX_POINT('',#2914);
#2403=LINE('',#2915,#2916);
#2404=VERTEX_POINT('',#2918);
#2405=LINE('',#2919,#2920);
#2406=VERTEX_POINT('',#2922);
#2407=LINE('',#2923,#2924);
#2408=VERTEX_POINT('',#2926);
#2409=LINE('',#2927,#2928);
#2410=VERTEX_POINT('',#2930);
#2411=LINE('',#2931,#2932);
#2412=VERTEX_POINT('',#2934);
#2413=LINE('',#2935,#2936);
#2414=VERTEX_POINT('',#2938);
#2415=LINE('',#2939,#2940);
#2416=VERTEX_POINT('',#2942);
#2417=LINE('',#2943,#2944);
#2418=VERTEX_POINT('',#2946);
#2419=LINE('',#2947,#2948);
#2420=VERTEX_POINT('',#2950);
#2421=LINE('',#2951,#2952);
#2422=VERTEX_POINT('',#2954);
#2423=LINE('',#2955,#2956);
#2424=VERTEX_POINT('',#2958);
#2425=LINE('',#2959,#2960);
#2426=VERTEX_POINT('',#2962);
#2427=LINE('',#2963,#2964);
#2428=VERTEX_POINT('',#2966);
#2429=LINE('',#2967,#2968);
#2430=VERTEX_POINT('',#2970);
#2431=LINE('',#2971,#2972);
#2432=LINE('',#2974,#2975);
#2433=LINE('',#2977,#2978);
#2434=LINE('',#2980,#2981);
#2435=LINE('',#2983,#2984);
#2436=VERTEX_POINT('',#2986);
#2437=LINE('',#2987,#2988);
#2438=VERTEX_POINT('',#2990);
#2439=LINE('',#2991,#2992);
#2440=LINE('',#2994,#2995);
#2441=VERTEX_POINT('',#2997);
#2442=LINE('',#2998,#2999);
#2443=LINE('',#3001,#3002);
#2444=VERTEX_POINT('',#3004);
#2445=LINE('',#3005,#3006);
#2446=LINE('',#3008,#3009);
#2447=LINE('',#3011,#3012);
#2448=VERTEX_POINT('',#3014);
#2449=LINE('',#3015,#3016);
#2450=VERTEX_POINT('',#3018);
#2451=LINE('',#3019,#3020);
#2452=LINE('',#3022,#3023);
#2453=VERTEX_POINT('',#3025);
#2454=LINE('',#3026,#3027);
#2455=LINE('',#3029,#3030);
#2456=VERTEX_POINT('',#3032);
#2457=LINE('',#3033,#3034);
#2458=LINE('',#3036,#3037);
#2459=LINE('',#3039,#3040);
#2460=VERTEX_POINT('',#3042);
#2461=LINE('',#3043,#3044);
#2462=VERTEX_POINT('',#3046);
#2463=LINE('',#3047,#3048);
#2464=LINE('',#3050,#3051);
#2465=VERTEX_POINT('',#3053);
#2466=LINE('',#3054,#3055);
#2467=LINE('',#3057,#3058);
#2468=VERTEX_POINT('',#3060);
#2469=LINE('',#3061,#3062);
#2470=LINE('',#3064,#3065);
#2471=VERTEX_POINT('',#3067);
#2472=LINE('',#3068,#3069);
#2473=LINE('',#3071,#3072);
#2474=VERTEX_POINT('',#3074);
#2475=LINE('',#3075,#3076);
#2476=LINE('',#3078,#3079);
#2477=VERTEX_POINT('',#3081);
#2478=LINE('',#3082,#3083);
#2479=LINE('',#3085,#3086);
#2480=VERTEX_POINT('',#3088);
#2481=LINE('',#3089,#3090);
#2482=LINE('',#3092,#3093);
#2483=VERTEX_POINT('',#3095);
#2484=LINE('',#3096,#3097);
#2485=LINE('',#3099,#3100);
#2486=VERTEX_POINT('',#3102);
#2487=LINE('',#3103,#3104);
#2488=LINE('',#3106,#3107);
#2489=VERTEX_POINT('',#3109);
#2490=LINE('',#3110,#3111);
#2491=LINE('',#3113,#3114);
#2492=VERTEX_POINT('',#3116);
#2493=LINE('',#3117,#3118);
#2494=LINE('',#3120,#3121);
#2495=VERTEX_POINT('',#3123);
#2496=LINE('',#3124,#3125);
#2497=LINE('',#3127,#3128);
#2498=VERTEX_POINT('',#3130);
#2499=LINE('',#3131,#3132);
#2500=LINE('',#3134,#3135);
#2501=VERTEX_POINT('',#3137);
#2502=LINE('',#3138,#3139);
#2503=LINE('',#3141,#3142);
#2504=VERTEX_POINT('',#3144);
#2505=LINE('',#3145,#3146);
#2506=LINE('',#3148,#3149);
#2507=VERTEX_POINT('',#3151);
#2508=LINE('',#3152,#3153);
#2509=LINE('',#3155,#3156);
#2510=VERTEX_POINT('',#3158);
#2511=LINE('',#3159,#3160);
#2512=LINE('',#3162,#3163);
#2513=VERTEX_POINT('',#3165);
#2514=LINE('',#3166,#3167);
#2515=LINE('',#3169,#3170);
#2516=VERTEX_POINT('',#3172);
#2517=LINE('',#3173,#3174);
#2518=LINE('',#3176,#3177);
#2519=VERTEX_POINT('',#3179);
#2520=LINE('',#3180,#3181);
#2521=LINE('',#3183,#3184);
#2522=VERTEX_POINT('',#3186);
#2523=LINE('',#3187,#3188);
#2524=LINE('',#3190,#3191);
#2525=VERTEX_POINT('',#3193);
#2526=LINE('',#3194,#3195);
#2527=LINE('',#3197,#3198);
#2528=VERTEX_POINT('',#3200);
#2529=LINE('',#3201,#3202);
#2530=LINE('',#3204,#3205);
#2531=LINE('',#3207,#3208);
#2532=VERTEX_POINT('',#3210);
#2533=LINE('',#3211,#3212);
#2534=VERTEX_POINT('',#3214);
#2535=LINE('',#3215,#3216);
#2536=LINE('',#3218,#3219);
#2537=VERTEX_POINT('',#3221);
#2538=LINE('',#3222,#3223);
#2539=LINE('',#3225,#3226);
#2540=VERTEX_POINT('',#3228);
#2541=LINE('',#3229,#3230);
#2542=LINE('',#3232,#3233);
#2543=VERTEX_POINT('',#3235);
#2544=LINE('',#3236,#3237);
#2545=LINE('',#3239,#3240);
#2546=VERTEX_POINT('',#3242);
#2547=LINE('',#3243,#3244);
#2548=LINE('',#3246,#3247);
#2549=VERTEX_POINT('',#3249);
#2550=LINE('',#3250,#3251);
#2551=LINE('',#3253,#3254);
#2552=VERTEX_POINT('',#3256);
#2553=LINE('',#3257,#3258);
#2554=LINE('',#3260,#3261);
#2555=LINE('',#3263,#3264);
#2556=VERTEX_POINT('',#3266);
#2557=VERTEX_POINT('',#3267);
#2558=CIRCLE('',#3268,0.2);
#2559=VERTEX_POINT('',#3272);
#2560=LINE('',#3273,#3274);
#2561=VERTEX_POINT('',#3276);
#2562=CIRCLE('',#3277,0.2);
#2563=VERTEX_POINT('',#3281);
#2564=LINE('',#3282,#3283);
#2565=VERTEX_POINT('',#3285);
#2566=CIRCLE('',#3286,0.2);
#2567=VERTEX_POINT('',#3290);
#2568=LINE('',#3291,#3292);
#2569=VERTEX_POINT('',#3294);
#2570=CIRCLE('',#3295,0.2);
#2571=VERTEX_POINT('',#3299);
#2572=LINE('',#3300,#3301);
#2573=VERTEX_POINT('',#3303);
#2574=CIRCLE('',#3304,0.2);
#2575=VERTEX_POINT('',#3308);
#2576=LINE('',#3309,#3310);
#2577=VERTEX_POINT('',#3312);
#2578=CIRCLE('',#3313,0.2);
#2579=VERTEX_POINT('',#3317);
#2580=LINE('',#3318,#3319);
#2581=VERTEX_POINT('',#3321);
#2582=CIRCLE('',#3322,0.2);
#2583=VERTEX_POINT('',#3326);
#2584=LINE('',#3327,#3328);
#2585=VERTEX_POINT('',#3330);
#2586=CIRCLE('',#3331,0.2);
#2587=LINE('',#3335,#3336);
#2588=VERTEX_POINT('',#3338);
#2589=VERTEX_POINT('',#3339);
#2590=LINE('',#3340,#3341);
#2591=VERTEX_POINT('',#3343);
#2592=CIRCLE('',#3344,0.2);
#2593=VERTEX_POINT('',#3348);
#2594=LINE('',#3349,#3350);
#2595=VERTEX_POINT('',#3352);
#2596=CIRCLE('',#3353,0.2);
#2597=VERTEX_POINT('',#3357);
#2598=LINE('',#3358,#3359);
#2599=VERTEX_POINT('',#3361);
#2600=CIRCLE('',#3362,0.2);
#2601=VERTEX_POINT('',#3366);
#2602=LINE('',#3367,#3368);
#2603=VERTEX_POINT('',#3370);
#2604=CIRCLE('',#3371,0.2);
#2605=VERTEX_POINT('',#3375);
#2606=LINE('',#3376,#3377);
#2607=VERTEX_POINT('',#3379);
#2608=CIRCLE('',#3380,0.2);
#2609=VERTEX_POINT('',#3384);
#2610=LINE('',#3385,#3386);
#2611=VERTEX_POINT('',#3388);
#2612=CIRCLE('',#3389,0.2);
#2613=VERTEX_POINT('',#3393);
#2614=LINE('',#3394,#3395);
#2615=VERTEX_POINT('',#3397);
#2616=CIRCLE('',#3398,0.2);
#2617=VERTEX_POINT('',#3402);
#2618=LINE('',#3403,#3404);
#2619=CIRCLE('',#3406,0.2);
#2620=VERTEX_POINT('',#3410);
#2621=CIRCLE('',#3411,2.3);
#2622=VERTEX_POINT('',#3415);
#2623=CIRCLE('',#3416,2.3);
#2624=LINE('',#3420,#3421);
#2625=LINE('',#3423,#3424);
#2626=LINE('',#3426,#3427);
#2627=LINE('',#3429,#3430);
#2628=LINE('',#3432,#3433);
#2629=LINE('',#3435,#3436);
#2630=LINE('',#3438,#3439);
#2631=LINE('',#3441,#3442);
#2632=LINE('',#3444,#3445);
#2633=LINE('',#3447,#3448);
#2634=LINE('',#3450,#3451);
#2635=LINE('',#3453,#3454);
#2636=LINE('',#3456,#3457);
#2637=LINE('',#3459,#3460);
#2638=LINE('',#3462,#3463);
#2639=LINE('',#3465,#3466);
#2640=VERTEX_POINT('',#3468);
#2641=CIRCLE('',#3469,2.2);
#2642=VERTEX_POINT('',#3473);
#2643=VERTEX_POINT('',#3474);
#2644=CIRCLE('',#3475,0.25);
#2645=VERTEX_POINT('',#3479);
#2646=LINE('',#3480,#3481);
#2647=VERTEX_POINT('',#3483);
#2648=CIRCLE('',#3484,0.25);
#2649=LINE('',#3488,#3489);
#2650=VERTEX_POINT('',#3491);
#2651=LINE('',#3492,#3493);
#2652=VERTEX_POINT('',#3495);
#2653=LINE('',#3496,#3497);
#2654=LINE('',#3499,#3500);
#2655=VERTEX_POINT('',#3502);
#2656=LINE('',#3503,#3504);
#2657=VERTEX_POINT('',#3506);
#2658=LINE('',#3507,#3508);
#2659=LINE('',#3510,#3511);
#2660=VERTEX_POINT('',#3513);
#2661=LINE('',#3514,#3515);
#2662=VERTEX_POINT('',#3517);
#2663=LINE('',#3518,#3519);
#2664=LINE('',#3521,#3522);
#2665=VERTEX_POINT('',#3524);
#2666=CIRCLE('',#3525,0.05);
#2667=VERTEX_POINT('',#3529);
#2668=LINE('',#3530,#3531);
#2669=CIRCLE('',#3533,0.05);
#2670=LINE('',#3537,#3538);
#2671=LINE('',#3540,#3541);
#2672=VERTEX_POINT('',#3543);
#2673=VERTEX_POINT('',#3544);
#2674=CIRCLE('',#3545,0.25);
#2675=VERTEX_POINT('',#3549);
#2676=LINE('',#3550,#3551);
#2677=VERTEX_POINT('',#3553);
#2678=CIRCLE('',#3554,0.25);
#2679=LINE('',#3558,#3559);
#2680=VERTEX_POINT('',#3561);
#2681=LINE('',#3562,#3563);
#2682=VERTEX_POINT('',#3565);
#2683=LINE('',#3566,#3567);
#2684=LINE('',#3569,#3570);
#2685=VERTEX_POINT('',#3572);
#2686=LINE('',#3573,#3574);
#2687=VERTEX_POINT('',#3576);
#2688=LINE('',#3577,#3578);
#2689=LINE('',#3580,#3581);
#2690=VERTEX_POINT('',#3583);
#2691=LINE('',#3584,#3585);
#2692=VERTEX_POINT('',#3587);
#2693=LINE('',#3588,#3589);
#2694=LINE('',#3591,#3592);
#2695=VERTEX_POINT('',#3594);
#2696=CIRCLE('',#3595,0.05);
#2697=VERTEX_POINT('',#3599);
#2698=LINE('',#3600,#3601);
#2699=CIRCLE('',#3603,0.05);
#2700=LINE('',#3607,#3608);
#2701=LINE('',#3610,#3611);
#2702=CARTESIAN_POINT('',(1.,-5.,0.));
#2703=VECTOR('',#2704,1.);
#2704=DIRECTION('',(0.,1.,0.));
#2705=CARTESIAN_POINT('',(1.,-2.,0.));
#2706=VECTOR('',#2707,1.);
#2707=DIRECTION('',(-1.,0.,0.));
#2708=CARTESIAN_POINT('',(-1.,-2.,0.));
#2709=VECTOR('',#2710,1.);
#2710=DIRECTION('',(0.,-1.,0.));
#2711=CARTESIAN_POINT('',(-1.,-5.,0.));
#2712=VECTOR('',#2713,1.);
#2713=DIRECTION('',(1.,0.,0.));
#2714=CARTESIAN_POINT('',(1.,5.,0.));
#2715=VECTOR('',#2716,1.);
#2716=DIRECTION('',(-1.,0.,0.));
#2717=CARTESIAN_POINT('',(-1.,5.,0.));
#2718=VECTOR('',#2719,1.);
#2719=DIRECTION('',(0.,-1.,0.));
#2720=CARTESIAN_POINT('',(-1.,2.,0.));
#2721=VECTOR('',#2722,1.);
#2722=DIRECTION('',(1.,0.,0.));
#2723=CARTESIAN_POINT('',(1.,2.,0.));
#2724=VECTOR('',#2725,1.);
#2725=DIRECTION('',(0.,1.,0.));
#2726=CARTESIAN_POINT('',(-3.00000000000022,1.12500000011595,0.15));
#2727=CARTESIAN_POINT('',(-3.00000000000022,-1.12500000011595,0.150000000066445));
#2728=CARTESIAN_POINT('',(-3.00000000000017,-1.12500000011595,0.150000000066445));
#2729=VECTOR('',#2730,1.);
#2730=DIRECTION('',(5.26985862301094E-014,1.,-2.95313279972277E-011));
#2731=CARTESIAN_POINT('',(-3.00000000000018,-1.27500000016664,0.));
#2732=CARTESIAN_POINT('',(-3.00000000000018,-1.27500000016664,3.1814763617972E-026));
#2733=VECTOR('',#2734,1.);
#2734=DIRECTION('',(3.76822189936972E-014,0.707106781149417,0.707106781223678));
#2735=CARTESIAN_POINT('',(-3.00000000000022,-2.00000000000002,0.));
#2736=CARTESIAN_POINT('',(-3.00000000000018,-1.27500000016664,0.));
#2737=VECTOR('',#2738,1.);
#2738=DIRECTION('',(-5.26781683529416E-014,-1.,0.));
#2739=CARTESIAN_POINT('',(-3.00000000000022,-2.00000000000002,3.5));
#2740=CARTESIAN_POINT('',(-3.00000000000022,-2.00000000000002,0.));
#2741=VECTOR('',#2742,1.);
#2742=DIRECTION('',(0.,0.,1.));
#2743=CARTESIAN_POINT('',(-3.00000000000001,2.00000000000002,3.5));
#2744=CARTESIAN_POINT('',(-3.00000000000001,2.00000000000002,3.5));
#2745=VECTOR('',#2746,1.);
#2746=DIRECTION('',(-5.27355936696945E-014,-1.,0.));
#2747=CARTESIAN_POINT('',(-3.00000000000001,2.00000000000002,0.));
#2748=CARTESIAN_POINT('',(-3.00000000000001,2.00000000000002,0.));
#2749=VECTOR('',#2750,1.);
#2750=DIRECTION('',(0.,0.,1.));
#2751=CARTESIAN_POINT('',(-3.00000000000004,1.27500000016664,0.));
#2752=CARTESIAN_POINT('',(-3.00000000000001,2.00000000000002,0.));
#2753=VECTOR('',#2754,1.);
#2754=DIRECTION('',(-5.26781683529416E-014,-1.,0.));
#2755=CARTESIAN_POINT('',(-3.00000000000005,1.12500000011595,0.15));
#2756=VECTOR('',#2757,1.);
#2757=DIRECTION('',(3.76822190020433E-014,0.70710678130603,-0.707106781067065));
#2758=CARTESIAN_POINT('',(2.99999999999998,-1.12500000011595,0.150000000066445));
#2759=CARTESIAN_POINT('',(2.99999999999998,1.12500000011595,0.15));
#2760=CARTESIAN_POINT('',(2.99999999999994,1.12500000011595,0.15));
#2761=VECTOR('',#2762,1.);
#2762=DIRECTION('',(-5.19090943015685E-014,-1.,2.95313279972277E-011));
#2763=CARTESIAN_POINT('',(2.99999999999995,1.27500000016664,0.));
#2764=CARTESIAN_POINT('',(2.99999999999995,1.27500000016664,1.11022302462516E-016));
#2765=VECTOR('',#2766,1.);
#2766=DIRECTION('',(-3.55887623908187E-014,-0.707106781306031,0.707106781067064));
#2767=CARTESIAN_POINT('',(2.99999999999998,2.,0.));
#2768=CARTESIAN_POINT('',(2.99999999999995,1.27500000016664,0.));
#2769=VECTOR('',#2770,1.);
#2770=DIRECTION('',(5.20656315116294E-014,1.,0.));
#2771=CARTESIAN_POINT('',(2.99999999999998,2.,3.5));
#2772=CARTESIAN_POINT('',(2.99999999999998,2.,0.));
#2773=VECTOR('',#2774,1.);
#2774=DIRECTION('',(0.,0.,1.));
#2775=CARTESIAN_POINT('',(2.99999999999978,-2.00000000000004,3.5));
#2776=CARTESIAN_POINT('',(2.99999999999978,-2.00000000000004,3.5));
#2777=VECTOR('',#2778,1.);
#2778=DIRECTION('',(5.18474152499943E-014,1.,0.));
#2779=CARTESIAN_POINT('',(2.99999999999978,-2.00000000000004,0.));
#2780=CARTESIAN_POINT('',(2.99999999999978,-2.00000000000004,0.));
#2781=VECTOR('',#2782,1.);
#2782=DIRECTION('',(0.,0.,1.));
#2783=CARTESIAN_POINT('',(2.99999999999981,-1.27500000016664,0.));
#2784=CARTESIAN_POINT('',(2.99999999999978,-2.00000000000004,0.));
#2785=VECTOR('',#2786,1.);
#2786=DIRECTION('',(5.20656315116268E-014,1.,0.));
#2787=CARTESIAN_POINT('',(2.99999999999982,-1.12500000011595,0.150000000066445));
#2788=VECTOR('',#2789,1.);
#2789=DIRECTION('',(-3.55887623829363E-014,-0.707106781149417,-0.707106781223678));
#2790=CARTESIAN_POINT('',(2.99999999999998,1.27500000016664,0.));
#2791=VECTOR('',#2792,1.);
#2792=DIRECTION('',(-1.,0.,0.));
#2793=CARTESIAN_POINT('',(-2.,2.99999999999999,0.));
#2794=CARTESIAN_POINT('',(-2.,2.99999999999999,0.));
#2795=VECTOR('',#2796,1.);
#2796=DIRECTION('',(-0.707106781186559,-0.707106781186536,0.));
#2797=CARTESIAN_POINT('',(-0.699999999997634,2.99999999999999,0.));
#2798=CARTESIAN_POINT('',(-0.699999999997634,2.99999999999999,0.));
#2799=VECTOR('',#2800,1.);
#2800=DIRECTION('',(-1.,-1.02482125349828E-015,0.));
#2801=CARTESIAN_POINT('',(-0.700000000006673,2.09999999998052,0.));
#2802=CARTESIAN_POINT('',(-0.699999999995505,2.1,0.));
#2803=VECTOR('',#2804,1.);
#2804=DIRECTION('',(-2.36539183302083E-012,1.,0.));
#2805=CARTESIAN_POINT('',(0.700000000004495,2.1,0.));
#2806=CARTESIAN_POINT('',(0.700000000006673,2.1,0.));
#2807=VECTOR('',#2808,1.);
#2808=DIRECTION('',(-1.,-1.3912046118156E-011,0.));
#2809=CARTESIAN_POINT('',(0.700000000002366,3.,0.));
#2810=CARTESIAN_POINT('',(0.700000000002366,3.,0.));
#2811=VECTOR('',#2812,1.);
#2812=DIRECTION('',(2.36539183302083E-012,-1.,0.));
#2813=CARTESIAN_POINT('',(2.,3.,0.));
#2814=CARTESIAN_POINT('',(2.,3.,0.));
#2815=VECTOR('',#2816,1.);
#2816=DIRECTION('',(-1.,-1.02482125350201E-015,0.));
#2817=CARTESIAN_POINT('',(2.99999999999998,2.,0.));
#2818=VECTOR('',#2819,1.);
#2819=DIRECTION('',(-0.707106781186543,0.707106781186552,0.));
#2820=CARTESIAN_POINT('',(-3.00000000000022,-1.27500000016664,0.));
#2821=VECTOR('',#2822,1.);
#2822=DIRECTION('',(1.,0.,0.));
#2823=CARTESIAN_POINT('',(1.99999999999975,-3.00000000000004,0.));
#2824=CARTESIAN_POINT('',(1.99999999999975,-3.00000000000004,0.));
#2825=VECTOR('',#2826,1.);
#2826=DIRECTION('',(0.707106781186557,0.707106781186538,0.));
#2827=CARTESIAN_POINT('',(0.700000000002366,-3.00000000000003,0.));
#2828=CARTESIAN_POINT('',(0.700000000002366,-3.00000000000003,0.));
#2829=VECTOR('',#2830,1.);
#2830=DIRECTION('',(1.,-7.17374877451544E-015,0.));
#2831=CARTESIAN_POINT('',(0.700000000004495,-2.1,0.));
#2832=CARTESIAN_POINT('',(0.700000000002366,-3.00000000000004,0.));
#2833=VECTOR('',#2834,1.);
#2834=DIRECTION('',(2.36539183302073E-012,1.,0.));
#2835=CARTESIAN_POINT('',(-0.700000000006673,-2.09999999998052,0.));
#2836=CARTESIAN_POINT('',(0.700000000006673,-2.1,0.));
#2837=VECTOR('',#2838,1.);
#2838=DIRECTION('',(-1.,1.3912046118156E-011,0.));
#2839=CARTESIAN_POINT('',(-0.699999999997634,-3.00000000000002,0.));
#2840=CARTESIAN_POINT('',(-0.699999999995505,-2.1,0.));
#2841=VECTOR('',#2842,1.);
#2842=DIRECTION('',(-2.36539183302073E-012,-1.,0.));
#2843=CARTESIAN_POINT('',(-2.00000000000024,-3.00000000000001,0.));
#2844=CARTESIAN_POINT('',(-2.00000000000024,-3.00000000000001,0.));
#2845=VECTOR('',#2846,1.);
#2846=DIRECTION('',(1.,-7.17374877448663E-015,0.));
#2847=CARTESIAN_POINT('',(-3.00000000000022,-2.00000000000002,0.));
#2848=VECTOR('',#2849,1.);
#2849=DIRECTION('',(0.707106781186543,-0.707106781186552,0.));
#2850=CARTESIAN_POINT('',(2.99999999999998,-1.12500000011595,0.150000000066445));
#2851=VECTOR('',#2852,1.);
#2852=DIRECTION('',(-1.,0.,0.));
#2853=CARTESIAN_POINT('',(2.99999999999998,1.12500000011595,0.15));
#2854=VECTOR('',#2855,1.);
#2855=DIRECTION('',(-1.,0.,0.));
#2856=CARTESIAN_POINT('',(-2.00000000000024,-3.00000000000001,3.5));
#2857=CARTESIAN_POINT('',(-2.00000000000024,-3.00000000000001,0.));
#2858=VECTOR('',#2859,1.);
#2859=DIRECTION('',(0.,0.,1.));
#2860=CARTESIAN_POINT('',(-3.00000000000022,-2.00000000000002,3.5));
#2861=VECTOR('',#2862,1.);
#2862=DIRECTION('',(0.707106781186543,-0.707106781186552,0.));
#2863=CARTESIAN_POINT('',(1.99999999999975,-3.00000000000004,3.5));
#2864=CARTESIAN_POINT('',(1.99999999999975,-3.00000000000004,3.5));
#2865=VECTOR('',#2866,1.);
#2866=DIRECTION('',(0.707106781186557,0.707106781186538,0.));
#2867=CARTESIAN_POINT('',(2.,3.,3.5));
#2868=CARTESIAN_POINT('',(2.99999999999998,2.,3.5));
#2869=VECTOR('',#2870,1.);
#2870=DIRECTION('',(-0.707106781186543,0.707106781186552,0.));
#2871=CARTESIAN_POINT('',(-2.,2.99999999999999,3.5));
#2872=CARTESIAN_POINT('',(2.,3.,3.5));
#2873=VECTOR('',#2874,1.);
#2874=DIRECTION('',(-1.,-8.88178419700125E-016,0.));
#2875=CARTESIAN_POINT('',(-2.,2.99999999999999,3.5));
#2876=VECTOR('',#2877,1.);
#2877=DIRECTION('',(-0.707106781186559,-0.707106781186536,0.));
#2878=CARTESIAN_POINT('',(-2.00000000000024,-3.00000000000001,3.5));
#2879=VECTOR('',#2880,1.);
#2880=DIRECTION('',(1.,-7.10542735760101E-015,0.));
#2881=CARTESIAN_POINT('',(2.75,0.8,3.5));
#2882=CARTESIAN_POINT('',(2.75,-0.8,3.5));
#2883=CARTESIAN_POINT('',(2.75,-0.8,3.5));
#2884=VECTOR('',#2885,1.);
#2885=DIRECTION('',(0.,1.,0.));
#2886=CARTESIAN_POINT('',(2.65,-0.8,3.5));
#2887=CARTESIAN_POINT('',(2.75,-0.8,3.5));
#2888=VECTOR('',#2889,1.);
#2889=DIRECTION('',(-1.,0.,0.));
#2890=CARTESIAN_POINT('',(2.65,-2.06715728752538,3.5));
#2891=CARTESIAN_POINT('',(2.65,-2.06715728752538,3.5));
#2892=VECTOR('',#2893,1.);
#2893=DIRECTION('',(0.,1.,0.));
#2894=CARTESIAN_POINT('',(2.06715728752538,-2.65,3.5));
#2895=CARTESIAN_POINT('',(2.06715728752538,-2.65,3.5));
#2896=VECTOR('',#2897,1.);
#2897=DIRECTION('',(0.707106781186548,0.707106781186547,0.));
#2898=CARTESIAN_POINT('',(0.8,-2.65,3.5));
#2899=CARTESIAN_POINT('',(0.8,-2.65,3.5));
#2900=VECTOR('',#2901,1.);
#2901=DIRECTION('',(1.,3.50460999768482E-016,0.));
#2902=CARTESIAN_POINT('',(0.8,-2.75,3.5));
#2903=CARTESIAN_POINT('',(0.8,-2.65,3.5));
#2904=VECTOR('',#2905,1.);
#2905=DIRECTION('',(0.,-1.,0.));
#2906=CARTESIAN_POINT('',(-0.8,-2.75,3.5));
#2907=CARTESIAN_POINT('',(-0.8,-2.75,3.5));
#2908=VECTOR('',#2909,1.);
#2909=DIRECTION('',(1.,0.,0.));
#2910=CARTESIAN_POINT('',(-0.8,-2.65,3.5));
#2911=CARTESIAN_POINT('',(-0.8,-2.65,3.5));
#2912=VECTOR('',#2913,1.);
#2913=DIRECTION('',(0.,-1.,0.));
#2914=CARTESIAN_POINT('',(-2.06715728752538,-2.65,3.5));
#2915=CARTESIAN_POINT('',(-2.06715728752538,-2.65,3.5));
#2916=VECTOR('',#2917,1.);
#2917=DIRECTION('',(1.,0.,0.));
#2918=CARTESIAN_POINT('',(-2.65,-2.06715728752538,3.5));
#2919=CARTESIAN_POINT('',(-2.65,-2.06715728752538,3.5));
#2920=VECTOR('',#2921,1.);
#2921=DIRECTION('',(0.707106781186548,-0.707106781186547,0.));
#2922=CARTESIAN_POINT('',(-2.65,-0.8,3.5));
#2923=CARTESIAN_POINT('',(-2.65,-0.8,3.5));
#2924=VECTOR('',#2925,1.);
#2925=DIRECTION('',(0.,-1.,0.));
#2926=CARTESIAN_POINT('',(-2.75,-0.8,3.5));
#2927=CARTESIAN_POINT('',(-2.65,-0.8,3.5));
#2928=VECTOR('',#2929,1.);
#2929=DIRECTION('',(-1.,0.,0.));
#2930=CARTESIAN_POINT('',(-2.75,0.8,3.5));
#2931=CARTESIAN_POINT('',(-2.75,0.8,3.5));
#2932=VECTOR('',#2933,1.);
#2933=DIRECTION('',(0.,-1.,0.));
#2934=CARTESIAN_POINT('',(-2.65,0.8,3.5));
#2935=CARTESIAN_POINT('',(-2.65,0.8,3.5));
#2936=VECTOR('',#2937,1.);
#2937=DIRECTION('',(-1.,0.,0.));
#2938=CARTESIAN_POINT('',(-2.65,2.06715728752538,3.5));
#2939=CARTESIAN_POINT('',(-2.65,2.06715728752538,3.5));
#2940=VECTOR('',#2941,1.);
#2941=DIRECTION('',(0.,-1.,0.));
#2942=CARTESIAN_POINT('',(-2.06715728752538,2.65,3.5));
#2943=CARTESIAN_POINT('',(-2.06715728752538,2.65,3.5));
#2944=VECTOR('',#2945,1.);
#2945=DIRECTION('',(-0.707106781186548,-0.707106781186547,0.));
#2946=CARTESIAN_POINT('',(-0.8,2.65,3.5));
#2947=CARTESIAN_POINT('',(-0.8,2.65,3.5));
#2948=VECTOR('',#2949,1.);
#2949=DIRECTION('',(-1.,0.,0.));
#2950=CARTESIAN_POINT('',(-0.8,2.75,3.5));
#2951=CARTESIAN_POINT('',(-0.8,2.75,3.5));
#2952=VECTOR('',#2953,1.);
#2953=DIRECTION('',(0.,-1.,0.));
#2954=CARTESIAN_POINT('',(0.8,2.75,3.5));
#2955=CARTESIAN_POINT('',(0.8,2.75,3.5));
#2956=VECTOR('',#2957,1.);
#2957=DIRECTION('',(-1.,0.,0.));
#2958=CARTESIAN_POINT('',(0.8,2.65,3.5));
#2959=CARTESIAN_POINT('',(0.8,2.75,3.5));
#2960=VECTOR('',#2961,1.);
#2961=DIRECTION('',(0.,-1.,0.));
#2962=CARTESIAN_POINT('',(2.06715728752538,2.65,3.5));
#2963=CARTESIAN_POINT('',(2.06715728752538,2.65,3.5));
#2964=VECTOR('',#2965,1.);
#2965=DIRECTION('',(-1.,-3.50460999768482E-016,0.));
#2966=CARTESIAN_POINT('',(2.65,2.06715728752538,3.5));
#2967=CARTESIAN_POINT('',(2.65,2.06715728752538,3.5));
#2968=VECTOR('',#2969,1.);
#2969=DIRECTION('',(-0.707106781186547,0.707106781186548,0.));
#2970=CARTESIAN_POINT('',(2.65,0.8,3.5));
#2971=CARTESIAN_POINT('',(2.65,0.8,3.5));
#2972=VECTOR('',#2973,1.);
#2973=DIRECTION('',(0.,1.,0.));
#2974=CARTESIAN_POINT('',(2.75,0.8,3.5));
#2975=VECTOR('',#2976,1.);
#2976=DIRECTION('',(-1.,0.,0.));
#2977=CARTESIAN_POINT('',(-2.,2.99999999999999,0.));
#2978=VECTOR('',#2979,1.);
#2979=DIRECTION('',(0.,0.,1.));
#2980=CARTESIAN_POINT('',(2.,3.,0.));
#2981=VECTOR('',#2982,1.);
#2982=DIRECTION('',(0.,0.,1.));
#2983=CARTESIAN_POINT('',(1.99999999999975,-3.00000000000004,0.));
#2984=VECTOR('',#2985,1.);
#2985=DIRECTION('',(0.,0.,1.));
#2986=CARTESIAN_POINT('',(0.700000000002366,2.99999999999999,0.2));
#2987=CARTESIAN_POINT('',(0.700000000002366,3.,0.));
#2988=VECTOR('',#2989,1.);
#2989=DIRECTION('',(0.,0.,1.));
#2990=CARTESIAN_POINT('',(-0.699999999997634,2.99999999999999,0.2));
#2991=CARTESIAN_POINT('',(-0.700000000006673,2.99999999999999,0.2));
#2992=VECTOR('',#2993,1.);
#2993=DIRECTION('',(1.,6.34413156922613E-016,0.));
#2994=CARTESIAN_POINT('',(-0.699999999997634,2.99999999999999,0.2));
#2995=VECTOR('',#2996,1.);
#2996=DIRECTION('',(0.,0.,-1.));
#2997=CARTESIAN_POINT('',(-0.700000000006673,2.09999999998052,0.2));
#2998=CARTESIAN_POINT('',(-0.699999999997634,2.99999999999999,0.2));
#2999=VECTOR('',#3000,1.);
#3000=DIRECTION('',(2.36551519113468E-012,-1.,0.));
#3001=CARTESIAN_POINT('',(-0.699999999995505,2.1,0.2));
#3002=VECTOR('',#3003,1.);
#3003=DIRECTION('',(0.,0.,-1.));
#3004=CARTESIAN_POINT('',(0.700000000004495,2.1,0.2));
#3005=CARTESIAN_POINT('',(-0.700000000006673,2.09999999998052,0.2));
#3006=VECTOR('',#3007,1.);
#3007=DIRECTION('',(1.,1.3912046118156E-011,0.));
#3008=CARTESIAN_POINT('',(0.700000000006673,2.1,0.2));
#3009=VECTOR('',#3010,1.);
#3010=DIRECTION('',(0.,0.,-1.));
#3011=CARTESIAN_POINT('',(0.700000000004495,2.1,0.2));
#3012=VECTOR('',#3013,1.);
#3013=DIRECTION('',(-2.36551519113468E-012,1.,0.));
#3014=CARTESIAN_POINT('',(0.700000000002366,-3.00000000000003,0.2));
#3015=CARTESIAN_POINT('',(0.700000000002366,-3.00000000000003,0.));
#3016=VECTOR('',#3017,1.);
#3017=DIRECTION('',(0.,0.,1.));
#3018=CARTESIAN_POINT('',(-0.699999999997634,-3.00000000000002,0.2));
#3019=CARTESIAN_POINT('',(-0.699999999997634,-3.00000000000002,0.2));
#3020=VECTOR('',#3021,1.);
#3021=DIRECTION('',(0.,0.,-1.));
#3022=CARTESIAN_POINT('',(-0.700000000006673,-3.00000000000002,0.2));
#3023=VECTOR('',#3024,1.);
#3024=DIRECTION('',(1.,-6.97854472614874E-015,0.));
#3025=CARTESIAN_POINT('',(0.700000000004495,-2.1,0.2));
#3026=CARTESIAN_POINT('',(0.700000000004495,-2.1,0.2));
#3027=VECTOR('',#3028,1.);
#3028=DIRECTION('',(-2.3655151911346E-012,-1.,0.));
#3029=CARTESIAN_POINT('',(0.700000000006673,-2.1,0.2));
#3030=VECTOR('',#3031,1.);
#3031=DIRECTION('',(0.,0.,-1.));
#3032=CARTESIAN_POINT('',(-0.700000000006673,-2.09999999998052,0.2));
#3033=CARTESIAN_POINT('',(-0.700000000006673,-2.09999999998052,0.2));
#3034=VECTOR('',#3035,1.);
#3035=DIRECTION('',(1.,-1.3912046118156E-011,0.));
#3036=CARTESIAN_POINT('',(-0.699999999995505,-2.1,0.2));
#3037=VECTOR('',#3038,1.);
#3038=DIRECTION('',(0.,0.,-1.));
#3039=CARTESIAN_POINT('',(-0.699999999997634,-3.00000000000002,0.2));
#3040=VECTOR('',#3041,1.);
#3041=DIRECTION('',(2.36551519113463E-012,1.,0.));
#3042=CARTESIAN_POINT('',(2.5,0.8,3.25));
#3043=CARTESIAN_POINT('',(2.75,0.8,3.5));
#3044=VECTOR('',#3045,1.);
#3045=DIRECTION('',(-0.707106781186543,0.,-0.707106781186552));
#3046=CARTESIAN_POINT('',(2.5,-0.8,3.25));
#3047=CARTESIAN_POINT('',(2.5,-0.8,3.25));
#3048=VECTOR('',#3049,1.);
#3049=DIRECTION('',(0.,1.,0.));
#3050=CARTESIAN_POINT('',(2.75,-0.8,3.5));
#3051=VECTOR('',#3052,1.);
#3052=DIRECTION('',(-0.707106781186543,0.,-0.707106781186552));
#3053=CARTESIAN_POINT('',(2.5,-0.8,3.35));
#3054=CARTESIAN_POINT('',(2.5,-0.8,3.25));
#3055=VECTOR('',#3056,1.);
#3056=DIRECTION('',(0.,0.,1.));
#3057=CARTESIAN_POINT('',(2.65,-0.8,3.5));
#3058=VECTOR('',#3059,1.);
#3059=DIRECTION('',(-0.707106781186546,0.,-0.707106781186549));
#3060=CARTESIAN_POINT('',(2.5,-2.00502525316942,3.35));
#3061=CARTESIAN_POINT('',(2.5,-2.00502525316942,3.35));
#3062=VECTOR('',#3063,1.);
#3063=DIRECTION('',(0.,1.,0.));
#3064=CARTESIAN_POINT('',(2.65,-2.06715728752538,3.5));
#3065=VECTOR('',#3066,1.);
#3066=DIRECTION('',(-0.678598344545846,0.281084637714822,-0.678598344545848));
#3067=CARTESIAN_POINT('',(2.00502525316942,-2.5,3.35));
#3068=CARTESIAN_POINT('',(2.00502525316942,-2.5,3.35));
#3069=VECTOR('',#3070,1.);
#3070=DIRECTION('',(0.707106781186548,0.707106781186548,0.));
#3071=CARTESIAN_POINT('',(2.06715728752538,-2.65,3.5));
#3072=VECTOR('',#3073,1.);
#3073=DIRECTION('',(-0.28108463771482,0.678598344545847,-0.678598344545847));
#3074=CARTESIAN_POINT('',(0.8,-2.5,3.35));
#3075=CARTESIAN_POINT('',(0.8,-2.5,3.35));
#3076=VECTOR('',#3077,1.);
#3077=DIRECTION('',(0.,-0.707106781186546,0.707106781186548));
#3078=CARTESIAN_POINT('',(0.8,-2.5,3.35));
#3079=VECTOR('',#3080,1.);
#3080=DIRECTION('',(1.,0.,0.));
#3081=CARTESIAN_POINT('',(0.8,-2.5,3.25000000000422));
#3082=CARTESIAN_POINT('',(0.8,-2.5,3.35));
#3083=VECTOR('',#3084,1.);
#3084=DIRECTION('',(0.,0.,-1.));
#3085=CARTESIAN_POINT('',(0.8,-2.5,3.25000000000422));
#3086=VECTOR('',#3087,1.);
#3087=DIRECTION('',(0.,-0.70710678119252,0.707106781180575));
#3088=CARTESIAN_POINT('',(-0.8,-2.5,3.25000000000422));
#3089=CARTESIAN_POINT('',(-0.8,-2.5,3.25000000000422));
#3090=VECTOR('',#3091,1.);
#3091=DIRECTION('',(1.,0.,0.));
#3092=CARTESIAN_POINT('',(-0.8,-2.5,3.25000000000422));
#3093=VECTOR('',#3094,1.);
#3094=DIRECTION('',(0.,-0.70710678119252,0.707106781180575));
#3095=CARTESIAN_POINT('',(-0.8,-2.5,3.35));
#3096=CARTESIAN_POINT('',(-0.8,-2.5,3.35));
#3097=VECTOR('',#3098,1.);
#3098=DIRECTION('',(0.,0.,-1.));
#3099=CARTESIAN_POINT('',(-0.8,-2.5,3.35));
#3100=VECTOR('',#3101,1.);
#3101=DIRECTION('',(0.,-0.707106781186546,0.707106781186548));
#3102=CARTESIAN_POINT('',(-2.00502525316942,-2.5,3.35));
#3103=CARTESIAN_POINT('',(-2.00502525316942,-2.5,3.35));
#3104=VECTOR('',#3105,1.);
#3105=DIRECTION('',(1.,0.,0.));
#3106=CARTESIAN_POINT('',(-2.06715728752538,-2.65,3.5));
#3107=VECTOR('',#3108,1.);
#3108=DIRECTION('',(0.281084637714821,0.678598344545846,-0.678598344545848));
#3109=CARTESIAN_POINT('',(-2.5,-2.00502525316942,3.35));
#3110=CARTESIAN_POINT('',(-2.5,-2.00502525316942,3.35));
#3111=VECTOR('',#3112,1.);
#3112=DIRECTION('',(0.707106781186548,-0.707106781186547,0.));
#3113=CARTESIAN_POINT('',(-2.65,-2.06715728752538,3.5));
#3114=VECTOR('',#3115,1.);
#3115=DIRECTION('',(0.678598344545846,0.281084637714819,-0.678598344545848));
#3116=CARTESIAN_POINT('',(-2.5,-0.8,3.35));
#3117=CARTESIAN_POINT('',(-2.5,-0.8,3.35));
#3118=VECTOR('',#3119,1.);
#3119=DIRECTION('',(-0.707106781186546,0.,0.707106781186549));
#3120=CARTESIAN_POINT('',(-2.5,-0.8,3.35));
#3121=VECTOR('',#3122,1.);
#3122=DIRECTION('',(0.,-1.,0.));
#3123=CARTESIAN_POINT('',(-2.5,-0.8,3.25000000000001));
#3124=CARTESIAN_POINT('',(-2.5,-0.8,3.35));
#3125=VECTOR('',#3126,1.);
#3126=DIRECTION('',(0.,0.,-1.));
#3127=CARTESIAN_POINT('',(-2.5,-0.8,3.25000000000001));
#3128=VECTOR('',#3129,1.);
#3129=DIRECTION('',(-0.707106781186555,0.,0.70710678118654));
#3130=CARTESIAN_POINT('',(-2.5,0.8,3.25000000000001));
#3131=CARTESIAN_POINT('',(-2.5,0.8,3.25000000000001));
#3132=VECTOR('',#3133,1.);
#3133=DIRECTION('',(0.,-1.,0.));
#3134=CARTESIAN_POINT('',(-2.5,0.8,3.25000000000001));
#3135=VECTOR('',#3136,1.);
#3136=DIRECTION('',(-0.707106781186555,0.,0.70710678118654));
#3137=CARTESIAN_POINT('',(-2.5,0.8,3.35));
#3138=CARTESIAN_POINT('',(-2.5,0.8,3.35));
#3139=VECTOR('',#3140,1.);
#3140=DIRECTION('',(0.,0.,-1.));
#3141=CARTESIAN_POINT('',(-2.5,0.8,3.35));
#3142=VECTOR('',#3143,1.);
#3143=DIRECTION('',(-0.707106781186546,0.,0.707106781186549));
#3144=CARTESIAN_POINT('',(-2.5,2.00502525316942,3.35));
#3145=CARTESIAN_POINT('',(-2.5,2.00502525316942,3.35));
#3146=VECTOR('',#3147,1.);
#3147=DIRECTION('',(0.,-1.,0.));
#3148=CARTESIAN_POINT('',(-2.65,2.06715728752538,3.5));
#3149=VECTOR('',#3150,1.);
#3150=DIRECTION('',(0.678598344545846,-0.281084637714822,-0.678598344545848));
#3151=CARTESIAN_POINT('',(-2.00502525316942,2.5,3.35));
#3152=CARTESIAN_POINT('',(-2.00502525316942,2.5,3.35));
#3153=VECTOR('',#3154,1.);
#3154=DIRECTION('',(-0.707106781186548,-0.707106781186548,0.));
#3155=CARTESIAN_POINT('',(-2.06715728752538,2.65,3.5));
#3156=VECTOR('',#3157,1.);
#3157=DIRECTION('',(0.28108463771482,-0.678598344545847,-0.678598344545847));
#3158=CARTESIAN_POINT('',(-0.8,2.5,3.35));
#3159=CARTESIAN_POINT('',(-0.8,2.65,3.5));
#3160=VECTOR('',#3161,1.);
#3161=DIRECTION('',(0.,-0.707106781186546,-0.707106781186549));
#3162=CARTESIAN_POINT('',(-0.8,2.5,3.35));
#3163=VECTOR('',#3164,1.);
#3164=DIRECTION('',(-1.,0.,0.));
#3165=CARTESIAN_POINT('',(-0.8,2.5,3.24999999999578));
#3166=CARTESIAN_POINT('',(-0.8,2.5,3.24999999999578));
#3167=VECTOR('',#3168,1.);
#3168=DIRECTION('',(0.,0.,1.));
#3169=CARTESIAN_POINT('',(-0.8,2.75,3.5));
#3170=VECTOR('',#3171,1.);
#3171=DIRECTION('',(0.,-0.707106781180575,-0.70710678119252));
#3172=CARTESIAN_POINT('',(0.8,2.5,3.24999999999578));
#3173=CARTESIAN_POINT('',(0.8,2.5,3.24999999999578));
#3174=VECTOR('',#3175,1.);
#3175=DIRECTION('',(-1.,0.,0.));
#3176=CARTESIAN_POINT('',(0.8,2.75,3.5));
#3177=VECTOR('',#3178,1.);
#3178=DIRECTION('',(0.,-0.707106781180575,-0.70710678119252));
#3179=CARTESIAN_POINT('',(0.8,2.5,3.35));
#3180=CARTESIAN_POINT('',(0.8,2.5,3.24999999999578));
#3181=VECTOR('',#3182,1.);
#3182=DIRECTION('',(0.,0.,1.));
#3183=CARTESIAN_POINT('',(0.8,2.65,3.5));
#3184=VECTOR('',#3185,1.);
#3185=DIRECTION('',(0.,-0.707106781186546,-0.707106781186549));
#3186=CARTESIAN_POINT('',(2.00502525316942,2.5,3.35));
#3187=CARTESIAN_POINT('',(2.00502525316942,2.5,3.35));
#3188=VECTOR('',#3189,1.);
#3189=DIRECTION('',(-1.,0.,0.));
#3190=CARTESIAN_POINT('',(2.06715728752538,2.65,3.5));
#3191=VECTOR('',#3192,1.);
#3192=DIRECTION('',(-0.281084637714822,-0.678598344545846,-0.678598344545848));
#3193=CARTESIAN_POINT('',(2.5,2.00502525316942,3.35));
#3194=CARTESIAN_POINT('',(2.5,2.00502525316942,3.35));
#3195=VECTOR('',#3196,1.);
#3196=DIRECTION('',(-0.707106781186548,0.707106781186548,0.));
#3197=CARTESIAN_POINT('',(2.65,2.06715728752538,3.5));
#3198=VECTOR('',#3199,1.);
#3199=DIRECTION('',(-0.678598344545847,-0.28108463771482,-0.678598344545847));
#3200=CARTESIAN_POINT('',(2.5,0.799999999999999,3.35));
#3201=CARTESIAN_POINT('',(2.65,0.8,3.5));
#3202=VECTOR('',#3203,1.);
#3203=DIRECTION('',(-0.707106781186546,0.,-0.707106781186549));
#3204=CARTESIAN_POINT('',(2.5,0.799999999999999,3.35));
#3205=VECTOR('',#3206,1.);
#3206=DIRECTION('',(0.,1.,0.));
#3207=CARTESIAN_POINT('',(2.5,0.8,3.25));
#3208=VECTOR('',#3209,1.);
#3209=DIRECTION('',(0.,0.,1.));
#3210=CARTESIAN_POINT('',(2.5,2.00502525316942,1.));
#3211=CARTESIAN_POINT('',(2.5,2.00502525316942,1.));
#3212=VECTOR('',#3213,1.);
#3213=DIRECTION('',(0.,0.,1.));
#3214=CARTESIAN_POINT('',(2.5,-2.00502525316942,1.));
#3215=CARTESIAN_POINT('',(2.5,-2.00502525316942,1.));
#3216=VECTOR('',#3217,1.);
#3217=DIRECTION('',(0.,1.,0.));
#3218=CARTESIAN_POINT('',(2.5,-2.00502525316942,1.));
#3219=VECTOR('',#3220,1.);
#3220=DIRECTION('',(0.,0.,1.));
#3221=CARTESIAN_POINT('',(2.00502525316942,-2.5,1.));
#3222=CARTESIAN_POINT('',(2.00502525316942,-2.5,1.));
#3223=VECTOR('',#3224,1.);
#3224=DIRECTION('',(0.707106781186548,0.707106781186548,0.));
#3225=CARTESIAN_POINT('',(2.00502525316942,-2.5,1.));
#3226=VECTOR('',#3227,1.);
#3227=DIRECTION('',(0.,0.,1.));
#3228=CARTESIAN_POINT('',(-2.00502525316942,-2.5,1.));
#3229=CARTESIAN_POINT('',(-2.00502525316942,-2.5,1.));
#3230=VECTOR('',#3231,1.);
#3231=DIRECTION('',(1.,0.,0.));
#3232=CARTESIAN_POINT('',(-2.00502525316942,-2.5,1.));
#3233=VECTOR('',#3234,1.);
#3234=DIRECTION('',(0.,0.,1.));
#3235=CARTESIAN_POINT('',(-2.5,-2.00502525316942,1.));
#3236=CARTESIAN_POINT('',(-2.5,-2.00502525316942,1.));
#3237=VECTOR('',#3238,1.);
#3238=DIRECTION('',(0.707106781186548,-0.707106781186547,0.));
#3239=CARTESIAN_POINT('',(-2.5,-2.00502525316942,1.));
#3240=VECTOR('',#3241,1.);
#3241=DIRECTION('',(0.,0.,1.));
#3242=CARTESIAN_POINT('',(-2.5,2.00502525316942,1.));
#3243=CARTESIAN_POINT('',(-2.5,2.00502525316942,1.));
#3244=VECTOR('',#3245,1.);
#3245=DIRECTION('',(0.,-1.,0.));
#3246=CARTESIAN_POINT('',(-2.5,2.00502525316942,1.));
#3247=VECTOR('',#3248,1.);
#3248=DIRECTION('',(0.,0.,1.));
#3249=CARTESIAN_POINT('',(-2.00502525316942,2.5,1.));
#3250=CARTESIAN_POINT('',(-2.00502525316942,2.5,1.));
#3251=VECTOR('',#3252,1.);
#3252=DIRECTION('',(-0.707106781186548,-0.707106781186548,0.));
#3253=CARTESIAN_POINT('',(-2.00502525316942,2.5,1.));
#3254=VECTOR('',#3255,1.);
#3255=DIRECTION('',(0.,0.,1.));
#3256=CARTESIAN_POINT('',(2.00502525316942,2.5,1.));
#3257=CARTESIAN_POINT('',(2.00502525316942,2.5,1.));
#3258=VECTOR('',#3259,1.);
#3259=DIRECTION('',(-1.,0.,0.));
#3260=CARTESIAN_POINT('',(2.00502525316942,2.5,1.));
#3261=VECTOR('',#3262,1.);
#3262=DIRECTION('',(0.,0.,1.));
#3263=CARTESIAN_POINT('',(2.5,2.00502525316942,1.));
#3264=VECTOR('',#3265,1.);
#3265=DIRECTION('',(-0.707106781186548,0.707106781186548,0.));
#3266=CARTESIAN_POINT('',(2.44142135623731,-1.85147186257614,2.5));
#3267=CARTESIAN_POINT('',(2.44142135623731,-1.56862915010152,2.5));
#3268=AXIS2_PLACEMENT_3D('',#3269,#3270,#3271);
#3269=CARTESIAN_POINT('',(2.3,-1.71005050633883,2.5));
#3270=DIRECTION('',(0.,0.,1.));
#3271=DIRECTION('',(0.707106781186549,-0.707106781186546,0.));
#3272=CARTESIAN_POINT('',(1.85147186257614,-2.44142135623731,2.5));
#3273=CARTESIAN_POINT('',(1.85147186257614,-2.44142135623731,2.5));
#3274=VECTOR('',#3275,1.);
#3275=DIRECTION('',(0.707106781186547,0.707106781186548,0.));
#3276=CARTESIAN_POINT('',(1.56862915010152,-2.44142135623731,2.5));
#3277=AXIS2_PLACEMENT_3D('',#3278,#3279,#3280);
#3278=CARTESIAN_POINT('',(1.71005050633883,-2.3,2.5));
#3279=DIRECTION('',(0.,0.,1.));
#3280=DIRECTION('',(-0.707106781186547,-0.707106781186548,0.));
#3281=CARTESIAN_POINT('',(-1.56862915010153,-2.44142135623731,2.5));
#3282=CARTESIAN_POINT('',(-1.56862915010153,-2.44142135623731,2.5));
#3283=VECTOR('',#3284,1.);
#3284=DIRECTION('',(1.,0.,0.));
#3285=CARTESIAN_POINT('',(-1.85147186257614,-2.44142135623731,2.5));
#3286=AXIS2_PLACEMENT_3D('',#3287,#3288,#3289);
#3287=CARTESIAN_POINT('',(-1.71005050633883,-2.3,2.5));
#3288=DIRECTION('',(0.,0.,1.));
#3289=DIRECTION('',(-0.707106781186549,-0.707106781186546,0.));
#3290=CARTESIAN_POINT('',(-2.44142135623731,-1.85147186257614,2.5));
#3291=CARTESIAN_POINT('',(-2.44142135623731,-1.85147186257614,2.5));
#3292=VECTOR('',#3293,1.);
#3293=DIRECTION('',(0.707106781186546,-0.707106781186549,0.));
#3294=CARTESIAN_POINT('',(-2.44142135623731,-1.56862915010152,2.5));
#3295=AXIS2_PLACEMENT_3D('',#3296,#3297,#3298);
#3296=CARTESIAN_POINT('',(-2.3,-1.71005050633883,2.5));
#3297=DIRECTION('',(0.,0.,1.));
#3298=DIRECTION('',(-0.707106781186548,0.707106781186547,0.));
#3299=CARTESIAN_POINT('',(-2.44142135623731,1.56862915010152,2.5));
#3300=CARTESIAN_POINT('',(-2.44142135623731,1.56862915010152,2.5));
#3301=VECTOR('',#3302,1.);
#3302=DIRECTION('',(0.,-1.,0.));
#3303=CARTESIAN_POINT('',(-2.44142135623731,1.85147186257614,2.5));
#3304=AXIS2_PLACEMENT_3D('',#3305,#3306,#3307);
#3305=CARTESIAN_POINT('',(-2.3,1.71005050633883,2.5));
#3306=DIRECTION('',(0.,0.,1.));
#3307=DIRECTION('',(-0.707106781186546,0.707106781186549,0.));
#3308=CARTESIAN_POINT('',(-1.85147186257614,2.44142135623731,2.5));
#3309=CARTESIAN_POINT('',(-1.85147186257614,2.44142135623731,2.5));
#3310=VECTOR('',#3311,1.);
#3311=DIRECTION('',(-0.707106781186546,-0.707106781186549,0.));
#3312=CARTESIAN_POINT('',(-1.56862915010152,2.44142135623731,2.5));
#3313=AXIS2_PLACEMENT_3D('',#3314,#3315,#3316);
#3314=CARTESIAN_POINT('',(-1.71005050633883,2.3,2.5));
#3315=DIRECTION('',(0.,0.,1.));
#3316=DIRECTION('',(0.707106781186549,0.707106781186546,0.));
#3317=CARTESIAN_POINT('',(1.56862915010152,2.44142135623731,2.5));
#3318=CARTESIAN_POINT('',(1.56862915010152,2.44142135623731,2.5));
#3319=VECTOR('',#3320,1.);
#3320=DIRECTION('',(-1.,0.,0.));
#3321=CARTESIAN_POINT('',(1.85147186257614,2.44142135623731,2.5));
#3322=AXIS2_PLACEMENT_3D('',#3323,#3324,#3325);
#3323=CARTESIAN_POINT('',(1.71005050633883,2.3,2.5));
#3324=DIRECTION('',(0.,0.,1.));
#3325=DIRECTION('',(0.707106781186547,0.707106781186548,0.));
#3326=CARTESIAN_POINT('',(2.44142135623731,1.85147186257614,2.5));
#3327=CARTESIAN_POINT('',(2.44142135623731,1.85147186257614,2.5));
#3328=VECTOR('',#3329,1.);
#3329=DIRECTION('',(-0.707106781186547,0.707106781186547,0.));
#3330=CARTESIAN_POINT('',(2.44142135623731,1.56862915010152,2.5));
#3331=AXIS2_PLACEMENT_3D('',#3332,#3333,#3334);
#3332=CARTESIAN_POINT('',(2.3,1.71005050633883,2.5));
#3333=DIRECTION('',(0.,0.,1.));
#3334=DIRECTION('',(0.707106781186544,-0.707106781186551,0.));
#3335=CARTESIAN_POINT('',(2.44142135623731,-1.56862915010152,2.5));
#3336=VECTOR('',#3337,1.);
#3337=DIRECTION('',(0.,1.,0.));
#3338=CARTESIAN_POINT('',(2.44142135623731,-1.56862915010152,4.));
#3339=CARTESIAN_POINT('',(2.44142135623731,1.56862915010152,4.));
#3340=CARTESIAN_POINT('',(2.44142135623731,-1.56862915010152,4.));
#3341=VECTOR('',#3342,1.);
#3342=DIRECTION('',(0.,1.,0.));
#3343=CARTESIAN_POINT('',(2.44142135623731,1.85147186257614,4.));
#3344=AXIS2_PLACEMENT_3D('',#3345,#3346,#3347);
#3345=CARTESIAN_POINT('',(2.3,1.71005050633883,4.));
#3346=DIRECTION('',(0.,0.,1.));
#3347=DIRECTION('',(0.707106781186544,-0.707106781186551,0.));
#3348=CARTESIAN_POINT('',(1.85147186257614,2.44142135623731,4.));
#3349=CARTESIAN_POINT('',(2.44142135623731,1.85147186257614,4.));
#3350=VECTOR('',#3351,1.);
#3351=DIRECTION('',(-0.707106781186547,0.707106781186547,0.));
#3352=CARTESIAN_POINT('',(1.56862915010152,2.44142135623731,4.));
#3353=AXIS2_PLACEMENT_3D('',#3354,#3355,#3356);
#3354=CARTESIAN_POINT('',(1.71005050633883,2.3,4.));
#3355=DIRECTION('',(0.,0.,1.));
#3356=DIRECTION('',(0.707106781186547,0.707106781186548,0.));
#3357=CARTESIAN_POINT('',(-1.56862915010152,2.44142135623731,4.));
#3358=CARTESIAN_POINT('',(1.56862915010152,2.44142135623731,4.));
#3359=VECTOR('',#3360,1.);
#3360=DIRECTION('',(-1.,0.,0.));
#3361=CARTESIAN_POINT('',(-1.85147186257614,2.44142135623731,4.));
#3362=AXIS2_PLACEMENT_3D('',#3363,#3364,#3365);
#3363=CARTESIAN_POINT('',(-1.71005050633883,2.3,4.));
#3364=DIRECTION('',(0.,0.,1.));
#3365=DIRECTION('',(0.707106781186549,0.707106781186546,0.));
#3366=CARTESIAN_POINT('',(-2.44142135623731,1.85147186257614,4.));
#3367=CARTESIAN_POINT('',(-1.85147186257614,2.44142135623731,4.));
#3368=VECTOR('',#3369,1.);
#3369=DIRECTION('',(-0.707106781186546,-0.707106781186549,0.));
#3370=CARTESIAN_POINT('',(-2.44142135623731,1.56862915010152,4.));
#3371=AXIS2_PLACEMENT_3D('',#3372,#3373,#3374);
#3372=CARTESIAN_POINT('',(-2.3,1.71005050633883,4.));
#3373=DIRECTION('',(0.,0.,1.));
#3374=DIRECTION('',(-0.707106781186546,0.707106781186549,0.));
#3375=CARTESIAN_POINT('',(-2.44142135623731,-1.56862915010152,4.));
#3376=CARTESIAN_POINT('',(-2.44142135623731,1.56862915010152,4.));
#3377=VECTOR('',#3378,1.);
#3378=DIRECTION('',(0.,-1.,0.));
#3379=CARTESIAN_POINT('',(-2.44142135623731,-1.85147186257614,4.));
#3380=AXIS2_PLACEMENT_3D('',#3381,#3382,#3383);
#3381=CARTESIAN_POINT('',(-2.3,-1.71005050633883,4.));
#3382=DIRECTION('',(0.,0.,1.));
#3383=DIRECTION('',(-0.707106781186548,0.707106781186547,0.));
#3384=CARTESIAN_POINT('',(-1.85147186257614,-2.44142135623731,4.));
#3385=CARTESIAN_POINT('',(-2.44142135623731,-1.85147186257614,4.));
#3386=VECTOR('',#3387,1.);
#3387=DIRECTION('',(0.707106781186546,-0.707106781186549,0.));
#3388=CARTESIAN_POINT('',(-1.56862915010153,-2.44142135623731,4.));
#3389=AXIS2_PLACEMENT_3D('',#3390,#3391,#3392);
#3390=CARTESIAN_POINT('',(-1.71005050633883,-2.3,4.));
#3391=DIRECTION('',(0.,0.,1.));
#3392=DIRECTION('',(-0.707106781186549,-0.707106781186546,0.));
#3393=CARTESIAN_POINT('',(1.56862915010152,-2.44142135623731,4.));
#3394=CARTESIAN_POINT('',(-1.56862915010153,-2.44142135623731,4.));
#3395=VECTOR('',#3396,1.);
#3396=DIRECTION('',(1.,0.,0.));
#3397=CARTESIAN_POINT('',(1.85147186257614,-2.44142135623731,4.));
#3398=AXIS2_PLACEMENT_3D('',#3399,#3400,#3401);
#3399=CARTESIAN_POINT('',(1.71005050633883,-2.3,4.));
#3400=DIRECTION('',(0.,0.,1.));
#3401=DIRECTION('',(-0.707106781186547,-0.707106781186548,0.));
#3402=CARTESIAN_POINT('',(2.44142135623731,-1.85147186257614,4.));
#3403=CARTESIAN_POINT('',(1.85147186257614,-2.44142135623731,4.));
#3404=VECTOR('',#3405,1.);
#3405=DIRECTION('',(0.707106781186547,0.707106781186548,0.));
#3406=AXIS2_PLACEMENT_3D('',#3407,#3408,#3409);
#3407=CARTESIAN_POINT('',(2.3,-1.71005050633883,4.));
#3408=DIRECTION('',(0.,0.,1.));
#3409=DIRECTION('',(0.707106781186549,-0.707106781186546,0.));
#3410=CARTESIAN_POINT('',(2.3,-2.81668763803891E-016,4.));
#3411=AXIS2_PLACEMENT_3D('',#3412,#3413,#3414);
#3412=CARTESIAN_POINT('',(0.,0.,4.));
#3413=DIRECTION('',(0.,0.,1.));
#3414=DIRECTION('',(1.,0.,0.));
#3415=CARTESIAN_POINT('',(2.3,-2.81668763803891E-016,4.2));
#3416=AXIS2_PLACEMENT_3D('',#3417,#3418,#3419);
#3417=CARTESIAN_POINT('',(0.,0.,4.2));
#3418=DIRECTION('',(0.,0.,1.));
#3419=DIRECTION('',(1.,0.,0.));
#3420=CARTESIAN_POINT('',(2.44142135623731,-1.56862915010152,2.5));
#3421=VECTOR('',#3422,1.);
#3422=DIRECTION('',(0.,0.,1.));
#3423=CARTESIAN_POINT('',(2.44142135623731,-1.85147186257614,2.5));
#3424=VECTOR('',#3425,1.);
#3425=DIRECTION('',(0.,0.,1.));
#3426=CARTESIAN_POINT('',(1.85147186257614,-2.44142135623731,2.5));
#3427=VECTOR('',#3428,1.);
#3428=DIRECTION('',(0.,0.,1.));
#3429=CARTESIAN_POINT('',(1.56862915010152,-2.44142135623731,2.5));
#3430=VECTOR('',#3431,1.);
#3431=DIRECTION('',(0.,0.,1.));
#3432=CARTESIAN_POINT('',(-1.56862915010153,-2.44142135623731,2.5));
#3433=VECTOR('',#3434,1.);
#3434=DIRECTION('',(0.,0.,1.));
#3435=CARTESIAN_POINT('',(-1.85147186257615,-2.44142135623731,2.5));
#3436=VECTOR('',#3437,1.);
#3437=DIRECTION('',(0.,0.,1.));
#3438=CARTESIAN_POINT('',(-2.44142135623731,-1.85147186257614,2.5));
#3439=VECTOR('',#3440,1.);
#3440=DIRECTION('',(0.,0.,1.));
#3441=CARTESIAN_POINT('',(-2.44142135623731,-1.56862915010152,2.5));
#3442=VECTOR('',#3443,1.);
#3443=DIRECTION('',(0.,0.,1.));
#3444=CARTESIAN_POINT('',(-2.44142135623731,1.56862915010152,2.5));
#3445=VECTOR('',#3446,1.);
#3446=DIRECTION('',(0.,0.,1.));
#3447=CARTESIAN_POINT('',(-2.44142135623731,1.85147186257614,2.5));
#3448=VECTOR('',#3449,1.);
#3449=DIRECTION('',(0.,0.,1.));
#3450=CARTESIAN_POINT('',(-1.85147186257614,2.44142135623731,2.5));
#3451=VECTOR('',#3452,1.);
#3452=DIRECTION('',(0.,0.,1.));
#3453=CARTESIAN_POINT('',(-1.56862915010152,2.44142135623731,2.5));
#3454=VECTOR('',#3455,1.);
#3455=DIRECTION('',(0.,0.,1.));
#3456=CARTESIAN_POINT('',(1.56862915010152,2.44142135623731,2.5));
#3457=VECTOR('',#3458,1.);
#3458=DIRECTION('',(0.,0.,1.));
#3459=CARTESIAN_POINT('',(1.85147186257614,2.44142135623731,2.5));
#3460=VECTOR('',#3461,1.);
#3461=DIRECTION('',(0.,0.,1.));
#3462=CARTESIAN_POINT('',(2.44142135623731,1.85147186257614,2.5));
#3463=VECTOR('',#3464,1.);
#3464=DIRECTION('',(0.,0.,1.));
#3465=CARTESIAN_POINT('',(2.44142135623731,1.56862915010152,2.5));
#3466=VECTOR('',#3467,1.);
#3467=DIRECTION('',(0.,0.,1.));
#3468=CARTESIAN_POINT('',(2.2,-2.69422295812418E-016,4.3));
#3469=AXIS2_PLACEMENT_3D('',#3470,#3471,#3472);
#3470=CARTESIAN_POINT('',(0.,0.,4.3));
#3471=DIRECTION('',(0.,0.,1.));
#3472=DIRECTION('',(1.,0.,0.));
#3473=CARTESIAN_POINT('',(0.7,-1.95,0.25));
#3474=CARTESIAN_POINT('',(0.7,-2.2,-2.1195166833753E-016));
#3475=AXIS2_PLACEMENT_3D('',#3476,#3477,#3478);
#3476=CARTESIAN_POINT('',(0.7,-2.2,0.25));
#3477=DIRECTION('',(-1.,-0.,-0.));
#3478=DIRECTION('',(0.,1.,2.22044604925031E-016));
#3479=CARTESIAN_POINT('',(-0.7,-2.2,-2.1195166833753E-016));
#3480=CARTESIAN_POINT('',(0.7,-2.2,-2.1195166833753E-016));
#3481=VECTOR('',#3482,1.);
#3482=DIRECTION('',(-1.,0.,0.));
#3483=CARTESIAN_POINT('',(-0.7,-1.95,0.25));
#3484=AXIS2_PLACEMENT_3D('',#3485,#3486,#3487);
#3485=CARTESIAN_POINT('',(-0.7,-2.2,0.25));
#3486=DIRECTION('',(-1.,-0.,-0.));
#3487=DIRECTION('',(0.,1.,2.22044604925031E-016));
#3488=CARTESIAN_POINT('',(0.7,-1.95,0.25));
#3489=VECTOR('',#3490,1.);
#3490=DIRECTION('',(-1.,0.,0.));
#3491=CARTESIAN_POINT('',(0.7,-4.,-2.1195166833753E-016));
#3492=CARTESIAN_POINT('',(0.7,-2.2,-2.1195166833753E-016));
#3493=VECTOR('',#3494,1.);
#3494=DIRECTION('',(0.,-1.,-8.21730109605221E-032));
#3495=CARTESIAN_POINT('',(-0.7,-4.,-2.1195166833753E-016));
#3496=CARTESIAN_POINT('',(0.7,-4.,-2.1195166833753E-016));
#3497=VECTOR('',#3498,1.);
#3498=DIRECTION('',(-1.,0.,0.));
#3499=CARTESIAN_POINT('',(-0.7,-2.2,-2.1195166833753E-016));
#3500=VECTOR('',#3501,1.);
#3501=DIRECTION('',(0.,-1.,-8.21730109605221E-032));
#3502=CARTESIAN_POINT('',(0.7,-4.,0.2));
#3503=CARTESIAN_POINT('',(0.7,-4.,-2.1195166833753E-016));
#3504=VECTOR('',#3505,1.);
#3505=DIRECTION('',(0.,0.,1.));
#3506=CARTESIAN_POINT('',(-0.7,-4.,0.2));
#3507=CARTESIAN_POINT('',(0.7,-4.,0.2));
#3508=VECTOR('',#3509,1.);
#3509=DIRECTION('',(-1.,0.,0.));
#3510=CARTESIAN_POINT('',(-0.7,-4.,-2.1195166833753E-016));
#3511=VECTOR('',#3512,1.);
#3512=DIRECTION('',(0.,0.,1.));
#3513=CARTESIAN_POINT('',(0.7,-2.2,0.2));
#3514=CARTESIAN_POINT('',(0.7,-4.,0.2));
#3515=VECTOR('',#3516,1.);
#3516=DIRECTION('',(0.,1.,0.));
#3517=CARTESIAN_POINT('',(-0.7,-2.2,0.2));
#3518=CARTESIAN_POINT('',(0.7,-2.2,0.2));
#3519=VECTOR('',#3520,1.);
#3520=DIRECTION('',(-1.,0.,0.));
#3521=CARTESIAN_POINT('',(-0.7,-4.,0.2));
#3522=VECTOR('',#3523,1.);
#3523=DIRECTION('',(0.,1.,0.));
#3524=CARTESIAN_POINT('',(0.7,-2.15,0.25));
#3525=AXIS2_PLACEMENT_3D('',#3526,#3527,#3528);
#3526=CARTESIAN_POINT('',(0.7,-2.2,0.25));
#3527=DIRECTION('',(1.,0.,0.));
#3528=DIRECTION('',(0.,0.,-1.));
#3529=CARTESIAN_POINT('',(-0.7,-2.15,0.25));
#3530=CARTESIAN_POINT('',(0.7,-2.15,0.25));
#3531=VECTOR('',#3532,1.);
#3532=DIRECTION('',(-1.,0.,0.));
#3533=AXIS2_PLACEMENT_3D('',#3534,#3535,#3536);
#3534=CARTESIAN_POINT('',(-0.7,-2.2,0.25));
#3535=DIRECTION('',(1.,0.,0.));
#3536=DIRECTION('',(0.,0.,-1.));
#3537=CARTESIAN_POINT('',(0.7,-2.15,0.25));
#3538=VECTOR('',#3539,1.);
#3539=DIRECTION('',(0.,1.,2.77555756156289E-016));
#3540=CARTESIAN_POINT('',(-0.7,-2.15,0.25));
#3541=VECTOR('',#3542,1.);
#3542=DIRECTION('',(0.,1.,2.77555756156289E-016));
#3543=CARTESIAN_POINT('',(-0.7,1.95,0.25));
#3544=CARTESIAN_POINT('',(-0.7,2.2,-2.1195166833753E-016));
#3545=AXIS2_PLACEMENT_3D('',#3546,#3547,#3548);
#3546=CARTESIAN_POINT('',(-0.7,2.2,0.25));
#3547=DIRECTION('',(1.,-0.,0.));
#3548=DIRECTION('',(0.,-1.,2.22044604925031E-016));
#3549=CARTESIAN_POINT('',(0.7,2.2,-2.1195166833753E-016));
#3550=CARTESIAN_POINT('',(-0.7,2.2,-2.1195166833753E-016));
#3551=VECTOR('',#3552,1.);
#3552=DIRECTION('',(1.,0.,0.));
#3553=CARTESIAN_POINT('',(0.7,1.95,0.25));
#3554=AXIS2_PLACEMENT_3D('',#3555,#3556,#3557);
#3555=CARTESIAN_POINT('',(0.7,2.2,0.25));
#3556=DIRECTION('',(1.,-0.,0.));
#3557=DIRECTION('',(0.,-1.,2.22044604925031E-016));
#3558=CARTESIAN_POINT('',(-0.7,1.95,0.25));
#3559=VECTOR('',#3560,1.);
#3560=DIRECTION('',(1.,0.,0.));
#3561=CARTESIAN_POINT('',(-0.7,4.,-2.1195166833753E-016));
#3562=CARTESIAN_POINT('',(-0.7,2.2,-2.1195166833753E-016));
#3563=VECTOR('',#3564,1.);
#3564=DIRECTION('',(0.,1.,-8.21730109605221E-032));
#3565=CARTESIAN_POINT('',(0.7,4.,-2.1195166833753E-016));
#3566=CARTESIAN_POINT('',(-0.7,4.,-2.1195166833753E-016));
#3567=VECTOR('',#3568,1.);
#3568=DIRECTION('',(1.,0.,0.));
#3569=CARTESIAN_POINT('',(0.7,2.2,-2.1195166833753E-016));
#3570=VECTOR('',#3571,1.);
#3571=DIRECTION('',(0.,1.,-8.21730109605221E-032));
#3572=CARTESIAN_POINT('',(-0.7,4.,0.2));
#3573=CARTESIAN_POINT('',(-0.7,4.,-2.1195166833753E-016));
#3574=VECTOR('',#3575,1.);
#3575=DIRECTION('',(0.,0.,1.));
#3576=CARTESIAN_POINT('',(0.7,4.,0.2));
#3577=CARTESIAN_POINT('',(-0.7,4.,0.2));
#3578=VECTOR('',#3579,1.);
#3579=DIRECTION('',(1.,0.,0.));
#3580=CARTESIAN_POINT('',(0.7,4.,-2.1195166833753E-016));
#3581=VECTOR('',#3582,1.);
#3582=DIRECTION('',(0.,0.,1.));
#3583=CARTESIAN_POINT('',(-0.7,2.2,0.2));
#3584=CARTESIAN_POINT('',(-0.7,4.,0.2));
#3585=VECTOR('',#3586,1.);
#3586=DIRECTION('',(0.,-1.,0.));
#3587=CARTESIAN_POINT('',(0.7,2.2,0.2));
#3588=CARTESIAN_POINT('',(-0.7,2.2,0.2));
#3589=VECTOR('',#3590,1.);
#3590=DIRECTION('',(1.,0.,0.));
#3591=CARTESIAN_POINT('',(0.7,4.,0.2));
#3592=VECTOR('',#3593,1.);
#3593=DIRECTION('',(0.,-1.,0.));
#3594=CARTESIAN_POINT('',(-0.7,2.15,0.25));
#3595=AXIS2_PLACEMENT_3D('',#3596,#3597,#3598);
#3596=CARTESIAN_POINT('',(-0.7,2.2,0.25));
#3597=DIRECTION('',(-1.,0.,-0.));
#3598=DIRECTION('',(0.,0.,-1.));
#3599=CARTESIAN_POINT('',(0.7,2.15,0.25));
#3600=CARTESIAN_POINT('',(-0.7,2.15,0.25));
#3601=VECTOR('',#3602,1.);
#3602=DIRECTION('',(1.,0.,0.));
#3603=AXIS2_PLACEMENT_3D('',#3604,#3605,#3606);
#3604=CARTESIAN_POINT('',(0.7,2.2,0.25));
#3605=DIRECTION('',(-1.,0.,-0.));
#3606=DIRECTION('',(0.,0.,-1.));
#3607=CARTESIAN_POINT('',(-0.7,2.15,0.25));
#3608=VECTOR('',#3609,1.);
#3609=DIRECTION('',(0.,-1.,2.77555756156289E-016));
#3610=CARTESIAN_POINT('',(0.7,2.15,0.25));
#3611=VECTOR('',#3612,1.);
#3612=DIRECTION('',(0.,-1.,2.77555756156289E-016));
ENDSEC;
END-ISO-10303-21;
