ISO-10303-21;
HEADER;
FILE_DESCRIPTION(('STEP AP214'),
    '1');
FILE_NAME('GT-TC054',
    '2022-12-01T13:28:04',
    ('AF'),
    (''),
    'UNSPECIFIED',
    'UNSPECIFIED',
    '');
/*Based on G-Switch GT-TC054 datasheet, date 2019.05.29*/
FILE_SCHEMA(('AUTOMOTIVE_DESIGN { 1 0 10303 214 3 1 1}'));
ENDSEC;

DATA;
#1=SHAPE_REPRESENTATION('NONE',(#2),#6);
#2=AXIS2_PLACEMENT_3D('',#3,#4,#5);
#3=CARTESIAN_POINT('',(0.,0.,0.));
#4=DIRECTION('',(0.,0.,1.));
#5=DIRECTION('',(1.,0.,0.));
#6=(GEOMETRIC_REPRESENTATION_CONTEXT(3)GLOBAL_UNCERTAINTY_ASSIGNED_CONTEXT((#8))
GLOBAL_UNIT_ASSIGNED_CONTEXT((#7,#9,#10))REPRESENTATION_CONTEXT('NONE','NONE'));
#7=(LENGTH_UNIT()NAMED_UNIT(*)SI_UNIT(.MILLI.,.METRE.));
#8=UNCERTAINTY_MEASURE_WITH_UNIT(LENGTH_MEASURE(1.E-005),#7,'NONE','NONE');
#9=(NAMED_UNIT(*)PLANE_ANGLE_UNIT()SI_UNIT($,.RADIAN.));
#10=(NAMED_UNIT(*)SI_UNIT($,.STERADIAN.)SOLID_ANGLE_UNIT());
#11=SHAPE_DEFINITION_REPRESENTATION(#12,#1);
#12=PRODUCT_DEFINITION_SHAPE('NONE','NONE',#13);
#13=PRODUCT_DEFINITION('','UNSPECIFIED',#14,#22);
#14=PRODUCT_DEFINITION_FORMATION_WITH_SPECIFIED_SOURCE('ANY','UNSPECIFIED',#15,.NOT_KNOWN.);
#15=PRODUCT('','GT-TC054X-H035','Based on G-Switch GT-TC054 datasheet, date 2019.05.29',
(#25));
#16=PERSON('UNSPECIFIED','AF','UNSPECIFIED',('UNSPECIFIED'),('UNSPECIFIED'),('UNSPECIFIED'));
#17=ORGANIZATION('UNSPECIFIED','UNSPECIFIED','UNSPECIFIED');
#18=PERSON_AND_ORGANIZATION(#16,#17);
#19=PERSON_AND_ORGANIZATION_ROLE('design_owner');
#20=CC_DESIGN_PERSON_AND_ORGANIZATION_ASSIGNMENT(#18,#19,(#15));
#21=PRODUCT_RELATED_PRODUCT_CATEGORY('assembly','',(#15));
#22=DESIGN_CONTEXT('detailed design',#23,'design');
#23=APPLICATION_CONTEXT('configuration controlled 3d designs of mechanical parts and assemblies');
#24=APPLICATION_PROTOCOL_DEFINITION('international standard','automotive_design',
2011,#23);
#25=PRODUCT_CONTEXT('NONE',#23,'mechanical');
#26=CC_DESIGN_DATE_AND_TIME_ASSIGNMENT(#27,#31,(#13));
#27=DATE_AND_TIME(#28,#29);
#28=CALENDAR_DATE(0,1,1);
#29=LOCAL_TIME(0,0,0.,#30);
#30=COORDINATED_UNIVERSAL_TIME_OFFSET(0,0,.AHEAD.);
#31=DATE_TIME_ROLE('creation_date');
#32=CC_DESIGN_APPROVAL(#33,(#13));
#33=APPROVAL(#34,'UNSPECIFIED');
#34=APPROVAL_STATUS('not_yet_approved');
#35=APPROVAL_DATE_TIME(#36,#33);
#36=DATE_AND_TIME(#37,#38);
#37=CALENDAR_DATE(0,1,1);
#38=LOCAL_TIME(0,0,0.,#39);
#39=COORDINATED_UNIVERSAL_TIME_OFFSET(0,0,.AHEAD.);
#40=DERIVED_UNIT((#44,#41));
#41=DERIVED_UNIT_ELEMENT(#42,-1.);
#42=VOLUME_UNIT(#43);
#43=DIMENSIONAL_EXPONENTS(3.,0.,0.,0.,0.,0.,0.);
#44=(DERIVED_UNIT_ELEMENT($,-1.)NAMED_UNIT($)MASS_UNIT()SI_UNIT($,.GRAM.));
#45=MANIFOLD_SOLID_BREP('',#46);
#46=CLOSED_SHELL('',(#101,#110,#119,#128,#137,#146,#155,#164,#173,#182,#191,#200,
#209,#218,#227,#236,#245,#254,#263,#272,#281,#290,#299,#308,#317,#326,#335,#344,
#353,#362,#371,#380,#389,#398,#407,#416,#425,#434,#443,#452,#461,#470,#479,#488,
#497,#506,#515,#524,#533,#542,#551,#560,#569,#578,#587,#596,#605,#614,#623,#632,
#641,#650));
#47=COLOUR_RGB($,0.827450980392157,0.831372549019608,0.835294117647059);
#48=FILL_AREA_STYLE_COLOUR($,#47);
#49=FILL_AREA_STYLE($,(#48));
#50=SURFACE_STYLE_FILL_AREA(#49);
#51=SURFACE_SIDE_STYLE('',(#50));
#52=SURFACE_STYLE_USAGE(.BOTH.,#51);
#53=PRESENTATION_STYLE_ASSIGNMENT((#52));
#54=MECHANICAL_DESIGN_GEOMETRIC_PRESENTATION_REPRESENTATION('NONE',(#55,#65,#75,
#85,#95,#109,#118,#127,#136,#145,#154,#163,#172,#181,#190,#199,#208,#217,#226,#235,
#244,#253,#262,#271,#280,#289,#298,#307,#316,#325,#334,#343,#352,#361,#370,#379,
#388,#397,#406,#415,#424,#433,#442,#451,#460,#469,#478,#487,#496,#505,#514,#523,
#532,#541,#550,#559,#568,#577,#586,#595,#604,#613,#622,#631,#640,#649,#658,#667,
#676,#685,#694,#703,#712,#721,#730,#739,#748,#757,#766,#775,#784,#793,#802,#811,
#820,#829,#838,#847,#856,#865,#874,#883,#892,#901,#910,#919,#928,#937,#946,#955,
#964,#973,#982,#991,#1000,#1009,#1018,#1027,#1036,#1045,#1054,#1063,#1072,#1081,
#1090,#1099,#1108,#1117,#1126,#1135,#1144,#1153,#1162,#1171,#1180,#1189,#1198,#1207,
#1216,#1225,#1234,#1243,#1252,#1261,#1270,#1279,#1288,#1297,#1306,#1315,#1324,#1333,
#1342,#1351,#1360,#1369,#1378,#1387,#1396,#1405,#1414,#1423,#1432,#1441,#1450,#1459,
#1468,#1477,#1486,#1495,#1504,#1513,#1522,#1531,#1540,#1549,#1558,#1567,#1576,#1585,
#1594,#1603,#1612,#1621,#1630,#1639,#1648,#1657,#1666,#1675,#1684,#1693,#1702,#1711,
#1720,#1729,#1738,#1747,#1756,#1765,#1774,#1783,#1792,#1801,#1810,#1819,#1828,#1837,
#1846,#1855,#1864,#1873,#1882,#1891,#1900,#1909,#1918,#1927,#1936,#1945,#1954,#1963,
#1972,#1981,#1990,#1999,#2008,#2017,#2026,#2035,#2044,#2053,#2062,#2071,#2080,#2089,
#2098,#2107,#2116,#2125,#2134,#2143,#2152,#2161,#2170,#2179,#2188,#2197,#2203,#2209,
#2215,#2221,#2227,#2233),#6);
#55=STYLED_ITEM('',(#53),#45);
#56=MANIFOLD_SOLID_BREP('',#57);
#57=CLOSED_SHELL('',(#659,#668,#677,#686,#695,#704,#713,#722,#731,#740));
#58=COLOUR_RGB($,0.827450980392157,0.831372549019608,0.835294117647059);
#59=FILL_AREA_STYLE_COLOUR($,#58);
#60=FILL_AREA_STYLE($,(#59));
#61=SURFACE_STYLE_FILL_AREA(#60);
#62=SURFACE_SIDE_STYLE('',(#61));
#63=SURFACE_STYLE_USAGE(.BOTH.,#62);
#64=PRESENTATION_STYLE_ASSIGNMENT((#63));
#65=STYLED_ITEM('',(#64),#56);
#66=MANIFOLD_SOLID_BREP('',#67);
#67=CLOSED_SHELL('',(#749,#758,#767,#776,#785,#794,#803,#812,#821,#830));
#68=COLOUR_RGB($,0.827450980392157,0.831372549019608,0.835294117647059);
#69=FILL_AREA_STYLE_COLOUR($,#68);
#70=FILL_AREA_STYLE($,(#69));
#71=SURFACE_STYLE_FILL_AREA(#70);
#72=SURFACE_SIDE_STYLE('',(#71));
#73=SURFACE_STYLE_USAGE(.BOTH.,#72);
#74=PRESENTATION_STYLE_ASSIGNMENT((#73));
#75=STYLED_ITEM('',(#74),#66);
#76=MANIFOLD_SOLID_BREP('',#77);
#77=CLOSED_SHELL('',(#839,#848,#857,#866,#875,#884,#893,#902,#911,#920,#929,#938,
#947,#956,#965,#974,#983,#992,#1001,#1010,#1019,#1028,#1037));
#78=COLOUR_RGB($,0.827450980392157,0.831372549019608,0.835294117647059);
#79=FILL_AREA_STYLE_COLOUR($,#78);
#80=FILL_AREA_STYLE($,(#79));
#81=SURFACE_STYLE_FILL_AREA(#80);
#82=SURFACE_SIDE_STYLE('',(#81));
#83=SURFACE_STYLE_USAGE(.BOTH.,#82);
#84=PRESENTATION_STYLE_ASSIGNMENT((#83));
#85=STYLED_ITEM('',(#84),#76);
#86=MANIFOLD_SOLID_BREP('',#87);
#87=CLOSED_SHELL('',(#1046,#1055,#1064,#1073,#1082,#1091,#1100,#1109,#1118,#1127,
#1136,#1145,#1154,#1163,#1172,#1181,#1190,#1199,#1208,#1217,#1226,#1235,#1244,#1253,
#1262,#1271,#1280,#1289,#1298,#1307,#1316,#1325,#1334,#1343,#1352,#1361,#1370,#1379,
#1388,#1397,#1406,#1415,#1424,#1433,#1442,#1451,#1460,#1469,#1478,#1487,#1496,#1505,
#1514,#1523,#1532,#1541,#1550,#1559,#1568,#1577,#1586,#1595,#1604,#1613,#1622,#1631,
#1640,#1649,#1658,#1667,#1676,#1685,#1694,#1703,#1712,#1721,#1730,#1739,#1748,#1757,
#1766,#1775,#1784,#1793,#1802,#1811,#1820,#1829,#1838,#1847,#1856,#1865,#1874,#1883,
#1892,#1901,#1910,#1919,#1928,#1937,#1946,#1955,#1964,#1973,#1982,#1991,#2000,#2009,
#2018,#2027,#2036,#2045,#2054,#2063,#2072,#2081,#2090,#2099,#2108,#2117,#2126,#2135,
#2144,#2153,#2162,#2171,#2180,#2189));
#88=COLOUR_RGB($,0.827450980392157,0.831372549019608,0.835294117647059);
#89=FILL_AREA_STYLE_COLOUR($,#88);
#90=FILL_AREA_STYLE($,(#89));
#91=SURFACE_STYLE_FILL_AREA(#90);
#92=SURFACE_SIDE_STYLE('',(#91));
#93=SURFACE_STYLE_USAGE(.BOTH.,#92);
#94=PRESENTATION_STYLE_ASSIGNMENT((#93));
#95=STYLED_ITEM('',(#94),#86);
#96=ADVANCED_BREP_SHAPE_REPRESENTATION('NONE',(#45,#56,#66,#76,#86),#6);
#97=SHAPE_REPRESENTATION_RELATIONSHIP('','',#1,#96);
#98=GEOMETRIC_CURVE_SET('',(#2198,#2204,#2210,#2216,#2222,#2228));
#99=GEOMETRICALLY_BOUNDED_WIREFRAME_SHAPE_REPRESENTATION('NONE',(#98),#6);
#100=SHAPE_REPRESENTATION_RELATIONSHIP('','',#1,#99);
#101=ADVANCED_FACE('',(#2234,#2236,#2238,#2240),#2242,.F.);
#102=COLOUR_RGB($,0.827450980392157,0.831372549019608,0.835294117647059);
#103=FILL_AREA_STYLE_COLOUR($,#102);
#104=FILL_AREA_STYLE($,(#103));
#105=SURFACE_STYLE_FILL_AREA(#104);
#106=SURFACE_SIDE_STYLE('',(#105));
#107=SURFACE_STYLE_USAGE(.BOTH.,#106);
#108=PRESENTATION_STYLE_ASSIGNMENT((#107));
#109=STYLED_ITEM('',(#108),#101);
#110=ADVANCED_FACE('',(#2247),#2249,.F.);
#111=COLOUR_RGB($,0.827450980392157,0.831372549019608,0.835294117647059);
#112=FILL_AREA_STYLE_COLOUR($,#111);
#113=FILL_AREA_STYLE($,(#112));
#114=SURFACE_STYLE_FILL_AREA(#113);
#115=SURFACE_SIDE_STYLE('',(#114));
#116=SURFACE_STYLE_USAGE(.BOTH.,#115);
#117=PRESENTATION_STYLE_ASSIGNMENT((#116));
#118=STYLED_ITEM('',(#117),#110);
#119=ADVANCED_FACE('',(#2254),#2256,.F.);
#120=COLOUR_RGB($,0.827450980392157,0.831372549019608,0.835294117647059);
#121=FILL_AREA_STYLE_COLOUR($,#120);
#122=FILL_AREA_STYLE($,(#121));
#123=SURFACE_STYLE_FILL_AREA(#122);
#124=SURFACE_SIDE_STYLE('',(#123));
#125=SURFACE_STYLE_USAGE(.BOTH.,#124);
#126=PRESENTATION_STYLE_ASSIGNMENT((#125));
#127=STYLED_ITEM('',(#126),#119);
#128=ADVANCED_FACE('',(#2261),#2263,.F.);
#129=COLOUR_RGB($,0.827450980392157,0.831372549019608,0.835294117647059);
#130=FILL_AREA_STYLE_COLOUR($,#129);
#131=FILL_AREA_STYLE($,(#130));
#132=SURFACE_STYLE_FILL_AREA(#131);
#133=SURFACE_SIDE_STYLE('',(#132));
#134=SURFACE_STYLE_USAGE(.BOTH.,#133);
#135=PRESENTATION_STYLE_ASSIGNMENT((#134));
#136=STYLED_ITEM('',(#135),#128);
#137=ADVANCED_FACE('',(#2268),#2270,.F.);
#138=COLOUR_RGB($,0.827450980392157,0.831372549019608,0.835294117647059);
#139=FILL_AREA_STYLE_COLOUR($,#138);
#140=FILL_AREA_STYLE($,(#139));
#141=SURFACE_STYLE_FILL_AREA(#140);
#142=SURFACE_SIDE_STYLE('',(#141));
#143=SURFACE_STYLE_USAGE(.BOTH.,#142);
#144=PRESENTATION_STYLE_ASSIGNMENT((#143));
#145=STYLED_ITEM('',(#144),#137);
#146=ADVANCED_FACE('',(#2275),#2277,.F.);
#147=COLOUR_RGB($,0.827450980392157,0.831372549019608,0.835294117647059);
#148=FILL_AREA_STYLE_COLOUR($,#147);
#149=FILL_AREA_STYLE($,(#148));
#150=SURFACE_STYLE_FILL_AREA(#149);
#151=SURFACE_SIDE_STYLE('',(#150));
#152=SURFACE_STYLE_USAGE(.BOTH.,#151);
#153=PRESENTATION_STYLE_ASSIGNMENT((#152));
#154=STYLED_ITEM('',(#153),#146);
#155=ADVANCED_FACE('',(#2282),#2284,.F.);
#156=COLOUR_RGB($,0.827450980392157,0.831372549019608,0.835294117647059);
#157=FILL_AREA_STYLE_COLOUR($,#156);
#158=FILL_AREA_STYLE($,(#157));
#159=SURFACE_STYLE_FILL_AREA(#158);
#160=SURFACE_SIDE_STYLE('',(#159));
#161=SURFACE_STYLE_USAGE(.BOTH.,#160);
#162=PRESENTATION_STYLE_ASSIGNMENT((#161));
#163=STYLED_ITEM('',(#162),#155);
#164=ADVANCED_FACE('',(#2289),#2291,.F.);
#165=COLOUR_RGB($,0.827450980392157,0.831372549019608,0.835294117647059);
#166=FILL_AREA_STYLE_COLOUR($,#165);
#167=FILL_AREA_STYLE($,(#166));
#168=SURFACE_STYLE_FILL_AREA(#167);
#169=SURFACE_SIDE_STYLE('',(#168));
#170=SURFACE_STYLE_USAGE(.BOTH.,#169);
#171=PRESENTATION_STYLE_ASSIGNMENT((#170));
#172=STYLED_ITEM('',(#171),#164);
#173=ADVANCED_FACE('',(#2296),#2298,.F.);
#174=COLOUR_RGB($,0.827450980392157,0.831372549019608,0.835294117647059);
#175=FILL_AREA_STYLE_COLOUR($,#174);
#176=FILL_AREA_STYLE($,(#175));
#177=SURFACE_STYLE_FILL_AREA(#176);
#178=SURFACE_SIDE_STYLE('',(#177));
#179=SURFACE_STYLE_USAGE(.BOTH.,#178);
#180=PRESENTATION_STYLE_ASSIGNMENT((#179));
#181=STYLED_ITEM('',(#180),#173);
#182=ADVANCED_FACE('',(#2303),#2305,.F.);
#183=COLOUR_RGB($,0.827450980392157,0.831372549019608,0.835294117647059);
#184=FILL_AREA_STYLE_COLOUR($,#183);
#185=FILL_AREA_STYLE($,(#184));
#186=SURFACE_STYLE_FILL_AREA(#185);
#187=SURFACE_SIDE_STYLE('',(#186));
#188=SURFACE_STYLE_USAGE(.BOTH.,#187);
#189=PRESENTATION_STYLE_ASSIGNMENT((#188));
#190=STYLED_ITEM('',(#189),#182);
#191=ADVANCED_FACE('',(#2310),#2312,.F.);
#192=COLOUR_RGB($,0.827450980392157,0.831372549019608,0.835294117647059);
#193=FILL_AREA_STYLE_COLOUR($,#192);
#194=FILL_AREA_STYLE($,(#193));
#195=SURFACE_STYLE_FILL_AREA(#194);
#196=SURFACE_SIDE_STYLE('',(#195));
#197=SURFACE_STYLE_USAGE(.BOTH.,#196);
#198=PRESENTATION_STYLE_ASSIGNMENT((#197));
#199=STYLED_ITEM('',(#198),#191);
#200=ADVANCED_FACE('',(#2317),#2319,.F.);
#201=COLOUR_RGB($,0.827450980392157,0.831372549019608,0.835294117647059);
#202=FILL_AREA_STYLE_COLOUR($,#201);
#203=FILL_AREA_STYLE($,(#202));
#204=SURFACE_STYLE_FILL_AREA(#203);
#205=SURFACE_SIDE_STYLE('',(#204));
#206=SURFACE_STYLE_USAGE(.BOTH.,#205);
#207=PRESENTATION_STYLE_ASSIGNMENT((#206));
#208=STYLED_ITEM('',(#207),#200);
#209=ADVANCED_FACE('',(#2324),#2326,.F.);
#210=COLOUR_RGB($,0.827450980392157,0.831372549019608,0.835294117647059);
#211=FILL_AREA_STYLE_COLOUR($,#210);
#212=FILL_AREA_STYLE($,(#211));
#213=SURFACE_STYLE_FILL_AREA(#212);
#214=SURFACE_SIDE_STYLE('',(#213));
#215=SURFACE_STYLE_USAGE(.BOTH.,#214);
#216=PRESENTATION_STYLE_ASSIGNMENT((#215));
#217=STYLED_ITEM('',(#216),#209);
#218=ADVANCED_FACE('',(#2331),#2333,.F.);
#219=COLOUR_RGB($,0.827450980392157,0.831372549019608,0.835294117647059);
#220=FILL_AREA_STYLE_COLOUR($,#219);
#221=FILL_AREA_STYLE($,(#220));
#222=SURFACE_STYLE_FILL_AREA(#221);
#223=SURFACE_SIDE_STYLE('',(#222));
#224=SURFACE_STYLE_USAGE(.BOTH.,#223);
#225=PRESENTATION_STYLE_ASSIGNMENT((#224));
#226=STYLED_ITEM('',(#225),#218);
#227=ADVANCED_FACE('',(#2338),#2340,.F.);
#228=COLOUR_RGB($,0.827450980392157,0.831372549019608,0.835294117647059);
#229=FILL_AREA_STYLE_COLOUR($,#228);
#230=FILL_AREA_STYLE($,(#229));
#231=SURFACE_STYLE_FILL_AREA(#230);
#232=SURFACE_SIDE_STYLE('',(#231));
#233=SURFACE_STYLE_USAGE(.BOTH.,#232);
#234=PRESENTATION_STYLE_ASSIGNMENT((#233));
#235=STYLED_ITEM('',(#234),#227);
#236=ADVANCED_FACE('',(#2345),#2347,.F.);
#237=COLOUR_RGB($,0.827450980392157,0.831372549019608,0.835294117647059);
#238=FILL_AREA_STYLE_COLOUR($,#237);
#239=FILL_AREA_STYLE($,(#238));
#240=SURFACE_STYLE_FILL_AREA(#239);
#241=SURFACE_SIDE_STYLE('',(#240));
#242=SURFACE_STYLE_USAGE(.BOTH.,#241);
#243=PRESENTATION_STYLE_ASSIGNMENT((#242));
#244=STYLED_ITEM('',(#243),#236);
#245=ADVANCED_FACE('',(#2352),#2354,.F.);
#246=COLOUR_RGB($,0.827450980392157,0.831372549019608,0.835294117647059);
#247=FILL_AREA_STYLE_COLOUR($,#246);
#248=FILL_AREA_STYLE($,(#247));
#249=SURFACE_STYLE_FILL_AREA(#248);
#250=SURFACE_SIDE_STYLE('',(#249));
#251=SURFACE_STYLE_USAGE(.BOTH.,#250);
#252=PRESENTATION_STYLE_ASSIGNMENT((#251));
#253=STYLED_ITEM('',(#252),#245);
#254=ADVANCED_FACE('',(#2359),#2361,.F.);
#255=COLOUR_RGB($,0.827450980392157,0.831372549019608,0.835294117647059);
#256=FILL_AREA_STYLE_COLOUR($,#255);
#257=FILL_AREA_STYLE($,(#256));
#258=SURFACE_STYLE_FILL_AREA(#257);
#259=SURFACE_SIDE_STYLE('',(#258));
#260=SURFACE_STYLE_USAGE(.BOTH.,#259);
#261=PRESENTATION_STYLE_ASSIGNMENT((#260));
#262=STYLED_ITEM('',(#261),#254);
#263=ADVANCED_FACE('',(#2366),#2368,.F.);
#264=COLOUR_RGB($,0.827450980392157,0.831372549019608,0.835294117647059);
#265=FILL_AREA_STYLE_COLOUR($,#264);
#266=FILL_AREA_STYLE($,(#265));
#267=SURFACE_STYLE_FILL_AREA(#266);
#268=SURFACE_SIDE_STYLE('',(#267));
#269=SURFACE_STYLE_USAGE(.BOTH.,#268);
#270=PRESENTATION_STYLE_ASSIGNMENT((#269));
#271=STYLED_ITEM('',(#270),#263);
#272=ADVANCED_FACE('',(#2373),#2375,.F.);
#273=COLOUR_RGB($,0.827450980392157,0.831372549019608,0.835294117647059);
#274=FILL_AREA_STYLE_COLOUR($,#273);
#275=FILL_AREA_STYLE($,(#274));
#276=SURFACE_STYLE_FILL_AREA(#275);
#277=SURFACE_SIDE_STYLE('',(#276));
#278=SURFACE_STYLE_USAGE(.BOTH.,#277);
#279=PRESENTATION_STYLE_ASSIGNMENT((#278));
#280=STYLED_ITEM('',(#279),#272);
#281=ADVANCED_FACE('',(#2380),#2382,.F.);
#282=COLOUR_RGB($,0.827450980392157,0.831372549019608,0.835294117647059);
#283=FILL_AREA_STYLE_COLOUR($,#282);
#284=FILL_AREA_STYLE($,(#283));
#285=SURFACE_STYLE_FILL_AREA(#284);
#286=SURFACE_SIDE_STYLE('',(#285));
#287=SURFACE_STYLE_USAGE(.BOTH.,#286);
#288=PRESENTATION_STYLE_ASSIGNMENT((#287));
#289=STYLED_ITEM('',(#288),#281);
#290=ADVANCED_FACE('',(#2387),#2389,.F.);
#291=COLOUR_RGB($,0.827450980392157,0.831372549019608,0.835294117647059);
#292=FILL_AREA_STYLE_COLOUR($,#291);
#293=FILL_AREA_STYLE($,(#292));
#294=SURFACE_STYLE_FILL_AREA(#293);
#295=SURFACE_SIDE_STYLE('',(#294));
#296=SURFACE_STYLE_USAGE(.BOTH.,#295);
#297=PRESENTATION_STYLE_ASSIGNMENT((#296));
#298=STYLED_ITEM('',(#297),#290);
#299=ADVANCED_FACE('',(#2394),#2396,.F.);
#300=COLOUR_RGB($,0.827450980392157,0.831372549019608,0.835294117647059);
#301=FILL_AREA_STYLE_COLOUR($,#300);
#302=FILL_AREA_STYLE($,(#301));
#303=SURFACE_STYLE_FILL_AREA(#302);
#304=SURFACE_SIDE_STYLE('',(#303));
#305=SURFACE_STYLE_USAGE(.BOTH.,#304);
#306=PRESENTATION_STYLE_ASSIGNMENT((#305));
#307=STYLED_ITEM('',(#306),#299);
#308=ADVANCED_FACE('',(#2401),#2403,.F.);
#309=COLOUR_RGB($,0.827450980392157,0.831372549019608,0.835294117647059);
#310=FILL_AREA_STYLE_COLOUR($,#309);
#311=FILL_AREA_STYLE($,(#310));
#312=SURFACE_STYLE_FILL_AREA(#311);
#313=SURFACE_SIDE_STYLE('',(#312));
#314=SURFACE_STYLE_USAGE(.BOTH.,#313);
#315=PRESENTATION_STYLE_ASSIGNMENT((#314));
#316=STYLED_ITEM('',(#315),#308);
#317=ADVANCED_FACE('',(#2408),#2410,.F.);
#318=COLOUR_RGB($,0.827450980392157,0.831372549019608,0.835294117647059);
#319=FILL_AREA_STYLE_COLOUR($,#318);
#320=FILL_AREA_STYLE($,(#319));
#321=SURFACE_STYLE_FILL_AREA(#320);
#322=SURFACE_SIDE_STYLE('',(#321));
#323=SURFACE_STYLE_USAGE(.BOTH.,#322);
#324=PRESENTATION_STYLE_ASSIGNMENT((#323));
#325=STYLED_ITEM('',(#324),#317);
#326=ADVANCED_FACE('',(#2415),#2417,.T.);
#327=COLOUR_RGB($,0.827450980392157,0.831372549019608,0.835294117647059);
#328=FILL_AREA_STYLE_COLOUR($,#327);
#329=FILL_AREA_STYLE($,(#328));
#330=SURFACE_STYLE_FILL_AREA(#329);
#331=SURFACE_SIDE_STYLE('',(#330));
#332=SURFACE_STYLE_USAGE(.BOTH.,#331);
#333=PRESENTATION_STYLE_ASSIGNMENT((#332));
#334=STYLED_ITEM('',(#333),#326);
#335=ADVANCED_FACE('',(#2422),#2424,.T.);
#336=COLOUR_RGB($,0.827450980392157,0.831372549019608,0.835294117647059);
#337=FILL_AREA_STYLE_COLOUR($,#336);
#338=FILL_AREA_STYLE($,(#337));
#339=SURFACE_STYLE_FILL_AREA(#338);
#340=SURFACE_SIDE_STYLE('',(#339));
#341=SURFACE_STYLE_USAGE(.BOTH.,#340);
#342=PRESENTATION_STYLE_ASSIGNMENT((#341));
#343=STYLED_ITEM('',(#342),#335);
#344=ADVANCED_FACE('',(#2429),#2431,.F.);
#345=COLOUR_RGB($,0.827450980392157,0.831372549019608,0.835294117647059);
#346=FILL_AREA_STYLE_COLOUR($,#345);
#347=FILL_AREA_STYLE($,(#346));
#348=SURFACE_STYLE_FILL_AREA(#347);
#349=SURFACE_SIDE_STYLE('',(#348));
#350=SURFACE_STYLE_USAGE(.BOTH.,#349);
#351=PRESENTATION_STYLE_ASSIGNMENT((#350));
#352=STYLED_ITEM('',(#351),#344);
#353=ADVANCED_FACE('',(#2436),#2438,.T.);
#354=COLOUR_RGB($,0.827450980392157,0.831372549019608,0.835294117647059);
#355=FILL_AREA_STYLE_COLOUR($,#354);
#356=FILL_AREA_STYLE($,(#355));
#357=SURFACE_STYLE_FILL_AREA(#356);
#358=SURFACE_SIDE_STYLE('',(#357));
#359=SURFACE_STYLE_USAGE(.BOTH.,#358);
#360=PRESENTATION_STYLE_ASSIGNMENT((#359));
#361=STYLED_ITEM('',(#360),#353);
#362=ADVANCED_FACE('',(#2443),#2445,.T.);
#363=COLOUR_RGB($,0.827450980392157,0.831372549019608,0.835294117647059);
#364=FILL_AREA_STYLE_COLOUR($,#363);
#365=FILL_AREA_STYLE($,(#364));
#366=SURFACE_STYLE_FILL_AREA(#365);
#367=SURFACE_SIDE_STYLE('',(#366));
#368=SURFACE_STYLE_USAGE(.BOTH.,#367);
#369=PRESENTATION_STYLE_ASSIGNMENT((#368));
#370=STYLED_ITEM('',(#369),#362);
#371=ADVANCED_FACE('',(#2450),#2452,.T.);
#372=COLOUR_RGB($,0.827450980392157,0.831372549019608,0.835294117647059);
#373=FILL_AREA_STYLE_COLOUR($,#372);
#374=FILL_AREA_STYLE($,(#373));
#375=SURFACE_STYLE_FILL_AREA(#374);
#376=SURFACE_SIDE_STYLE('',(#375));
#377=SURFACE_STYLE_USAGE(.BOTH.,#376);
#378=PRESENTATION_STYLE_ASSIGNMENT((#377));
#379=STYLED_ITEM('',(#378),#371);
#380=ADVANCED_FACE('',(#2457),#2459,.F.);
#381=COLOUR_RGB($,0.827450980392157,0.831372549019608,0.835294117647059);
#382=FILL_AREA_STYLE_COLOUR($,#381);
#383=FILL_AREA_STYLE($,(#382));
#384=SURFACE_STYLE_FILL_AREA(#383);
#385=SURFACE_SIDE_STYLE('',(#384));
#386=SURFACE_STYLE_USAGE(.BOTH.,#385);
#387=PRESENTATION_STYLE_ASSIGNMENT((#386));
#388=STYLED_ITEM('',(#387),#380);
#389=ADVANCED_FACE('',(#2464),#2466,.T.);
#390=COLOUR_RGB($,0.827450980392157,0.831372549019608,0.835294117647059);
#391=FILL_AREA_STYLE_COLOUR($,#390);
#392=FILL_AREA_STYLE($,(#391));
#393=SURFACE_STYLE_FILL_AREA(#392);
#394=SURFACE_SIDE_STYLE('',(#393));
#395=SURFACE_STYLE_USAGE(.BOTH.,#394);
#396=PRESENTATION_STYLE_ASSIGNMENT((#395));
#397=STYLED_ITEM('',(#396),#389);
#398=ADVANCED_FACE('',(#2471),#2473,.T.);
#399=COLOUR_RGB($,0.827450980392157,0.831372549019608,0.835294117647059);
#400=FILL_AREA_STYLE_COLOUR($,#399);
#401=FILL_AREA_STYLE($,(#400));
#402=SURFACE_STYLE_FILL_AREA(#401);
#403=SURFACE_SIDE_STYLE('',(#402));
#404=SURFACE_STYLE_USAGE(.BOTH.,#403);
#405=PRESENTATION_STYLE_ASSIGNMENT((#404));
#406=STYLED_ITEM('',(#405),#398);
#407=ADVANCED_FACE('',(#2478),#2480,.F.);
#408=COLOUR_RGB($,0.827450980392157,0.831372549019608,0.835294117647059);
#409=FILL_AREA_STYLE_COLOUR($,#408);
#410=FILL_AREA_STYLE($,(#409));
#411=SURFACE_STYLE_FILL_AREA(#410);
#412=SURFACE_SIDE_STYLE('',(#411));
#413=SURFACE_STYLE_USAGE(.BOTH.,#412);
#414=PRESENTATION_STYLE_ASSIGNMENT((#413));
#415=STYLED_ITEM('',(#414),#407);
#416=ADVANCED_FACE('',(#2485),#2487,.F.);
#417=COLOUR_RGB($,0.827450980392157,0.831372549019608,0.835294117647059);
#418=FILL_AREA_STYLE_COLOUR($,#417);
#419=FILL_AREA_STYLE($,(#418));
#420=SURFACE_STYLE_FILL_AREA(#419);
#421=SURFACE_SIDE_STYLE('',(#420));
#422=SURFACE_STYLE_USAGE(.BOTH.,#421);
#423=PRESENTATION_STYLE_ASSIGNMENT((#422));
#424=STYLED_ITEM('',(#423),#416);
#425=ADVANCED_FACE('',(#2492),#2494,.T.);
#426=COLOUR_RGB($,0.827450980392157,0.831372549019608,0.835294117647059);
#427=FILL_AREA_STYLE_COLOUR($,#426);
#428=FILL_AREA_STYLE($,(#427));
#429=SURFACE_STYLE_FILL_AREA(#428);
#430=SURFACE_SIDE_STYLE('',(#429));
#431=SURFACE_STYLE_USAGE(.BOTH.,#430);
#432=PRESENTATION_STYLE_ASSIGNMENT((#431));
#433=STYLED_ITEM('',(#432),#425);
#434=ADVANCED_FACE('',(#2499),#2501,.T.);
#435=COLOUR_RGB($,0.827450980392157,0.831372549019608,0.835294117647059);
#436=FILL_AREA_STYLE_COLOUR($,#435);
#437=FILL_AREA_STYLE($,(#436));
#438=SURFACE_STYLE_FILL_AREA(#437);
#439=SURFACE_SIDE_STYLE('',(#438));
#440=SURFACE_STYLE_USAGE(.BOTH.,#439);
#441=PRESENTATION_STYLE_ASSIGNMENT((#440));
#442=STYLED_ITEM('',(#441),#434);
#443=ADVANCED_FACE('',(#2506),#2508,.T.);
#444=COLOUR_RGB($,0.827450980392157,0.831372549019608,0.835294117647059);
#445=FILL_AREA_STYLE_COLOUR($,#444);
#446=FILL_AREA_STYLE($,(#445));
#447=SURFACE_STYLE_FILL_AREA(#446);
#448=SURFACE_SIDE_STYLE('',(#447));
#449=SURFACE_STYLE_USAGE(.BOTH.,#448);
#450=PRESENTATION_STYLE_ASSIGNMENT((#449));
#451=STYLED_ITEM('',(#450),#443);
#452=ADVANCED_FACE('',(#2513),#2515,.T.);
#453=COLOUR_RGB($,0.827450980392157,0.831372549019608,0.835294117647059);
#454=FILL_AREA_STYLE_COLOUR($,#453);
#455=FILL_AREA_STYLE($,(#454));
#456=SURFACE_STYLE_FILL_AREA(#455);
#457=SURFACE_SIDE_STYLE('',(#456));
#458=SURFACE_STYLE_USAGE(.BOTH.,#457);
#459=PRESENTATION_STYLE_ASSIGNMENT((#458));
#460=STYLED_ITEM('',(#459),#452);
#461=ADVANCED_FACE('',(#2520),#2522,.T.);
#462=COLOUR_RGB($,0.827450980392157,0.831372549019608,0.835294117647059);
#463=FILL_AREA_STYLE_COLOUR($,#462);
#464=FILL_AREA_STYLE($,(#463));
#465=SURFACE_STYLE_FILL_AREA(#464);
#466=SURFACE_SIDE_STYLE('',(#465));
#467=SURFACE_STYLE_USAGE(.BOTH.,#466);
#468=PRESENTATION_STYLE_ASSIGNMENT((#467));
#469=STYLED_ITEM('',(#468),#461);
#470=ADVANCED_FACE('',(#2527),#2529,.F.);
#471=COLOUR_RGB($,0.827450980392157,0.831372549019608,0.835294117647059);
#472=FILL_AREA_STYLE_COLOUR($,#471);
#473=FILL_AREA_STYLE($,(#472));
#474=SURFACE_STYLE_FILL_AREA(#473);
#475=SURFACE_SIDE_STYLE('',(#474));
#476=SURFACE_STYLE_USAGE(.BOTH.,#475);
#477=PRESENTATION_STYLE_ASSIGNMENT((#476));
#478=STYLED_ITEM('',(#477),#470);
#479=ADVANCED_FACE('',(#2534),#2536,.F.);
#480=COLOUR_RGB($,0.827450980392157,0.831372549019608,0.835294117647059);
#481=FILL_AREA_STYLE_COLOUR($,#480);
#482=FILL_AREA_STYLE($,(#481));
#483=SURFACE_STYLE_FILL_AREA(#482);
#484=SURFACE_SIDE_STYLE('',(#483));
#485=SURFACE_STYLE_USAGE(.BOTH.,#484);
#486=PRESENTATION_STYLE_ASSIGNMENT((#485));
#487=STYLED_ITEM('',(#486),#479);
#488=ADVANCED_FACE('',(#2541,#2543,#2545,#2547),#2549,.T.);
#489=COLOUR_RGB($,0.827450980392157,0.831372549019608,0.835294117647059);
#490=FILL_AREA_STYLE_COLOUR($,#489);
#491=FILL_AREA_STYLE($,(#490));
#492=SURFACE_STYLE_FILL_AREA(#491);
#493=SURFACE_SIDE_STYLE('',(#492));
#494=SURFACE_STYLE_USAGE(.BOTH.,#493);
#495=PRESENTATION_STYLE_ASSIGNMENT((#494));
#496=STYLED_ITEM('',(#495),#488);
#497=ADVANCED_FACE('',(#2554),#2556,.T.);
#498=COLOUR_RGB($,0.827450980392157,0.831372549019608,0.835294117647059);
#499=FILL_AREA_STYLE_COLOUR($,#498);
#500=FILL_AREA_STYLE($,(#499));
#501=SURFACE_STYLE_FILL_AREA(#500);
#502=SURFACE_SIDE_STYLE('',(#501));
#503=SURFACE_STYLE_USAGE(.BOTH.,#502);
#504=PRESENTATION_STYLE_ASSIGNMENT((#503));
#505=STYLED_ITEM('',(#504),#497);
#506=ADVANCED_FACE('',(#2561),#2563,.T.);
#507=COLOUR_RGB($,0.827450980392157,0.831372549019608,0.835294117647059);
#508=FILL_AREA_STYLE_COLOUR($,#507);
#509=FILL_AREA_STYLE($,(#508));
#510=SURFACE_STYLE_FILL_AREA(#509);
#511=SURFACE_SIDE_STYLE('',(#510));
#512=SURFACE_STYLE_USAGE(.BOTH.,#511);
#513=PRESENTATION_STYLE_ASSIGNMENT((#512));
#514=STYLED_ITEM('',(#513),#506);
#515=ADVANCED_FACE('',(#2568),#2570,.T.);
#516=COLOUR_RGB($,0.827450980392157,0.831372549019608,0.835294117647059);
#517=FILL_AREA_STYLE_COLOUR($,#516);
#518=FILL_AREA_STYLE($,(#517));
#519=SURFACE_STYLE_FILL_AREA(#518);
#520=SURFACE_SIDE_STYLE('',(#519));
#521=SURFACE_STYLE_USAGE(.BOTH.,#520);
#522=PRESENTATION_STYLE_ASSIGNMENT((#521));
#523=STYLED_ITEM('',(#522),#515);
#524=ADVANCED_FACE('',(#2583),#2585,.F.);
#525=COLOUR_RGB($,0.827450980392157,0.831372549019608,0.835294117647059);
#526=FILL_AREA_STYLE_COLOUR($,#525);
#527=FILL_AREA_STYLE($,(#526));
#528=SURFACE_STYLE_FILL_AREA(#527);
#529=SURFACE_SIDE_STYLE('',(#528));
#530=SURFACE_STYLE_USAGE(.BOTH.,#529);
#531=PRESENTATION_STYLE_ASSIGNMENT((#530));
#532=STYLED_ITEM('',(#531),#524);
#533=ADVANCED_FACE('',(#2590),#2592,.F.);
#534=COLOUR_RGB($,0.827450980392157,0.831372549019608,0.835294117647059);
#535=FILL_AREA_STYLE_COLOUR($,#534);
#536=FILL_AREA_STYLE($,(#535));
#537=SURFACE_STYLE_FILL_AREA(#536);
#538=SURFACE_SIDE_STYLE('',(#537));
#539=SURFACE_STYLE_USAGE(.BOTH.,#538);
#540=PRESENTATION_STYLE_ASSIGNMENT((#539));
#541=STYLED_ITEM('',(#540),#533);
#542=ADVANCED_FACE('',(#2597),#2599,.T.);
#543=COLOUR_RGB($,0.827450980392157,0.831372549019608,0.835294117647059);
#544=FILL_AREA_STYLE_COLOUR($,#543);
#545=FILL_AREA_STYLE($,(#544));
#546=SURFACE_STYLE_FILL_AREA(#545);
#547=SURFACE_SIDE_STYLE('',(#546));
#548=SURFACE_STYLE_USAGE(.BOTH.,#547);
#549=PRESENTATION_STYLE_ASSIGNMENT((#548));
#550=STYLED_ITEM('',(#549),#542);
#551=ADVANCED_FACE('',(#2604),#2606,.T.);
#552=COLOUR_RGB($,0.827450980392157,0.831372549019608,0.835294117647059);
#553=FILL_AREA_STYLE_COLOUR($,#552);
#554=FILL_AREA_STYLE($,(#553));
#555=SURFACE_STYLE_FILL_AREA(#554);
#556=SURFACE_SIDE_STYLE('',(#555));
#557=SURFACE_STYLE_USAGE(.BOTH.,#556);
#558=PRESENTATION_STYLE_ASSIGNMENT((#557));
#559=STYLED_ITEM('',(#558),#551);
#560=ADVANCED_FACE('',(#2611),#2613,.T.);
#561=COLOUR_RGB($,0.827450980392157,0.831372549019608,0.835294117647059);
#562=FILL_AREA_STYLE_COLOUR($,#561);
#563=FILL_AREA_STYLE($,(#562));
#564=SURFACE_STYLE_FILL_AREA(#563);
#565=SURFACE_SIDE_STYLE('',(#564));
#566=SURFACE_STYLE_USAGE(.BOTH.,#565);
#567=PRESENTATION_STYLE_ASSIGNMENT((#566));
#568=STYLED_ITEM('',(#567),#560);
#569=ADVANCED_FACE('',(#2618),#2620,.T.);
#570=COLOUR_RGB($,0.827450980392157,0.831372549019608,0.835294117647059);
#571=FILL_AREA_STYLE_COLOUR($,#570);
#572=FILL_AREA_STYLE($,(#571));
#573=SURFACE_STYLE_FILL_AREA(#572);
#574=SURFACE_SIDE_STYLE('',(#573));
#575=SURFACE_STYLE_USAGE(.BOTH.,#574);
#576=PRESENTATION_STYLE_ASSIGNMENT((#575));
#577=STYLED_ITEM('',(#576),#569);
#578=ADVANCED_FACE('',(#2625),#2627,.T.);
#579=COLOUR_RGB($,0.827450980392157,0.831372549019608,0.835294117647059);
#580=FILL_AREA_STYLE_COLOUR($,#579);
#581=FILL_AREA_STYLE($,(#580));
#582=SURFACE_STYLE_FILL_AREA(#581);
#583=SURFACE_SIDE_STYLE('',(#582));
#584=SURFACE_STYLE_USAGE(.BOTH.,#583);
#585=PRESENTATION_STYLE_ASSIGNMENT((#584));
#586=STYLED_ITEM('',(#585),#578);
#587=ADVANCED_FACE('',(#2632),#2634,.T.);
#588=COLOUR_RGB($,0.827450980392157,0.831372549019608,0.835294117647059);
#589=FILL_AREA_STYLE_COLOUR($,#588);
#590=FILL_AREA_STYLE($,(#589));
#591=SURFACE_STYLE_FILL_AREA(#590);
#592=SURFACE_SIDE_STYLE('',(#591));
#593=SURFACE_STYLE_USAGE(.BOTH.,#592);
#594=PRESENTATION_STYLE_ASSIGNMENT((#593));
#595=STYLED_ITEM('',(#594),#587);
#596=ADVANCED_FACE('',(#2639),#2641,.T.);
#597=COLOUR_RGB($,0.827450980392157,0.831372549019608,0.835294117647059);
#598=FILL_AREA_STYLE_COLOUR($,#597);
#599=FILL_AREA_STYLE($,(#598));
#600=SURFACE_STYLE_FILL_AREA(#599);
#601=SURFACE_SIDE_STYLE('',(#600));
#602=SURFACE_STYLE_USAGE(.BOTH.,#601);
#603=PRESENTATION_STYLE_ASSIGNMENT((#602));
#604=STYLED_ITEM('',(#603),#596);
#605=ADVANCED_FACE('',(#2646),#2648,.T.);
#606=COLOUR_RGB($,0.827450980392157,0.831372549019608,0.835294117647059);
#607=FILL_AREA_STYLE_COLOUR($,#606);
#608=FILL_AREA_STYLE($,(#607));
#609=SURFACE_STYLE_FILL_AREA(#608);
#610=SURFACE_SIDE_STYLE('',(#609));
#611=SURFACE_STYLE_USAGE(.BOTH.,#610);
#612=PRESENTATION_STYLE_ASSIGNMENT((#611));
#613=STYLED_ITEM('',(#612),#605);
#614=ADVANCED_FACE('',(#2653),#2655,.T.);
#615=COLOUR_RGB($,0.827450980392157,0.831372549019608,0.835294117647059);
#616=FILL_AREA_STYLE_COLOUR($,#615);
#617=FILL_AREA_STYLE($,(#616));
#618=SURFACE_STYLE_FILL_AREA(#617);
#619=SURFACE_SIDE_STYLE('',(#618));
#620=SURFACE_STYLE_USAGE(.BOTH.,#619);
#621=PRESENTATION_STYLE_ASSIGNMENT((#620));
#622=STYLED_ITEM('',(#621),#614);
#623=ADVANCED_FACE('',(#2660),#2662,.T.);
#624=COLOUR_RGB($,0.827450980392157,0.831372549019608,0.835294117647059);
#625=FILL_AREA_STYLE_COLOUR($,#624);
#626=FILL_AREA_STYLE($,(#625));
#627=SURFACE_STYLE_FILL_AREA(#626);
#628=SURFACE_SIDE_STYLE('',(#627));
#629=SURFACE_STYLE_USAGE(.BOTH.,#628);
#630=PRESENTATION_STYLE_ASSIGNMENT((#629));
#631=STYLED_ITEM('',(#630),#623);
#632=ADVANCED_FACE('',(#2667),#2669,.T.);
#633=COLOUR_RGB($,0.827450980392157,0.831372549019608,0.835294117647059);
#634=FILL_AREA_STYLE_COLOUR($,#633);
#635=FILL_AREA_STYLE($,(#634));
#636=SURFACE_STYLE_FILL_AREA(#635);
#637=SURFACE_SIDE_STYLE('',(#636));
#638=SURFACE_STYLE_USAGE(.BOTH.,#637);
#639=PRESENTATION_STYLE_ASSIGNMENT((#638));
#640=STYLED_ITEM('',(#639),#632);
#641=ADVANCED_FACE('',(#2682),#2684,.T.);
#642=COLOUR_RGB($,0.827450980392157,0.831372549019608,0.835294117647059);
#643=FILL_AREA_STYLE_COLOUR($,#642);
#644=FILL_AREA_STYLE($,(#643));
#645=SURFACE_STYLE_FILL_AREA(#644);
#646=SURFACE_SIDE_STYLE('',(#645));
#647=SURFACE_STYLE_USAGE(.BOTH.,#646);
#648=PRESENTATION_STYLE_ASSIGNMENT((#647));
#649=STYLED_ITEM('',(#648),#641);
#650=ADVANCED_FACE('',(#2689),#2691,.T.);
#651=COLOUR_RGB($,0.827450980392157,0.831372549019608,0.835294117647059);
#652=FILL_AREA_STYLE_COLOUR($,#651);
#653=FILL_AREA_STYLE($,(#652));
#654=SURFACE_STYLE_FILL_AREA(#653);
#655=SURFACE_SIDE_STYLE('',(#654));
#656=SURFACE_STYLE_USAGE(.BOTH.,#655);
#657=PRESENTATION_STYLE_ASSIGNMENT((#656));
#658=STYLED_ITEM('',(#657),#650);
#659=ADVANCED_FACE('',(#2696),#2698,.T.);
#660=COLOUR_RGB($,0.827450980392157,0.831372549019608,0.835294117647059);
#661=FILL_AREA_STYLE_COLOUR($,#660);
#662=FILL_AREA_STYLE($,(#661));
#663=SURFACE_STYLE_FILL_AREA(#662);
#664=SURFACE_SIDE_STYLE('',(#663));
#665=SURFACE_STYLE_USAGE(.BOTH.,#664);
#666=PRESENTATION_STYLE_ASSIGNMENT((#665));
#667=STYLED_ITEM('',(#666),#659);
#668=ADVANCED_FACE('',(#2703),#2705,.F.);
#669=COLOUR_RGB($,0.827450980392157,0.831372549019608,0.835294117647059);
#670=FILL_AREA_STYLE_COLOUR($,#669);
#671=FILL_AREA_STYLE($,(#670));
#672=SURFACE_STYLE_FILL_AREA(#671);
#673=SURFACE_SIDE_STYLE('',(#672));
#674=SURFACE_STYLE_USAGE(.BOTH.,#673);
#675=PRESENTATION_STYLE_ASSIGNMENT((#674));
#676=STYLED_ITEM('',(#675),#668);
#677=ADVANCED_FACE('',(#2710),#2712,.T.);
#678=COLOUR_RGB($,0.827450980392157,0.831372549019608,0.835294117647059);
#679=FILL_AREA_STYLE_COLOUR($,#678);
#680=FILL_AREA_STYLE($,(#679));
#681=SURFACE_STYLE_FILL_AREA(#680);
#682=SURFACE_SIDE_STYLE('',(#681));
#683=SURFACE_STYLE_USAGE(.BOTH.,#682);
#684=PRESENTATION_STYLE_ASSIGNMENT((#683));
#685=STYLED_ITEM('',(#684),#677);
#686=ADVANCED_FACE('',(#2717),#2719,.T.);
#687=COLOUR_RGB($,0.827450980392157,0.831372549019608,0.835294117647059);
#688=FILL_AREA_STYLE_COLOUR($,#687);
#689=FILL_AREA_STYLE($,(#688));
#690=SURFACE_STYLE_FILL_AREA(#689);
#691=SURFACE_SIDE_STYLE('',(#690));
#692=SURFACE_STYLE_USAGE(.BOTH.,#691);
#693=PRESENTATION_STYLE_ASSIGNMENT((#692));
#694=STYLED_ITEM('',(#693),#686);
#695=ADVANCED_FACE('',(#2724),#2726,.T.);
#696=COLOUR_RGB($,0.827450980392157,0.831372549019608,0.835294117647059);
#697=FILL_AREA_STYLE_COLOUR($,#696);
#698=FILL_AREA_STYLE($,(#697));
#699=SURFACE_STYLE_FILL_AREA(#698);
#700=SURFACE_SIDE_STYLE('',(#699));
#701=SURFACE_STYLE_USAGE(.BOTH.,#700);
#702=PRESENTATION_STYLE_ASSIGNMENT((#701));
#703=STYLED_ITEM('',(#702),#695);
#704=ADVANCED_FACE('',(#2731),#2733,.T.);
#705=COLOUR_RGB($,0.827450980392157,0.831372549019608,0.835294117647059);
#706=FILL_AREA_STYLE_COLOUR($,#705);
#707=FILL_AREA_STYLE($,(#706));
#708=SURFACE_STYLE_FILL_AREA(#707);
#709=SURFACE_SIDE_STYLE('',(#708));
#710=SURFACE_STYLE_USAGE(.BOTH.,#709);
#711=PRESENTATION_STYLE_ASSIGNMENT((#710));
#712=STYLED_ITEM('',(#711),#704);
#713=ADVANCED_FACE('',(#2738),#2740,.T.);
#714=COLOUR_RGB($,0.827450980392157,0.831372549019608,0.835294117647059);
#715=FILL_AREA_STYLE_COLOUR($,#714);
#716=FILL_AREA_STYLE($,(#715));
#717=SURFACE_STYLE_FILL_AREA(#716);
#718=SURFACE_SIDE_STYLE('',(#717));
#719=SURFACE_STYLE_USAGE(.BOTH.,#718);
#720=PRESENTATION_STYLE_ASSIGNMENT((#719));
#721=STYLED_ITEM('',(#720),#713);
#722=ADVANCED_FACE('',(#2745),#2747,.T.);
#723=COLOUR_RGB($,0.827450980392157,0.831372549019608,0.835294117647059);
#724=FILL_AREA_STYLE_COLOUR($,#723);
#725=FILL_AREA_STYLE($,(#724));
#726=SURFACE_STYLE_FILL_AREA(#725);
#727=SURFACE_SIDE_STYLE('',(#726));
#728=SURFACE_STYLE_USAGE(.BOTH.,#727);
#729=PRESENTATION_STYLE_ASSIGNMENT((#728));
#730=STYLED_ITEM('',(#729),#722);
#731=ADVANCED_FACE('',(#2752),#2754,.T.);
#732=COLOUR_RGB($,0.827450980392157,0.831372549019608,0.835294117647059);
#733=FILL_AREA_STYLE_COLOUR($,#732);
#734=FILL_AREA_STYLE($,(#733));
#735=SURFACE_STYLE_FILL_AREA(#734);
#736=SURFACE_SIDE_STYLE('',(#735));
#737=SURFACE_STYLE_USAGE(.BOTH.,#736);
#738=PRESENTATION_STYLE_ASSIGNMENT((#737));
#739=STYLED_ITEM('',(#738),#731);
#740=ADVANCED_FACE('',(#2759),#2761,.F.);
#741=COLOUR_RGB($,0.827450980392157,0.831372549019608,0.835294117647059);
#742=FILL_AREA_STYLE_COLOUR($,#741);
#743=FILL_AREA_STYLE($,(#742));
#744=SURFACE_STYLE_FILL_AREA(#743);
#745=SURFACE_SIDE_STYLE('',(#744));
#746=SURFACE_STYLE_USAGE(.BOTH.,#745);
#747=PRESENTATION_STYLE_ASSIGNMENT((#746));
#748=STYLED_ITEM('',(#747),#740);
#749=ADVANCED_FACE('',(#2766),#2768,.T.);
#750=COLOUR_RGB($,0.827450980392157,0.831372549019608,0.835294117647059);
#751=FILL_AREA_STYLE_COLOUR($,#750);
#752=FILL_AREA_STYLE($,(#751));
#753=SURFACE_STYLE_FILL_AREA(#752);
#754=SURFACE_SIDE_STYLE('',(#753));
#755=SURFACE_STYLE_USAGE(.BOTH.,#754);
#756=PRESENTATION_STYLE_ASSIGNMENT((#755));
#757=STYLED_ITEM('',(#756),#749);
#758=ADVANCED_FACE('',(#2773),#2775,.F.);
#759=COLOUR_RGB($,0.827450980392157,0.831372549019608,0.835294117647059);
#760=FILL_AREA_STYLE_COLOUR($,#759);
#761=FILL_AREA_STYLE($,(#760));
#762=SURFACE_STYLE_FILL_AREA(#761);
#763=SURFACE_SIDE_STYLE('',(#762));
#764=SURFACE_STYLE_USAGE(.BOTH.,#763);
#765=PRESENTATION_STYLE_ASSIGNMENT((#764));
#766=STYLED_ITEM('',(#765),#758);
#767=ADVANCED_FACE('',(#2780),#2782,.T.);
#768=COLOUR_RGB($,0.827450980392157,0.831372549019608,0.835294117647059);
#769=FILL_AREA_STYLE_COLOUR($,#768);
#770=FILL_AREA_STYLE($,(#769));
#771=SURFACE_STYLE_FILL_AREA(#770);
#772=SURFACE_SIDE_STYLE('',(#771));
#773=SURFACE_STYLE_USAGE(.BOTH.,#772);
#774=PRESENTATION_STYLE_ASSIGNMENT((#773));
#775=STYLED_ITEM('',(#774),#767);
#776=ADVANCED_FACE('',(#2787),#2789,.T.);
#777=COLOUR_RGB($,0.827450980392157,0.831372549019608,0.835294117647059);
#778=FILL_AREA_STYLE_COLOUR($,#777);
#779=FILL_AREA_STYLE($,(#778));
#780=SURFACE_STYLE_FILL_AREA(#779);
#781=SURFACE_SIDE_STYLE('',(#780));
#782=SURFACE_STYLE_USAGE(.BOTH.,#781);
#783=PRESENTATION_STYLE_ASSIGNMENT((#782));
#784=STYLED_ITEM('',(#783),#776);
#785=ADVANCED_FACE('',(#2794),#2796,.T.);
#786=COLOUR_RGB($,0.827450980392157,0.831372549019608,0.835294117647059);
#787=FILL_AREA_STYLE_COLOUR($,#786);
#788=FILL_AREA_STYLE($,(#787));
#789=SURFACE_STYLE_FILL_AREA(#788);
#790=SURFACE_SIDE_STYLE('',(#789));
#791=SURFACE_STYLE_USAGE(.BOTH.,#790);
#792=PRESENTATION_STYLE_ASSIGNMENT((#791));
#793=STYLED_ITEM('',(#792),#785);
#794=ADVANCED_FACE('',(#2801),#2803,.T.);
#795=COLOUR_RGB($,0.827450980392157,0.831372549019608,0.835294117647059);
#796=FILL_AREA_STYLE_COLOUR($,#795);
#797=FILL_AREA_STYLE($,(#796));
#798=SURFACE_STYLE_FILL_AREA(#797);
#799=SURFACE_SIDE_STYLE('',(#798));
#800=SURFACE_STYLE_USAGE(.BOTH.,#799);
#801=PRESENTATION_STYLE_ASSIGNMENT((#800));
#802=STYLED_ITEM('',(#801),#794);
#803=ADVANCED_FACE('',(#2808),#2810,.T.);
#804=COLOUR_RGB($,0.827450980392157,0.831372549019608,0.835294117647059);
#805=FILL_AREA_STYLE_COLOUR($,#804);
#806=FILL_AREA_STYLE($,(#805));
#807=SURFACE_STYLE_FILL_AREA(#806);
#808=SURFACE_SIDE_STYLE('',(#807));
#809=SURFACE_STYLE_USAGE(.BOTH.,#808);
#810=PRESENTATION_STYLE_ASSIGNMENT((#809));
#811=STYLED_ITEM('',(#810),#803);
#812=ADVANCED_FACE('',(#2815),#2817,.T.);
#813=COLOUR_RGB($,0.827450980392157,0.831372549019608,0.835294117647059);
#814=FILL_AREA_STYLE_COLOUR($,#813);
#815=FILL_AREA_STYLE($,(#814));
#816=SURFACE_STYLE_FILL_AREA(#815);
#817=SURFACE_SIDE_STYLE('',(#816));
#818=SURFACE_STYLE_USAGE(.BOTH.,#817);
#819=PRESENTATION_STYLE_ASSIGNMENT((#818));
#820=STYLED_ITEM('',(#819),#812);
#821=ADVANCED_FACE('',(#2822),#2824,.T.);
#822=COLOUR_RGB($,0.827450980392157,0.831372549019608,0.835294117647059);
#823=FILL_AREA_STYLE_COLOUR($,#822);
#824=FILL_AREA_STYLE($,(#823));
#825=SURFACE_STYLE_FILL_AREA(#824);
#826=SURFACE_SIDE_STYLE('',(#825));
#827=SURFACE_STYLE_USAGE(.BOTH.,#826);
#828=PRESENTATION_STYLE_ASSIGNMENT((#827));
#829=STYLED_ITEM('',(#828),#821);
#830=ADVANCED_FACE('',(#2829),#2831,.F.);
#831=COLOUR_RGB($,0.827450980392157,0.831372549019608,0.835294117647059);
#832=FILL_AREA_STYLE_COLOUR($,#831);
#833=FILL_AREA_STYLE($,(#832));
#834=SURFACE_STYLE_FILL_AREA(#833);
#835=SURFACE_SIDE_STYLE('',(#834));
#836=SURFACE_STYLE_USAGE(.BOTH.,#835);
#837=PRESENTATION_STYLE_ASSIGNMENT((#836));
#838=STYLED_ITEM('',(#837),#830);
#839=ADVANCED_FACE('',(#2836),#2838,.T.);
#840=COLOUR_RGB($,0.156862745098039,0.156862745098039,0.156862745098039);
#841=FILL_AREA_STYLE_COLOUR($,#840);
#842=FILL_AREA_STYLE($,(#841));
#843=SURFACE_STYLE_FILL_AREA(#842);
#844=SURFACE_SIDE_STYLE('',(#843));
#845=SURFACE_STYLE_USAGE(.BOTH.,#844);
#846=PRESENTATION_STYLE_ASSIGNMENT((#845));
#847=STYLED_ITEM('',(#846),#839);
#848=ADVANCED_FACE('',(#2843),#2845,.T.);
#849=COLOUR_RGB($,0.156862745098039,0.156862745098039,0.156862745098039);
#850=FILL_AREA_STYLE_COLOUR($,#849);
#851=FILL_AREA_STYLE($,(#850));
#852=SURFACE_STYLE_FILL_AREA(#851);
#853=SURFACE_SIDE_STYLE('',(#852));
#854=SURFACE_STYLE_USAGE(.BOTH.,#853);
#855=PRESENTATION_STYLE_ASSIGNMENT((#854));
#856=STYLED_ITEM('',(#855),#848);
#857=ADVANCED_FACE('',(#2850),#2852,.T.);
#858=COLOUR_RGB($,0.156862745098039,0.156862745098039,0.156862745098039);
#859=FILL_AREA_STYLE_COLOUR($,#858);
#860=FILL_AREA_STYLE($,(#859));
#861=SURFACE_STYLE_FILL_AREA(#860);
#862=SURFACE_SIDE_STYLE('',(#861));
#863=SURFACE_STYLE_USAGE(.BOTH.,#862);
#864=PRESENTATION_STYLE_ASSIGNMENT((#863));
#865=STYLED_ITEM('',(#864),#857);
#866=ADVANCED_FACE('',(#2857),#2859,.T.);
#867=COLOUR_RGB($,0.156862745098039,0.156862745098039,0.156862745098039);
#868=FILL_AREA_STYLE_COLOUR($,#867);
#869=FILL_AREA_STYLE($,(#868));
#870=SURFACE_STYLE_FILL_AREA(#869);
#871=SURFACE_SIDE_STYLE('',(#870));
#872=SURFACE_STYLE_USAGE(.BOTH.,#871);
#873=PRESENTATION_STYLE_ASSIGNMENT((#872));
#874=STYLED_ITEM('',(#873),#866);
#875=ADVANCED_FACE('',(#2864),#2866,.T.);
#876=COLOUR_RGB($,0.156862745098039,0.156862745098039,0.156862745098039);
#877=FILL_AREA_STYLE_COLOUR($,#876);
#878=FILL_AREA_STYLE($,(#877));
#879=SURFACE_STYLE_FILL_AREA(#878);
#880=SURFACE_SIDE_STYLE('',(#879));
#881=SURFACE_STYLE_USAGE(.BOTH.,#880);
#882=PRESENTATION_STYLE_ASSIGNMENT((#881));
#883=STYLED_ITEM('',(#882),#875);
#884=ADVANCED_FACE('',(#2871),#2873,.T.);
#885=COLOUR_RGB($,0.156862745098039,0.156862745098039,0.156862745098039);
#886=FILL_AREA_STYLE_COLOUR($,#885);
#887=FILL_AREA_STYLE($,(#886));
#888=SURFACE_STYLE_FILL_AREA(#887);
#889=SURFACE_SIDE_STYLE('',(#888));
#890=SURFACE_STYLE_USAGE(.BOTH.,#889);
#891=PRESENTATION_STYLE_ASSIGNMENT((#890));
#892=STYLED_ITEM('',(#891),#884);
#893=ADVANCED_FACE('',(#2878),#2880,.T.);
#894=COLOUR_RGB($,0.156862745098039,0.156862745098039,0.156862745098039);
#895=FILL_AREA_STYLE_COLOUR($,#894);
#896=FILL_AREA_STYLE($,(#895));
#897=SURFACE_STYLE_FILL_AREA(#896);
#898=SURFACE_SIDE_STYLE('',(#897));
#899=SURFACE_STYLE_USAGE(.BOTH.,#898);
#900=PRESENTATION_STYLE_ASSIGNMENT((#899));
#901=STYLED_ITEM('',(#900),#893);
#902=ADVANCED_FACE('',(#2885),#2887,.T.);
#903=COLOUR_RGB($,0.156862745098039,0.156862745098039,0.156862745098039);
#904=FILL_AREA_STYLE_COLOUR($,#903);
#905=FILL_AREA_STYLE($,(#904));
#906=SURFACE_STYLE_FILL_AREA(#905);
#907=SURFACE_SIDE_STYLE('',(#906));
#908=SURFACE_STYLE_USAGE(.BOTH.,#907);
#909=PRESENTATION_STYLE_ASSIGNMENT((#908));
#910=STYLED_ITEM('',(#909),#902);
#911=ADVANCED_FACE('',(#2892,#2894),#2896,.F.);
#912=COLOUR_RGB($,0.156862745098039,0.156862745098039,0.156862745098039);
#913=FILL_AREA_STYLE_COLOUR($,#912);
#914=FILL_AREA_STYLE($,(#913));
#915=SURFACE_STYLE_FILL_AREA(#914);
#916=SURFACE_SIDE_STYLE('',(#915));
#917=SURFACE_STYLE_USAGE(.BOTH.,#916);
#918=PRESENTATION_STYLE_ASSIGNMENT((#917));
#919=STYLED_ITEM('',(#918),#911);
#920=ADVANCED_FACE('',(#2901),#2903,.T.);
#921=COLOUR_RGB($,0.156862745098039,0.156862745098039,0.156862745098039);
#922=FILL_AREA_STYLE_COLOUR($,#921);
#923=FILL_AREA_STYLE($,(#922));
#924=SURFACE_STYLE_FILL_AREA(#923);
#925=SURFACE_SIDE_STYLE('',(#924));
#926=SURFACE_STYLE_USAGE(.BOTH.,#925);
#927=PRESENTATION_STYLE_ASSIGNMENT((#926));
#928=STYLED_ITEM('',(#927),#920);
#929=ADVANCED_FACE('',(#2908),#2910,.T.);
#930=COLOUR_RGB($,0.156862745098039,0.156862745098039,0.156862745098039);
#931=FILL_AREA_STYLE_COLOUR($,#930);
#932=FILL_AREA_STYLE($,(#931));
#933=SURFACE_STYLE_FILL_AREA(#932);
#934=SURFACE_SIDE_STYLE('',(#933));
#935=SURFACE_STYLE_USAGE(.BOTH.,#934);
#936=PRESENTATION_STYLE_ASSIGNMENT((#935));
#937=STYLED_ITEM('',(#936),#929);
#938=ADVANCED_FACE('',(#2915),#2917,.T.);
#939=COLOUR_RGB($,0.156862745098039,0.156862745098039,0.156862745098039);
#940=FILL_AREA_STYLE_COLOUR($,#939);
#941=FILL_AREA_STYLE($,(#940));
#942=SURFACE_STYLE_FILL_AREA(#941);
#943=SURFACE_SIDE_STYLE('',(#942));
#944=SURFACE_STYLE_USAGE(.BOTH.,#943);
#945=PRESENTATION_STYLE_ASSIGNMENT((#944));
#946=STYLED_ITEM('',(#945),#938);
#947=ADVANCED_FACE('',(#2922),#2924,.T.);
#948=COLOUR_RGB($,0.156862745098039,0.156862745098039,0.156862745098039);
#949=FILL_AREA_STYLE_COLOUR($,#948);
#950=FILL_AREA_STYLE($,(#949));
#951=SURFACE_STYLE_FILL_AREA(#950);
#952=SURFACE_SIDE_STYLE('',(#951));
#953=SURFACE_STYLE_USAGE(.BOTH.,#952);
#954=PRESENTATION_STYLE_ASSIGNMENT((#953));
#955=STYLED_ITEM('',(#954),#947);
#956=ADVANCED_FACE('',(#2929),#2931,.T.);
#957=COLOUR_RGB($,0.156862745098039,0.156862745098039,0.156862745098039);
#958=FILL_AREA_STYLE_COLOUR($,#957);
#959=FILL_AREA_STYLE($,(#958));
#960=SURFACE_STYLE_FILL_AREA(#959);
#961=SURFACE_SIDE_STYLE('',(#960));
#962=SURFACE_STYLE_USAGE(.BOTH.,#961);
#963=PRESENTATION_STYLE_ASSIGNMENT((#962));
#964=STYLED_ITEM('',(#963),#956);
#965=ADVANCED_FACE('',(#2936),#2938,.T.);
#966=COLOUR_RGB($,0.156862745098039,0.156862745098039,0.156862745098039);
#967=FILL_AREA_STYLE_COLOUR($,#966);
#968=FILL_AREA_STYLE($,(#967));
#969=SURFACE_STYLE_FILL_AREA(#968);
#970=SURFACE_SIDE_STYLE('',(#969));
#971=SURFACE_STYLE_USAGE(.BOTH.,#970);
#972=PRESENTATION_STYLE_ASSIGNMENT((#971));
#973=STYLED_ITEM('',(#972),#965);
#974=ADVANCED_FACE('',(#2943),#2945,.T.);
#975=COLOUR_RGB($,0.156862745098039,0.156862745098039,0.156862745098039);
#976=FILL_AREA_STYLE_COLOUR($,#975);
#977=FILL_AREA_STYLE($,(#976));
#978=SURFACE_STYLE_FILL_AREA(#977);
#979=SURFACE_SIDE_STYLE('',(#978));
#980=SURFACE_STYLE_USAGE(.BOTH.,#979);
#981=PRESENTATION_STYLE_ASSIGNMENT((#980));
#982=STYLED_ITEM('',(#981),#974);
#983=ADVANCED_FACE('',(#2950),#2952,.T.);
#984=COLOUR_RGB($,0.156862745098039,0.156862745098039,0.156862745098039);
#985=FILL_AREA_STYLE_COLOUR($,#984);
#986=FILL_AREA_STYLE($,(#985));
#987=SURFACE_STYLE_FILL_AREA(#986);
#988=SURFACE_SIDE_STYLE('',(#987));
#989=SURFACE_STYLE_USAGE(.BOTH.,#988);
#990=PRESENTATION_STYLE_ASSIGNMENT((#989));
#991=STYLED_ITEM('',(#990),#983);
#992=ADVANCED_FACE('',(#2957),#2959,.T.);
#993=COLOUR_RGB($,0.156862745098039,0.156862745098039,0.156862745098039);
#994=FILL_AREA_STYLE_COLOUR($,#993);
#995=FILL_AREA_STYLE($,(#994));
#996=SURFACE_STYLE_FILL_AREA(#995);
#997=SURFACE_SIDE_STYLE('',(#996));
#998=SURFACE_STYLE_USAGE(.BOTH.,#997);
#999=PRESENTATION_STYLE_ASSIGNMENT((#998));
#1000=STYLED_ITEM('',(#999),#992);
#1001=ADVANCED_FACE('',(#2964),#2966,.T.);
#1002=COLOUR_RGB($,0.156862745098039,0.156862745098039,0.156862745098039);
#1003=FILL_AREA_STYLE_COLOUR($,#1002);
#1004=FILL_AREA_STYLE($,(#1003));
#1005=SURFACE_STYLE_FILL_AREA(#1004);
#1006=SURFACE_SIDE_STYLE('',(#1005));
#1007=SURFACE_STYLE_USAGE(.BOTH.,#1006);
#1008=PRESENTATION_STYLE_ASSIGNMENT((#1007));
#1009=STYLED_ITEM('',(#1008),#1001);
#1010=ADVANCED_FACE('',(#2971),#2973,.T.);
#1011=COLOUR_RGB($,0.156862745098039,0.156862745098039,0.156862745098039);
#1012=FILL_AREA_STYLE_COLOUR($,#1011);
#1013=FILL_AREA_STYLE($,(#1012));
#1014=SURFACE_STYLE_FILL_AREA(#1013);
#1015=SURFACE_SIDE_STYLE('',(#1014));
#1016=SURFACE_STYLE_USAGE(.BOTH.,#1015);
#1017=PRESENTATION_STYLE_ASSIGNMENT((#1016));
#1018=STYLED_ITEM('',(#1017),#1010);
#1019=ADVANCED_FACE('',(#2978),#2980,.T.);
#1020=COLOUR_RGB($,0.156862745098039,0.156862745098039,0.156862745098039);
#1021=FILL_AREA_STYLE_COLOUR($,#1020);
#1022=FILL_AREA_STYLE($,(#1021));
#1023=SURFACE_STYLE_FILL_AREA(#1022);
#1024=SURFACE_SIDE_STYLE('',(#1023));
#1025=SURFACE_STYLE_USAGE(.BOTH.,#1024);
#1026=PRESENTATION_STYLE_ASSIGNMENT((#1025));
#1027=STYLED_ITEM('',(#1026),#1019);
#1028=ADVANCED_FACE('',(#2985),#2987,.F.);
#1029=COLOUR_RGB($,0.156862745098039,0.156862745098039,0.156862745098039);
#1030=FILL_AREA_STYLE_COLOUR($,#1029);
#1031=FILL_AREA_STYLE($,(#1030));
#1032=SURFACE_STYLE_FILL_AREA(#1031);
#1033=SURFACE_SIDE_STYLE('',(#1032));
#1034=SURFACE_STYLE_USAGE(.BOTH.,#1033);
#1035=PRESENTATION_STYLE_ASSIGNMENT((#1034));
#1036=STYLED_ITEM('',(#1035),#1028);
#1037=ADVANCED_FACE('',(#2992),#2994,.T.);
#1038=COLOUR_RGB($,0.156862745098039,0.156862745098039,0.156862745098039);
#1039=FILL_AREA_STYLE_COLOUR($,#1038);
#1040=FILL_AREA_STYLE($,(#1039));
#1041=SURFACE_STYLE_FILL_AREA(#1040);
#1042=SURFACE_SIDE_STYLE('',(#1041));
#1043=SURFACE_STYLE_USAGE(.BOTH.,#1042);
#1044=PRESENTATION_STYLE_ASSIGNMENT((#1043));
#1045=STYLED_ITEM('',(#1044),#1037);
#1046=ADVANCED_FACE('',(#2999,#3001,#3003),#3005,.T.);
#1047=COLOUR_RGB($,0.8,0.807843137254902,0.776470588235294);
#1048=FILL_AREA_STYLE_COLOUR($,#1047);
#1049=FILL_AREA_STYLE($,(#1048));
#1050=SURFACE_STYLE_FILL_AREA(#1049);
#1051=SURFACE_SIDE_STYLE('',(#1050));
#1052=SURFACE_STYLE_USAGE(.BOTH.,#1051);
#1053=PRESENTATION_STYLE_ASSIGNMENT((#1052));
#1054=STYLED_ITEM('',(#1053),#1046);
#1055=ADVANCED_FACE('',(#3010,#3012),#3014,.T.);
#1056=COLOUR_RGB($,0.8,0.807843137254902,0.776470588235294);
#1057=FILL_AREA_STYLE_COLOUR($,#1056);
#1058=FILL_AREA_STYLE($,(#1057));
#1059=SURFACE_STYLE_FILL_AREA(#1058);
#1060=SURFACE_SIDE_STYLE('',(#1059));
#1061=SURFACE_STYLE_USAGE(.BOTH.,#1060);
#1062=PRESENTATION_STYLE_ASSIGNMENT((#1061));
#1063=STYLED_ITEM('',(#1062),#1055);
#1064=ADVANCED_FACE('',(#3019,#3021),#3023,.T.);
#1065=COLOUR_RGB($,0.8,0.807843137254902,0.776470588235294);
#1066=FILL_AREA_STYLE_COLOUR($,#1065);
#1067=FILL_AREA_STYLE($,(#1066));
#1068=SURFACE_STYLE_FILL_AREA(#1067);
#1069=SURFACE_SIDE_STYLE('',(#1068));
#1070=SURFACE_STYLE_USAGE(.BOTH.,#1069);
#1071=PRESENTATION_STYLE_ASSIGNMENT((#1070));
#1072=STYLED_ITEM('',(#1071),#1064);
#1073=ADVANCED_FACE('',(#3028),#3030,.T.);
#1074=COLOUR_RGB($,0.8,0.807843137254902,0.776470588235294);
#1075=FILL_AREA_STYLE_COLOUR($,#1074);
#1076=FILL_AREA_STYLE($,(#1075));
#1077=SURFACE_STYLE_FILL_AREA(#1076);
#1078=SURFACE_SIDE_STYLE('',(#1077));
#1079=SURFACE_STYLE_USAGE(.BOTH.,#1078);
#1080=PRESENTATION_STYLE_ASSIGNMENT((#1079));
#1081=STYLED_ITEM('',(#1080),#1073);
#1082=ADVANCED_FACE('',(#3035),#3037,.T.);
#1083=COLOUR_RGB($,0.8,0.807843137254902,0.776470588235294);
#1084=FILL_AREA_STYLE_COLOUR($,#1083);
#1085=FILL_AREA_STYLE($,(#1084));
#1086=SURFACE_STYLE_FILL_AREA(#1085);
#1087=SURFACE_SIDE_STYLE('',(#1086));
#1088=SURFACE_STYLE_USAGE(.BOTH.,#1087);
#1089=PRESENTATION_STYLE_ASSIGNMENT((#1088));
#1090=STYLED_ITEM('',(#1089),#1082);
#1091=ADVANCED_FACE('',(#3042,#3044,#3046,#3048),#3050,.T.);
#1092=COLOUR_RGB($,0.8,0.807843137254902,0.776470588235294);
#1093=FILL_AREA_STYLE_COLOUR($,#1092);
#1094=FILL_AREA_STYLE($,(#1093));
#1095=SURFACE_STYLE_FILL_AREA(#1094);
#1096=SURFACE_SIDE_STYLE('',(#1095));
#1097=SURFACE_STYLE_USAGE(.BOTH.,#1096);
#1098=PRESENTATION_STYLE_ASSIGNMENT((#1097));
#1099=STYLED_ITEM('',(#1098),#1091);
#1100=ADVANCED_FACE('',(#3055),#3057,.T.);
#1101=COLOUR_RGB($,0.8,0.807843137254902,0.776470588235294);
#1102=FILL_AREA_STYLE_COLOUR($,#1101);
#1103=FILL_AREA_STYLE($,(#1102));
#1104=SURFACE_STYLE_FILL_AREA(#1103);
#1105=SURFACE_SIDE_STYLE('',(#1104));
#1106=SURFACE_STYLE_USAGE(.BOTH.,#1105);
#1107=PRESENTATION_STYLE_ASSIGNMENT((#1106));
#1108=STYLED_ITEM('',(#1107),#1100);
#1109=ADVANCED_FACE('',(#3062),#3064,.T.);
#1110=COLOUR_RGB($,0.8,0.807843137254902,0.776470588235294);
#1111=FILL_AREA_STYLE_COLOUR($,#1110);
#1112=FILL_AREA_STYLE($,(#1111));
#1113=SURFACE_STYLE_FILL_AREA(#1112);
#1114=SURFACE_SIDE_STYLE('',(#1113));
#1115=SURFACE_STYLE_USAGE(.BOTH.,#1114);
#1116=PRESENTATION_STYLE_ASSIGNMENT((#1115));
#1117=STYLED_ITEM('',(#1116),#1109);
#1118=ADVANCED_FACE('',(#3069),#3071,.F.);
#1119=COLOUR_RGB($,0.8,0.807843137254902,0.776470588235294);
#1120=FILL_AREA_STYLE_COLOUR($,#1119);
#1121=FILL_AREA_STYLE($,(#1120));
#1122=SURFACE_STYLE_FILL_AREA(#1121);
#1123=SURFACE_SIDE_STYLE('',(#1122));
#1124=SURFACE_STYLE_USAGE(.BOTH.,#1123);
#1125=PRESENTATION_STYLE_ASSIGNMENT((#1124));
#1126=STYLED_ITEM('',(#1125),#1118);
#1127=ADVANCED_FACE('',(#3076,#3078,#3080,#3082),#3084,.T.);
#1128=COLOUR_RGB($,0.8,0.807843137254902,0.776470588235294);
#1129=FILL_AREA_STYLE_COLOUR($,#1128);
#1130=FILL_AREA_STYLE($,(#1129));
#1131=SURFACE_STYLE_FILL_AREA(#1130);
#1132=SURFACE_SIDE_STYLE('',(#1131));
#1133=SURFACE_STYLE_USAGE(.BOTH.,#1132);
#1134=PRESENTATION_STYLE_ASSIGNMENT((#1133));
#1135=STYLED_ITEM('',(#1134),#1127);
#1136=ADVANCED_FACE('',(#3089),#3091,.F.);
#1137=COLOUR_RGB($,0.8,0.807843137254902,0.776470588235294);
#1138=FILL_AREA_STYLE_COLOUR($,#1137);
#1139=FILL_AREA_STYLE($,(#1138));
#1140=SURFACE_STYLE_FILL_AREA(#1139);
#1141=SURFACE_SIDE_STYLE('',(#1140));
#1142=SURFACE_STYLE_USAGE(.BOTH.,#1141);
#1143=PRESENTATION_STYLE_ASSIGNMENT((#1142));
#1144=STYLED_ITEM('',(#1143),#1136);
#1145=ADVANCED_FACE('',(#3096),#3098,.T.);
#1146=COLOUR_RGB($,0.8,0.807843137254902,0.776470588235294);
#1147=FILL_AREA_STYLE_COLOUR($,#1146);
#1148=FILL_AREA_STYLE($,(#1147));
#1149=SURFACE_STYLE_FILL_AREA(#1148);
#1150=SURFACE_SIDE_STYLE('',(#1149));
#1151=SURFACE_STYLE_USAGE(.BOTH.,#1150);
#1152=PRESENTATION_STYLE_ASSIGNMENT((#1151));
#1153=STYLED_ITEM('',(#1152),#1145);
#1154=ADVANCED_FACE('',(#3103),#3105,.T.);
#1155=COLOUR_RGB($,0.8,0.807843137254902,0.776470588235294);
#1156=FILL_AREA_STYLE_COLOUR($,#1155);
#1157=FILL_AREA_STYLE($,(#1156));
#1158=SURFACE_STYLE_FILL_AREA(#1157);
#1159=SURFACE_SIDE_STYLE('',(#1158));
#1160=SURFACE_STYLE_USAGE(.BOTH.,#1159);
#1161=PRESENTATION_STYLE_ASSIGNMENT((#1160));
#1162=STYLED_ITEM('',(#1161),#1154);
#1163=ADVANCED_FACE('',(#3110),#3112,.T.);
#1164=COLOUR_RGB($,0.8,0.807843137254902,0.776470588235294);
#1165=FILL_AREA_STYLE_COLOUR($,#1164);
#1166=FILL_AREA_STYLE($,(#1165));
#1167=SURFACE_STYLE_FILL_AREA(#1166);
#1168=SURFACE_SIDE_STYLE('',(#1167));
#1169=SURFACE_STYLE_USAGE(.BOTH.,#1168);
#1170=PRESENTATION_STYLE_ASSIGNMENT((#1169));
#1171=STYLED_ITEM('',(#1170),#1163);
#1172=ADVANCED_FACE('',(#3117),#3119,.F.);
#1173=COLOUR_RGB($,0.8,0.807843137254902,0.776470588235294);
#1174=FILL_AREA_STYLE_COLOUR($,#1173);
#1175=FILL_AREA_STYLE($,(#1174));
#1176=SURFACE_STYLE_FILL_AREA(#1175);
#1177=SURFACE_SIDE_STYLE('',(#1176));
#1178=SURFACE_STYLE_USAGE(.BOTH.,#1177);
#1179=PRESENTATION_STYLE_ASSIGNMENT((#1178));
#1180=STYLED_ITEM('',(#1179),#1172);
#1181=ADVANCED_FACE('',(#3124),#3126,.F.);
#1182=COLOUR_RGB($,0.8,0.807843137254902,0.776470588235294);
#1183=FILL_AREA_STYLE_COLOUR($,#1182);
#1184=FILL_AREA_STYLE($,(#1183));
#1185=SURFACE_STYLE_FILL_AREA(#1184);
#1186=SURFACE_SIDE_STYLE('',(#1185));
#1187=SURFACE_STYLE_USAGE(.BOTH.,#1186);
#1188=PRESENTATION_STYLE_ASSIGNMENT((#1187));
#1189=STYLED_ITEM('',(#1188),#1181);
#1190=ADVANCED_FACE('',(#3131),#3133,.T.);
#1191=COLOUR_RGB($,0.8,0.807843137254902,0.776470588235294);
#1192=FILL_AREA_STYLE_COLOUR($,#1191);
#1193=FILL_AREA_STYLE($,(#1192));
#1194=SURFACE_STYLE_FILL_AREA(#1193);
#1195=SURFACE_SIDE_STYLE('',(#1194));
#1196=SURFACE_STYLE_USAGE(.BOTH.,#1195);
#1197=PRESENTATION_STYLE_ASSIGNMENT((#1196));
#1198=STYLED_ITEM('',(#1197),#1190);
#1199=ADVANCED_FACE('',(#3138),#3140,.T.);
#1200=COLOUR_RGB($,0.8,0.807843137254902,0.776470588235294);
#1201=FILL_AREA_STYLE_COLOUR($,#1200);
#1202=FILL_AREA_STYLE($,(#1201));
#1203=SURFACE_STYLE_FILL_AREA(#1202);
#1204=SURFACE_SIDE_STYLE('',(#1203));
#1205=SURFACE_STYLE_USAGE(.BOTH.,#1204);
#1206=PRESENTATION_STYLE_ASSIGNMENT((#1205));
#1207=STYLED_ITEM('',(#1206),#1199);
#1208=ADVANCED_FACE('',(#3145),#3147,.T.);
#1209=COLOUR_RGB($,0.8,0.807843137254902,0.776470588235294);
#1210=FILL_AREA_STYLE_COLOUR($,#1209);
#1211=FILL_AREA_STYLE($,(#1210));
#1212=SURFACE_STYLE_FILL_AREA(#1211);
#1213=SURFACE_SIDE_STYLE('',(#1212));
#1214=SURFACE_STYLE_USAGE(.BOTH.,#1213);
#1215=PRESENTATION_STYLE_ASSIGNMENT((#1214));
#1216=STYLED_ITEM('',(#1215),#1208);
#1217=ADVANCED_FACE('',(#3152),#3154,.F.);
#1218=COLOUR_RGB($,0.8,0.807843137254902,0.776470588235294);
#1219=FILL_AREA_STYLE_COLOUR($,#1218);
#1220=FILL_AREA_STYLE($,(#1219));
#1221=SURFACE_STYLE_FILL_AREA(#1220);
#1222=SURFACE_SIDE_STYLE('',(#1221));
#1223=SURFACE_STYLE_USAGE(.BOTH.,#1222);
#1224=PRESENTATION_STYLE_ASSIGNMENT((#1223));
#1225=STYLED_ITEM('',(#1224),#1217);
#1226=ADVANCED_FACE('',(#3159),#3161,.T.);
#1227=COLOUR_RGB($,0.8,0.807843137254902,0.776470588235294);
#1228=FILL_AREA_STYLE_COLOUR($,#1227);
#1229=FILL_AREA_STYLE($,(#1228));
#1230=SURFACE_STYLE_FILL_AREA(#1229);
#1231=SURFACE_SIDE_STYLE('',(#1230));
#1232=SURFACE_STYLE_USAGE(.BOTH.,#1231);
#1233=PRESENTATION_STYLE_ASSIGNMENT((#1232));
#1234=STYLED_ITEM('',(#1233),#1226);
#1235=ADVANCED_FACE('',(#3166),#3168,.T.);
#1236=COLOUR_RGB($,0.8,0.807843137254902,0.776470588235294);
#1237=FILL_AREA_STYLE_COLOUR($,#1236);
#1238=FILL_AREA_STYLE($,(#1237));
#1239=SURFACE_STYLE_FILL_AREA(#1238);
#1240=SURFACE_SIDE_STYLE('',(#1239));
#1241=SURFACE_STYLE_USAGE(.BOTH.,#1240);
#1242=PRESENTATION_STYLE_ASSIGNMENT((#1241));
#1243=STYLED_ITEM('',(#1242),#1235);
#1244=ADVANCED_FACE('',(#3173),#3175,.F.);
#1245=COLOUR_RGB($,0.8,0.807843137254902,0.776470588235294);
#1246=FILL_AREA_STYLE_COLOUR($,#1245);
#1247=FILL_AREA_STYLE($,(#1246));
#1248=SURFACE_STYLE_FILL_AREA(#1247);
#1249=SURFACE_SIDE_STYLE('',(#1248));
#1250=SURFACE_STYLE_USAGE(.BOTH.,#1249);
#1251=PRESENTATION_STYLE_ASSIGNMENT((#1250));
#1252=STYLED_ITEM('',(#1251),#1244);
#1253=ADVANCED_FACE('',(#3180),#3182,.T.);
#1254=COLOUR_RGB($,0.8,0.807843137254902,0.776470588235294);
#1255=FILL_AREA_STYLE_COLOUR($,#1254);
#1256=FILL_AREA_STYLE($,(#1255));
#1257=SURFACE_STYLE_FILL_AREA(#1256);
#1258=SURFACE_SIDE_STYLE('',(#1257));
#1259=SURFACE_STYLE_USAGE(.BOTH.,#1258);
#1260=PRESENTATION_STYLE_ASSIGNMENT((#1259));
#1261=STYLED_ITEM('',(#1260),#1253);
#1262=ADVANCED_FACE('',(#3187),#3189,.T.);
#1263=COLOUR_RGB($,0.8,0.807843137254902,0.776470588235294);
#1264=FILL_AREA_STYLE_COLOUR($,#1263);
#1265=FILL_AREA_STYLE($,(#1264));
#1266=SURFACE_STYLE_FILL_AREA(#1265);
#1267=SURFACE_SIDE_STYLE('',(#1266));
#1268=SURFACE_STYLE_USAGE(.BOTH.,#1267);
#1269=PRESENTATION_STYLE_ASSIGNMENT((#1268));
#1270=STYLED_ITEM('',(#1269),#1262);
#1271=ADVANCED_FACE('',(#3194),#3196,.T.);
#1272=COLOUR_RGB($,0.8,0.807843137254902,0.776470588235294);
#1273=FILL_AREA_STYLE_COLOUR($,#1272);
#1274=FILL_AREA_STYLE($,(#1273));
#1275=SURFACE_STYLE_FILL_AREA(#1274);
#1276=SURFACE_SIDE_STYLE('',(#1275));
#1277=SURFACE_STYLE_USAGE(.BOTH.,#1276);
#1278=PRESENTATION_STYLE_ASSIGNMENT((#1277));
#1279=STYLED_ITEM('',(#1278),#1271);
#1280=ADVANCED_FACE('',(#3201),#3203,.T.);
#1281=COLOUR_RGB($,0.8,0.807843137254902,0.776470588235294);
#1282=FILL_AREA_STYLE_COLOUR($,#1281);
#1283=FILL_AREA_STYLE($,(#1282));
#1284=SURFACE_STYLE_FILL_AREA(#1283);
#1285=SURFACE_SIDE_STYLE('',(#1284));
#1286=SURFACE_STYLE_USAGE(.BOTH.,#1285);
#1287=PRESENTATION_STYLE_ASSIGNMENT((#1286));
#1288=STYLED_ITEM('',(#1287),#1280);
#1289=ADVANCED_FACE('',(#3208),#3210,.T.);
#1290=COLOUR_RGB($,0.8,0.807843137254902,0.776470588235294);
#1291=FILL_AREA_STYLE_COLOUR($,#1290);
#1292=FILL_AREA_STYLE($,(#1291));
#1293=SURFACE_STYLE_FILL_AREA(#1292);
#1294=SURFACE_SIDE_STYLE('',(#1293));
#1295=SURFACE_STYLE_USAGE(.BOTH.,#1294);
#1296=PRESENTATION_STYLE_ASSIGNMENT((#1295));
#1297=STYLED_ITEM('',(#1296),#1289);
#1298=ADVANCED_FACE('',(#3215),#3217,.T.);
#1299=COLOUR_RGB($,0.8,0.807843137254902,0.776470588235294);
#1300=FILL_AREA_STYLE_COLOUR($,#1299);
#1301=FILL_AREA_STYLE($,(#1300));
#1302=SURFACE_STYLE_FILL_AREA(#1301);
#1303=SURFACE_SIDE_STYLE('',(#1302));
#1304=SURFACE_STYLE_USAGE(.BOTH.,#1303);
#1305=PRESENTATION_STYLE_ASSIGNMENT((#1304));
#1306=STYLED_ITEM('',(#1305),#1298);
#1307=ADVANCED_FACE('',(#3222),#3224,.T.);
#1308=COLOUR_RGB($,0.8,0.807843137254902,0.776470588235294);
#1309=FILL_AREA_STYLE_COLOUR($,#1308);
#1310=FILL_AREA_STYLE($,(#1309));
#1311=SURFACE_STYLE_FILL_AREA(#1310);
#1312=SURFACE_SIDE_STYLE('',(#1311));
#1313=SURFACE_STYLE_USAGE(.BOTH.,#1312);
#1314=PRESENTATION_STYLE_ASSIGNMENT((#1313));
#1315=STYLED_ITEM('',(#1314),#1307);
#1316=ADVANCED_FACE('',(#3229),#3231,.T.);
#1317=COLOUR_RGB($,0.8,0.807843137254902,0.776470588235294);
#1318=FILL_AREA_STYLE_COLOUR($,#1317);
#1319=FILL_AREA_STYLE($,(#1318));
#1320=SURFACE_STYLE_FILL_AREA(#1319);
#1321=SURFACE_SIDE_STYLE('',(#1320));
#1322=SURFACE_STYLE_USAGE(.BOTH.,#1321);
#1323=PRESENTATION_STYLE_ASSIGNMENT((#1322));
#1324=STYLED_ITEM('',(#1323),#1316);
#1325=ADVANCED_FACE('',(#3236),#3238,.F.);
#1326=COLOUR_RGB($,0.8,0.807843137254902,0.776470588235294);
#1327=FILL_AREA_STYLE_COLOUR($,#1326);
#1328=FILL_AREA_STYLE($,(#1327));
#1329=SURFACE_STYLE_FILL_AREA(#1328);
#1330=SURFACE_SIDE_STYLE('',(#1329));
#1331=SURFACE_STYLE_USAGE(.BOTH.,#1330);
#1332=PRESENTATION_STYLE_ASSIGNMENT((#1331));
#1333=STYLED_ITEM('',(#1332),#1325);
#1334=ADVANCED_FACE('',(#3243),#3245,.T.);
#1335=COLOUR_RGB($,0.8,0.807843137254902,0.776470588235294);
#1336=FILL_AREA_STYLE_COLOUR($,#1335);
#1337=FILL_AREA_STYLE($,(#1336));
#1338=SURFACE_STYLE_FILL_AREA(#1337);
#1339=SURFACE_SIDE_STYLE('',(#1338));
#1340=SURFACE_STYLE_USAGE(.BOTH.,#1339);
#1341=PRESENTATION_STYLE_ASSIGNMENT((#1340));
#1342=STYLED_ITEM('',(#1341),#1334);
#1343=ADVANCED_FACE('',(#3250),#3252,.T.);
#1344=COLOUR_RGB($,0.8,0.807843137254902,0.776470588235294);
#1345=FILL_AREA_STYLE_COLOUR($,#1344);
#1346=FILL_AREA_STYLE($,(#1345));
#1347=SURFACE_STYLE_FILL_AREA(#1346);
#1348=SURFACE_SIDE_STYLE('',(#1347));
#1349=SURFACE_STYLE_USAGE(.BOTH.,#1348);
#1350=PRESENTATION_STYLE_ASSIGNMENT((#1349));
#1351=STYLED_ITEM('',(#1350),#1343);
#1352=ADVANCED_FACE('',(#3257),#3259,.T.);
#1353=COLOUR_RGB($,0.8,0.807843137254902,0.776470588235294);
#1354=FILL_AREA_STYLE_COLOUR($,#1353);
#1355=FILL_AREA_STYLE($,(#1354));
#1356=SURFACE_STYLE_FILL_AREA(#1355);
#1357=SURFACE_SIDE_STYLE('',(#1356));
#1358=SURFACE_STYLE_USAGE(.BOTH.,#1357);
#1359=PRESENTATION_STYLE_ASSIGNMENT((#1358));
#1360=STYLED_ITEM('',(#1359),#1352);
#1361=ADVANCED_FACE('',(#3264),#3266,.F.);
#1362=COLOUR_RGB($,0.8,0.807843137254902,0.776470588235294);
#1363=FILL_AREA_STYLE_COLOUR($,#1362);
#1364=FILL_AREA_STYLE($,(#1363));
#1365=SURFACE_STYLE_FILL_AREA(#1364);
#1366=SURFACE_SIDE_STYLE('',(#1365));
#1367=SURFACE_STYLE_USAGE(.BOTH.,#1366);
#1368=PRESENTATION_STYLE_ASSIGNMENT((#1367));
#1369=STYLED_ITEM('',(#1368),#1361);
#1370=ADVANCED_FACE('',(#3271),#3273,.T.);
#1371=COLOUR_RGB($,0.8,0.807843137254902,0.776470588235294);
#1372=FILL_AREA_STYLE_COLOUR($,#1371);
#1373=FILL_AREA_STYLE($,(#1372));
#1374=SURFACE_STYLE_FILL_AREA(#1373);
#1375=SURFACE_SIDE_STYLE('',(#1374));
#1376=SURFACE_STYLE_USAGE(.BOTH.,#1375);
#1377=PRESENTATION_STYLE_ASSIGNMENT((#1376));
#1378=STYLED_ITEM('',(#1377),#1370);
#1379=ADVANCED_FACE('',(#3278),#3280,.F.);
#1380=COLOUR_RGB($,0.8,0.807843137254902,0.776470588235294);
#1381=FILL_AREA_STYLE_COLOUR($,#1380);
#1382=FILL_AREA_STYLE($,(#1381));
#1383=SURFACE_STYLE_FILL_AREA(#1382);
#1384=SURFACE_SIDE_STYLE('',(#1383));
#1385=SURFACE_STYLE_USAGE(.BOTH.,#1384);
#1386=PRESENTATION_STYLE_ASSIGNMENT((#1385));
#1387=STYLED_ITEM('',(#1386),#1379);
#1388=ADVANCED_FACE('',(#3285),#3287,.F.);
#1389=COLOUR_RGB($,0.8,0.807843137254902,0.776470588235294);
#1390=FILL_AREA_STYLE_COLOUR($,#1389);
#1391=FILL_AREA_STYLE($,(#1390));
#1392=SURFACE_STYLE_FILL_AREA(#1391);
#1393=SURFACE_SIDE_STYLE('',(#1392));
#1394=SURFACE_STYLE_USAGE(.BOTH.,#1393);
#1395=PRESENTATION_STYLE_ASSIGNMENT((#1394));
#1396=STYLED_ITEM('',(#1395),#1388);
#1397=ADVANCED_FACE('',(#3292),#3294,.F.);
#1398=COLOUR_RGB($,0.8,0.807843137254902,0.776470588235294);
#1399=FILL_AREA_STYLE_COLOUR($,#1398);
#1400=FILL_AREA_STYLE($,(#1399));
#1401=SURFACE_STYLE_FILL_AREA(#1400);
#1402=SURFACE_SIDE_STYLE('',(#1401));
#1403=SURFACE_STYLE_USAGE(.BOTH.,#1402);
#1404=PRESENTATION_STYLE_ASSIGNMENT((#1403));
#1405=STYLED_ITEM('',(#1404),#1397);
#1406=ADVANCED_FACE('',(#3299),#3301,.F.);
#1407=COLOUR_RGB($,0.8,0.807843137254902,0.776470588235294);
#1408=FILL_AREA_STYLE_COLOUR($,#1407);
#1409=FILL_AREA_STYLE($,(#1408));
#1410=SURFACE_STYLE_FILL_AREA(#1409);
#1411=SURFACE_SIDE_STYLE('',(#1410));
#1412=SURFACE_STYLE_USAGE(.BOTH.,#1411);
#1413=PRESENTATION_STYLE_ASSIGNMENT((#1412));
#1414=STYLED_ITEM('',(#1413),#1406);
#1415=ADVANCED_FACE('',(#3306),#3308,.F.);
#1416=COLOUR_RGB($,0.8,0.807843137254902,0.776470588235294);
#1417=FILL_AREA_STYLE_COLOUR($,#1416);
#1418=FILL_AREA_STYLE($,(#1417));
#1419=SURFACE_STYLE_FILL_AREA(#1418);
#1420=SURFACE_SIDE_STYLE('',(#1419));
#1421=SURFACE_STYLE_USAGE(.BOTH.,#1420);
#1422=PRESENTATION_STYLE_ASSIGNMENT((#1421));
#1423=STYLED_ITEM('',(#1422),#1415);
#1424=ADVANCED_FACE('',(#3313),#3315,.T.);
#1425=COLOUR_RGB($,0.8,0.807843137254902,0.776470588235294);
#1426=FILL_AREA_STYLE_COLOUR($,#1425);
#1427=FILL_AREA_STYLE($,(#1426));
#1428=SURFACE_STYLE_FILL_AREA(#1427);
#1429=SURFACE_SIDE_STYLE('',(#1428));
#1430=SURFACE_STYLE_USAGE(.BOTH.,#1429);
#1431=PRESENTATION_STYLE_ASSIGNMENT((#1430));
#1432=STYLED_ITEM('',(#1431),#1424);
#1433=ADVANCED_FACE('',(#3320),#3322,.F.);
#1434=COLOUR_RGB($,0.8,0.807843137254902,0.776470588235294);
#1435=FILL_AREA_STYLE_COLOUR($,#1434);
#1436=FILL_AREA_STYLE($,(#1435));
#1437=SURFACE_STYLE_FILL_AREA(#1436);
#1438=SURFACE_SIDE_STYLE('',(#1437));
#1439=SURFACE_STYLE_USAGE(.BOTH.,#1438);
#1440=PRESENTATION_STYLE_ASSIGNMENT((#1439));
#1441=STYLED_ITEM('',(#1440),#1433);
#1442=ADVANCED_FACE('',(#3327),#3329,.T.);
#1443=COLOUR_RGB($,0.8,0.807843137254902,0.776470588235294);
#1444=FILL_AREA_STYLE_COLOUR($,#1443);
#1445=FILL_AREA_STYLE($,(#1444));
#1446=SURFACE_STYLE_FILL_AREA(#1445);
#1447=SURFACE_SIDE_STYLE('',(#1446));
#1448=SURFACE_STYLE_USAGE(.BOTH.,#1447);
#1449=PRESENTATION_STYLE_ASSIGNMENT((#1448));
#1450=STYLED_ITEM('',(#1449),#1442);
#1451=ADVANCED_FACE('',(#3334),#3336,.F.);
#1452=COLOUR_RGB($,0.8,0.807843137254902,0.776470588235294);
#1453=FILL_AREA_STYLE_COLOUR($,#1452);
#1454=FILL_AREA_STYLE($,(#1453));
#1455=SURFACE_STYLE_FILL_AREA(#1454);
#1456=SURFACE_SIDE_STYLE('',(#1455));
#1457=SURFACE_STYLE_USAGE(.BOTH.,#1456);
#1458=PRESENTATION_STYLE_ASSIGNMENT((#1457));
#1459=STYLED_ITEM('',(#1458),#1451);
#1460=ADVANCED_FACE('',(#3341),#3343,.T.);
#1461=COLOUR_RGB($,0.8,0.807843137254902,0.776470588235294);
#1462=FILL_AREA_STYLE_COLOUR($,#1461);
#1463=FILL_AREA_STYLE($,(#1462));
#1464=SURFACE_STYLE_FILL_AREA(#1463);
#1465=SURFACE_SIDE_STYLE('',(#1464));
#1466=SURFACE_STYLE_USAGE(.BOTH.,#1465);
#1467=PRESENTATION_STYLE_ASSIGNMENT((#1466));
#1468=STYLED_ITEM('',(#1467),#1460);
#1469=ADVANCED_FACE('',(#3348),#3350,.F.);
#1470=COLOUR_RGB($,0.8,0.807843137254902,0.776470588235294);
#1471=FILL_AREA_STYLE_COLOUR($,#1470);
#1472=FILL_AREA_STYLE($,(#1471));
#1473=SURFACE_STYLE_FILL_AREA(#1472);
#1474=SURFACE_SIDE_STYLE('',(#1473));
#1475=SURFACE_STYLE_USAGE(.BOTH.,#1474);
#1476=PRESENTATION_STYLE_ASSIGNMENT((#1475));
#1477=STYLED_ITEM('',(#1476),#1469);
#1478=ADVANCED_FACE('',(#3355),#3357,.T.);
#1479=COLOUR_RGB($,0.8,0.807843137254902,0.776470588235294);
#1480=FILL_AREA_STYLE_COLOUR($,#1479);
#1481=FILL_AREA_STYLE($,(#1480));
#1482=SURFACE_STYLE_FILL_AREA(#1481);
#1483=SURFACE_SIDE_STYLE('',(#1482));
#1484=SURFACE_STYLE_USAGE(.BOTH.,#1483);
#1485=PRESENTATION_STYLE_ASSIGNMENT((#1484));
#1486=STYLED_ITEM('',(#1485),#1478);
#1487=ADVANCED_FACE('',(#3362),#3364,.F.);
#1488=COLOUR_RGB($,0.8,0.807843137254902,0.776470588235294);
#1489=FILL_AREA_STYLE_COLOUR($,#1488);
#1490=FILL_AREA_STYLE($,(#1489));
#1491=SURFACE_STYLE_FILL_AREA(#1490);
#1492=SURFACE_SIDE_STYLE('',(#1491));
#1493=SURFACE_STYLE_USAGE(.BOTH.,#1492);
#1494=PRESENTATION_STYLE_ASSIGNMENT((#1493));
#1495=STYLED_ITEM('',(#1494),#1487);
#1496=ADVANCED_FACE('',(#3369),#3371,.T.);
#1497=COLOUR_RGB($,0.8,0.807843137254902,0.776470588235294);
#1498=FILL_AREA_STYLE_COLOUR($,#1497);
#1499=FILL_AREA_STYLE($,(#1498));
#1500=SURFACE_STYLE_FILL_AREA(#1499);
#1501=SURFACE_SIDE_STYLE('',(#1500));
#1502=SURFACE_STYLE_USAGE(.BOTH.,#1501);
#1503=PRESENTATION_STYLE_ASSIGNMENT((#1502));
#1504=STYLED_ITEM('',(#1503),#1496);
#1505=ADVANCED_FACE('',(#3376),#3378,.F.);
#1506=COLOUR_RGB($,0.8,0.807843137254902,0.776470588235294);
#1507=FILL_AREA_STYLE_COLOUR($,#1506);
#1508=FILL_AREA_STYLE($,(#1507));
#1509=SURFACE_STYLE_FILL_AREA(#1508);
#1510=SURFACE_SIDE_STYLE('',(#1509));
#1511=SURFACE_STYLE_USAGE(.BOTH.,#1510);
#1512=PRESENTATION_STYLE_ASSIGNMENT((#1511));
#1513=STYLED_ITEM('',(#1512),#1505);
#1514=ADVANCED_FACE('',(#3383),#3385,.T.);
#1515=COLOUR_RGB($,0.8,0.807843137254902,0.776470588235294);
#1516=FILL_AREA_STYLE_COLOUR($,#1515);
#1517=FILL_AREA_STYLE($,(#1516));
#1518=SURFACE_STYLE_FILL_AREA(#1517);
#1519=SURFACE_SIDE_STYLE('',(#1518));
#1520=SURFACE_STYLE_USAGE(.BOTH.,#1519);
#1521=PRESENTATION_STYLE_ASSIGNMENT((#1520));
#1522=STYLED_ITEM('',(#1521),#1514);
#1523=ADVANCED_FACE('',(#3390),#3392,.F.);
#1524=COLOUR_RGB($,0.8,0.807843137254902,0.776470588235294);
#1525=FILL_AREA_STYLE_COLOUR($,#1524);
#1526=FILL_AREA_STYLE($,(#1525));
#1527=SURFACE_STYLE_FILL_AREA(#1526);
#1528=SURFACE_SIDE_STYLE('',(#1527));
#1529=SURFACE_STYLE_USAGE(.BOTH.,#1528);
#1530=PRESENTATION_STYLE_ASSIGNMENT((#1529));
#1531=STYLED_ITEM('',(#1530),#1523);
#1532=ADVANCED_FACE('',(#3397),#3399,.T.);
#1533=COLOUR_RGB($,0.8,0.807843137254902,0.776470588235294);
#1534=FILL_AREA_STYLE_COLOUR($,#1533);
#1535=FILL_AREA_STYLE($,(#1534));
#1536=SURFACE_STYLE_FILL_AREA(#1535);
#1537=SURFACE_SIDE_STYLE('',(#1536));
#1538=SURFACE_STYLE_USAGE(.BOTH.,#1537);
#1539=PRESENTATION_STYLE_ASSIGNMENT((#1538));
#1540=STYLED_ITEM('',(#1539),#1532);
#1541=ADVANCED_FACE('',(#3404),#3406,.F.);
#1542=COLOUR_RGB($,0.8,0.807843137254902,0.776470588235294);
#1543=FILL_AREA_STYLE_COLOUR($,#1542);
#1544=FILL_AREA_STYLE($,(#1543));
#1545=SURFACE_STYLE_FILL_AREA(#1544);
#1546=SURFACE_SIDE_STYLE('',(#1545));
#1547=SURFACE_STYLE_USAGE(.BOTH.,#1546);
#1548=PRESENTATION_STYLE_ASSIGNMENT((#1547));
#1549=STYLED_ITEM('',(#1548),#1541);
#1550=ADVANCED_FACE('',(#3411),#3413,.T.);
#1551=COLOUR_RGB($,0.8,0.807843137254902,0.776470588235294);
#1552=FILL_AREA_STYLE_COLOUR($,#1551);
#1553=FILL_AREA_STYLE($,(#1552));
#1554=SURFACE_STYLE_FILL_AREA(#1553);
#1555=SURFACE_SIDE_STYLE('',(#1554));
#1556=SURFACE_STYLE_USAGE(.BOTH.,#1555);
#1557=PRESENTATION_STYLE_ASSIGNMENT((#1556));
#1558=STYLED_ITEM('',(#1557),#1550);
#1559=ADVANCED_FACE('',(#3418),#3420,.T.);
#1560=COLOUR_RGB($,0.8,0.807843137254902,0.776470588235294);
#1561=FILL_AREA_STYLE_COLOUR($,#1560);
#1562=FILL_AREA_STYLE($,(#1561));
#1563=SURFACE_STYLE_FILL_AREA(#1562);
#1564=SURFACE_SIDE_STYLE('',(#1563));
#1565=SURFACE_STYLE_USAGE(.BOTH.,#1564);
#1566=PRESENTATION_STYLE_ASSIGNMENT((#1565));
#1567=STYLED_ITEM('',(#1566),#1559);
#1568=ADVANCED_FACE('',(#3425),#3427,.F.);
#1569=COLOUR_RGB($,0.8,0.807843137254902,0.776470588235294);
#1570=FILL_AREA_STYLE_COLOUR($,#1569);
#1571=FILL_AREA_STYLE($,(#1570));
#1572=SURFACE_STYLE_FILL_AREA(#1571);
#1573=SURFACE_SIDE_STYLE('',(#1572));
#1574=SURFACE_STYLE_USAGE(.BOTH.,#1573);
#1575=PRESENTATION_STYLE_ASSIGNMENT((#1574));
#1576=STYLED_ITEM('',(#1575),#1568);
#1577=ADVANCED_FACE('',(#3432),#3434,.F.);
#1578=COLOUR_RGB($,0.8,0.807843137254902,0.776470588235294);
#1579=FILL_AREA_STYLE_COLOUR($,#1578);
#1580=FILL_AREA_STYLE($,(#1579));
#1581=SURFACE_STYLE_FILL_AREA(#1580);
#1582=SURFACE_SIDE_STYLE('',(#1581));
#1583=SURFACE_STYLE_USAGE(.BOTH.,#1582);
#1584=PRESENTATION_STYLE_ASSIGNMENT((#1583));
#1585=STYLED_ITEM('',(#1584),#1577);
#1586=ADVANCED_FACE('',(#3439),#3441,.F.);
#1587=COLOUR_RGB($,0.8,0.807843137254902,0.776470588235294);
#1588=FILL_AREA_STYLE_COLOUR($,#1587);
#1589=FILL_AREA_STYLE($,(#1588));
#1590=SURFACE_STYLE_FILL_AREA(#1589);
#1591=SURFACE_SIDE_STYLE('',(#1590));
#1592=SURFACE_STYLE_USAGE(.BOTH.,#1591);
#1593=PRESENTATION_STYLE_ASSIGNMENT((#1592));
#1594=STYLED_ITEM('',(#1593),#1586);
#1595=ADVANCED_FACE('',(#3446),#3448,.F.);
#1596=COLOUR_RGB($,0.8,0.807843137254902,0.776470588235294);
#1597=FILL_AREA_STYLE_COLOUR($,#1596);
#1598=FILL_AREA_STYLE($,(#1597));
#1599=SURFACE_STYLE_FILL_AREA(#1598);
#1600=SURFACE_SIDE_STYLE('',(#1599));
#1601=SURFACE_STYLE_USAGE(.BOTH.,#1600);
#1602=PRESENTATION_STYLE_ASSIGNMENT((#1601));
#1603=STYLED_ITEM('',(#1602),#1595);
#1604=ADVANCED_FACE('',(#3453),#3455,.F.);
#1605=COLOUR_RGB($,0.8,0.807843137254902,0.776470588235294);
#1606=FILL_AREA_STYLE_COLOUR($,#1605);
#1607=FILL_AREA_STYLE($,(#1606));
#1608=SURFACE_STYLE_FILL_AREA(#1607);
#1609=SURFACE_SIDE_STYLE('',(#1608));
#1610=SURFACE_STYLE_USAGE(.BOTH.,#1609);
#1611=PRESENTATION_STYLE_ASSIGNMENT((#1610));
#1612=STYLED_ITEM('',(#1611),#1604);
#1613=ADVANCED_FACE('',(#3460),#3462,.F.);
#1614=COLOUR_RGB($,0.8,0.807843137254902,0.776470588235294);
#1615=FILL_AREA_STYLE_COLOUR($,#1614);
#1616=FILL_AREA_STYLE($,(#1615));
#1617=SURFACE_STYLE_FILL_AREA(#1616);
#1618=SURFACE_SIDE_STYLE('',(#1617));
#1619=SURFACE_STYLE_USAGE(.BOTH.,#1618);
#1620=PRESENTATION_STYLE_ASSIGNMENT((#1619));
#1621=STYLED_ITEM('',(#1620),#1613);
#1622=ADVANCED_FACE('',(#3467),#3469,.F.);
#1623=COLOUR_RGB($,0.8,0.807843137254902,0.776470588235294);
#1624=FILL_AREA_STYLE_COLOUR($,#1623);
#1625=FILL_AREA_STYLE($,(#1624));
#1626=SURFACE_STYLE_FILL_AREA(#1625);
#1627=SURFACE_SIDE_STYLE('',(#1626));
#1628=SURFACE_STYLE_USAGE(.BOTH.,#1627);
#1629=PRESENTATION_STYLE_ASSIGNMENT((#1628));
#1630=STYLED_ITEM('',(#1629),#1622);
#1631=ADVANCED_FACE('',(#3474),#3476,.F.);
#1632=COLOUR_RGB($,0.8,0.807843137254902,0.776470588235294);
#1633=FILL_AREA_STYLE_COLOUR($,#1632);
#1634=FILL_AREA_STYLE($,(#1633));
#1635=SURFACE_STYLE_FILL_AREA(#1634);
#1636=SURFACE_SIDE_STYLE('',(#1635));
#1637=SURFACE_STYLE_USAGE(.BOTH.,#1636);
#1638=PRESENTATION_STYLE_ASSIGNMENT((#1637));
#1639=STYLED_ITEM('',(#1638),#1631);
#1640=ADVANCED_FACE('',(#3481),#3483,.F.);
#1641=COLOUR_RGB($,0.8,0.807843137254902,0.776470588235294);
#1642=FILL_AREA_STYLE_COLOUR($,#1641);
#1643=FILL_AREA_STYLE($,(#1642));
#1644=SURFACE_STYLE_FILL_AREA(#1643);
#1645=SURFACE_SIDE_STYLE('',(#1644));
#1646=SURFACE_STYLE_USAGE(.BOTH.,#1645);
#1647=PRESENTATION_STYLE_ASSIGNMENT((#1646));
#1648=STYLED_ITEM('',(#1647),#1640);
#1649=ADVANCED_FACE('',(#3488),#3490,.F.);
#1650=COLOUR_RGB($,0.8,0.807843137254902,0.776470588235294);
#1651=FILL_AREA_STYLE_COLOUR($,#1650);
#1652=FILL_AREA_STYLE($,(#1651));
#1653=SURFACE_STYLE_FILL_AREA(#1652);
#1654=SURFACE_SIDE_STYLE('',(#1653));
#1655=SURFACE_STYLE_USAGE(.BOTH.,#1654);
#1656=PRESENTATION_STYLE_ASSIGNMENT((#1655));
#1657=STYLED_ITEM('',(#1656),#1649);
#1658=ADVANCED_FACE('',(#3495),#3497,.F.);
#1659=COLOUR_RGB($,0.8,0.807843137254902,0.776470588235294);
#1660=FILL_AREA_STYLE_COLOUR($,#1659);
#1661=FILL_AREA_STYLE($,(#1660));
#1662=SURFACE_STYLE_FILL_AREA(#1661);
#1663=SURFACE_SIDE_STYLE('',(#1662));
#1664=SURFACE_STYLE_USAGE(.BOTH.,#1663);
#1665=PRESENTATION_STYLE_ASSIGNMENT((#1664));
#1666=STYLED_ITEM('',(#1665),#1658);
#1667=ADVANCED_FACE('',(#3502),#3504,.F.);
#1668=COLOUR_RGB($,0.8,0.807843137254902,0.776470588235294);
#1669=FILL_AREA_STYLE_COLOUR($,#1668);
#1670=FILL_AREA_STYLE($,(#1669));
#1671=SURFACE_STYLE_FILL_AREA(#1670);
#1672=SURFACE_SIDE_STYLE('',(#1671));
#1673=SURFACE_STYLE_USAGE(.BOTH.,#1672);
#1674=PRESENTATION_STYLE_ASSIGNMENT((#1673));
#1675=STYLED_ITEM('',(#1674),#1667);
#1676=ADVANCED_FACE('',(#3509),#3511,.F.);
#1677=COLOUR_RGB($,0.8,0.807843137254902,0.776470588235294);
#1678=FILL_AREA_STYLE_COLOUR($,#1677);
#1679=FILL_AREA_STYLE($,(#1678));
#1680=SURFACE_STYLE_FILL_AREA(#1679);
#1681=SURFACE_SIDE_STYLE('',(#1680));
#1682=SURFACE_STYLE_USAGE(.BOTH.,#1681);
#1683=PRESENTATION_STYLE_ASSIGNMENT((#1682));
#1684=STYLED_ITEM('',(#1683),#1676);
#1685=ADVANCED_FACE('',(#3516),#3518,.F.);
#1686=COLOUR_RGB($,0.8,0.807843137254902,0.776470588235294);
#1687=FILL_AREA_STYLE_COLOUR($,#1686);
#1688=FILL_AREA_STYLE($,(#1687));
#1689=SURFACE_STYLE_FILL_AREA(#1688);
#1690=SURFACE_SIDE_STYLE('',(#1689));
#1691=SURFACE_STYLE_USAGE(.BOTH.,#1690);
#1692=PRESENTATION_STYLE_ASSIGNMENT((#1691));
#1693=STYLED_ITEM('',(#1692),#1685);
#1694=ADVANCED_FACE('',(#3523),#3525,.F.);
#1695=COLOUR_RGB($,0.8,0.807843137254902,0.776470588235294);
#1696=FILL_AREA_STYLE_COLOUR($,#1695);
#1697=FILL_AREA_STYLE($,(#1696));
#1698=SURFACE_STYLE_FILL_AREA(#1697);
#1699=SURFACE_SIDE_STYLE('',(#1698));
#1700=SURFACE_STYLE_USAGE(.BOTH.,#1699);
#1701=PRESENTATION_STYLE_ASSIGNMENT((#1700));
#1702=STYLED_ITEM('',(#1701),#1694);
#1703=ADVANCED_FACE('',(#3530),#3532,.F.);
#1704=COLOUR_RGB($,0.8,0.807843137254902,0.776470588235294);
#1705=FILL_AREA_STYLE_COLOUR($,#1704);
#1706=FILL_AREA_STYLE($,(#1705));
#1707=SURFACE_STYLE_FILL_AREA(#1706);
#1708=SURFACE_SIDE_STYLE('',(#1707));
#1709=SURFACE_STYLE_USAGE(.BOTH.,#1708);
#1710=PRESENTATION_STYLE_ASSIGNMENT((#1709));
#1711=STYLED_ITEM('',(#1710),#1703);
#1712=ADVANCED_FACE('',(#3537),#3539,.F.);
#1713=COLOUR_RGB($,0.8,0.807843137254902,0.776470588235294);
#1714=FILL_AREA_STYLE_COLOUR($,#1713);
#1715=FILL_AREA_STYLE($,(#1714));
#1716=SURFACE_STYLE_FILL_AREA(#1715);
#1717=SURFACE_SIDE_STYLE('',(#1716));
#1718=SURFACE_STYLE_USAGE(.BOTH.,#1717);
#1719=PRESENTATION_STYLE_ASSIGNMENT((#1718));
#1720=STYLED_ITEM('',(#1719),#1712);
#1721=ADVANCED_FACE('',(#3544),#3546,.F.);
#1722=COLOUR_RGB($,0.8,0.807843137254902,0.776470588235294);
#1723=FILL_AREA_STYLE_COLOUR($,#1722);
#1724=FILL_AREA_STYLE($,(#1723));
#1725=SURFACE_STYLE_FILL_AREA(#1724);
#1726=SURFACE_SIDE_STYLE('',(#1725));
#1727=SURFACE_STYLE_USAGE(.BOTH.,#1726);
#1728=PRESENTATION_STYLE_ASSIGNMENT((#1727));
#1729=STYLED_ITEM('',(#1728),#1721);
#1730=ADVANCED_FACE('',(#3551),#3553,.F.);
#1731=COLOUR_RGB($,0.8,0.807843137254902,0.776470588235294);
#1732=FILL_AREA_STYLE_COLOUR($,#1731);
#1733=FILL_AREA_STYLE($,(#1732));
#1734=SURFACE_STYLE_FILL_AREA(#1733);
#1735=SURFACE_SIDE_STYLE('',(#1734));
#1736=SURFACE_STYLE_USAGE(.BOTH.,#1735);
#1737=PRESENTATION_STYLE_ASSIGNMENT((#1736));
#1738=STYLED_ITEM('',(#1737),#1730);
#1739=ADVANCED_FACE('',(#3558),#3560,.F.);
#1740=COLOUR_RGB($,0.8,0.807843137254902,0.776470588235294);
#1741=FILL_AREA_STYLE_COLOUR($,#1740);
#1742=FILL_AREA_STYLE($,(#1741));
#1743=SURFACE_STYLE_FILL_AREA(#1742);
#1744=SURFACE_SIDE_STYLE('',(#1743));
#1745=SURFACE_STYLE_USAGE(.BOTH.,#1744);
#1746=PRESENTATION_STYLE_ASSIGNMENT((#1745));
#1747=STYLED_ITEM('',(#1746),#1739);
#1748=ADVANCED_FACE('',(#3565),#3567,.F.);
#1749=COLOUR_RGB($,0.8,0.807843137254902,0.776470588235294);
#1750=FILL_AREA_STYLE_COLOUR($,#1749);
#1751=FILL_AREA_STYLE($,(#1750));
#1752=SURFACE_STYLE_FILL_AREA(#1751);
#1753=SURFACE_SIDE_STYLE('',(#1752));
#1754=SURFACE_STYLE_USAGE(.BOTH.,#1753);
#1755=PRESENTATION_STYLE_ASSIGNMENT((#1754));
#1756=STYLED_ITEM('',(#1755),#1748);
#1757=ADVANCED_FACE('',(#3572),#3574,.F.);
#1758=COLOUR_RGB($,0.8,0.807843137254902,0.776470588235294);
#1759=FILL_AREA_STYLE_COLOUR($,#1758);
#1760=FILL_AREA_STYLE($,(#1759));
#1761=SURFACE_STYLE_FILL_AREA(#1760);
#1762=SURFACE_SIDE_STYLE('',(#1761));
#1763=SURFACE_STYLE_USAGE(.BOTH.,#1762);
#1764=PRESENTATION_STYLE_ASSIGNMENT((#1763));
#1765=STYLED_ITEM('',(#1764),#1757);
#1766=ADVANCED_FACE('',(#3579),#3581,.F.);
#1767=COLOUR_RGB($,0.8,0.807843137254902,0.776470588235294);
#1768=FILL_AREA_STYLE_COLOUR($,#1767);
#1769=FILL_AREA_STYLE($,(#1768));
#1770=SURFACE_STYLE_FILL_AREA(#1769);
#1771=SURFACE_SIDE_STYLE('',(#1770));
#1772=SURFACE_STYLE_USAGE(.BOTH.,#1771);
#1773=PRESENTATION_STYLE_ASSIGNMENT((#1772));
#1774=STYLED_ITEM('',(#1773),#1766);
#1775=ADVANCED_FACE('',(#3586),#3588,.F.);
#1776=COLOUR_RGB($,0.8,0.807843137254902,0.776470588235294);
#1777=FILL_AREA_STYLE_COLOUR($,#1776);
#1778=FILL_AREA_STYLE($,(#1777));
#1779=SURFACE_STYLE_FILL_AREA(#1778);
#1780=SURFACE_SIDE_STYLE('',(#1779));
#1781=SURFACE_STYLE_USAGE(.BOTH.,#1780);
#1782=PRESENTATION_STYLE_ASSIGNMENT((#1781));
#1783=STYLED_ITEM('',(#1782),#1775);
#1784=ADVANCED_FACE('',(#3593),#3595,.F.);
#1785=COLOUR_RGB($,0.8,0.807843137254902,0.776470588235294);
#1786=FILL_AREA_STYLE_COLOUR($,#1785);
#1787=FILL_AREA_STYLE($,(#1786));
#1788=SURFACE_STYLE_FILL_AREA(#1787);
#1789=SURFACE_SIDE_STYLE('',(#1788));
#1790=SURFACE_STYLE_USAGE(.BOTH.,#1789);
#1791=PRESENTATION_STYLE_ASSIGNMENT((#1790));
#1792=STYLED_ITEM('',(#1791),#1784);
#1793=ADVANCED_FACE('',(#3600),#3602,.F.);
#1794=COLOUR_RGB($,0.8,0.807843137254902,0.776470588235294);
#1795=FILL_AREA_STYLE_COLOUR($,#1794);
#1796=FILL_AREA_STYLE($,(#1795));
#1797=SURFACE_STYLE_FILL_AREA(#1796);
#1798=SURFACE_SIDE_STYLE('',(#1797));
#1799=SURFACE_STYLE_USAGE(.BOTH.,#1798);
#1800=PRESENTATION_STYLE_ASSIGNMENT((#1799));
#1801=STYLED_ITEM('',(#1800),#1793);
#1802=ADVANCED_FACE('',(#3607),#3609,.F.);
#1803=COLOUR_RGB($,0.8,0.807843137254902,0.776470588235294);
#1804=FILL_AREA_STYLE_COLOUR($,#1803);
#1805=FILL_AREA_STYLE($,(#1804));
#1806=SURFACE_STYLE_FILL_AREA(#1805);
#1807=SURFACE_SIDE_STYLE('',(#1806));
#1808=SURFACE_STYLE_USAGE(.BOTH.,#1807);
#1809=PRESENTATION_STYLE_ASSIGNMENT((#1808));
#1810=STYLED_ITEM('',(#1809),#1802);
#1811=ADVANCED_FACE('',(#3614),#3616,.F.);
#1812=COLOUR_RGB($,0.8,0.807843137254902,0.776470588235294);
#1813=FILL_AREA_STYLE_COLOUR($,#1812);
#1814=FILL_AREA_STYLE($,(#1813));
#1815=SURFACE_STYLE_FILL_AREA(#1814);
#1816=SURFACE_SIDE_STYLE('',(#1815));
#1817=SURFACE_STYLE_USAGE(.BOTH.,#1816);
#1818=PRESENTATION_STYLE_ASSIGNMENT((#1817));
#1819=STYLED_ITEM('',(#1818),#1811);
#1820=ADVANCED_FACE('',(#3621),#3623,.F.);
#1821=COLOUR_RGB($,0.8,0.807843137254902,0.776470588235294);
#1822=FILL_AREA_STYLE_COLOUR($,#1821);
#1823=FILL_AREA_STYLE($,(#1822));
#1824=SURFACE_STYLE_FILL_AREA(#1823);
#1825=SURFACE_SIDE_STYLE('',(#1824));
#1826=SURFACE_STYLE_USAGE(.BOTH.,#1825);
#1827=PRESENTATION_STYLE_ASSIGNMENT((#1826));
#1828=STYLED_ITEM('',(#1827),#1820);
#1829=ADVANCED_FACE('',(#3628),#3630,.F.);
#1830=COLOUR_RGB($,0.8,0.807843137254902,0.776470588235294);
#1831=FILL_AREA_STYLE_COLOUR($,#1830);
#1832=FILL_AREA_STYLE($,(#1831));
#1833=SURFACE_STYLE_FILL_AREA(#1832);
#1834=SURFACE_SIDE_STYLE('',(#1833));
#1835=SURFACE_STYLE_USAGE(.BOTH.,#1834);
#1836=PRESENTATION_STYLE_ASSIGNMENT((#1835));
#1837=STYLED_ITEM('',(#1836),#1829);
#1838=ADVANCED_FACE('',(#3635),#3637,.F.);
#1839=COLOUR_RGB($,0.8,0.807843137254902,0.776470588235294);
#1840=FILL_AREA_STYLE_COLOUR($,#1839);
#1841=FILL_AREA_STYLE($,(#1840));
#1842=SURFACE_STYLE_FILL_AREA(#1841);
#1843=SURFACE_SIDE_STYLE('',(#1842));
#1844=SURFACE_STYLE_USAGE(.BOTH.,#1843);
#1845=PRESENTATION_STYLE_ASSIGNMENT((#1844));
#1846=STYLED_ITEM('',(#1845),#1838);
#1847=ADVANCED_FACE('',(#3642),#3644,.F.);
#1848=COLOUR_RGB($,0.8,0.807843137254902,0.776470588235294);
#1849=FILL_AREA_STYLE_COLOUR($,#1848);
#1850=FILL_AREA_STYLE($,(#1849));
#1851=SURFACE_STYLE_FILL_AREA(#1850);
#1852=SURFACE_SIDE_STYLE('',(#1851));
#1853=SURFACE_STYLE_USAGE(.BOTH.,#1852);
#1854=PRESENTATION_STYLE_ASSIGNMENT((#1853));
#1855=STYLED_ITEM('',(#1854),#1847);
#1856=ADVANCED_FACE('',(#3649),#3651,.F.);
#1857=COLOUR_RGB($,0.8,0.807843137254902,0.776470588235294);
#1858=FILL_AREA_STYLE_COLOUR($,#1857);
#1859=FILL_AREA_STYLE($,(#1858));
#1860=SURFACE_STYLE_FILL_AREA(#1859);
#1861=SURFACE_SIDE_STYLE('',(#1860));
#1862=SURFACE_STYLE_USAGE(.BOTH.,#1861);
#1863=PRESENTATION_STYLE_ASSIGNMENT((#1862));
#1864=STYLED_ITEM('',(#1863),#1856);
#1865=ADVANCED_FACE('',(#3656),#3658,.F.);
#1866=COLOUR_RGB($,0.8,0.807843137254902,0.776470588235294);
#1867=FILL_AREA_STYLE_COLOUR($,#1866);
#1868=FILL_AREA_STYLE($,(#1867));
#1869=SURFACE_STYLE_FILL_AREA(#1868);
#1870=SURFACE_SIDE_STYLE('',(#1869));
#1871=SURFACE_STYLE_USAGE(.BOTH.,#1870);
#1872=PRESENTATION_STYLE_ASSIGNMENT((#1871));
#1873=STYLED_ITEM('',(#1872),#1865);
#1874=ADVANCED_FACE('',(#3663),#3665,.F.);
#1875=COLOUR_RGB($,0.8,0.807843137254902,0.776470588235294);
#1876=FILL_AREA_STYLE_COLOUR($,#1875);
#1877=FILL_AREA_STYLE($,(#1876));
#1878=SURFACE_STYLE_FILL_AREA(#1877);
#1879=SURFACE_SIDE_STYLE('',(#1878));
#1880=SURFACE_STYLE_USAGE(.BOTH.,#1879);
#1881=PRESENTATION_STYLE_ASSIGNMENT((#1880));
#1882=STYLED_ITEM('',(#1881),#1874);
#1883=ADVANCED_FACE('',(#3670),#3672,.F.);
#1884=COLOUR_RGB($,0.8,0.807843137254902,0.776470588235294);
#1885=FILL_AREA_STYLE_COLOUR($,#1884);
#1886=FILL_AREA_STYLE($,(#1885));
#1887=SURFACE_STYLE_FILL_AREA(#1886);
#1888=SURFACE_SIDE_STYLE('',(#1887));
#1889=SURFACE_STYLE_USAGE(.BOTH.,#1888);
#1890=PRESENTATION_STYLE_ASSIGNMENT((#1889));
#1891=STYLED_ITEM('',(#1890),#1883);
#1892=ADVANCED_FACE('',(#3677),#3679,.F.);
#1893=COLOUR_RGB($,0.8,0.807843137254902,0.776470588235294);
#1894=FILL_AREA_STYLE_COLOUR($,#1893);
#1895=FILL_AREA_STYLE($,(#1894));
#1896=SURFACE_STYLE_FILL_AREA(#1895);
#1897=SURFACE_SIDE_STYLE('',(#1896));
#1898=SURFACE_STYLE_USAGE(.BOTH.,#1897);
#1899=PRESENTATION_STYLE_ASSIGNMENT((#1898));
#1900=STYLED_ITEM('',(#1899),#1892);
#1901=ADVANCED_FACE('',(#3684),#3686,.F.);
#1902=COLOUR_RGB($,0.8,0.807843137254902,0.776470588235294);
#1903=FILL_AREA_STYLE_COLOUR($,#1902);
#1904=FILL_AREA_STYLE($,(#1903));
#1905=SURFACE_STYLE_FILL_AREA(#1904);
#1906=SURFACE_SIDE_STYLE('',(#1905));
#1907=SURFACE_STYLE_USAGE(.BOTH.,#1906);
#1908=PRESENTATION_STYLE_ASSIGNMENT((#1907));
#1909=STYLED_ITEM('',(#1908),#1901);
#1910=ADVANCED_FACE('',(#3691),#3693,.T.);
#1911=COLOUR_RGB($,0.8,0.807843137254902,0.776470588235294);
#1912=FILL_AREA_STYLE_COLOUR($,#1911);
#1913=FILL_AREA_STYLE($,(#1912));
#1914=SURFACE_STYLE_FILL_AREA(#1913);
#1915=SURFACE_SIDE_STYLE('',(#1914));
#1916=SURFACE_STYLE_USAGE(.BOTH.,#1915);
#1917=PRESENTATION_STYLE_ASSIGNMENT((#1916));
#1918=STYLED_ITEM('',(#1917),#1910);
#1919=ADVANCED_FACE('',(#3698),#3700,.T.);
#1920=COLOUR_RGB($,0.8,0.807843137254902,0.776470588235294);
#1921=FILL_AREA_STYLE_COLOUR($,#1920);
#1922=FILL_AREA_STYLE($,(#1921));
#1923=SURFACE_STYLE_FILL_AREA(#1922);
#1924=SURFACE_SIDE_STYLE('',(#1923));
#1925=SURFACE_STYLE_USAGE(.BOTH.,#1924);
#1926=PRESENTATION_STYLE_ASSIGNMENT((#1925));
#1927=STYLED_ITEM('',(#1926),#1919);
#1928=ADVANCED_FACE('',(#3705),#3707,.F.);
#1929=COLOUR_RGB($,0.8,0.807843137254902,0.776470588235294);
#1930=FILL_AREA_STYLE_COLOUR($,#1929);
#1931=FILL_AREA_STYLE($,(#1930));
#1932=SURFACE_STYLE_FILL_AREA(#1931);
#1933=SURFACE_SIDE_STYLE('',(#1932));
#1934=SURFACE_STYLE_USAGE(.BOTH.,#1933);
#1935=PRESENTATION_STYLE_ASSIGNMENT((#1934));
#1936=STYLED_ITEM('',(#1935),#1928);
#1937=ADVANCED_FACE('',(#3712),#3714,.F.);
#1938=COLOUR_RGB($,0.8,0.807843137254902,0.776470588235294);
#1939=FILL_AREA_STYLE_COLOUR($,#1938);
#1940=FILL_AREA_STYLE($,(#1939));
#1941=SURFACE_STYLE_FILL_AREA(#1940);
#1942=SURFACE_SIDE_STYLE('',(#1941));
#1943=SURFACE_STYLE_USAGE(.BOTH.,#1942);
#1944=PRESENTATION_STYLE_ASSIGNMENT((#1943));
#1945=STYLED_ITEM('',(#1944),#1937);
#1946=ADVANCED_FACE('',(#3719),#3721,.T.);
#1947=COLOUR_RGB($,0.8,0.807843137254902,0.776470588235294);
#1948=FILL_AREA_STYLE_COLOUR($,#1947);
#1949=FILL_AREA_STYLE($,(#1948));
#1950=SURFACE_STYLE_FILL_AREA(#1949);
#1951=SURFACE_SIDE_STYLE('',(#1950));
#1952=SURFACE_STYLE_USAGE(.BOTH.,#1951);
#1953=PRESENTATION_STYLE_ASSIGNMENT((#1952));
#1954=STYLED_ITEM('',(#1953),#1946);
#1955=ADVANCED_FACE('',(#3726),#3728,.T.);
#1956=COLOUR_RGB($,0.8,0.807843137254902,0.776470588235294);
#1957=FILL_AREA_STYLE_COLOUR($,#1956);
#1958=FILL_AREA_STYLE($,(#1957));
#1959=SURFACE_STYLE_FILL_AREA(#1958);
#1960=SURFACE_SIDE_STYLE('',(#1959));
#1961=SURFACE_STYLE_USAGE(.BOTH.,#1960);
#1962=PRESENTATION_STYLE_ASSIGNMENT((#1961));
#1963=STYLED_ITEM('',(#1962),#1955);
#1964=ADVANCED_FACE('',(#3733),#3735,.F.);
#1965=COLOUR_RGB($,0.8,0.807843137254902,0.776470588235294);
#1966=FILL_AREA_STYLE_COLOUR($,#1965);
#1967=FILL_AREA_STYLE($,(#1966));
#1968=SURFACE_STYLE_FILL_AREA(#1967);
#1969=SURFACE_SIDE_STYLE('',(#1968));
#1970=SURFACE_STYLE_USAGE(.BOTH.,#1969);
#1971=PRESENTATION_STYLE_ASSIGNMENT((#1970));
#1972=STYLED_ITEM('',(#1971),#1964);
#1973=ADVANCED_FACE('',(#3740),#3742,.F.);
#1974=COLOUR_RGB($,0.8,0.807843137254902,0.776470588235294);
#1975=FILL_AREA_STYLE_COLOUR($,#1974);
#1976=FILL_AREA_STYLE($,(#1975));
#1977=SURFACE_STYLE_FILL_AREA(#1976);
#1978=SURFACE_SIDE_STYLE('',(#1977));
#1979=SURFACE_STYLE_USAGE(.BOTH.,#1978);
#1980=PRESENTATION_STYLE_ASSIGNMENT((#1979));
#1981=STYLED_ITEM('',(#1980),#1973);
#1982=ADVANCED_FACE('',(#3747),#3749,.F.);
#1983=COLOUR_RGB($,0.8,0.807843137254902,0.776470588235294);
#1984=FILL_AREA_STYLE_COLOUR($,#1983);
#1985=FILL_AREA_STYLE($,(#1984));
#1986=SURFACE_STYLE_FILL_AREA(#1985);
#1987=SURFACE_SIDE_STYLE('',(#1986));
#1988=SURFACE_STYLE_USAGE(.BOTH.,#1987);
#1989=PRESENTATION_STYLE_ASSIGNMENT((#1988));
#1990=STYLED_ITEM('',(#1989),#1982);
#1991=ADVANCED_FACE('',(#3754,#3756),#3758,.F.);
#1992=COLOUR_RGB($,0.8,0.807843137254902,0.776470588235294);
#1993=FILL_AREA_STYLE_COLOUR($,#1992);
#1994=FILL_AREA_STYLE($,(#1993));
#1995=SURFACE_STYLE_FILL_AREA(#1994);
#1996=SURFACE_SIDE_STYLE('',(#1995));
#1997=SURFACE_STYLE_USAGE(.BOTH.,#1996);
#1998=PRESENTATION_STYLE_ASSIGNMENT((#1997));
#1999=STYLED_ITEM('',(#1998),#1991);
#2000=ADVANCED_FACE('',(#3763,#3765),#3767,.F.);
#2001=COLOUR_RGB($,0.8,0.807843137254902,0.776470588235294);
#2002=FILL_AREA_STYLE_COLOUR($,#2001);
#2003=FILL_AREA_STYLE($,(#2002));
#2004=SURFACE_STYLE_FILL_AREA(#2003);
#2005=SURFACE_SIDE_STYLE('',(#2004));
#2006=SURFACE_STYLE_USAGE(.BOTH.,#2005);
#2007=PRESENTATION_STYLE_ASSIGNMENT((#2006));
#2008=STYLED_ITEM('',(#2007),#2000);
#2009=ADVANCED_FACE('',(#3772),#3774,.T.);
#2010=COLOUR_RGB($,0.8,0.807843137254902,0.776470588235294);
#2011=FILL_AREA_STYLE_COLOUR($,#2010);
#2012=FILL_AREA_STYLE($,(#2011));
#2013=SURFACE_STYLE_FILL_AREA(#2012);
#2014=SURFACE_SIDE_STYLE('',(#2013));
#2015=SURFACE_STYLE_USAGE(.BOTH.,#2014);
#2016=PRESENTATION_STYLE_ASSIGNMENT((#2015));
#2017=STYLED_ITEM('',(#2016),#2009);
#2018=ADVANCED_FACE('',(#3779),#3781,.T.);
#2019=COLOUR_RGB($,0.8,0.807843137254902,0.776470588235294);
#2020=FILL_AREA_STYLE_COLOUR($,#2019);
#2021=FILL_AREA_STYLE($,(#2020));
#2022=SURFACE_STYLE_FILL_AREA(#2021);
#2023=SURFACE_SIDE_STYLE('',(#2022));
#2024=SURFACE_STYLE_USAGE(.BOTH.,#2023);
#2025=PRESENTATION_STYLE_ASSIGNMENT((#2024));
#2026=STYLED_ITEM('',(#2025),#2018);
#2027=ADVANCED_FACE('',(#3786),#3788,.T.);
#2028=COLOUR_RGB($,0.8,0.807843137254902,0.776470588235294);
#2029=FILL_AREA_STYLE_COLOUR($,#2028);
#2030=FILL_AREA_STYLE($,(#2029));
#2031=SURFACE_STYLE_FILL_AREA(#2030);
#2032=SURFACE_SIDE_STYLE('',(#2031));
#2033=SURFACE_STYLE_USAGE(.BOTH.,#2032);
#2034=PRESENTATION_STYLE_ASSIGNMENT((#2033));
#2035=STYLED_ITEM('',(#2034),#2027);
#2036=ADVANCED_FACE('',(#3793),#3795,.T.);
#2037=COLOUR_RGB($,0.8,0.807843137254902,0.776470588235294);
#2038=FILL_AREA_STYLE_COLOUR($,#2037);
#2039=FILL_AREA_STYLE($,(#2038));
#2040=SURFACE_STYLE_FILL_AREA(#2039);
#2041=SURFACE_SIDE_STYLE('',(#2040));
#2042=SURFACE_STYLE_USAGE(.BOTH.,#2041);
#2043=PRESENTATION_STYLE_ASSIGNMENT((#2042));
#2044=STYLED_ITEM('',(#2043),#2036);
#2045=ADVANCED_FACE('',(#3800),#3802,.T.);
#2046=COLOUR_RGB($,0.8,0.807843137254902,0.776470588235294);
#2047=FILL_AREA_STYLE_COLOUR($,#2046);
#2048=FILL_AREA_STYLE($,(#2047));
#2049=SURFACE_STYLE_FILL_AREA(#2048);
#2050=SURFACE_SIDE_STYLE('',(#2049));
#2051=SURFACE_STYLE_USAGE(.BOTH.,#2050);
#2052=PRESENTATION_STYLE_ASSIGNMENT((#2051));
#2053=STYLED_ITEM('',(#2052),#2045);
#2054=ADVANCED_FACE('',(#3807),#3809,.T.);
#2055=COLOUR_RGB($,0.8,0.807843137254902,0.776470588235294);
#2056=FILL_AREA_STYLE_COLOUR($,#2055);
#2057=FILL_AREA_STYLE($,(#2056));
#2058=SURFACE_STYLE_FILL_AREA(#2057);
#2059=SURFACE_SIDE_STYLE('',(#2058));
#2060=SURFACE_STYLE_USAGE(.BOTH.,#2059);
#2061=PRESENTATION_STYLE_ASSIGNMENT((#2060));
#2062=STYLED_ITEM('',(#2061),#2054);
#2063=ADVANCED_FACE('',(#3814),#3816,.T.);
#2064=COLOUR_RGB($,0.8,0.807843137254902,0.776470588235294);
#2065=FILL_AREA_STYLE_COLOUR($,#2064);
#2066=FILL_AREA_STYLE($,(#2065));
#2067=SURFACE_STYLE_FILL_AREA(#2066);
#2068=SURFACE_SIDE_STYLE('',(#2067));
#2069=SURFACE_STYLE_USAGE(.BOTH.,#2068);
#2070=PRESENTATION_STYLE_ASSIGNMENT((#2069));
#2071=STYLED_ITEM('',(#2070),#2063);
#2072=ADVANCED_FACE('',(#3821),#3823,.T.);
#2073=COLOUR_RGB($,0.8,0.807843137254902,0.776470588235294);
#2074=FILL_AREA_STYLE_COLOUR($,#2073);
#2075=FILL_AREA_STYLE($,(#2074));
#2076=SURFACE_STYLE_FILL_AREA(#2075);
#2077=SURFACE_SIDE_STYLE('',(#2076));
#2078=SURFACE_STYLE_USAGE(.BOTH.,#2077);
#2079=PRESENTATION_STYLE_ASSIGNMENT((#2078));
#2080=STYLED_ITEM('',(#2079),#2072);
#2081=ADVANCED_FACE('',(#3828),#3830,.T.);
#2082=COLOUR_RGB($,0.8,0.807843137254902,0.776470588235294);
#2083=FILL_AREA_STYLE_COLOUR($,#2082);
#2084=FILL_AREA_STYLE($,(#2083));
#2085=SURFACE_STYLE_FILL_AREA(#2084);
#2086=SURFACE_SIDE_STYLE('',(#2085));
#2087=SURFACE_STYLE_USAGE(.BOTH.,#2086);
#2088=PRESENTATION_STYLE_ASSIGNMENT((#2087));
#2089=STYLED_ITEM('',(#2088),#2081);
#2090=ADVANCED_FACE('',(#3835),#3837,.T.);
#2091=COLOUR_RGB($,0.8,0.807843137254902,0.776470588235294);
#2092=FILL_AREA_STYLE_COLOUR($,#2091);
#2093=FILL_AREA_STYLE($,(#2092));
#2094=SURFACE_STYLE_FILL_AREA(#2093);
#2095=SURFACE_SIDE_STYLE('',(#2094));
#2096=SURFACE_STYLE_USAGE(.BOTH.,#2095);
#2097=PRESENTATION_STYLE_ASSIGNMENT((#2096));
#2098=STYLED_ITEM('',(#2097),#2090);
#2099=ADVANCED_FACE('',(#3842),#3844,.T.);
#2100=COLOUR_RGB($,0.8,0.807843137254902,0.776470588235294);
#2101=FILL_AREA_STYLE_COLOUR($,#2100);
#2102=FILL_AREA_STYLE($,(#2101));
#2103=SURFACE_STYLE_FILL_AREA(#2102);
#2104=SURFACE_SIDE_STYLE('',(#2103));
#2105=SURFACE_STYLE_USAGE(.BOTH.,#2104);
#2106=PRESENTATION_STYLE_ASSIGNMENT((#2105));
#2107=STYLED_ITEM('',(#2106),#2099);
#2108=ADVANCED_FACE('',(#3849),#3851,.T.);
#2109=COLOUR_RGB($,0.8,0.807843137254902,0.776470588235294);
#2110=FILL_AREA_STYLE_COLOUR($,#2109);
#2111=FILL_AREA_STYLE($,(#2110));
#2112=SURFACE_STYLE_FILL_AREA(#2111);
#2113=SURFACE_SIDE_STYLE('',(#2112));
#2114=SURFACE_STYLE_USAGE(.BOTH.,#2113);
#2115=PRESENTATION_STYLE_ASSIGNMENT((#2114));
#2116=STYLED_ITEM('',(#2115),#2108);
#2117=ADVANCED_FACE('',(#3864),#3866,.T.);
#2118=COLOUR_RGB($,0.8,0.807843137254902,0.776470588235294);
#2119=FILL_AREA_STYLE_COLOUR($,#2118);
#2120=FILL_AREA_STYLE($,(#2119));
#2121=SURFACE_STYLE_FILL_AREA(#2120);
#2122=SURFACE_SIDE_STYLE('',(#2121));
#2123=SURFACE_STYLE_USAGE(.BOTH.,#2122);
#2124=PRESENTATION_STYLE_ASSIGNMENT((#2123));
#2125=STYLED_ITEM('',(#2124),#2117);
#2126=ADVANCED_FACE('',(#3918),#3920,.T.);
#2127=COLOUR_RGB($,0.8,0.807843137254902,0.776470588235294);
#2128=FILL_AREA_STYLE_COLOUR($,#2127);
#2129=FILL_AREA_STYLE($,(#2128));
#2130=SURFACE_STYLE_FILL_AREA(#2129);
#2131=SURFACE_SIDE_STYLE('',(#2130));
#2132=SURFACE_STYLE_USAGE(.BOTH.,#2131);
#2133=PRESENTATION_STYLE_ASSIGNMENT((#2132));
#2134=STYLED_ITEM('',(#2133),#2126);
#2135=ADVANCED_FACE('',(#3933),#3935,.T.);
#2136=COLOUR_RGB($,0.8,0.807843137254902,0.776470588235294);
#2137=FILL_AREA_STYLE_COLOUR($,#2136);
#2138=FILL_AREA_STYLE($,(#2137));
#2139=SURFACE_STYLE_FILL_AREA(#2138);
#2140=SURFACE_SIDE_STYLE('',(#2139));
#2141=SURFACE_STYLE_USAGE(.BOTH.,#2140);
#2142=PRESENTATION_STYLE_ASSIGNMENT((#2141));
#2143=STYLED_ITEM('',(#2142),#2135);
#2144=ADVANCED_FACE('',(#3987),#3989,.T.);
#2145=COLOUR_RGB($,0.8,0.807843137254902,0.776470588235294);
#2146=FILL_AREA_STYLE_COLOUR($,#2145);
#2147=FILL_AREA_STYLE($,(#2146));
#2148=SURFACE_STYLE_FILL_AREA(#2147);
#2149=SURFACE_SIDE_STYLE('',(#2148));
#2150=SURFACE_STYLE_USAGE(.BOTH.,#2149);
#2151=PRESENTATION_STYLE_ASSIGNMENT((#2150));
#2152=STYLED_ITEM('',(#2151),#2144);
#2153=ADVANCED_FACE('',(#4002),#4004,.T.);
#2154=COLOUR_RGB($,0.8,0.807843137254902,0.776470588235294);
#2155=FILL_AREA_STYLE_COLOUR($,#2154);
#2156=FILL_AREA_STYLE($,(#2155));
#2157=SURFACE_STYLE_FILL_AREA(#2156);
#2158=SURFACE_SIDE_STYLE('',(#2157));
#2159=SURFACE_STYLE_USAGE(.BOTH.,#2158);
#2160=PRESENTATION_STYLE_ASSIGNMENT((#2159));
#2161=STYLED_ITEM('',(#2160),#2153);
#2162=ADVANCED_FACE('',(#4056),#4058,.T.);
#2163=COLOUR_RGB($,0.8,0.807843137254902,0.776470588235294);
#2164=FILL_AREA_STYLE_COLOUR($,#2163);
#2165=FILL_AREA_STYLE($,(#2164));
#2166=SURFACE_STYLE_FILL_AREA(#2165);
#2167=SURFACE_SIDE_STYLE('',(#2166));
#2168=SURFACE_STYLE_USAGE(.BOTH.,#2167);
#2169=PRESENTATION_STYLE_ASSIGNMENT((#2168));
#2170=STYLED_ITEM('',(#2169),#2162);
#2171=ADVANCED_FACE('',(#4071),#4073,.T.);
#2172=COLOUR_RGB($,0.8,0.807843137254902,0.776470588235294);
#2173=FILL_AREA_STYLE_COLOUR($,#2172);
#2174=FILL_AREA_STYLE($,(#2173));
#2175=SURFACE_STYLE_FILL_AREA(#2174);
#2176=SURFACE_SIDE_STYLE('',(#2175));
#2177=SURFACE_STYLE_USAGE(.BOTH.,#2176);
#2178=PRESENTATION_STYLE_ASSIGNMENT((#2177));
#2179=STYLED_ITEM('',(#2178),#2171);
#2180=ADVANCED_FACE('',(#4125,#4127),#4129,.T.);
#2181=COLOUR_RGB($,0.8,0.807843137254902,0.776470588235294);
#2182=FILL_AREA_STYLE_COLOUR($,#2181);
#2183=FILL_AREA_STYLE($,(#2182));
#2184=SURFACE_STYLE_FILL_AREA(#2183);
#2185=SURFACE_SIDE_STYLE('',(#2184));
#2186=SURFACE_STYLE_USAGE(.BOTH.,#2185);
#2187=PRESENTATION_STYLE_ASSIGNMENT((#2186));
#2188=STYLED_ITEM('',(#2187),#2180);
#2189=ADVANCED_FACE('',(#4134,#4136),#4138,.T.);
#2190=COLOUR_RGB($,0.8,0.807843137254902,0.776470588235294);
#2191=FILL_AREA_STYLE_COLOUR($,#2190);
#2192=FILL_AREA_STYLE($,(#2191));
#2193=SURFACE_STYLE_FILL_AREA(#2192);
#2194=SURFACE_SIDE_STYLE('',(#2193));
#2195=SURFACE_STYLE_USAGE(.BOTH.,#2194);
#2196=PRESENTATION_STYLE_ASSIGNMENT((#2195));
#2197=STYLED_ITEM('',(#2196),#2189);
#2198=COMPOSITE_CURVE('',(#4143,#4144,#4145,#4146),.F.);
#2199=COLOUR_RGB($,0.392156862745098,0.588235294117647,1.);
#2200=PRESENTATION_STYLE_ASSIGNMENT((#2201));
#2201=CURVE_STYLE($,#2202,POSITIVE_LENGTH_MEASURE(0.1),#2199);
#2202=PRE_DEFINED_CURVE_FONT('continuous');
#2203=STYLED_ITEM('',(#2200),#2198);
#2204=COMPOSITE_CURVE('',(#4147,#4148,#4149,#4150),.F.);
#2205=COLOUR_RGB($,0.392156862745098,0.588235294117647,1.);
#2206=PRESENTATION_STYLE_ASSIGNMENT((#2207));
#2207=CURVE_STYLE($,#2208,POSITIVE_LENGTH_MEASURE(0.1),#2205);
#2208=PRE_DEFINED_CURVE_FONT('continuous');
#2209=STYLED_ITEM('',(#2206),#2204);
#2210=COMPOSITE_CURVE('',(#4151,#4152,#4153,#4154,#4155,#4156),.F.);
#2211=COLOUR_RGB($,0.392156862745098,0.588235294117647,1.);
#2212=PRESENTATION_STYLE_ASSIGNMENT((#2213));
#2213=CURVE_STYLE($,#2214,POSITIVE_LENGTH_MEASURE(0.1),#2211);
#2214=PRE_DEFINED_CURVE_FONT('continuous');
#2215=STYLED_ITEM('',(#2212),#2210);
#2216=COMPOSITE_CURVE('',(#4157,#4158,#4159,#4160,#4161,#4162),.F.);
#2217=COLOUR_RGB($,0.392156862745098,0.588235294117647,1.);
#2218=PRESENTATION_STYLE_ASSIGNMENT((#2219));
#2219=CURVE_STYLE($,#2220,POSITIVE_LENGTH_MEASURE(0.1),#2217);
#2220=PRE_DEFINED_CURVE_FONT('continuous');
#2221=STYLED_ITEM('',(#2218),#2216);
#2222=COMPOSITE_CURVE('',(#4163),.F.);
#2223=COLOUR_RGB($,0.392156862745098,0.588235294117647,1.);
#2224=PRESENTATION_STYLE_ASSIGNMENT((#2225));
#2225=CURVE_STYLE($,#2226,POSITIVE_LENGTH_MEASURE(0.1),#2223);
#2226=PRE_DEFINED_CURVE_FONT('continuous');
#2227=STYLED_ITEM('',(#2224),#2222);
#2228=COMPOSITE_CURVE('',(#4164),.F.);
#2229=COLOUR_RGB($,0.392156862745098,0.588235294117647,1.);
#2230=PRESENTATION_STYLE_ASSIGNMENT((#2231));
#2231=CURVE_STYLE($,#2232,POSITIVE_LENGTH_MEASURE(0.1),#2229);
#2232=PRE_DEFINED_CURVE_FONT('continuous');
#2233=STYLED_ITEM('',(#2230),#2228);
#2234=FACE_BOUND('',#2235,.T.);
#2235=EDGE_LOOP('',(#4165,#4166,#4167,#4168,#4169,#4170,#4171,#4172,#4173,#4174,
#4175,#4176,#4177,#4178,#4179,#4180,#4181,#4182));
#2236=FACE_BOUND('',#2237,.T.);
#2237=EDGE_LOOP('',(#4183,#4184,#4185,#4186,#4187,#4188,#4189,#4190));
#2238=FACE_BOUND('',#2239,.T.);
#2239=EDGE_LOOP('',(#4191,#4192,#4193,#4194,#4195,#4196,#4197,#4198));
#2240=FACE_BOUND('',#2241,.T.);
#2241=EDGE_LOOP('',(#4199,#4200,#4201,#4202,#4203,#4204,#4205,#4206));
#2242=PLANE('',#2243);
#2243=AXIS2_PLACEMENT_3D('',#2244,#2245,#2246);
#2244=CARTESIAN_POINT('',(-0.8,0.,0.));
#2245=DIRECTION('',(-1.,0.,0.));
#2246=DIRECTION('',(0.,0.,1.));
#2247=FACE_BOUND('',#2248,.T.);
#2248=EDGE_LOOP('',(#4207,#4208,#4209,#4210));
#2249=PLANE('',#2250);
#2250=AXIS2_PLACEMENT_3D('',#2251,#2252,#2253);
#2251=CARTESIAN_POINT('',(-0.8,-2.4,1.025));
#2252=DIRECTION('',(-0.,-0.,-1.));
#2253=DIRECTION('',(0.,-1.,0.));
#2254=FACE_BOUND('',#2255,.T.);
#2255=EDGE_LOOP('',(#4211,#4212,#4213,#4214));
#2256=CYLINDRICAL_SURFACE('',#2257,0.2);
#2257=AXIS2_PLACEMENT_3D('',#2258,#2259,#2260);
#2258=CARTESIAN_POINT('',(-0.8,-2.4,1.225));
#2259=DIRECTION('',(-1.,0.,0.));
#2260=DIRECTION('',(0.,1.,-2.22044604925031E-015));
#2261=FACE_BOUND('',#2262,.T.);
#2262=EDGE_LOOP('',(#4215,#4216,#4217,#4218));
#2263=PLANE('',#2264);
#2264=AXIS2_PLACEMENT_3D('',#2265,#2266,#2267);
#2265=CARTESIAN_POINT('',(-0.8,-2.2,2.325));
#2266=DIRECTION('',(0.,1.,0.));
#2267=DIRECTION('',(0.,0.,-1.));
#2268=FACE_BOUND('',#2269,.T.);
#2269=EDGE_LOOP('',(#4219,#4220,#4221,#4222));
#2270=CYLINDRICAL_SURFACE('',#2271,0.2);
#2271=AXIS2_PLACEMENT_3D('',#2272,#2273,#2274);
#2272=CARTESIAN_POINT('',(-0.8,-2.4,2.325));
#2273=DIRECTION('',(-1.,0.,0.));
#2274=DIRECTION('',(0.,0.,1.));
#2275=FACE_BOUND('',#2276,.T.);
#2276=EDGE_LOOP('',(#4223,#4224,#4225,#4226));
#2277=PLANE('',#2278);
#2278=AXIS2_PLACEMENT_3D('',#2279,#2280,#2281);
#2279=CARTESIAN_POINT('',(-0.8,-2.8,2.525));
#2280=DIRECTION('',(0.,-0.,1.));
#2281=DIRECTION('',(0.,1.,0.));
#2282=FACE_BOUND('',#2283,.T.);
#2283=EDGE_LOOP('',(#4227,#4228,#4229,#4230));
#2284=CYLINDRICAL_SURFACE('',#2285,0.2);
#2285=AXIS2_PLACEMENT_3D('',#2286,#2287,#2288);
#2286=CARTESIAN_POINT('',(-0.8,-2.8,2.325));
#2287=DIRECTION('',(-1.,0.,0.));
#2288=DIRECTION('',(0.,-1.,-2.22044604925031E-015));
#2289=FACE_BOUND('',#2290,.T.);
#2290=EDGE_LOOP('',(#4231,#4232,#4233,#4234));
#2291=PLANE('',#2292);
#2292=AXIS2_PLACEMENT_3D('',#2293,#2294,#2295);
#2293=CARTESIAN_POINT('',(-0.8,-3.,1.225));
#2294=DIRECTION('',(0.,-1.,0.));
#2295=DIRECTION('',(0.,0.,1.));
#2296=FACE_BOUND('',#2297,.T.);
#2297=EDGE_LOOP('',(#4235,#4236,#4237,#4238));
#2298=CYLINDRICAL_SURFACE('',#2299,0.2);
#2299=AXIS2_PLACEMENT_3D('',#2300,#2301,#2302);
#2300=CARTESIAN_POINT('',(-0.8,-2.8,1.225));
#2301=DIRECTION('',(-1.,0.,0.));
#2302=DIRECTION('',(0.,0.,-1.));
#2303=FACE_BOUND('',#2304,.T.);
#2304=EDGE_LOOP('',(#4239,#4240,#4241,#4242));
#2305=PLANE('',#2306);
#2306=AXIS2_PLACEMENT_3D('',#2307,#2308,#2309);
#2307=CARTESIAN_POINT('',(-0.8,2.8,1.025));
#2308=DIRECTION('',(-0.,-0.,-1.));
#2309=DIRECTION('',(0.,-1.,0.));
#2310=FACE_BOUND('',#2311,.T.);
#2311=EDGE_LOOP('',(#4243,#4244,#4245,#4246));
#2312=CYLINDRICAL_SURFACE('',#2313,0.2);
#2313=AXIS2_PLACEMENT_3D('',#2314,#2315,#2316);
#2314=CARTESIAN_POINT('',(-0.8,2.8,1.225));
#2315=DIRECTION('',(-1.,0.,0.));
#2316=DIRECTION('',(0.,1.,0.));
#2317=FACE_BOUND('',#2318,.T.);
#2318=EDGE_LOOP('',(#4247,#4248,#4249,#4250));
#2319=PLANE('',#2320);
#2320=AXIS2_PLACEMENT_3D('',#2321,#2322,#2323);
#2321=CARTESIAN_POINT('',(-0.8,3.,2.325));
#2322=DIRECTION('',(0.,1.,0.));
#2323=DIRECTION('',(0.,0.,-1.));
#2324=FACE_BOUND('',#2325,.T.);
#2325=EDGE_LOOP('',(#4251,#4252,#4253,#4254));
#2326=CYLINDRICAL_SURFACE('',#2327,0.2);
#2327=AXIS2_PLACEMENT_3D('',#2328,#2329,#2330);
#2328=CARTESIAN_POINT('',(-0.8,2.8,2.325));
#2329=DIRECTION('',(-1.,0.,0.));
#2330=DIRECTION('',(0.,0.,1.));
#2331=FACE_BOUND('',#2332,.T.);
#2332=EDGE_LOOP('',(#4255,#4256,#4257,#4258));
#2333=PLANE('',#2334);
#2334=AXIS2_PLACEMENT_3D('',#2335,#2336,#2337);
#2335=CARTESIAN_POINT('',(-0.8,2.4,2.525));
#2336=DIRECTION('',(0.,-0.,1.));
#2337=DIRECTION('',(0.,1.,0.));
#2338=FACE_BOUND('',#2339,.T.);
#2339=EDGE_LOOP('',(#4259,#4260,#4261,#4262));
#2340=CYLINDRICAL_SURFACE('',#2341,0.2);
#2341=AXIS2_PLACEMENT_3D('',#2342,#2343,#2344);
#2342=CARTESIAN_POINT('',(-0.8,2.4,2.325));
#2343=DIRECTION('',(-1.,0.,0.));
#2344=DIRECTION('',(0.,-1.,2.22044604925031E-015));
#2345=FACE_BOUND('',#2346,.T.);
#2346=EDGE_LOOP('',(#4263,#4264,#4265,#4266));
#2347=PLANE('',#2348);
#2348=AXIS2_PLACEMENT_3D('',#2349,#2350,#2351);
#2349=CARTESIAN_POINT('',(-0.8,2.2,1.225));
#2350=DIRECTION('',(-0.,-1.,-4.03717463500057E-016));
#2351=DIRECTION('',(0.,-4.03717463500057E-016,1.));
#2352=FACE_BOUND('',#2353,.T.);
#2353=EDGE_LOOP('',(#4267,#4268,#4269,#4270));
#2354=CYLINDRICAL_SURFACE('',#2355,0.2);
#2355=AXIS2_PLACEMENT_3D('',#2356,#2357,#2358);
#2356=CARTESIAN_POINT('',(-0.8,2.4,1.225));
#2357=DIRECTION('',(-1.,0.,0.));
#2358=DIRECTION('',(0.,0.,-1.));
#2359=FACE_BOUND('',#2360,.T.);
#2360=EDGE_LOOP('',(#4271,#4272,#4273,#4274));
#2361=CYLINDRICAL_SURFACE('',#2362,0.2);
#2362=AXIS2_PLACEMENT_3D('',#2363,#2364,#2365);
#2363=CARTESIAN_POINT('',(-0.8,-1.35,1.175));
#2364=DIRECTION('',(-1.,0.,0.));
#2365=DIRECTION('',(0.,0.,-1.));
#2366=FACE_BOUND('',#2367,.T.);
#2367=EDGE_LOOP('',(#4275,#4276,#4277,#4278));
#2368=PLANE('',#2369);
#2369=AXIS2_PLACEMENT_3D('',#2370,#2371,#2372);
#2370=CARTESIAN_POINT('',(-0.8,1.35,0.975));
#2371=DIRECTION('',(-0.,-0.,-1.));
#2372=DIRECTION('',(0.,-1.,0.));
#2373=FACE_BOUND('',#2374,.T.);
#2374=EDGE_LOOP('',(#4279,#4280,#4281,#4282));
#2375=CYLINDRICAL_SURFACE('',#2376,0.2);
#2376=AXIS2_PLACEMENT_3D('',#2377,#2378,#2379);
#2377=CARTESIAN_POINT('',(-0.8,1.35,1.175));
#2378=DIRECTION('',(-1.,0.,0.));
#2379=DIRECTION('',(0.,1.,-1.11022302462516E-015));
#2380=FACE_BOUND('',#2381,.T.);
#2381=EDGE_LOOP('',(#4283,#4284,#4285,#4286));
#2382=PLANE('',#2383);
#2383=AXIS2_PLACEMENT_3D('',#2384,#2385,#2386);
#2384=CARTESIAN_POINT('',(-0.8,1.55,2.375));
#2385=DIRECTION('',(0.,1.,0.));
#2386=DIRECTION('',(0.,0.,-1.));
#2387=FACE_BOUND('',#2388,.T.);
#2388=EDGE_LOOP('',(#4287,#4288,#4289,#4290));
#2389=CYLINDRICAL_SURFACE('',#2390,0.2);
#2390=AXIS2_PLACEMENT_3D('',#2391,#2392,#2393);
#2391=CARTESIAN_POINT('',(-0.8,1.35,2.375));
#2392=DIRECTION('',(-1.,0.,0.));
#2393=DIRECTION('',(0.,0.,1.));
#2394=FACE_BOUND('',#2395,.T.);
#2395=EDGE_LOOP('',(#4291,#4292,#4293,#4294));
#2396=PLANE('',#2397);
#2397=AXIS2_PLACEMENT_3D('',#2398,#2399,#2400);
#2398=CARTESIAN_POINT('',(-0.8,-1.35,2.575));
#2399=DIRECTION('',(0.,-0.,1.));
#2400=DIRECTION('',(0.,1.,0.));
#2401=FACE_BOUND('',#2402,.T.);
#2402=EDGE_LOOP('',(#4295,#4296,#4297,#4298));
#2403=CYLINDRICAL_SURFACE('',#2404,0.2);
#2404=AXIS2_PLACEMENT_3D('',#2405,#2406,#2407);
#2405=CARTESIAN_POINT('',(-0.8,-1.35,2.375));
#2406=DIRECTION('',(-1.,0.,0.));
#2407=DIRECTION('',(0.,-1.,0.));
#2408=FACE_BOUND('',#2409,.T.);
#2409=EDGE_LOOP('',(#4299,#4300,#4301,#4302));
#2410=PLANE('',#2411);
#2411=AXIS2_PLACEMENT_3D('',#2412,#2413,#2414);
#2412=CARTESIAN_POINT('',(-0.8,-1.55,1.175));
#2413=DIRECTION('',(0.,-1.,0.));
#2414=DIRECTION('',(0.,0.,1.));
#2415=FACE_BOUND('',#2416,.T.);
#2416=EDGE_LOOP('',(#4303,#4304,#4305,#4306));
#2417=PLANE('',#2418);
#2418=AXIS2_PLACEMENT_3D('',#2419,#2420,#2421);
#2419=CARTESIAN_POINT('',(-0.8,4.58274333804287,8.28511816067312E-025));
#2420=DIRECTION('',(0.,5.3821779578507E-025,-1.));
#2421=DIRECTION('',(0.,-1.,-5.3821779578507E-025));
#2422=FACE_BOUND('',#2423,.T.);
#2423=EDGE_LOOP('',(#4307,#4308,#4309,#4310));
#2424=CYLINDRICAL_SURFACE('',#2425,0.15);
#2425=AXIS2_PLACEMENT_3D('',#2426,#2427,#2428);
#2426=CARTESIAN_POINT('',(-0.8,3.04999999999775,0.15));
#2427=DIRECTION('',(-1.,0.,0.));
#2428=DIRECTION('',(0.,0.,-1.));
#2429=FACE_BOUND('',#2430,.T.);
#2430=EDGE_LOOP('',(#4311,#4312,#4313,#4314));
#2431=CYLINDRICAL_SURFACE('',#2432,0.3);
#2432=AXIS2_PLACEMENT_3D('',#2433,#2434,#2435);
#2433=CARTESIAN_POINT('',(-0.8,2.59999999999775,0.15));
#2434=DIRECTION('',(1.,-0.,-0.));
#2435=DIRECTION('',(0.,1.,9.25185853854298E-017));
#2436=FACE_BOUND('',#2437,.T.);
#2437=EDGE_LOOP('',(#4315,#4316,#4317,#4318));
#2438=CYLINDRICAL_SURFACE('',#2439,0.08);
#2439=AXIS2_PLACEMENT_3D('',#2440,#2441,#2442);
#2440=CARTESIAN_POINT('',(-0.8,2.21999999999775,0.15));
#2441=DIRECTION('',(-1.,0.,0.));
#2442=DIRECTION('',(0.,1.,0.));
#2443=FACE_BOUND('',#2444,.T.);
#2444=EDGE_LOOP('',(#4319,#4320,#4321,#4322));
#2445=PLANE('',#2446);
#2446=AXIS2_PLACEMENT_3D('',#2447,#2448,#2449);
#2447=CARTESIAN_POINT('',(-0.8,2.21999999999775,0.07));
#2448=DIRECTION('',(-0.,-0.,-1.));
#2449=DIRECTION('',(0.,-1.,0.));
#2450=FACE_BOUND('',#2451,.T.);
#2451=EDGE_LOOP('',(#4323,#4324,#4325,#4326));
#2452=CYLINDRICAL_SURFACE('',#2453,0.0799999999999997);
#2453=AXIS2_PLACEMENT_3D('',#2454,#2455,#2456);
#2454=CARTESIAN_POINT('',(-0.8,-2.21999999999775,0.15));
#2455=DIRECTION('',(-1.,0.,0.));
#2456=DIRECTION('',(0.,5.5511151231258E-015,-1.));
#2457=FACE_BOUND('',#2458,.T.);
#2458=EDGE_LOOP('',(#4327,#4328,#4329,#4330));
#2459=CYLINDRICAL_SURFACE('',#2460,0.3);
#2460=AXIS2_PLACEMENT_3D('',#2461,#2462,#2463);
#2461=CARTESIAN_POINT('',(-0.8,-2.6,0.15));
#2462=DIRECTION('',(1.,-0.,-0.));
#2463=DIRECTION('',(0.,1.,9.25185853854298E-017));
#2464=FACE_BOUND('',#2465,.T.);
#2465=EDGE_LOOP('',(#4331,#4332,#4333,#4334));
#2466=CYLINDRICAL_SURFACE('',#2467,0.150000001314824);
#2467=AXIS2_PLACEMENT_3D('',#2468,#2469,#2470);
#2468=CARTESIAN_POINT('',(-0.8,-3.05000000156042,0.150000001314824));
#2469=DIRECTION('',(-1.,0.,0.));
#2470=DIRECTION('',(0.,1.,0.));
#2471=FACE_BOUND('',#2472,.T.);
#2472=EDGE_LOOP('',(#4335,#4336,#4337,#4338));
#2473=PLANE('',#2474);
#2474=AXIS2_PLACEMENT_3D('',#2475,#2476,#2477);
#2475=CARTESIAN_POINT('',(-0.8,-3.05000000156042,6.04237169685144E-026));
#2476=DIRECTION('',(0.,2.98376327823163E-025,-1.));
#2477=DIRECTION('',(0.,-1.,-2.98376327823163E-025));
#2478=FACE_BOUND('',#2479,.T.);
#2479=EDGE_LOOP('',(#4339,#4340,#4341,#4342,#4343));
#2480=CYLINDRICAL_SURFACE('',#2481,0.1);
#2481=AXIS2_PLACEMENT_3D('',#2482,#2483,#2484);
#2482=CARTESIAN_POINT('',(-0.7,-3.60000000078021,-1.03683263101428E-025));
#2483=DIRECTION('',(0.,0.,1.));
#2484=DIRECTION('',(-1.,0.,0.));
#2485=FACE_BOUND('',#2486,.T.);
#2486=EDGE_LOOP('',(#4344,#4345,#4346,#4347));
#2487=CYLINDRICAL_SURFACE('',#2488,0.15);
#2488=AXIS2_PLACEMENT_3D('',#2489,#2490,#2491);
#2489=CARTESIAN_POINT('',(-0.8,-3.6499999999974,1.05));
#2490=DIRECTION('',(1.,-0.,-0.));
#2491=DIRECTION('',(0.,2.96059473233375E-015,-1.));
#2492=FACE_BOUND('',#2493,.T.);
#2493=EDGE_LOOP('',(#4348,#4349,#4350,#4351));
#2494=PLANE('',#2495);
#2495=AXIS2_PLACEMENT_3D('',#2496,#2497,#2498);
#2496=CARTESIAN_POINT('',(-0.8,-3.5,1.05));
#2497=DIRECTION('',(0.,-1.,0.));
#2498=DIRECTION('',(0.,0.,1.));
#2499=FACE_BOUND('',#2500,.T.);
#2500=EDGE_LOOP('',(#4352,#4353,#4354,#4355));
#2501=CYLINDRICAL_SURFACE('',#2502,0.3);
#2502=AXIS2_PLACEMENT_3D('',#2503,#2504,#2505);
#2503=CARTESIAN_POINT('',(-0.8,-3.2,3.15));
#2504=DIRECTION('',(-1.,0.,0.));
#2505=DIRECTION('',(0.,-1.,-2.22044604925031E-014));
#2506=FACE_BOUND('',#2507,.T.);
#2507=EDGE_LOOP('',(#4356,#4357,#4358,#4359));
#2508=PLANE('',#2509);
#2509=AXIS2_PLACEMENT_3D('',#2510,#2511,#2512);
#2510=CARTESIAN_POINT('',(-0.8,-3.2,3.45));
#2511=DIRECTION('',(0.,-0.,1.));
#2512=DIRECTION('',(0.,1.,0.));
#2513=FACE_BOUND('',#2514,.T.);
#2514=EDGE_LOOP('',(#4360,#4361,#4362,#4363));
#2515=CYLINDRICAL_SURFACE('',#2516,0.3);
#2516=AXIS2_PLACEMENT_3D('',#2517,#2518,#2519);
#2517=CARTESIAN_POINT('',(-0.8,3.2,3.15));
#2518=DIRECTION('',(-1.,0.,0.));
#2519=DIRECTION('',(0.,0.,1.));
#2520=FACE_BOUND('',#2521,.T.);
#2521=EDGE_LOOP('',(#4364,#4365,#4366,#4367));
#2522=PLANE('',#2523);
#2523=AXIS2_PLACEMENT_3D('',#2524,#2525,#2526);
#2524=CARTESIAN_POINT('',(-0.8,3.5,3.15));
#2525=DIRECTION('',(0.,1.,0.));
#2526=DIRECTION('',(0.,0.,-1.));
#2527=FACE_BOUND('',#2528,.T.);
#2528=EDGE_LOOP('',(#4368,#4369,#4370,#4371));
#2529=CYLINDRICAL_SURFACE('',#2530,0.15);
#2530=AXIS2_PLACEMENT_3D('',#2531,#2532,#2533);
#2531=CARTESIAN_POINT('',(-0.8,3.64999999999891,1.05));
#2532=DIRECTION('',(1.,-0.,-0.));
#2533=DIRECTION('',(0.,-1.,4.4556950721623E-013));
#2534=FACE_BOUND('',#2535,.T.);
#2535=EDGE_LOOP('',(#4372,#4373,#4374,#4375,#4376));
#2536=CYLINDRICAL_SURFACE('',#2537,0.1);
#2537=AXIS2_PLACEMENT_3D('',#2538,#2539,#2540);
#2538=CARTESIAN_POINT('',(-0.7,3.59999999921979,0.908578644038151));
#2539=DIRECTION('',(0.,0.,-1.));
#2540=DIRECTION('',(-1.,0.,0.));
#2541=FACE_BOUND('',#2542,.T.);
#2542=EDGE_LOOP('',(#4377,#4378,#4379,#4380,#4381,#4382,#4383,#4384,#4385,#4386,
#4387,#4388,#4389,#4390,#4391,#4392,#4393,#4394));
#2543=FACE_BOUND('',#2544,.T.);
#2544=EDGE_LOOP('',(#4395,#4396,#4397,#4398,#4399,#4400,#4401,#4402));
#2545=FACE_BOUND('',#2546,.T.);
#2546=EDGE_LOOP('',(#4403,#4404,#4405,#4406,#4407,#4408,#4409,#4410));
#2547=FACE_BOUND('',#2548,.T.);
#2548=EDGE_LOOP('',(#4411,#4412,#4413,#4414,#4415,#4416,#4417,#4418));
#2549=PLANE('',#2550);
#2550=AXIS2_PLACEMENT_3D('',#2551,#2552,#2553);
#2551=CARTESIAN_POINT('',(-1.,0.,0.));
#2552=DIRECTION('',(-1.,0.,0.));
#2553=DIRECTION('',(0.,0.,1.));
#2554=FACE_BOUND('',#2555,.T.);
#2555=EDGE_LOOP('',(#4419,#4420,#4421,#4422));
#2556=PLANE('',#2557);
#2557=AXIS2_PLACEMENT_3D('',#2558,#2559,#2560);
#2558=CARTESIAN_POINT('',(-0.8,-3.60000000078021,-1.03683263101428E-025));
#2559=DIRECTION('',(-5.55111512830995E-016,5.37078759631877E-025,-1.));
#2560=DIRECTION('',(-2.46716227694479E-015,-1.,-5.37077390081693E-025));
#2561=FACE_BOUND('',#2562,.T.);
#2562=EDGE_LOOP('',(#4423,#4424,#4425,#4426));
#2563=PLANE('',#2564);
#2564=AXIS2_PLACEMENT_3D('',#2565,#2566,#2567);
#2565=CARTESIAN_POINT('',(-0.988500156904523,-3.68226578629318,0.900000000000003));
#2566=DIRECTION('',(4.70610859233616E-016,-1.6503982291456E-015,1.));
#2567=DIRECTION('',(0.274219285043221,-0.961667189681745,-1.71618440023079E-015));
#2568=FACE_BOUND('',#2569,.T.);
#2569=EDGE_LOOP('',(#4427,#4428,#4429,#4430));
#2570=B_SPLINE_SURFACE_WITH_KNOTS('',3,1,(
(#2571,#2572),
(#2573,#2574),
(#2575,#2576),
(#2577,#2578),
(#2579,#2580),
(#2581,#2582)),
.UNSPECIFIED.,.F.,.F.,.F.,
(4,1,1,4),
(2,2),
(0.,0.113278967972935,0.22655793594587,0.339836903918804),
(0.,1.),
.UNSPECIFIED.);
#2571=CARTESIAN_POINT('',(-0.796166718968595,-3.62742192928306,0.900000000000002));
#2572=CARTESIAN_POINT('',(-0.988500156905785,-3.68226578628875,0.900000000000002));
#2573=CARTESIAN_POINT('',(-0.797029587790992,-3.62439591076136,0.900000000000002));
#2574=CARTESIAN_POINT('',(-0.991088763372976,-3.67318773072367,0.900000000000002));
#2575=CARTESIAN_POINT('',(-0.798468212764244,-3.61826209404386,0.900642292389295));
#2576=CARTESIAN_POINT('',(-0.99540463829273,-3.65478628057114,0.900642292389295));
#2577=CARTESIAN_POINT('',(-0.79973470863488,-3.60901938937768,0.903520260463055));
#2578=CARTESIAN_POINT('',(-0.999204125904638,-3.62705816657262,0.903520260463055));
#2579=CARTESIAN_POINT('',(-0.8,-3.60296667954229,0.906690660715937));
#2580=CARTESIAN_POINT('',(-1.,-3.60890003706646,0.906690660715937));
#2581=CARTESIAN_POINT('',(-0.8,-3.60000000078021,0.908578643485927));
#2582=CARTESIAN_POINT('',(-1.,-3.60000000078021,0.908578643485927));
#2583=FACE_BOUND('',#2584,.T.);
#2584=EDGE_LOOP('',(#4431,#4432,#4433,#4434));
#2585=PLANE('',#2586);
#2586=AXIS2_PLACEMENT_3D('',#2587,#2588,#2589);
#2587=CARTESIAN_POINT('',(-4.58274333960329,-3.70000000078021,0.));
#2588=DIRECTION('',(-1.61554457443259E-015,-1.,0.));
#2589=DIRECTION('',(0.,0.,1.));
#2590=FACE_BOUND('',#2591,.T.);
#2591=EDGE_LOOP('',(#4435,#4436,#4437,#4438));
#2592=PLANE('',#2593);
#2593=AXIS2_PLACEMENT_3D('',#2594,#2595,#2596);
#2594=CARTESIAN_POINT('',(-4.58274333804287,3.69999999921979,0.));
#2595=DIRECTION('',(8.26946079742758E-016,1.,0.));
#2596=DIRECTION('',(0.,0.,1.));
#2597=FACE_BOUND('',#2598,.T.);
#2598=EDGE_LOOP('',(#4439,#4440,#4441,#4442,#4443));
#2599=CYLINDRICAL_SURFACE('',#2600,0.3);
#2600=AXIS2_PLACEMENT_3D('',#2601,#2602,#2603);
#2601=CARTESIAN_POINT('',(-0.7,-3.60000000078021,0.908578643485927));
#2602=DIRECTION('',(0.,0.,-1.));
#2603=DIRECTION('',(-1.,0.,0.));
#2604=FACE_BOUND('',#2605,.T.);
#2605=EDGE_LOOP('',(#4444,#4445,#4446,#4447,#4448));
#2606=CYLINDRICAL_SURFACE('',#2607,0.3);
#2607=AXIS2_PLACEMENT_3D('',#2608,#2609,#2610);
#2608=CARTESIAN_POINT('',(-0.7,3.59999999921979,0.));
#2609=DIRECTION('',(0.,0.,1.));
#2610=DIRECTION('',(-1.,0.,0.));
#2611=FACE_BOUND('',#2612,.T.);
#2612=EDGE_LOOP('',(#4449,#4450,#4451,#4452));
#2613=PLANE('',#2614);
#2614=AXIS2_PLACEMENT_3D('',#2615,#2616,#2617);
#2615=CARTESIAN_POINT('',(0.,3.69999999921979,8.28511816067312E-025));
#2616=DIRECTION('',(5.3821779578507E-025,-4.45077096272252E-040,-1.));
#2617=DIRECTION('',(-1.,8.26946079742758E-016,-5.3821779578507E-025));
#2618=FACE_BOUND('',#2619,.T.);
#2619=EDGE_LOOP('',(#4453,#4454,#4455,#4456));
#2620=PLANE('',#2621);
#2621=AXIS2_PLACEMENT_3D('',#2622,#2623,#2624);
#2622=CARTESIAN_POINT('',(-1.53274333804287,-3.70000000078021,6.04237169685144E-026));
#2623=DIRECTION('',(-2.98376327823163E-025,4.8204025755383E-040,-1.));
#2624=DIRECTION('',(1.,-1.61554457443259E-015,-2.98376327823163E-025));
#2625=FACE_BOUND('',#2626,.T.);
#2626=EDGE_LOOP('',(#4457,#4458,#4459,#4460));
#2627=PLANE('',#2628);
#2628=AXIS2_PLACEMENT_3D('',#2629,#2630,#2631);
#2629=CARTESIAN_POINT('',(8.88178419700125E-016,-3.70000000078021,0.9));
#2630=DIRECTION('',(2.73763729872822E-015,-4.42277508472465E-030,1.));
#2631=DIRECTION('',(-1.,1.61554457443259E-015,2.73763729872822E-015));
#2632=FACE_BOUND('',#2633,.T.);
#2633=EDGE_LOOP('',(#4461,#4462,#4463,#4464));
#2634=PLANE('',#2635);
#2635=AXIS2_PLACEMENT_3D('',#2636,#2637,#2638);
#2636=CARTESIAN_POINT('',(8.88178419700125E-016,-3.70000000078021,-3.96910611732134E-025));
#2637=DIRECTION('',(1.,-1.61554457443259E-015,0.));
#2638=DIRECTION('',(0.,0.,1.));
#2639=FACE_BOUND('',#2640,.T.);
#2640=EDGE_LOOP('',(#4465,#4466,#4467,#4468));
#2641=PLANE('',#2642);
#2642=AXIS2_PLACEMENT_3D('',#2643,#2644,#2645);
#2643=CARTESIAN_POINT('',(-0.932743338042803,3.69999999921979,0.9));
#2644=DIRECTION('',(1.19027708839472E-016,-9.84294972055635E-032,1.));
#2645=DIRECTION('',(1.,-8.26946079742758E-016,-1.19027708839472E-016));
#2646=FACE_BOUND('',#2647,.T.);
#2647=EDGE_LOOP('',(#4469,#4470,#4471,#4472));
#2648=PLANE('',#2649);
#2649=AXIS2_PLACEMENT_3D('',#2650,#2651,#2652);
#2650=CARTESIAN_POINT('',(0.,3.69999999921979,0.9));
#2651=DIRECTION('',(1.,-8.26946079742758E-016,0.));
#2652=DIRECTION('',(0.,-0.,-1.));
#2653=FACE_BOUND('',#2654,.T.);
#2654=EDGE_LOOP('',(#4473,#4474,#4475,#4476));
#2655=PLANE('',#2656);
#2656=AXIS2_PLACEMENT_3D('',#2657,#2658,#2659);
#2657=CARTESIAN_POINT('',(-4.58274333960329,-3.90000000078021,0.));
#2658=DIRECTION('',(-1.61554457443259E-015,-1.,0.));
#2659=DIRECTION('',(0.,0.,1.));
#2660=FACE_BOUND('',#2661,.T.);
#2661=EDGE_LOOP('',(#4477,#4478,#4479,#4480));
#2662=PLANE('',#2663);
#2663=AXIS2_PLACEMENT_3D('',#2664,#2665,#2666);
#2664=CARTESIAN_POINT('',(-4.58274333804287,3.89999999921979,0.));
#2665=DIRECTION('',(8.26946079742758E-016,1.,0.));
#2666=DIRECTION('',(0.,0.,1.));
#2667=FACE_BOUND('',#2668,.T.);
#2668=EDGE_LOOP('',(#4481,#4482,#4483,#4484));
#2669=B_SPLINE_SURFACE_WITH_KNOTS('',3,1,(
(#2670,#2671),
(#2672,#2673),
(#2674,#2675),
(#2676,#2677),
(#2678,#2679),
(#2680,#2681)),
.UNSPECIFIED.,.F.,.F.,.F.,
(4,1,1,4),
(2,2),
(0.,0.113278971654447,0.226557943308893,0.33983691496334),
(0.,1.),
.UNSPECIFIED.);
#2670=CARTESIAN_POINT('',(-0.988500156191931,3.68226578723176,0.9));
#2671=CARTESIAN_POINT('',(-0.796166718730644,3.62742192855711,0.9));
#2672=CARTESIAN_POINT('',(-0.991088762822025,3.67318773139411,0.9));
#2673=CARTESIAN_POINT('',(-0.797029587607342,3.62439590994456,0.9));
#2674=CARTESIAN_POINT('',(-0.99540463801344,3.65478628067297,0.900642292431086));
#2675=CARTESIAN_POINT('',(-0.798468212671147,3.61826209303752,0.900642292431086));
#2676=CARTESIAN_POINT('',(-0.999204125858892,3.62705816581023,0.903520260691308));
#2677=CARTESIAN_POINT('',(-0.79973470861963,3.60901938808327,0.903520260691309));
#2678=CARTESIAN_POINT('',(-1.,3.60890003576053,0.906690661147825));
#2679=CARTESIAN_POINT('',(-0.8,3.6029666780667,0.906690661147825));
#2680=CARTESIAN_POINT('',(-1.,3.59999999921979,0.908578644038151));
#2681=CARTESIAN_POINT('',(-0.8,3.59999999921979,0.908578644038151));
#2682=FACE_BOUND('',#2683,.T.);
#2683=EDGE_LOOP('',(#4485,#4486,#4487,#4488));
#2684=PLANE('',#2685);
#2685=AXIS2_PLACEMENT_3D('',#2686,#2687,#2688);
#2686=CARTESIAN_POINT('',(-0.796166718730467,3.62742192855773,0.9));
#2687=DIRECTION('',(2.35746911965474E-016,8.26747334046618E-016,1.));
#2688=DIRECTION('',(0.27421929337944,0.961667187304673,-8.59702134959805E-016));
#2689=FACE_BOUND('',#2690,.T.);
#2690=EDGE_LOOP('',(#4489,#4490,#4491,#4492));
#2691=PLANE('',#2692);
#2692=AXIS2_PLACEMENT_3D('',#2693,#2694,#2695);
#2693=CARTESIAN_POINT('',(-1.,3.59999999921979,2.99581862423492E-025));
#2694=DIRECTION('',(5.55111510814669E-016,3.22930677471042E-025,-1.));
#2695=DIRECTION('',(0.,1.,3.22930677471042E-025));
#2696=FACE_BOUND('',#2697,.T.);
#2697=EDGE_LOOP('',(#4493,#4494,#4495,#4496));
#2698=PLANE('',#2699);
#2699=AXIS2_PLACEMENT_3D('',#2700,#2701,#2702);
#2700=CARTESIAN_POINT('',(1.15,-2.4,3.48));
#2701=DIRECTION('',(1.,-0.,0.));
#2702=DIRECTION('',(0.,0.,-1.));
#2703=FACE_BOUND('',#2704,.T.);
#2704=EDGE_LOOP('',(#4497,#4498,#4499,#4500));
#2705=CYLINDRICAL_SURFACE('',#2706,0.05);
#2706=AXIS2_PLACEMENT_3D('',#2707,#2708,#2709);
#2707=CARTESIAN_POINT('',(1.2,-2.4,0.24264057555553));
#2708=DIRECTION('',(-0.,-1.,-0.));
#2709=DIRECTION('',(-1.,0.,-0.));
#2710=FACE_BOUND('',#2711,.T.);
#2711=EDGE_LOOP('',(#4501,#4502,#4503,#4504));
#2712=PLANE('',#2713);
#2713=AXIS2_PLACEMENT_3D('',#2714,#2715,#2716);
#2714=CARTESIAN_POINT('',(1.19812631691,-2.4,0.192675694772341));
#2715=DIRECTION('',(0.0374736605221985,-0.,0.999297615711689));
#2716=DIRECTION('',(0.999297615711689,0.,-0.0374736605221985));
#2717=FACE_BOUND('',#2718,.T.);
#2718=EDGE_LOOP('',(#4505,#4506,#4507,#4508));
#2719=PLANE('',#2720);
#2720=AXIS2_PLACEMENT_3D('',#2721,#2722,#2723);
#2721=CARTESIAN_POINT('',(1.80562104907833,-2.4,0.169894642356753));
#2722=DIRECTION('',(0.999297615711689,0.,-0.0374736605221981));
#2723=DIRECTION('',(-0.0374736605221981,0.,-0.999297615711689));
#2724=FACE_BOUND('',#2725,.T.);
#2725=EDGE_LOOP('',(#4509,#4510,#4511,#4512));
#2726=PLANE('',#2727);
#2727=AXIS2_PLACEMENT_3D('',#2728,#2729,#2730);
#2728=CARTESIAN_POINT('',(1.8,-2.4,0.0199999999999998));
#2729=DIRECTION('',(-0.0374736605221985,0.,-0.999297615711689));
#2730=DIRECTION('',(-0.999297615711689,0.,0.0374736605221985));
#2731=FACE_BOUND('',#2732,.T.);
#2732=EDGE_LOOP('',(#4513,#4514,#4515,#4516));
#2733=CYLINDRICAL_SURFACE('',#2734,0.2);
#2734=AXIS2_PLACEMENT_3D('',#2735,#2736,#2737);
#2735=CARTESIAN_POINT('',(1.2,-2.4,0.24264057555553));
#2736=DIRECTION('',(0.,1.,0.));
#2737=DIRECTION('',(-0.037473660841657,0.,-0.99929761569971));
#2738=FACE_BOUND('',#2739,.T.);
#2739=EDGE_LOOP('',(#4517,#4518,#4519,#4520));
#2740=PLANE('',#2741);
#2741=AXIS2_PLACEMENT_3D('',#2742,#2743,#2744);
#2742=CARTESIAN_POINT('',(1.,-2.4,0.24264057555553));
#2743=DIRECTION('',(-1.,0.,0.));
#2744=DIRECTION('',(0.,0.,1.));
#2745=FACE_BOUND('',#2746,.T.);
#2746=EDGE_LOOP('',(#4521,#4522,#4523,#4524));
#2747=PLANE('',#2748);
#2748=AXIS2_PLACEMENT_3D('',#2749,#2750,#2751);
#2749=CARTESIAN_POINT('',(1.,-2.4,3.48));
#2750=DIRECTION('',(0.,0.,1.));
#2751=DIRECTION('',(1.,0.,0.));
#2752=FACE_BOUND('',#2753,.T.);
#2753=EDGE_LOOP('',(#4525,#4526,#4527,#4528,#4529,#4530,#4531,#4532));
#2754=PLANE('',#2755);
#2755=AXIS2_PLACEMENT_3D('',#2756,#2757,#2758);
#2756=CARTESIAN_POINT('',(0.,-1.8,0.));
#2757=DIRECTION('',(-0.,1.,0.));
#2758=DIRECTION('',(1.,0.,0.));
#2759=FACE_BOUND('',#2760,.T.);
#2760=EDGE_LOOP('',(#4533,#4534,#4535,#4536,#4537,#4538,#4539,#4540));
#2761=PLANE('',#2762);
#2762=AXIS2_PLACEMENT_3D('',#2763,#2764,#2765);
#2763=CARTESIAN_POINT('',(0.,-2.4,0.));
#2764=DIRECTION('',(-0.,1.,0.));
#2765=DIRECTION('',(1.,0.,0.));
#2766=FACE_BOUND('',#2767,.T.);
#2767=EDGE_LOOP('',(#4541,#4542,#4543,#4544));
#2768=PLANE('',#2769);
#2769=AXIS2_PLACEMENT_3D('',#2770,#2771,#2772);
#2770=CARTESIAN_POINT('',(1.15,1.8,3.48));
#2771=DIRECTION('',(1.,-0.,0.));
#2772=DIRECTION('',(0.,0.,-1.));
#2773=FACE_BOUND('',#2774,.T.);
#2774=EDGE_LOOP('',(#4545,#4546,#4547,#4548));
#2775=CYLINDRICAL_SURFACE('',#2776,0.05);
#2776=AXIS2_PLACEMENT_3D('',#2777,#2778,#2779);
#2777=CARTESIAN_POINT('',(1.2,1.8,0.24264057555553));
#2778=DIRECTION('',(-0.,-1.,-0.));
#2779=DIRECTION('',(-1.,0.,-0.));
#2780=FACE_BOUND('',#2781,.T.);
#2781=EDGE_LOOP('',(#4549,#4550,#4551,#4552));
#2782=PLANE('',#2783);
#2783=AXIS2_PLACEMENT_3D('',#2784,#2785,#2786);
#2784=CARTESIAN_POINT('',(1.19812631691,1.8,0.192675694772341));
#2785=DIRECTION('',(0.0374736605221985,-0.,0.999297615711689));
#2786=DIRECTION('',(0.999297615711689,0.,-0.0374736605221985));
#2787=FACE_BOUND('',#2788,.T.);
#2788=EDGE_LOOP('',(#4553,#4554,#4555,#4556));
#2789=PLANE('',#2790);
#2790=AXIS2_PLACEMENT_3D('',#2791,#2792,#2793);
#2791=CARTESIAN_POINT('',(1.80562104907833,1.8,0.169894642356753));
#2792=DIRECTION('',(0.999297615711689,0.,-0.0374736605221981));
#2793=DIRECTION('',(-0.0374736605221981,0.,-0.999297615711689));
#2794=FACE_BOUND('',#2795,.T.);
#2795=EDGE_LOOP('',(#4557,#4558,#4559,#4560));
#2796=PLANE('',#2797);
#2797=AXIS2_PLACEMENT_3D('',#2798,#2799,#2800);
#2798=CARTESIAN_POINT('',(1.8,1.8,0.0199999999999998));
#2799=DIRECTION('',(-0.0374736605221985,0.,-0.999297615711689));
#2800=DIRECTION('',(-0.999297615711689,0.,0.0374736605221985));
#2801=FACE_BOUND('',#2802,.T.);
#2802=EDGE_LOOP('',(#4561,#4562,#4563,#4564));
#2803=CYLINDRICAL_SURFACE('',#2804,0.2);
#2804=AXIS2_PLACEMENT_3D('',#2805,#2806,#2807);
#2805=CARTESIAN_POINT('',(1.2,1.8,0.24264057555553));
#2806=DIRECTION('',(0.,1.,0.));
#2807=DIRECTION('',(-0.037473660841657,0.,-0.99929761569971));
#2808=FACE_BOUND('',#2809,.T.);
#2809=EDGE_LOOP('',(#4565,#4566,#4567,#4568));
#2810=PLANE('',#2811);
#2811=AXIS2_PLACEMENT_3D('',#2812,#2813,#2814);
#2812=CARTESIAN_POINT('',(1.,1.8,0.24264057555553));
#2813=DIRECTION('',(-1.,0.,0.));
#2814=DIRECTION('',(0.,0.,1.));
#2815=FACE_BOUND('',#2816,.T.);
#2816=EDGE_LOOP('',(#4569,#4570,#4571,#4572));
#2817=PLANE('',#2818);
#2818=AXIS2_PLACEMENT_3D('',#2819,#2820,#2821);
#2819=CARTESIAN_POINT('',(1.,1.8,3.48));
#2820=DIRECTION('',(0.,0.,1.));
#2821=DIRECTION('',(1.,0.,0.));
#2822=FACE_BOUND('',#2823,.T.);
#2823=EDGE_LOOP('',(#4573,#4574,#4575,#4576,#4577,#4578,#4579,#4580));
#2824=PLANE('',#2825);
#2825=AXIS2_PLACEMENT_3D('',#2826,#2827,#2828);
#2826=CARTESIAN_POINT('',(0.,2.4,0.));
#2827=DIRECTION('',(-0.,1.,0.));
#2828=DIRECTION('',(1.,0.,0.));
#2829=FACE_BOUND('',#2830,.T.);
#2830=EDGE_LOOP('',(#4581,#4582,#4583,#4584,#4585,#4586,#4587,#4588));
#2831=PLANE('',#2832);
#2832=AXIS2_PLACEMENT_3D('',#2833,#2834,#2835);
#2833=CARTESIAN_POINT('',(0.,1.8,0.));
#2834=DIRECTION('',(-0.,1.,0.));
#2835=DIRECTION('',(1.,0.,0.));
#2836=FACE_BOUND('',#2837,.T.);
#2837=EDGE_LOOP('',(#4589,#4590,#4591,#4592));
#2838=PLANE('',#2839);
#2839=AXIS2_PLACEMENT_3D('',#2840,#2841,#2842);
#2840=CARTESIAN_POINT('',(-2.,-1.35,1.0669049233901));
#2841=DIRECTION('',(-0.0348994967025009,0.,-0.999390827019096));
#2842=DIRECTION('',(0.,1.,0.));
#2843=FACE_BOUND('',#2844,.T.);
#2844=EDGE_LOOP('',(#4593,#4594,#4595,#4596));
#2845=CONICAL_SURFACE('',#2846,0.130869051262836,0.0349065850398866);
#2846=AXIS2_PLACEMENT_3D('',#2847,#2848,#2849);
#2847=CARTESIAN_POINT('',(-1.3478386935799,-1.35,1.175));
#2848=DIRECTION('',(1.,0.,0.));
#2849=DIRECTION('',(0.,-1.,0.));
#2850=FACE_BOUND('',#2851,.T.);
#2851=EDGE_LOOP('',(#4597,#4598,#4599,#4600));
#2852=PLANE('',#2853);
#2853=AXIS2_PLACEMENT_3D('',#2854,#2855,#2856);
#2854=CARTESIAN_POINT('',(-2.,-1.4580950766099,2.375));
#2855=DIRECTION('',(-0.0348994967025009,-0.999390827019096,-1.84924451125963E-016));
#2856=DIRECTION('',(0.,1.85037170770859E-016,-1.));
#2857=FACE_BOUND('',#2858,.T.);
#2858=EDGE_LOOP('',(#4601,#4602,#4603,#4604));
#2859=CONICAL_SURFACE('',#2860,0.130869051262836,0.0349065850398866);
#2860=AXIS2_PLACEMENT_3D('',#2861,#2862,#2863);
#2861=CARTESIAN_POINT('',(-1.3478386935799,-1.35,2.375));
#2862=DIRECTION('',(1.,0.,-0.));
#2863=DIRECTION('',(0.,0.,1.));
#2864=FACE_BOUND('',#2865,.T.);
#2865=EDGE_LOOP('',(#4605,#4606,#4607,#4608));
#2866=PLANE('',#2867);
#2867=AXIS2_PLACEMENT_3D('',#2868,#2869,#2870);
#2868=CARTESIAN_POINT('',(-2.,1.35,2.4830950766099));
#2869=DIRECTION('',(-0.0348994967025011,0.,0.999390827019096));
#2870=DIRECTION('',(0.,-1.,0.));
#2871=FACE_BOUND('',#2872,.T.);
#2872=EDGE_LOOP('',(#4609,#4610,#4611,#4612));
#2873=CONICAL_SURFACE('',#2874,0.130869051262836,0.0349065850398866);
#2874=AXIS2_PLACEMENT_3D('',#2875,#2876,#2877);
#2875=CARTESIAN_POINT('',(-1.3478386935799,1.35,2.375));
#2876=DIRECTION('',(1.,0.,-0.));
#2877=DIRECTION('',(-0.,1.,-4.10832041363648E-015));
#2878=FACE_BOUND('',#2879,.T.);
#2879=EDGE_LOOP('',(#4613,#4614,#4615,#4616));
#2880=PLANE('',#2881);
#2881=AXIS2_PLACEMENT_3D('',#2882,#2883,#2884);
#2882=CARTESIAN_POINT('',(-2.,1.4580950766099,1.175));
#2883=DIRECTION('',(-0.0348994967025009,0.999390827019096,1.84924451125963E-016));
#2884=DIRECTION('',(0.,-1.8503717077086E-016,1.));
#2885=FACE_BOUND('',#2886,.T.);
#2886=EDGE_LOOP('',(#4617,#4618,#4619,#4620));
#2887=CONICAL_SURFACE('',#2888,0.130869051262836,0.0349065850398866);
#2888=AXIS2_PLACEMENT_3D('',#2889,#2890,#2891);
#2889=CARTESIAN_POINT('',(-1.3478386935799,1.35,1.175));
#2890=DIRECTION('',(1.,-0.,0.));
#2891=DIRECTION('',(0.,-0.,-1.));
#2892=FACE_BOUND('',#2893,.T.);
#2893=EDGE_LOOP('',(#4621,#4622,#4623,#4624));
#2894=FACE_BOUND('',#2895,.T.);
#2895=EDGE_LOOP('',(#4625,#4626,#4627,#4628,#4629,#4630,#4631,#4632));
#2896=PLANE('',#2897);
#2897=AXIS2_PLACEMENT_3D('',#2898,#2899,#2900);
#2898=CARTESIAN_POINT('',(-0.8,0.,0.));
#2899=DIRECTION('',(1.,0.,0.));
#2900=DIRECTION('',(0.,-0.,1.));
#2901=FACE_BOUND('',#2902,.T.);
#2902=EDGE_LOOP('',(#4633,#4634,#4635,#4636));
#2903=CYLINDRICAL_SURFACE('',#2904,0.108095076609903);
#2904=AXIS2_PLACEMENT_3D('',#2905,#2906,#2907);
#2905=CARTESIAN_POINT('',(-1.8919049233901,-1.78238030643961,1.17129112548419));
#2906=DIRECTION('',(-0.,-1.,-0.));
#2907=DIRECTION('',(-1.,0.,0.));
#2908=FACE_BOUND('',#2909,.T.);
#2909=EDGE_LOOP('',(#4637,#4638,#4639,#4640));
#2910=DEGENERATE_TOROIDAL_SURFACE('',#2911,0.00370887451580892,0.108095076609903,
.T.);
#2911=AXIS2_PLACEMENT_3D('',#2912,#2913,#2914);
#2912=CARTESIAN_POINT('',(-1.8919049233901,-1.35,1.175));
#2913=DIRECTION('',(1.,0.,-0.));
#2914=DIRECTION('',(0.,0.,1.));
#2915=FACE_BOUND('',#2916,.T.);
#2916=EDGE_LOOP('',(#4641,#4642,#4643,#4644));
#2917=CYLINDRICAL_SURFACE('',#2918,0.108095076609903);
#2918=AXIS2_PLACEMENT_3D('',#2919,#2920,#2921);
#2919=CARTESIAN_POINT('',(-1.8919049233901,-1.35370887451581,2.80738030643961));
#2920=DIRECTION('',(-0.,-1.07540120409116E-016,1.));
#2921=DIRECTION('',(-1.,0.,0.));
#2922=FACE_BOUND('',#2923,.T.);
#2923=EDGE_LOOP('',(#4645,#4646,#4647,#4648));
#2924=DEGENERATE_TOROIDAL_SURFACE('',#2925,0.00370887451580892,0.108095076609903,
.T.);
#2925=AXIS2_PLACEMENT_3D('',#2926,#2927,#2928);
#2926=CARTESIAN_POINT('',(-1.8919049233901,-1.35,2.375));
#2927=DIRECTION('',(1.,0.,-0.));
#2928=DIRECTION('',(0.,1.,8.21664082727296E-015));
#2929=FACE_BOUND('',#2930,.T.);
#2930=EDGE_LOOP('',(#4649,#4650,#4651,#4652));
#2931=CYLINDRICAL_SURFACE('',#2932,0.108095076609903);
#2932=AXIS2_PLACEMENT_3D('',#2933,#2934,#2935);
#2933=CARTESIAN_POINT('',(-1.8919049233901,1.78238030643961,2.37870887451581));
#2934=DIRECTION('',(-0.,1.,-0.));
#2935=DIRECTION('',(-1.,0.,4.10832041363648E-015));
#2936=FACE_BOUND('',#2937,.T.);
#2937=EDGE_LOOP('',(#4653,#4654,#4655,#4656));
#2938=DEGENERATE_TOROIDAL_SURFACE('',#2939,0.00370887451580915,0.108095076609903,
.T.);
#2939=AXIS2_PLACEMENT_3D('',#2940,#2941,#2942);
#2940=CARTESIAN_POINT('',(-1.8919049233901,1.35,2.375));
#2941=DIRECTION('',(1.,0.,-0.));
#2942=DIRECTION('',(0.,-4.10832041363647E-015,-1.));
#2943=FACE_BOUND('',#2944,.T.);
#2944=EDGE_LOOP('',(#4657,#4658,#4659,#4660));
#2945=CYLINDRICAL_SURFACE('',#2946,0.108095076609903);
#2946=AXIS2_PLACEMENT_3D('',#2947,#2948,#2949);
#2947=CARTESIAN_POINT('',(-1.8919049233901,1.35370887451581,0.742619693560391));
#2948=DIRECTION('',(-0.,1.07540120409116E-016,-1.));
#2949=DIRECTION('',(-1.,2.05416020681824E-015,2.20904635980848E-031));
#2950=FACE_BOUND('',#2951,.T.);
#2951=EDGE_LOOP('',(#4661,#4662,#4663,#4664));
#2952=DEGENERATE_TOROIDAL_SURFACE('',#2953,0.00370887451580892,0.108095076609903,
.T.);
#2953=AXIS2_PLACEMENT_3D('',#2954,#2955,#2956);
#2954=CARTESIAN_POINT('',(-1.8919049233901,1.35,1.175));
#2955=DIRECTION('',(1.,0.,-0.));
#2956=DIRECTION('',(0.,-1.,-4.10832041363648E-015));
#2957=FACE_BOUND('',#2958,.T.);
#2958=EDGE_LOOP('',(#4665,#4666,#4667,#4668));
#2959=PLANE('',#2960);
#2960=AXIS2_PLACEMENT_3D('',#2961,#2962,#2963);
#2961=CARTESIAN_POINT('',(-0.8,1.85,2.675));
#2962=DIRECTION('',(-0.,0.,1.));
#2963=DIRECTION('',(0.,-1.,0.));
#2964=FACE_BOUND('',#2965,.T.);
#2965=EDGE_LOOP('',(#4669,#4670,#4671,#4672));
#2966=PLANE('',#2967);
#2967=AXIS2_PLACEMENT_3D('',#2968,#2969,#2970);
#2968=CARTESIAN_POINT('',(-0.8,1.85,0.875000000000001));
#2969=DIRECTION('',(0.,1.,0.));
#2970=DIRECTION('',(0.,0.,1.));
#2971=FACE_BOUND('',#2972,.T.);
#2972=EDGE_LOOP('',(#4673,#4674,#4675,#4676));
#2973=PLANE('',#2974);
#2974=AXIS2_PLACEMENT_3D('',#2975,#2976,#2977);
#2975=CARTESIAN_POINT('',(-0.8,-1.85,0.875000000000001));
#2976=DIRECTION('',(0.,0.,-1.));
#2977=DIRECTION('',(0.,1.,0.));
#2978=FACE_BOUND('',#2979,.T.);
#2979=EDGE_LOOP('',(#4677,#4678,#4679,#4680));
#2980=PLANE('',#2981);
#2981=AXIS2_PLACEMENT_3D('',#2982,#2983,#2984);
#2982=CARTESIAN_POINT('',(-0.8,-1.85,2.675));
#2983=DIRECTION('',(0.,-1.,0.));
#2984=DIRECTION('',(0.,0.,-1.));
#2985=FACE_BOUND('',#2986,.T.);
#2986=EDGE_LOOP('',(#4681,#4682,#4683,#4684,#4685,#4686,#4687,#4688));
#2987=PLANE('',#2988);
#2988=AXIS2_PLACEMENT_3D('',#2989,#2990,#2991);
#2989=CARTESIAN_POINT('',(-2.,0.,0.));
#2990=DIRECTION('',(1.,0.,-0.));
#2991=DIRECTION('',(0.,0.,1.));
#2992=FACE_BOUND('',#2993,.T.);
#2993=EDGE_LOOP('',(#4689,#4690,#4691,#4692));
#2994=PLANE('',#2995);
#2995=AXIS2_PLACEMENT_3D('',#2996,#2997,#2998);
#2996=CARTESIAN_POINT('',(-0.6,0.,0.));
#2997=DIRECTION('',(1.,0.,0.));
#2998=DIRECTION('',(0.,-0.,1.));
#2999=FACE_BOUND('',#3000,.T.);
#3000=EDGE_LOOP('',(#4693,#4694,#4695,#4696,#4697,#4698,#4699,#4700));
#3001=FACE_BOUND('',#3002,.T.);
#3002=EDGE_LOOP('',(#4701));
#3003=FACE_BOUND('',#3004,.T.);
#3004=EDGE_LOOP('',(#4702));
#3005=PLANE('',#3006);
#3006=AXIS2_PLACEMENT_3D('',#3007,#3008,#3009);
#3007=CARTESIAN_POINT('',(1.5,2.25000000000083,0.0500000001775383));
#3008=DIRECTION('',(-0.,-0.,-1.));
#3009=DIRECTION('',(0.,-1.,0.));
#3010=FACE_OUTER_BOUND('',#3011,.T.);
#3011=EDGE_LOOP('',(#4703));
#3012=FACE_OUTER_BOUND('',#3013,.T.);
#3013=EDGE_LOOP('',(#4704));
#3014=CYLINDRICAL_SURFACE('',#3015,0.35);
#3015=AXIS2_PLACEMENT_3D('',#3016,#3017,#3018);
#3016=CARTESIAN_POINT('',(0.,-1.15,0.0500000001775383));
#3017=DIRECTION('',(0.,0.,-1.));
#3018=DIRECTION('',(-1.,0.,0.));
#3019=FACE_OUTER_BOUND('',#3020,.T.);
#3020=EDGE_LOOP('',(#4705));
#3021=FACE_OUTER_BOUND('',#3022,.T.);
#3022=EDGE_LOOP('',(#4706));
#3023=CYLINDRICAL_SURFACE('',#3024,0.35);
#3024=AXIS2_PLACEMENT_3D('',#3025,#3026,#3027);
#3025=CARTESIAN_POINT('',(0.,1.15,0.0500000001775383));
#3026=DIRECTION('',(0.,0.,-1.));
#3027=DIRECTION('',(-1.,0.,0.));
#3028=FACE_BOUND('',#3029,.T.);
#3029=EDGE_LOOP('',(#4707,#4708,#4709,#4710,#4711,#4712,#4713,#4714,#4715,#4716,
#4717));
#3030=PLANE('',#3031);
#3031=AXIS2_PLACEMENT_3D('',#3032,#3033,#3034);
#3032=CARTESIAN_POINT('',(1.,0.,0.));
#3033=DIRECTION('',(-1.,-0.,-0.));
#3034=DIRECTION('',(0.,0.,1.));
#3035=FACE_BOUND('',#3036,.T.);
#3036=EDGE_LOOP('',(#4718,#4719,#4720,#4721));
#3037=CYLINDRICAL_SURFACE('',#3038,0.2);
#3038=AXIS2_PLACEMENT_3D('',#3039,#3040,#3041);
#3039=CARTESIAN_POINT('',(1.5,-2.25000000000083,0.250000000177538));
#3040=DIRECTION('',(-1.,0.,0.));
#3041=DIRECTION('',(0.,0.,-1.));
#3042=FACE_BOUND('',#3043,.T.);
#3043=EDGE_LOOP('',(#4722,#4723,#4724,#4725,#4726,#4727,#4728,#4729,#4730,#4731,
#4732,#4733,#4734,#4735,#4736,#4737,#4738,#4739,#4740,#4741,#4742,#4743,#4744,#4745));
#3044=FACE_BOUND('',#3045,.T.);
#3045=EDGE_LOOP('',(#4746,#4747,#4748,#4749));
#3046=FACE_BOUND('',#3047,.T.);
#3047=EDGE_LOOP('',(#4750,#4751,#4752,#4753,#4754,#4755,#4756,#4757));
#3048=FACE_BOUND('',#3049,.T.);
#3049=EDGE_LOOP('',(#4758,#4759,#4760,#4761,#4762,#4763,#4764,#4765));
#3050=PLANE('',#3051);
#3051=AXIS2_PLACEMENT_3D('',#3052,#3053,#3054);
#3052=CARTESIAN_POINT('',(-0.8,0.,0.));
#3053=DIRECTION('',(-1.,0.,0.));
#3054=DIRECTION('',(0.,0.,1.));
#3055=FACE_BOUND('',#3056,.T.);
#3056=EDGE_LOOP('',(#4766,#4767,#4768,#4769));
#3057=CYLINDRICAL_SURFACE('',#3058,0.2);
#3058=AXIS2_PLACEMENT_3D('',#3059,#3060,#3061);
#3059=CARTESIAN_POINT('',(1.5,2.25000000000083,0.250000000177538));
#3060=DIRECTION('',(-1.,0.,0.));
#3061=DIRECTION('',(0.,1.,0.));
#3062=FACE_BOUND('',#3063,.T.);
#3063=EDGE_LOOP('',(#4770,#4771,#4772,#4773,#4774,#4775,#4776,#4777,#4778,#4779,
#4780));
#3064=PLANE('',#3065);
#3065=AXIS2_PLACEMENT_3D('',#3066,#3067,#3068);
#3066=CARTESIAN_POINT('',(1.,0.,0.));
#3067=DIRECTION('',(1.,0.,0.));
#3068=DIRECTION('',(0.,-0.,1.));
#3069=FACE_BOUND('',#3070,.T.);
#3070=EDGE_LOOP('',(#4781,#4782,#4783,#4784,#4785,#4786,#4787,#4788));
#3071=PLANE('',#3072);
#3072=AXIS2_PLACEMENT_3D('',#3073,#3074,#3075);
#3073=CARTESIAN_POINT('',(1.15,1.79999999976691,3.5));
#3074=DIRECTION('',(0.,-1.,-2.8254193597549E-010));
#3075=DIRECTION('',(0.,2.8254193597549E-010,-1.));
#3076=FACE_BOUND('',#3077,.T.);
#3077=EDGE_LOOP('',(#4789,#4790,#4791,#4792,#4793,#4794,#4795,#4796,#4797,#4798,
#4799,#4800,#4801,#4802,#4803,#4804));
#3078=FACE_BOUND('',#3079,.T.);
#3079=EDGE_LOOP('',(#4805,#4806,#4807,#4808,#4809,#4810,#4811,#4812));
#3080=FACE_BOUND('',#3081,.T.);
#3081=EDGE_LOOP('',(#4813,#4814,#4815,#4816,#4817,#4818,#4819,#4820));
#3082=FACE_BOUND('',#3083,.T.);
#3083=EDGE_LOOP('',(#4821,#4822,#4823,#4824,#4825,#4826,#4827,#4828));
#3084=PLANE('',#3085);
#3085=AXIS2_PLACEMENT_3D('',#3086,#3087,#3088);
#3086=CARTESIAN_POINT('',(1.4,0.,0.));
#3087=DIRECTION('',(1.,0.,-0.));
#3088=DIRECTION('',(0.,0.,1.));
#3089=FACE_BOUND('',#3090,.T.);
#3090=EDGE_LOOP('',(#4829,#4830,#4831,#4832,#4833,#4834,#4835,#4836));
#3091=PLANE('',#3092);
#3092=AXIS2_PLACEMENT_3D('',#3093,#3094,#3095);
#3093=CARTESIAN_POINT('',(1.15,-1.79999999976691,3.5));
#3094=DIRECTION('',(-0.,-1.,2.8254193597549E-010));
#3095=DIRECTION('',(0.,-2.8254193597549E-010,-1.));
#3096=FACE_BOUND('',#3097,.T.);
#3097=EDGE_LOOP('',(#4837));
#3098=PLANE('',#3099);
#3099=AXIS2_PLACEMENT_3D('',#3100,#3101,#3102);
#3100=CARTESIAN_POINT('',(0.,2.84904750172705E-017,-0.749999999822462));
#3101=DIRECTION('',(-0.,0.,-1.));
#3102=DIRECTION('',(-1.,0.,0.));
#3103=FACE_BOUND('',#3104,.T.);
#3104=EDGE_LOOP('',(#4838));
#3105=PLANE('',#3106);
#3106=AXIS2_PLACEMENT_3D('',#3107,#3108,#3109);
#3107=CARTESIAN_POINT('',(0.,2.84904750172705E-017,-0.749999999822462));
#3108=DIRECTION('',(-0.,0.,-1.));
#3109=DIRECTION('',(-1.,0.,0.));
#3110=FACE_BOUND('',#3111,.T.);
#3111=EDGE_LOOP('',(#4839,#4840,#4841,#4842,#4843,#4844,#4845,#4846,#4847,#4848,
#4849,#4850));
#3112=PLANE('',#3113);
#3113=AXIS2_PLACEMENT_3D('',#3114,#3115,#3116);
#3114=CARTESIAN_POINT('',(1.5,-3.30000000000062,3.50000000017754));
#3115=DIRECTION('',(0.,-0.,1.));
#3116=DIRECTION('',(0.,1.,0.));
#3117=FACE_BOUND('',#3118,.T.);
#3118=EDGE_LOOP('',(#4851,#4852,#4853,#4854,#4855));
#3119=PLANE('',#3120);
#3120=AXIS2_PLACEMENT_3D('',#3121,#3122,#3123);
#3121=CARTESIAN_POINT('',(1.,-2.4,-2.48810193580119E-016));
#3122=DIRECTION('',(-0.,1.,-6.34413156928661E-016));
#3123=DIRECTION('',(0.,6.34413156928661E-016,1.));
#3124=FACE_BOUND('',#3125,.T.);
#3125=EDGE_LOOP('',(#4856,#4857,#4858,#4859,#4860,#4861,#4862));
#3126=PLANE('',#3127);
#3127=AXIS2_PLACEMENT_3D('',#3128,#3129,#3130);
#3128=CARTESIAN_POINT('',(1.15,-3.,0.875));
#3129=DIRECTION('',(-0.,-0.,-1.));
#3130=DIRECTION('',(0.,1.,0.));
#3131=FACE_BOUND('',#3132,.T.);
#3132=EDGE_LOOP('',(#4863,#4864,#4865,#4866));
#3133=CYLINDRICAL_SURFACE('',#3134,0.1);
#3134=AXIS2_PLACEMENT_3D('',#3135,#3136,#3137);
#3135=CARTESIAN_POINT('',(1.15,-3.,0.975));
#3136=DIRECTION('',(1.,0.,0.));
#3137=DIRECTION('',(0.,-1.,0.));
#3138=FACE_BOUND('',#3139,.T.);
#3139=EDGE_LOOP('',(#4867,#4868,#4869,#4870,#4871,#4872));
#3140=CYLINDRICAL_SURFACE('',#3141,0.2);
#3141=AXIS2_PLACEMENT_3D('',#3142,#3143,#3144);
#3142=CARTESIAN_POINT('',(1.5,-2.9,1.00000000017754));
#3143=DIRECTION('',(-1.,0.,0.));
#3144=DIRECTION('',(0.,0.,-1.));
#3145=FACE_BOUND('',#3146,.T.);
#3146=EDGE_LOOP('',(#4873,#4874,#4875,#4876));
#3147=PLANE('',#3148);
#3148=AXIS2_PLACEMENT_3D('',#3149,#3150,#3151);
#3149=CARTESIAN_POINT('',(1.5,-2.55000000000083,0.800000000177538));
#3150=DIRECTION('',(-0.,-0.,-1.));
#3151=DIRECTION('',(0.,-1.,0.));
#3152=FACE_BOUND('',#3153,.T.);
#3153=EDGE_LOOP('',(#4877,#4878,#4879,#4880));
#3154=CYLINDRICAL_SURFACE('',#3155,0.1);
#3155=AXIS2_PLACEMENT_3D('',#3156,#3157,#3158);
#3156=CARTESIAN_POINT('',(1.5,-2.55000000000083,0.700000000177538));
#3157=DIRECTION('',(1.,-0.,-0.));
#3158=DIRECTION('',(0.,1.,0.));
#3159=FACE_BOUND('',#3160,.T.);
#3160=EDGE_LOOP('',(#4881,#4882,#4883,#4884));
#3161=PLANE('',#3162);
#3162=AXIS2_PLACEMENT_3D('',#3163,#3164,#3165);
#3163=CARTESIAN_POINT('',(1.5,-2.45000000000083,0.250000000177538));
#3164=DIRECTION('',(0.,-1.,0.));
#3165=DIRECTION('',(0.,0.,1.));
#3166=FACE_BOUND('',#3167,.T.);
#3167=EDGE_LOOP('',(#4885,#4886,#4887,#4888,#4889,#4890,#4891,#4892,#4893,#4894));
#3168=PLANE('',#3169);
#3169=AXIS2_PLACEMENT_3D('',#3170,#3171,#3172);
#3170=CARTESIAN_POINT('',(1.5,-3.1,1.00000000017754));
#3171=DIRECTION('',(0.,-1.,0.));
#3172=DIRECTION('',(0.,0.,1.));
#3173=FACE_BOUND('',#3174,.T.);
#3174=EDGE_LOOP('',(#4895,#4896,#4897,#4898));
#3175=CYLINDRICAL_SURFACE('',#3176,0.1);
#3176=AXIS2_PLACEMENT_3D('',#3177,#3178,#3179);
#3177=CARTESIAN_POINT('',(1.5,-3.2,2.60000000017754));
#3178=DIRECTION('',(1.,-0.,-0.));
#3179=DIRECTION('',(0.,1.,0.));
#3180=FACE_BOUND('',#3181,.T.);
#3181=EDGE_LOOP('',(#4899,#4900,#4901,#4902));
#3182=PLANE('',#3183);
#3183=AXIS2_PLACEMENT_3D('',#3184,#3185,#3186);
#3184=CARTESIAN_POINT('',(1.5,-3.2,2.70000000017754));
#3185=DIRECTION('',(-0.,-0.,-1.));
#3186=DIRECTION('',(0.,-1.,0.));
#3187=FACE_BOUND('',#3188,.T.);
#3188=EDGE_LOOP('',(#4903,#4904,#4905,#4906));
#3189=CYLINDRICAL_SURFACE('',#3190,0.2);
#3190=AXIS2_PLACEMENT_3D('',#3191,#3192,#3193);
#3191=CARTESIAN_POINT('',(1.5,-3.30000000000062,2.90000000017754));
#3192=DIRECTION('',(-1.,0.,0.));
#3193=DIRECTION('',(0.,0.,-1.));
#3194=FACE_BOUND('',#3195,.T.);
#3195=EDGE_LOOP('',(#4907,#4908,#4909,#4910));
#3196=PLANE('',#3197);
#3197=AXIS2_PLACEMENT_3D('',#3198,#3199,#3200);
#3198=CARTESIAN_POINT('',(1.5,-3.50000000000062,2.90000000017754));
#3199=DIRECTION('',(0.,-1.,0.));
#3200=DIRECTION('',(0.,0.,1.));
#3201=FACE_BOUND('',#3202,.T.);
#3202=EDGE_LOOP('',(#4911,#4912,#4913,#4914));
#3203=CYLINDRICAL_SURFACE('',#3204,0.2);
#3204=AXIS2_PLACEMENT_3D('',#3205,#3206,#3207);
#3205=CARTESIAN_POINT('',(1.5,-3.30000000000062,3.30000000017754));
#3206=DIRECTION('',(-1.,0.,0.));
#3207=DIRECTION('',(0.,-1.,0.));
#3208=FACE_BOUND('',#3209,.T.);
#3209=EDGE_LOOP('',(#4915,#4916,#4917,#4918));
#3210=CYLINDRICAL_SURFACE('',#3211,0.2);
#3211=AXIS2_PLACEMENT_3D('',#3212,#3213,#3214);
#3212=CARTESIAN_POINT('',(1.5,3.30000000000062,3.30000000017754));
#3213=DIRECTION('',(-1.,0.,0.));
#3214=DIRECTION('',(0.,0.,1.));
#3215=FACE_BOUND('',#3216,.T.);
#3216=EDGE_LOOP('',(#4919,#4920,#4921,#4922));
#3217=PLANE('',#3218);
#3218=AXIS2_PLACEMENT_3D('',#3219,#3220,#3221);
#3219=CARTESIAN_POINT('',(1.5,3.50000000000062,3.30000000017754));
#3220=DIRECTION('',(0.,1.,0.));
#3221=DIRECTION('',(0.,0.,-1.));
#3222=FACE_BOUND('',#3223,.T.);
#3223=EDGE_LOOP('',(#4923,#4924,#4925,#4926));
#3224=CYLINDRICAL_SURFACE('',#3225,0.2);
#3225=AXIS2_PLACEMENT_3D('',#3226,#3227,#3228);
#3226=CARTESIAN_POINT('',(1.5,3.30000000000062,2.90000000017754));
#3227=DIRECTION('',(-1.,0.,0.));
#3228=DIRECTION('',(0.,1.,0.));
#3229=FACE_BOUND('',#3230,.T.);
#3230=EDGE_LOOP('',(#4927,#4928,#4929,#4930));
#3231=PLANE('',#3232);
#3232=AXIS2_PLACEMENT_3D('',#3233,#3234,#3235);
#3233=CARTESIAN_POINT('',(1.5,3.30000000000062,2.70000000017754));
#3234=DIRECTION('',(-0.,-0.,-1.));
#3235=DIRECTION('',(0.,-1.,0.));
#3236=FACE_BOUND('',#3237,.T.);
#3237=EDGE_LOOP('',(#4931,#4932,#4933,#4934));
#3238=CYLINDRICAL_SURFACE('',#3239,0.1);
#3239=AXIS2_PLACEMENT_3D('',#3240,#3241,#3242);
#3240=CARTESIAN_POINT('',(1.5,3.2,2.60000000017754));
#3241=DIRECTION('',(1.,-0.,-0.));
#3242=DIRECTION('',(0.,0.,1.));
#3243=FACE_BOUND('',#3244,.T.);
#3244=EDGE_LOOP('',(#4935,#4936,#4937,#4938,#4939,#4940,#4941,#4942,#4943,#4944));
#3245=PLANE('',#3246);
#3246=AXIS2_PLACEMENT_3D('',#3247,#3248,#3249);
#3247=CARTESIAN_POINT('',(1.5,3.1,2.60000000017754));
#3248=DIRECTION('',(0.,1.,0.));
#3249=DIRECTION('',(0.,0.,-1.));
#3250=FACE_BOUND('',#3251,.T.);
#3251=EDGE_LOOP('',(#4945,#4946,#4947,#4948,#4949,#4950));
#3252=CYLINDRICAL_SURFACE('',#3253,0.2);
#3253=AXIS2_PLACEMENT_3D('',#3254,#3255,#3256);
#3254=CARTESIAN_POINT('',(1.5,2.9,1.00000000017754));
#3255=DIRECTION('',(-1.,0.,0.));
#3256=DIRECTION('',(0.,1.,0.));
#3257=FACE_BOUND('',#3258,.T.);
#3258=EDGE_LOOP('',(#4951,#4952,#4953,#4954));
#3259=PLANE('',#3260);
#3260=AXIS2_PLACEMENT_3D('',#3261,#3262,#3263);
#3261=CARTESIAN_POINT('',(1.5,2.9,0.800000000177538));
#3262=DIRECTION('',(-0.,-0.,-1.));
#3263=DIRECTION('',(0.,-1.,0.));
#3264=FACE_BOUND('',#3265,.T.);
#3265=EDGE_LOOP('',(#4955,#4956,#4957,#4958));
#3266=CYLINDRICAL_SURFACE('',#3267,0.1);
#3267=AXIS2_PLACEMENT_3D('',#3268,#3269,#3270);
#3268=CARTESIAN_POINT('',(1.5,2.55000000000083,0.700000000177538));
#3269=DIRECTION('',(1.,-0.,-0.));
#3270=DIRECTION('',(0.,0.,1.));
#3271=FACE_BOUND('',#3272,.T.);
#3272=EDGE_LOOP('',(#4959,#4960,#4961,#4962));
#3273=PLANE('',#3274);
#3274=AXIS2_PLACEMENT_3D('',#3275,#3276,#3277);
#3275=CARTESIAN_POINT('',(1.5,2.45000000000083,0.700000000177538));
#3276=DIRECTION('',(0.,1.,0.));
#3277=DIRECTION('',(0.,0.,-1.));
#3278=FACE_BOUND('',#3279,.T.);
#3279=EDGE_LOOP('',(#4963,#4964,#4965,#4966));
#3280=PLANE('',#3281);
#3281=AXIS2_PLACEMENT_3D('',#3282,#3283,#3284);
#3282=CARTESIAN_POINT('',(2.4,1.95,0.775000000000001));
#3283=DIRECTION('',(-0.,-0.,-1.));
#3284=DIRECTION('',(0.,-1.,0.));
#3285=FACE_BOUND('',#3286,.T.);
#3286=EDGE_LOOP('',(#4967,#4968,#4969,#4970));
#3287=PLANE('',#3288);
#3288=AXIS2_PLACEMENT_3D('',#3289,#3290,#3291);
#3289=CARTESIAN_POINT('',(2.4,1.95,2.775));
#3290=DIRECTION('',(0.,1.,0.));
#3291=DIRECTION('',(0.,0.,-1.));
#3292=FACE_BOUND('',#3293,.T.);
#3293=EDGE_LOOP('',(#4971,#4972,#4973,#4974));
#3294=PLANE('',#3295);
#3295=AXIS2_PLACEMENT_3D('',#3296,#3297,#3298);
#3296=CARTESIAN_POINT('',(2.4,-1.95,2.775));
#3297=DIRECTION('',(0.,-0.,1.));
#3298=DIRECTION('',(0.,1.,0.));
#3299=FACE_BOUND('',#3300,.T.);
#3300=EDGE_LOOP('',(#4975,#4976,#4977,#4978));
#3301=PLANE('',#3302);
#3302=AXIS2_PLACEMENT_3D('',#3303,#3304,#3305);
#3303=CARTESIAN_POINT('',(2.4,-1.95,0.775000000000001));
#3304=DIRECTION('',(0.,-1.,0.));
#3305=DIRECTION('',(0.,0.,1.));
#3306=FACE_BOUND('',#3307,.T.);
#3307=EDGE_LOOP('',(#4979,#4980,#4981,#4982));
#3308=PLANE('',#3309);
#3309=AXIS2_PLACEMENT_3D('',#3310,#3311,#3312);
#3310=CARTESIAN_POINT('',(-0.8,2.4,1.055));
#3311=DIRECTION('',(0.,-0.,1.));
#3312=DIRECTION('',(0.,1.,0.));
#3313=FACE_BOUND('',#3314,.T.);
#3314=EDGE_LOOP('',(#4983,#4984,#4985,#4986));
#3315=CYLINDRICAL_SURFACE('',#3316,0.17);
#3316=AXIS2_PLACEMENT_3D('',#3317,#3318,#3319);
#3317=CARTESIAN_POINT('',(-0.8,2.8,1.225));
#3318=DIRECTION('',(1.,-0.,-0.));
#3319=DIRECTION('',(0.,0.,-1.));
#3320=FACE_BOUND('',#3321,.T.);
#3321=EDGE_LOOP('',(#4987,#4988,#4989,#4990));
#3322=PLANE('',#3323);
#3323=AXIS2_PLACEMENT_3D('',#3324,#3325,#3326);
#3324=CARTESIAN_POINT('',(-0.8,2.97,1.225));
#3325=DIRECTION('',(0.,-1.,0.));
#3326=DIRECTION('',(0.,0.,1.));
#3327=FACE_BOUND('',#3328,.T.);
#3328=EDGE_LOOP('',(#4991,#4992,#4993,#4994));
#3329=CYLINDRICAL_SURFACE('',#3330,0.17);
#3330=AXIS2_PLACEMENT_3D('',#3331,#3332,#3333);
#3331=CARTESIAN_POINT('',(-0.8,2.8,2.325));
#3332=DIRECTION('',(1.,-0.,-0.));
#3333=DIRECTION('',(0.,1.,-5.2245789394125E-015));
#3334=FACE_BOUND('',#3335,.T.);
#3335=EDGE_LOOP('',(#4995,#4996,#4997,#4998));
#3336=PLANE('',#3337);
#3337=AXIS2_PLACEMENT_3D('',#3338,#3339,#3340);
#3338=CARTESIAN_POINT('',(-0.8,2.8,2.495));
#3339=DIRECTION('',(-0.,-0.,-1.));
#3340=DIRECTION('',(0.,-1.,0.));
#3341=FACE_BOUND('',#3342,.T.);
#3342=EDGE_LOOP('',(#4999,#5000,#5001,#5002));
#3343=CYLINDRICAL_SURFACE('',#3344,0.17);
#3344=AXIS2_PLACEMENT_3D('',#3345,#3346,#3347);
#3345=CARTESIAN_POINT('',(-0.8,2.4,2.325));
#3346=DIRECTION('',(1.,-0.,-0.));
#3347=DIRECTION('',(0.,0.,1.));
#3348=FACE_BOUND('',#3349,.T.);
#3349=EDGE_LOOP('',(#5003,#5004,#5005,#5006));
#3350=PLANE('',#3351);
#3351=AXIS2_PLACEMENT_3D('',#3352,#3353,#3354);
#3352=CARTESIAN_POINT('',(-0.8,2.23,2.325));
#3353=DIRECTION('',(0.,1.,4.03717463500057E-016));
#3354=DIRECTION('',(0.,4.03717463500057E-016,-1.));
#3355=FACE_BOUND('',#3356,.T.);
#3356=EDGE_LOOP('',(#5007,#5008,#5009,#5010));
#3357=CYLINDRICAL_SURFACE('',#3358,0.17);
#3358=AXIS2_PLACEMENT_3D('',#3359,#3360,#3361);
#3359=CARTESIAN_POINT('',(-0.8,2.4,1.225));
#3360=DIRECTION('',(1.,-0.,-0.));
#3361=DIRECTION('',(0.,-1.,0.));
#3362=FACE_BOUND('',#3363,.T.);
#3363=EDGE_LOOP('',(#5011,#5012,#5013,#5014));
#3364=PLANE('',#3365);
#3365=AXIS2_PLACEMENT_3D('',#3366,#3367,#3368);
#3366=CARTESIAN_POINT('',(-0.8,-2.8,1.055));
#3367=DIRECTION('',(0.,-0.,1.));
#3368=DIRECTION('',(0.,1.,0.));
#3369=FACE_BOUND('',#3370,.T.);
#3370=EDGE_LOOP('',(#5015,#5016,#5017,#5018));
#3371=CYLINDRICAL_SURFACE('',#3372,0.17);
#3372=AXIS2_PLACEMENT_3D('',#3373,#3374,#3375);
#3373=CARTESIAN_POINT('',(-0.8,-2.4,1.225));
#3374=DIRECTION('',(1.,-0.,-0.));
#3375=DIRECTION('',(0.,0.,-1.));
#3376=FACE_BOUND('',#3377,.T.);
#3377=EDGE_LOOP('',(#5019,#5020,#5021,#5022));
#3378=PLANE('',#3379);
#3379=AXIS2_PLACEMENT_3D('',#3380,#3381,#3382);
#3380=CARTESIAN_POINT('',(-0.8,-2.23,1.225));
#3381=DIRECTION('',(0.,-1.,0.));
#3382=DIRECTION('',(0.,0.,1.));
#3383=FACE_BOUND('',#3384,.T.);
#3384=EDGE_LOOP('',(#5023,#5024,#5025,#5026));
#3385=CYLINDRICAL_SURFACE('',#3386,0.17);
#3386=AXIS2_PLACEMENT_3D('',#3387,#3388,#3389);
#3387=CARTESIAN_POINT('',(-0.8,-2.4,2.325));
#3388=DIRECTION('',(1.,-0.,-0.));
#3389=DIRECTION('',(0.,1.,2.61228946970625E-015));
#3390=FACE_BOUND('',#3391,.T.);
#3391=EDGE_LOOP('',(#5027,#5028,#5029,#5030));
#3392=PLANE('',#3393);
#3393=AXIS2_PLACEMENT_3D('',#3394,#3395,#3396);
#3394=CARTESIAN_POINT('',(-0.8,-2.4,2.495));
#3395=DIRECTION('',(-0.,-0.,-1.));
#3396=DIRECTION('',(0.,-1.,0.));
#3397=FACE_BOUND('',#3398,.T.);
#3398=EDGE_LOOP('',(#5031,#5032,#5033,#5034));
#3399=CYLINDRICAL_SURFACE('',#3400,0.17);
#3400=AXIS2_PLACEMENT_3D('',#3401,#3402,#3403);
#3401=CARTESIAN_POINT('',(-0.8,-2.8,2.325));
#3402=DIRECTION('',(1.,-0.,-0.));
#3403=DIRECTION('',(0.,0.,1.));
#3404=FACE_BOUND('',#3405,.T.);
#3405=EDGE_LOOP('',(#5035,#5036,#5037,#5038));
#3406=PLANE('',#3407);
#3407=AXIS2_PLACEMENT_3D('',#3408,#3409,#3410);
#3408=CARTESIAN_POINT('',(-0.8,-2.97,2.325));
#3409=DIRECTION('',(0.,1.,0.));
#3410=DIRECTION('',(0.,0.,-1.));
#3411=FACE_BOUND('',#3412,.T.);
#3412=EDGE_LOOP('',(#5039,#5040,#5041,#5042));
#3413=CYLINDRICAL_SURFACE('',#3414,0.17);
#3414=AXIS2_PLACEMENT_3D('',#3415,#3416,#3417);
#3415=CARTESIAN_POINT('',(-0.8,-2.8,1.225));
#3416=DIRECTION('',(1.,-0.,-0.));
#3417=DIRECTION('',(0.,-1.,-1.30614473485313E-015));
#3418=FACE_BOUND('',#3419,.T.);
#3419=EDGE_LOOP('',(#5043,#5044,#5045,#5046));
#3420=CYLINDRICAL_SURFACE('',#3421,0.1);
#3421=AXIS2_PLACEMENT_3D('',#3422,#3423,#3424);
#3422=CARTESIAN_POINT('',(1.15,3.,0.975));
#3423=DIRECTION('',(-1.,-0.,-0.));
#3424=DIRECTION('',(0.,1.,0.));
#3425=FACE_BOUND('',#3426,.T.);
#3426=EDGE_LOOP('',(#5047,#5048,#5049,#5050,#5051,#5052,#5053));
#3427=PLANE('',#3428);
#3428=AXIS2_PLACEMENT_3D('',#3429,#3430,#3431);
#3429=CARTESIAN_POINT('',(1.15,3.,0.875));
#3430=DIRECTION('',(-0.,0.,1.));
#3431=DIRECTION('',(0.,-1.,0.));
#3432=FACE_BOUND('',#3433,.T.);
#3433=EDGE_LOOP('',(#5054,#5055,#5056,#5057,#5058));
#3434=PLANE('',#3435);
#3435=AXIS2_PLACEMENT_3D('',#3436,#3437,#3438);
#3436=CARTESIAN_POINT('',(1.,2.4,-2.48810193580119E-016));
#3437=DIRECTION('',(-0.,1.,6.34413156928661E-016));
#3438=DIRECTION('',(0.,-6.34413156928661E-016,1.));
#3439=FACE_BOUND('',#3440,.T.);
#3440=EDGE_LOOP('',(#5059,#5060,#5061,#5062,#5063,#5064));
#3441=PLANE('',#3442);
#3442=AXIS2_PLACEMENT_3D('',#3443,#3444,#3445);
#3443=CARTESIAN_POINT('',(1.15,1.8,2.675));
#3444=DIRECTION('',(0.,0.,-1.));
#3445=DIRECTION('',(0.,1.,0.));
#3446=FACE_BOUND('',#3447,.T.);
#3447=EDGE_LOOP('',(#5065,#5066,#5067,#5068));
#3448=PLANE('',#3449);
#3449=AXIS2_PLACEMENT_3D('',#3450,#3451,#3452);
#3450=CARTESIAN_POINT('',(1.15,0.,0.));
#3451=DIRECTION('',(1.,0.,0.));
#3452=DIRECTION('',(0.,-0.,1.));
#3453=FACE_BOUND('',#3454,.T.);
#3454=EDGE_LOOP('',(#5069,#5070,#5071,#5072));
#3455=PLANE('',#3456);
#3456=AXIS2_PLACEMENT_3D('',#3457,#3458,#3459);
#3457=CARTESIAN_POINT('',(1.4,1.8,-4.4288888842722E-047));
#3458=DIRECTION('',(0.,1.,0.));
#3459=DIRECTION('',(0.,0.,1.));
#3460=FACE_BOUND('',#3461,.T.);
#3461=EDGE_LOOP('',(#5073,#5074,#5075,#5076));
#3462=PLANE('',#3463);
#3463=AXIS2_PLACEMENT_3D('',#3464,#3465,#3466);
#3464=CARTESIAN_POINT('',(1.4,1.8,1.475));
#3465=DIRECTION('',(0.,0.,-1.));
#3466=DIRECTION('',(0.,1.,0.));
#3467=FACE_BOUND('',#3468,.T.);
#3468=EDGE_LOOP('',(#5077,#5078,#5079,#5080));
#3469=PLANE('',#3470);
#3470=AXIS2_PLACEMENT_3D('',#3471,#3472,#3473);
#3471=CARTESIAN_POINT('',(1.4,3.9,2.075));
#3472=DIRECTION('',(-0.,0.,1.));
#3473=DIRECTION('',(0.,-1.,0.));
#3474=FACE_BOUND('',#3475,.T.);
#3475=EDGE_LOOP('',(#5081,#5082,#5083,#5084));
#3476=PLANE('',#3477);
#3477=AXIS2_PLACEMENT_3D('',#3478,#3479,#3480);
#3478=CARTESIAN_POINT('',(1.4,1.8,2.075));
#3479=DIRECTION('',(0.,1.,0.));
#3480=DIRECTION('',(0.,0.,1.));
#3481=FACE_BOUND('',#3482,.T.);
#3482=EDGE_LOOP('',(#5085,#5086,#5087,#5088));
#3483=PLANE('',#3484);
#3484=AXIS2_PLACEMENT_3D('',#3485,#3486,#3487);
#3485=CARTESIAN_POINT('',(1.4,-1.8,3.5));
#3486=DIRECTION('',(0.,-1.,0.));
#3487=DIRECTION('',(0.,0.,-1.));
#3488=FACE_BOUND('',#3489,.T.);
#3489=EDGE_LOOP('',(#5089,#5090,#5091,#5092));
#3490=PLANE('',#3491);
#3491=AXIS2_PLACEMENT_3D('',#3492,#3493,#3494);
#3492=CARTESIAN_POINT('',(1.4,-1.8,2.075));
#3493=DIRECTION('',(-0.,0.,1.));
#3494=DIRECTION('',(0.,-1.,0.));
#3495=FACE_BOUND('',#3496,.T.);
#3496=EDGE_LOOP('',(#5093,#5094,#5095,#5096));
#3497=PLANE('',#3498);
#3498=AXIS2_PLACEMENT_3D('',#3499,#3500,#3501);
#3499=CARTESIAN_POINT('',(1.4,-3.9,1.475));
#3500=DIRECTION('',(0.,0.,-1.));
#3501=DIRECTION('',(0.,1.,0.));
#3502=FACE_BOUND('',#3503,.T.);
#3503=EDGE_LOOP('',(#5097,#5098,#5099,#5100));
#3504=PLANE('',#3505);
#3505=AXIS2_PLACEMENT_3D('',#3506,#3507,#3508);
#3506=CARTESIAN_POINT('',(1.4,-1.8,1.475));
#3507=DIRECTION('',(0.,-1.,0.));
#3508=DIRECTION('',(0.,0.,-1.));
#3509=FACE_BOUND('',#3510,.T.);
#3510=EDGE_LOOP('',(#5101,#5102,#5103,#5104));
#3511=CYLINDRICAL_SURFACE('',#3512,0.2);
#3512=AXIS2_PLACEMENT_3D('',#3513,#3514,#3515);
#3513=CARTESIAN_POINT('',(1.15,-1.4,1.675));
#3514=DIRECTION('',(-1.,-0.,-0.));
#3515=DIRECTION('',(0.,0.,-1.));
#3516=FACE_BOUND('',#3517,.T.);
#3517=EDGE_LOOP('',(#5105,#5106,#5107,#5108));
#3518=PLANE('',#3519);
#3519=AXIS2_PLACEMENT_3D('',#3520,#3521,#3522);
#3520=CARTESIAN_POINT('',(1.15,-1.6,1.675));
#3521=DIRECTION('',(-0.,1.,-0.));
#3522=DIRECTION('',(0.,0.,1.));
#3523=FACE_BOUND('',#3524,.T.);
#3524=EDGE_LOOP('',(#5109,#5110,#5111,#5112));
#3525=CYLINDRICAL_SURFACE('',#3526,0.2);
#3526=AXIS2_PLACEMENT_3D('',#3527,#3528,#3529);
#3527=CARTESIAN_POINT('',(1.15,-1.4,1.875));
#3528=DIRECTION('',(-1.,-0.,-0.));
#3529=DIRECTION('',(0.,-1.,0.));
#3530=FACE_BOUND('',#3531,.T.);
#3531=EDGE_LOOP('',(#5113,#5114,#5115,#5116));
#3532=PLANE('',#3533);
#3533=AXIS2_PLACEMENT_3D('',#3534,#3535,#3536);
#3534=CARTESIAN_POINT('',(1.15,-1.4,2.075));
#3535=DIRECTION('',(-0.,-0.,-1.));
#3536=DIRECTION('',(0.,1.,0.));
#3537=FACE_BOUND('',#3538,.T.);
#3538=EDGE_LOOP('',(#5117,#5118,#5119,#5120));
#3539=CYLINDRICAL_SURFACE('',#3540,0.2);
#3540=AXIS2_PLACEMENT_3D('',#3541,#3542,#3543);
#3541=CARTESIAN_POINT('',(1.15,-1.2,1.875));
#3542=DIRECTION('',(-1.,-0.,-0.));
#3543=DIRECTION('',(0.,0.,1.));
#3544=FACE_BOUND('',#3545,.T.);
#3545=EDGE_LOOP('',(#5121,#5122,#5123,#5124));
#3546=PLANE('',#3547);
#3547=AXIS2_PLACEMENT_3D('',#3548,#3549,#3550);
#3548=CARTESIAN_POINT('',(1.15,-1.,1.875));
#3549=DIRECTION('',(-0.,-1.,-0.));
#3550=DIRECTION('',(0.,0.,-1.));
#3551=FACE_BOUND('',#3552,.T.);
#3552=EDGE_LOOP('',(#5125,#5126,#5127,#5128));
#3553=CYLINDRICAL_SURFACE('',#3554,0.2);
#3554=AXIS2_PLACEMENT_3D('',#3555,#3556,#3557);
#3555=CARTESIAN_POINT('',(1.15,-1.2,1.675));
#3556=DIRECTION('',(-1.,-0.,-0.));
#3557=DIRECTION('',(0.,1.,0.));
#3558=FACE_BOUND('',#3559,.T.);
#3559=EDGE_LOOP('',(#5129,#5130,#5131,#5132));
#3560=PLANE('',#3561);
#3561=AXIS2_PLACEMENT_3D('',#3562,#3563,#3564);
#3562=CARTESIAN_POINT('',(1.15,-1.2,1.475));
#3563=DIRECTION('',(-0.,-0.,1.));
#3564=DIRECTION('',(0.,-1.,0.));
#3565=FACE_BOUND('',#3566,.T.);
#3566=EDGE_LOOP('',(#5133,#5134,#5135,#5136));
#3567=CYLINDRICAL_SURFACE('',#3568,0.2);
#3568=AXIS2_PLACEMENT_3D('',#3569,#3570,#3571);
#3569=CARTESIAN_POINT('',(1.15,-0.0999999999999785,1.67499999999998));
#3570=DIRECTION('',(-1.,-0.,-0.));
#3571=DIRECTION('',(0.,-6.95971058561895E-014,-1.));
#3572=FACE_BOUND('',#3573,.T.);
#3573=EDGE_LOOP('',(#5137,#5138,#5139,#5140));
#3574=PLANE('',#3575);
#3575=AXIS2_PLACEMENT_3D('',#3576,#3577,#3578);
#3576=CARTESIAN_POINT('',(1.15,-0.299999999999979,1.675));
#3577=DIRECTION('',(-0.,1.,-1.0769163338864E-013));
#3578=DIRECTION('',(0.,1.0769163338864E-013,1.));
#3579=FACE_BOUND('',#3580,.T.);
#3580=EDGE_LOOP('',(#5141,#5142,#5143,#5144));
#3581=CYLINDRICAL_SURFACE('',#3582,0.2);
#3582=AXIS2_PLACEMENT_3D('',#3583,#3584,#3585);
#3583=CARTESIAN_POINT('',(1.15,-0.099999999999957,1.87499999999998));
#3584=DIRECTION('',(-1.,-0.,-0.));
#3585=DIRECTION('',(0.,-1.,1.0769163338864E-013));
#3586=FACE_BOUND('',#3587,.T.);
#3587=EDGE_LOOP('',(#5145,#5146,#5147,#5148));
#3588=PLANE('',#3589);
#3589=AXIS2_PLACEMENT_3D('',#3590,#3591,#3592);
#3590=CARTESIAN_POINT('',(1.15,0.0999999999999566,2.07499999999998));
#3591=DIRECTION('',(-0.,0.,1.));
#3592=DIRECTION('',(0.,-1.,0.));
#3593=FACE_BOUND('',#3594,.T.);
#3594=EDGE_LOOP('',(#5149,#5150,#5151,#5152));
#3595=CYLINDRICAL_SURFACE('',#3596,0.2);
#3596=AXIS2_PLACEMENT_3D('',#3597,#3598,#3599);
#3597=CARTESIAN_POINT('',(1.15,0.099999999999957,1.87499999999998));
#3598=DIRECTION('',(1.,0.,0.));
#3599=DIRECTION('',(0.,1.,1.0769163338864E-013));
#3600=FACE_BOUND('',#3601,.T.);
#3601=EDGE_LOOP('',(#5153,#5154,#5155,#5156));
#3602=PLANE('',#3603);
#3603=AXIS2_PLACEMENT_3D('',#3604,#3605,#3606);
#3604=CARTESIAN_POINT('',(1.15,0.299999999999979,1.675));
#3605=DIRECTION('',(-0.,1.,1.0769163338864E-013));
#3606=DIRECTION('',(0.,-1.0769163338864E-013,1.));
#3607=FACE_BOUND('',#3608,.T.);
#3608=EDGE_LOOP('',(#5157,#5158,#5159,#5160));
#3609=CYLINDRICAL_SURFACE('',#3610,0.2);
#3610=AXIS2_PLACEMENT_3D('',#3611,#3612,#3613);
#3611=CARTESIAN_POINT('',(1.15,0.0999999999999785,1.67499999999998));
#3612=DIRECTION('',(1.,0.,0.));
#3613=DIRECTION('',(-0.,6.95971058561895E-014,-1.));
#3614=FACE_BOUND('',#3615,.T.);
#3615=EDGE_LOOP('',(#5161,#5162,#5163,#5164));
#3616=PLANE('',#3617);
#3617=AXIS2_PLACEMENT_3D('',#3618,#3619,#3620);
#3618=CARTESIAN_POINT('',(1.15,6.56441827289441E-018,1.47499999999998));
#3619=DIRECTION('',(0.,0.,-1.));
#3620=DIRECTION('',(0.,1.,0.));
#3621=FACE_BOUND('',#3622,.T.);
#3622=EDGE_LOOP('',(#5165,#5166,#5167,#5168));
#3623=CYLINDRICAL_SURFACE('',#3624,0.2);
#3624=AXIS2_PLACEMENT_3D('',#3625,#3626,#3627);
#3625=CARTESIAN_POINT('',(1.15,1.4,1.675));
#3626=DIRECTION('',(1.,0.,0.));
#3627=DIRECTION('',(0.,-0.,-1.));
#3628=FACE_BOUND('',#3629,.T.);
#3629=EDGE_LOOP('',(#5169,#5170,#5171,#5172));
#3630=PLANE('',#3631);
#3631=AXIS2_PLACEMENT_3D('',#3632,#3633,#3634);
#3632=CARTESIAN_POINT('',(1.15,1.2,1.475));
#3633=DIRECTION('',(0.,0.,-1.));
#3634=DIRECTION('',(0.,1.,0.));
#3635=FACE_BOUND('',#3636,.T.);
#3636=EDGE_LOOP('',(#5173,#5174,#5175,#5176));
#3637=CYLINDRICAL_SURFACE('',#3638,0.2);
#3638=AXIS2_PLACEMENT_3D('',#3639,#3640,#3641);
#3639=CARTESIAN_POINT('',(1.15,1.2,1.675));
#3640=DIRECTION('',(1.,0.,0.));
#3641=DIRECTION('',(0.,-1.,0.));
#3642=FACE_BOUND('',#3643,.T.);
#3643=EDGE_LOOP('',(#5177,#5178,#5179,#5180));
#3644=PLANE('',#3645);
#3645=AXIS2_PLACEMENT_3D('',#3646,#3647,#3648);
#3646=CARTESIAN_POINT('',(1.15,1.,1.875));
#3647=DIRECTION('',(0.,-1.,0.));
#3648=DIRECTION('',(0.,0.,-1.));
#3649=FACE_BOUND('',#3650,.T.);
#3650=EDGE_LOOP('',(#5181,#5182,#5183,#5184));
#3651=CYLINDRICAL_SURFACE('',#3652,0.2);
#3652=AXIS2_PLACEMENT_3D('',#3653,#3654,#3655);
#3653=CARTESIAN_POINT('',(1.15,1.2,1.875));
#3654=DIRECTION('',(1.,0.,0.));
#3655=DIRECTION('',(0.,0.,1.));
#3656=FACE_BOUND('',#3657,.T.);
#3657=EDGE_LOOP('',(#5185,#5186,#5187,#5188));
#3658=PLANE('',#3659);
#3659=AXIS2_PLACEMENT_3D('',#3660,#3661,#3662);
#3660=CARTESIAN_POINT('',(1.15,1.4,2.075));
#3661=DIRECTION('',(-0.,0.,1.));
#3662=DIRECTION('',(0.,-1.,0.));
#3663=FACE_BOUND('',#3664,.T.);
#3664=EDGE_LOOP('',(#5189,#5190,#5191,#5192));
#3665=CYLINDRICAL_SURFACE('',#3666,0.2);
#3666=AXIS2_PLACEMENT_3D('',#3667,#3668,#3669);
#3667=CARTESIAN_POINT('',(1.15,1.4,1.875));
#3668=DIRECTION('',(1.,0.,0.));
#3669=DIRECTION('',(0.,1.,0.));
#3670=FACE_BOUND('',#3671,.T.);
#3671=EDGE_LOOP('',(#5193,#5194,#5195,#5196));
#3672=PLANE('',#3673);
#3673=AXIS2_PLACEMENT_3D('',#3674,#3675,#3676);
#3674=CARTESIAN_POINT('',(1.15,1.6,1.675));
#3675=DIRECTION('',(0.,1.,0.));
#3676=DIRECTION('',(0.,0.,1.));
#3677=FACE_BOUND('',#3678,.T.);
#3678=EDGE_LOOP('',(#5197,#5198,#5199,#5200));
#3679=PLANE('',#3680);
#3680=AXIS2_PLACEMENT_3D('',#3681,#3682,#3683);
#3681=CARTESIAN_POINT('',(1.15,0.,0.));
#3682=DIRECTION('',(-1.,-0.,-0.));
#3683=DIRECTION('',(0.,0.,1.));
#3684=FACE_BOUND('',#3685,.T.);
#3685=EDGE_LOOP('',(#5201,#5202,#5203,#5204,#5205,#5206));
#3686=PLANE('',#3687);
#3687=AXIS2_PLACEMENT_3D('',#3688,#3689,#3690);
#3688=CARTESIAN_POINT('',(1.15,-1.8,2.675));
#3689=DIRECTION('',(-0.,-0.,1.));
#3690=DIRECTION('',(0.,-1.,0.));
#3691=FACE_BOUND('',#3692,.T.);
#3692=EDGE_LOOP('',(#5207,#5208,#5209,#5210,#5211,#5212,#5213,#5214,#5215,#5216));
#3693=PLANE('',#3694);
#3694=AXIS2_PLACEMENT_3D('',#3695,#3696,#3697);
#3695=CARTESIAN_POINT('',(1.15,0.,0.));
#3696=DIRECTION('',(1.,0.,-0.));
#3697=DIRECTION('',(0.,0.,1.));
#3698=FACE_BOUND('',#3699,.T.);
#3699=EDGE_LOOP('',(#5217,#5218,#5219,#5220,#5221,#5222,#5223,#5224,#5225,#5226));
#3700=PLANE('',#3701);
#3701=AXIS2_PLACEMENT_3D('',#3702,#3703,#3704);
#3702=CARTESIAN_POINT('',(1.15,0.,0.));
#3703=DIRECTION('',(-1.,-0.,-0.));
#3704=DIRECTION('',(0.,0.,1.));
#3705=FACE_BOUND('',#3706,.T.);
#3706=EDGE_LOOP('',(#5227,#5228,#5229,#5230,#5231,#5232));
#3707=PLANE('',#3708);
#3708=AXIS2_PLACEMENT_3D('',#3709,#3710,#3711);
#3709=CARTESIAN_POINT('',(1.5,0.,0.));
#3710=DIRECTION('',(-1.,0.,0.));
#3711=DIRECTION('',(0.,0.,1.));
#3712=FACE_BOUND('',#3713,.T.);
#3713=EDGE_LOOP('',(#5233,#5234,#5235,#5236,#5237));
#3714=PLANE('',#3715);
#3715=AXIS2_PLACEMENT_3D('',#3716,#3717,#3718);
#3716=CARTESIAN_POINT('',(1.5,0.,0.));
#3717=DIRECTION('',(-1.,0.,0.));
#3718=DIRECTION('',(0.,0.,1.));
#3719=FACE_BOUND('',#3720,.T.);
#3720=EDGE_LOOP('',(#5238,#5239,#5240,#5241));
#3721=CYLINDRICAL_SURFACE('',#3722,0.1);
#3722=AXIS2_PLACEMENT_3D('',#3723,#3724,#3725);
#3723=CARTESIAN_POINT('',(1.15,-3.,2.575));
#3724=DIRECTION('',(1.,0.,0.));
#3725=DIRECTION('',(0.,0.,1.));
#3726=FACE_BOUND('',#3727,.T.);
#3727=EDGE_LOOP('',(#5242,#5243,#5244,#5245));
#3728=CYLINDRICAL_SURFACE('',#3729,0.1);
#3729=AXIS2_PLACEMENT_3D('',#3730,#3731,#3732);
#3730=CARTESIAN_POINT('',(1.15,3.,2.575));
#3731=DIRECTION('',(-1.,-0.,-0.));
#3732=DIRECTION('',(0.,0.,1.));
#3733=FACE_BOUND('',#3734,.T.);
#3734=EDGE_LOOP('',(#5246,#5247,#5248,#5249,#5250));
#3735=PLANE('',#3736);
#3736=AXIS2_PLACEMENT_3D('',#3737,#3738,#3739);
#3737=CARTESIAN_POINT('',(1.5,0.,0.));
#3738=DIRECTION('',(-1.,0.,0.));
#3739=DIRECTION('',(0.,0.,1.));
#3740=FACE_BOUND('',#3741,.T.);
#3741=EDGE_LOOP('',(#5251,#5252,#5253,#5254,#5255,#5256));
#3742=PLANE('',#3743);
#3743=AXIS2_PLACEMENT_3D('',#3744,#3745,#3746);
#3744=CARTESIAN_POINT('',(1.5,0.,0.));
#3745=DIRECTION('',(-1.,0.,0.));
#3746=DIRECTION('',(0.,0.,1.));
#3747=FACE_BOUND('',#3748,.T.);
#3748=EDGE_LOOP('',(#5257,#5258,#5259,#5260));
#3749=PLANE('',#3750);
#3750=AXIS2_PLACEMENT_3D('',#3751,#3752,#3753);
#3751=CARTESIAN_POINT('',(0.9,0.,0.));
#3752=DIRECTION('',(1.,0.,-0.));
#3753=DIRECTION('',(0.,0.,1.));
#3754=FACE_BOUND('',#3755,.T.);
#3755=EDGE_LOOP('',(#5261,#5262,#5263,#5264));
#3756=FACE_BOUND('',#3757,.T.);
#3757=EDGE_LOOP('',(#5265,#5266,#5267,#5268,#5269,#5270,#5271,#5272));
#3758=PLANE('',#3759);
#3759=AXIS2_PLACEMENT_3D('',#3760,#3761,#3762);
#3760=CARTESIAN_POINT('',(-1.,0.,0.));
#3761=DIRECTION('',(-1.,0.,0.));
#3762=DIRECTION('',(0.,0.,-1.));
#3763=FACE_BOUND('',#3764,.T.);
#3764=EDGE_LOOP('',(#5273,#5274,#5275,#5276));
#3765=FACE_BOUND('',#3766,.T.);
#3766=EDGE_LOOP('',(#5277,#5278,#5279,#5280,#5281,#5282,#5283,#5284));
#3767=PLANE('',#3768);
#3768=AXIS2_PLACEMENT_3D('',#3769,#3770,#3771);
#3769=CARTESIAN_POINT('',(-1.,0.,0.));
#3770=DIRECTION('',(-1.,0.,0.));
#3771=DIRECTION('',(0.,0.,-1.));
#3772=FACE_BOUND('',#3773,.T.);
#3773=EDGE_LOOP('',(#5285,#5286,#5287,#5288,#5289,#5290,#5291,#5292));
#3774=PLANE('',#3775);
#3775=AXIS2_PLACEMENT_3D('',#3776,#3777,#3778);
#3776=CARTESIAN_POINT('',(1.15,0.,0.));
#3777=DIRECTION('',(-1.,-0.,-0.));
#3778=DIRECTION('',(0.,0.,1.));
#3779=FACE_BOUND('',#3780,.T.);
#3780=EDGE_LOOP('',(#5293,#5294,#5295,#5296,#5297,#5298,#5299,#5300));
#3781=PLANE('',#3782);
#3782=AXIS2_PLACEMENT_3D('',#3783,#3784,#3785);
#3783=CARTESIAN_POINT('',(1.15,0.,0.));
#3784=DIRECTION('',(1.,0.,-0.));
#3785=DIRECTION('',(0.,0.,1.));
#3786=FACE_BOUND('',#3787,.T.);
#3787=EDGE_LOOP('',(#5301,#5302,#5303,#5304,#5305,#5306,#5307,#5308));
#3788=PLANE('',#3789);
#3789=AXIS2_PLACEMENT_3D('',#3790,#3791,#3792);
#3790=CARTESIAN_POINT('',(1.15,0.,0.));
#3791=DIRECTION('',(1.,0.,-0.));
#3792=DIRECTION('',(0.,0.,1.));
#3793=FACE_BOUND('',#3794,.T.);
#3794=EDGE_LOOP('',(#5309,#5310,#5311,#5312));
#3795=PLANE('',#3796);
#3796=AXIS2_PLACEMENT_3D('',#3797,#3798,#3799);
#3797=CARTESIAN_POINT('',(-1.,2.1,1.425));
#3798=DIRECTION('',(-0.,-1.,-6.3441315692866E-016));
#3799=DIRECTION('',(0.,-6.3441315692866E-016,1.));
#3800=FACE_BOUND('',#3801,.T.);
#3801=EDGE_LOOP('',(#5313,#5314,#5315,#5316));
#3802=CYLINDRICAL_SURFACE('',#3803,0.5);
#3803=AXIS2_PLACEMENT_3D('',#3804,#3805,#3806);
#3804=CARTESIAN_POINT('',(-1.,2.6,1.425));
#3805=DIRECTION('',(-1.,0.,0.));
#3806=DIRECTION('',(0.,1.,-0.));
#3807=FACE_BOUND('',#3808,.T.);
#3808=EDGE_LOOP('',(#5317,#5318,#5319,#5320));
#3809=PLANE('',#3810);
#3810=AXIS2_PLACEMENT_3D('',#3811,#3812,#3813);
#3811=CARTESIAN_POINT('',(-1.,3.1,2.125));
#3812=DIRECTION('',(0.,1.,0.));
#3813=DIRECTION('',(0.,0.,-1.));
#3814=FACE_BOUND('',#3815,.T.);
#3815=EDGE_LOOP('',(#5321,#5322,#5323,#5324));
#3816=CYLINDRICAL_SURFACE('',#3817,0.5);
#3817=AXIS2_PLACEMENT_3D('',#3818,#3819,#3820);
#3818=CARTESIAN_POINT('',(-1.,2.6,2.125));
#3819=DIRECTION('',(-1.,0.,0.));
#3820=DIRECTION('',(0.,-1.,-1.77635683940025E-015));
#3821=FACE_BOUND('',#3822,.T.);
#3822=EDGE_LOOP('',(#5325,#5326,#5327,#5328));
#3823=PLANE('',#3824);
#3824=AXIS2_PLACEMENT_3D('',#3825,#3826,#3827);
#3825=CARTESIAN_POINT('',(-1.,-2.1,2.125));
#3826=DIRECTION('',(0.,1.,0.));
#3827=DIRECTION('',(0.,0.,-1.));
#3828=FACE_BOUND('',#3829,.T.);
#3829=EDGE_LOOP('',(#5329,#5330,#5331,#5332));
#3830=CYLINDRICAL_SURFACE('',#3831,0.5);
#3831=AXIS2_PLACEMENT_3D('',#3832,#3833,#3834);
#3832=CARTESIAN_POINT('',(-1.,-2.6,2.125));
#3833=DIRECTION('',(-1.,0.,0.));
#3834=DIRECTION('',(0.,-1.,0.));
#3835=FACE_BOUND('',#3836,.T.);
#3836=EDGE_LOOP('',(#5333,#5334,#5335,#5336));
#3837=PLANE('',#3838);
#3838=AXIS2_PLACEMENT_3D('',#3839,#3840,#3841);
#3839=CARTESIAN_POINT('',(-1.,-3.1,1.425));
#3840=DIRECTION('',(0.,-1.,0.));
#3841=DIRECTION('',(0.,0.,1.));
#3842=FACE_BOUND('',#3843,.T.);
#3843=EDGE_LOOP('',(#5337,#5338,#5339,#5340));
#3844=CYLINDRICAL_SURFACE('',#3845,0.5);
#3845=AXIS2_PLACEMENT_3D('',#3846,#3847,#3848);
#3846=CARTESIAN_POINT('',(-1.,-2.6,1.425));
#3847=DIRECTION('',(-1.,0.,0.));
#3848=DIRECTION('',(0.,1.,-1.77635683940025E-015));
#3849=FACE_BOUND('',#3850,.T.);
#3850=EDGE_LOOP('',(#5341,#5342,#5343,#5344));
#3851=(BOUNDED_SURFACE()B_SPLINE_SURFACE(3,2,(
(#3852,#3853,#3854),
(#3855,#3856,#3857),
(#3858,#3859,#3860),
(#3861,#3862,#3863)),
.UNSPECIFIED.,.F.,.F.,.F.)B_SPLINE_SURFACE_WITH_KNOTS((4,4),
(3,3),
(0.412057788944724,0.587942211055276),
(0.,1.),
.UNSPECIFIED.)GEOMETRIC_REPRESENTATION_ITEM()RATIONAL_B_SPLINE_SURFACE((
(1.,0.707106781186547,1.),
(1.,0.707106781186547,1.),
(1.,0.707106781186548,1.),
(1.,0.707106781186548,1.)))REPRESENTATION_ITEM('')SURFACE());
#3852=CARTESIAN_POINT('',(-1.08,2.1,1.42499));
#3853=CARTESIAN_POINT('',(-1.4,2.1,1.42499));
#3854=CARTESIAN_POINT('',(-1.4,2.6,1.42499));
#3855=CARTESIAN_POINT('',(-1.08,2.1,1.65833));
#3856=CARTESIAN_POINT('',(-1.4,2.1,1.65833));
#3857=CARTESIAN_POINT('',(-1.4,2.6,1.65833));
#3858=CARTESIAN_POINT('',(-1.08,2.1,1.89167));
#3859=CARTESIAN_POINT('',(-1.4,2.1,1.89167));
#3860=CARTESIAN_POINT('',(-1.4,2.6,1.89167));
#3861=CARTESIAN_POINT('',(-1.08,2.1,2.12501));
#3862=CARTESIAN_POINT('',(-1.4,2.1,2.12501));
#3863=CARTESIAN_POINT('',(-1.4,2.6,2.12501));
#3864=FACE_BOUND('',#3865,.T.);
#3865=EDGE_LOOP('',(#5345,#5346,#5347));
#3866=(BOUNDED_SURFACE()B_SPLINE_SURFACE(3,2,(
(#3867,#3868,#3869),
(#3870,#3871,#3872),
(#3873,#3874,#3875),
(#3876,#3877,#3878),
(#3879,#3880,#3881),
(#3882,#3883,#3884),
(#3885,#3886,#3887),
(#3888,#3889,#3890),
(#3891,#3892,#3893),
(#3894,#3895,#3896),
(#3897,#3898,#3899),
(#3900,#3901,#3902),
(#3903,#3904,#3905),
(#3906,#3907,#3908),
(#3909,#3910,#3911),
(#3912,#3913,#3914),
(#3915,#3916,#3917)),
.UNSPECIFIED.,.F.,.F.,.F.)B_SPLINE_SURFACE_WITH_KNOTS((4,1,1,1,1,1,1,1,1,1,1,1,1,
1,4),
(3,3),
(-2.82831309424086E-005,0.464081880221607,0.658381505802504,0.852681131383401,1.05279474828723,
1.25023357700545,1.4482964398836,1.6462746545772,1.84426409381425,2.04215711241855,
2.24023252378808,2.43851040424941,2.63671616213382,2.83011621486076,3.14162093783206),
(0.,1.),
.UNSPECIFIED.)GEOMETRIC_REPRESENTATION_ITEM()RATIONAL_B_SPLINE_SURFACE((
(1.,0.707106781186548,1.),
(1.,0.707106781186547,1.),
(1.,0.707106781186548,1.),
(1.,0.707106781186547,1.),
(1.,0.707106781186548,1.),
(1.,0.707106781186547,1.),
(1.,0.707106781186548,1.),
(1.,0.707106781186548,1.),
(1.,0.707106781186548,1.),
(1.,0.707106781186547,1.),
(1.,0.707106781186548,1.),
(1.,0.707106781186548,1.),
(1.,0.707106781186548,1.),
(1.,0.707106781186548,1.),
(1.,0.707106781186548,1.),
(1.,0.707106781186547,1.),
(1.,0.707106781186548,1.)))REPRESENTATION_ITEM('')SURFACE());
#3867=CARTESIAN_POINT('',(-1.08,3.09999999980002,1.42501414156547));
#3868=CARTESIAN_POINT('',(-1.4,3.09999999343761,1.42501414253789));
#3869=CARTESIAN_POINT('',(-1.4,2.6,1.425));
#3870=CARTESIAN_POINT('',(-1.08,3.10017082346939,1.34908333878714));
#3871=CARTESIAN_POINT('',(-1.4,3.10018055270481,1.34762007129581));
#3872=CARTESIAN_POINT('',(-1.4,2.6,1.425));
#3873=CARTESIAN_POINT('',(-1.08,3.07450622890611,1.23948485948585));
#3874=CARTESIAN_POINT('',(-1.4,3.07399977929216,1.23803268148885));
#3875=CARTESIAN_POINT('',(-1.4,2.6,1.425));
#3876=CARTESIAN_POINT('',(-1.08,2.99882065318136,1.117942557195));
#3877=CARTESIAN_POINT('',(-1.4,2.99798535884995,1.11715129614724));
#3878=CARTESIAN_POINT('',(-1.4,2.6,1.425));
#3879=CARTESIAN_POINT('',(-1.08,2.93024669403959,1.04528351786023));
#3880=CARTESIAN_POINT('',(-1.4,2.93039305301507,1.04539062145261));
#3881=CARTESIAN_POINT('',(-1.4,2.6,1.425));
#3882=CARTESIAN_POINT('',(-1.08,2.84940197749229,0.987868355904756));
#3883=CARTESIAN_POINT('',(-1.4,2.849595049519,0.987946002855231));
#3884=CARTESIAN_POINT('',(-1.4,2.6,1.425));
#3885=CARTESIAN_POINT('',(-1.08,2.75859834026468,0.947358782547088));
#3886=CARTESIAN_POINT('',(-1.4,2.75848192358297,0.947335031083403));
#3887=CARTESIAN_POINT('',(-1.4,2.6,1.425));
#3888=CARTESIAN_POINT('',(-1.08,2.66148076915425,0.925494441258052));
#3889=CARTESIAN_POINT('',(-1.4,2.66151137051691,0.925495286134437));
#3890=CARTESIAN_POINT('',(-1.4,2.6,1.425));
#3891=CARTESIAN_POINT('',(-1.08,2.56205707984165,0.92315523806567));
#3892=CARTESIAN_POINT('',(-1.4,2.56204773021035,0.923155869274995));
#3893=CARTESIAN_POINT('',(-1.4,2.6,1.425));
#3894=CARTESIAN_POINT('',(-1.08,2.46408946035173,0.940422102201685));
#3895=CARTESIAN_POINT('',(-1.4,2.46409479572837,0.940421766044544));
#3896=CARTESIAN_POINT('',(-1.4,2.6,1.425));
#3897=CARTESIAN_POINT('',(-1.08,2.37141998342641,0.976624312727847));
#3898=CARTESIAN_POINT('',(-1.4,2.37143542756928,0.976618744160012));
#3899=CARTESIAN_POINT('',(-1.4,2.6,1.425));
#3900=CARTESIAN_POINT('',(-1.08,2.28765112576935,1.03037227746208));
#3901=CARTESIAN_POINT('',(-1.4,2.28766386290271,1.03036011166598));
#3902=CARTESIAN_POINT('',(-1.4,2.6,1.425));
#3903=CARTESIAN_POINT('',(-1.08,2.21626357331354,1.09939998963497));
#3904=CARTESIAN_POINT('',(-1.4,2.21607503474231,1.09958067770503));
#3905=CARTESIAN_POINT('',(-1.4,2.6,1.425));
#3906=CARTESIAN_POINT('',(-1.08,2.16093500533831,1.17945082390569));
#3907=CARTESIAN_POINT('',(-1.4,2.15996584182006,1.18089913821837));
#3908=CARTESIAN_POINT('',(-1.4,2.6,1.425));
#3909=CARTESIAN_POINT('',(-1.08,2.11365268865953,1.28723594086124));
#3910=CARTESIAN_POINT('',(-1.4,2.113231120763,1.28896135198896));
#3911=CARTESIAN_POINT('',(-1.4,2.6,1.425));
#3912=CARTESIAN_POINT('',(-1.08,2.09996398283027,1.37163113479795));
#3913=CARTESIAN_POINT('',(-1.4,2.09996666548538,1.37309212392469));
#3914=CARTESIAN_POINT('',(-1.4,2.6,1.425));
#3915=CARTESIAN_POINT('',(-1.08,2.1000000002,1.42501414212113));
#3916=CARTESIAN_POINT('',(-1.4,2.10000000031807,1.42501414214587));
#3917=CARTESIAN_POINT('',(-1.4,2.6,1.425));
#3918=FACE_BOUND('',#3919,.T.);
#3919=EDGE_LOOP('',(#5348,#5349,#5350,#5351));
#3920=(BOUNDED_SURFACE()B_SPLINE_SURFACE(3,2,(
(#3921,#3922,#3923),
(#3924,#3925,#3926),
(#3927,#3928,#3929),
(#3930,#3931,#3932)),
.UNSPECIFIED.,.F.,.F.,.F.)B_SPLINE_SURFACE_WITH_KNOTS((4,4),
(3,3),
(0.412057788944723,0.587942211055276),
(0.,1.),
.UNSPECIFIED.)GEOMETRIC_REPRESENTATION_ITEM()RATIONAL_B_SPLINE_SURFACE((
(1.,0.707106781186548,1.),
(1.,0.707106781186548,1.),
(1.,0.707106781186548,1.),
(1.,0.707106781186548,1.)))REPRESENTATION_ITEM('')SURFACE());
#3921=CARTESIAN_POINT('',(-1.08,3.1,2.12501));
#3922=CARTESIAN_POINT('',(-1.4,3.1,2.12501));
#3923=CARTESIAN_POINT('',(-1.4,2.6,2.12501));
#3924=CARTESIAN_POINT('',(-1.08,3.1,1.89167));
#3925=CARTESIAN_POINT('',(-1.4,3.1,1.89167));
#3926=CARTESIAN_POINT('',(-1.4,2.6,1.89167));
#3927=CARTESIAN_POINT('',(-1.08,3.1,1.65833));
#3928=CARTESIAN_POINT('',(-1.4,3.1,1.65833));
#3929=CARTESIAN_POINT('',(-1.4,2.6,1.65833));
#3930=CARTESIAN_POINT('',(-1.08,3.1,1.42499));
#3931=CARTESIAN_POINT('',(-1.4,3.1,1.42499));
#3932=CARTESIAN_POINT('',(-1.4,2.6,1.42499));
#3933=FACE_BOUND('',#3934,.T.);
#3934=EDGE_LOOP('',(#5352,#5353,#5354));
#3935=(BOUNDED_SURFACE()B_SPLINE_SURFACE(3,2,(
(#3936,#3937,#3938),
(#3939,#3940,#3941),
(#3942,#3943,#3944),
(#3945,#3946,#3947),
(#3948,#3949,#3950),
(#3951,#3952,#3953),
(#3954,#3955,#3956),
(#3957,#3958,#3959),
(#3960,#3961,#3962),
(#3963,#3964,#3965),
(#3966,#3967,#3968),
(#3969,#3970,#3971),
(#3972,#3973,#3974),
(#3975,#3976,#3977),
(#3978,#3979,#3980),
(#3981,#3982,#3983),
(#3984,#3985,#3986)),
.UNSPECIFIED.,.F.,.F.,.F.)B_SPLINE_SURFACE_WITH_KNOTS((4,1,1,1,1,1,1,1,1,1,1,1,1,
1,4),
(3,3),
(-2.82831309424078E-005,0.464081880222073,0.658381505803008,0.852681131383944,1.05279474828783,
1.250233577006,1.44829643988409,1.64627465457776,1.84426409381478,2.04215711241915,
2.24023252378858,2.43851040424998,2.63671616213434,2.83011621486162,3.14162093783206),
(0.,1.),
.UNSPECIFIED.)GEOMETRIC_REPRESENTATION_ITEM()RATIONAL_B_SPLINE_SURFACE((
(1.,0.707106781186548,1.),
(1.,0.707106781186547,1.),
(1.,0.707106781186548,1.),
(1.,0.707106781186548,1.),
(1.,0.707106781186547,1.),
(1.,0.707106781186548,1.),
(1.,0.707106781186548,1.),
(1.,0.707106781186547,1.),
(1.,0.707106781186547,1.),
(1.,0.707106781186548,1.),
(1.,0.707106781186547,1.),
(1.,0.707106781186548,1.),
(1.,0.707106781186547,1.),
(1.,0.707106781186548,1.),
(1.,0.707106781186548,1.),
(1.,0.707106781186548,1.),
(1.,0.707106781186548,1.)))REPRESENTATION_ITEM('')SURFACE());
#3936=CARTESIAN_POINT('',(-1.08,2.10000000019999,2.12498585843453));
#3937=CARTESIAN_POINT('',(-1.4,2.10000000656239,2.12498585746211));
#3938=CARTESIAN_POINT('',(-1.4,2.6,2.125));
#3939=CARTESIAN_POINT('',(-1.08,2.09982917653062,2.20091666121293));
#3940=CARTESIAN_POINT('',(-1.4,2.09981944729519,2.20237992870427));
#3941=CARTESIAN_POINT('',(-1.4,2.6,2.125));
#3942=CARTESIAN_POINT('',(-1.08,2.12549377109394,2.31051514051431));
#3943=CARTESIAN_POINT('',(-1.4,2.12600022070789,2.31196731851131));
#3944=CARTESIAN_POINT('',(-1.4,2.6,2.125));
#3945=CARTESIAN_POINT('',(-1.08,2.20117934681879,2.4320574428052));
#3946=CARTESIAN_POINT('',(-1.4,2.20201464115021,2.43284870385297));
#3947=CARTESIAN_POINT('',(-1.4,2.6,2.125));
#3948=CARTESIAN_POINT('',(-1.08,2.26975330596062,2.50471648213995));
#3949=CARTESIAN_POINT('',(-1.4,2.26960694698514,2.50460937854757));
#3950=CARTESIAN_POINT('',(-1.4,2.6,2.125));
#3951=CARTESIAN_POINT('',(-1.08,2.35059802250795,2.56213164409539));
#3952=CARTESIAN_POINT('',(-1.4,2.35040495048125,2.56205399714491));
#3953=CARTESIAN_POINT('',(-1.4,2.6,2.125));
#3954=CARTESIAN_POINT('',(-1.08,2.44140165973558,2.602641217453));
#3955=CARTESIAN_POINT('',(-1.4,2.44151807641729,2.60266496891668));
#3956=CARTESIAN_POINT('',(-1.4,2.6,2.125));
#3957=CARTESIAN_POINT('',(-1.08,2.53851923084602,2.62450555874198));
#3958=CARTESIAN_POINT('',(-1.4,2.53848862948336,2.6245047138656));
#3959=CARTESIAN_POINT('',(-1.4,2.6,2.125));
#3960=CARTESIAN_POINT('',(-1.08,2.63794292015863,2.62684476193431));
#3961=CARTESIAN_POINT('',(-1.4,2.63795226978991,2.62684413072499));
#3962=CARTESIAN_POINT('',(-1.4,2.6,2.125));
#3963=CARTESIAN_POINT('',(-1.08,2.73591053964854,2.60957789779824));
#3964=CARTESIAN_POINT('',(-1.4,2.73590520427191,2.60957823395538));
#3965=CARTESIAN_POINT('',(-1.4,2.6,2.125));
#3966=CARTESIAN_POINT('',(-1.08,2.82858001657384,2.57337568727203));
#3967=CARTESIAN_POINT('',(-1.4,2.82856457243097,2.57338125583987));
#3968=CARTESIAN_POINT('',(-1.4,2.6,2.125));
#3969=CARTESIAN_POINT('',(-1.08,2.91234887423087,2.51962772253775));
#3970=CARTESIAN_POINT('',(-1.4,2.91233613709752,2.51963988833385));
#3971=CARTESIAN_POINT('',(-1.4,2.6,2.125));
#3972=CARTESIAN_POINT('',(-1.08,2.98373642668665,2.45060001036482));
#3973=CARTESIAN_POINT('',(-1.4,2.98392496525787,2.45041932229477));
#3974=CARTESIAN_POINT('',(-1.4,2.6,2.125));
#3975=CARTESIAN_POINT('',(-1.08,3.03906499466185,2.37054917609404));
#3976=CARTESIAN_POINT('',(-1.4,3.04003415818011,2.36910086178134));
#3977=CARTESIAN_POINT('',(-1.4,2.6,2.125));
#3978=CARTESIAN_POINT('',(-1.08,3.08634731134052,2.26276405913854));
#3979=CARTESIAN_POINT('',(-1.4,3.08676887923705,2.26103864801081));
#3980=CARTESIAN_POINT('',(-1.4,2.6,2.125));
#3981=CARTESIAN_POINT('',(-1.08,3.10003601716973,2.17836886520193));
#3982=CARTESIAN_POINT('',(-1.4,3.10003333451462,2.17690787607517));
#3983=CARTESIAN_POINT('',(-1.4,2.6,2.125));
#3984=CARTESIAN_POINT('',(-1.08,3.0999999998,2.12498585787887));
#3985=CARTESIAN_POINT('',(-1.4,3.09999999968194,2.12498585785414));
#3986=CARTESIAN_POINT('',(-1.4,2.6,2.125));
#3987=FACE_BOUND('',#3988,.T.);
#3988=EDGE_LOOP('',(#5355,#5356,#5357,#5358));
#3989=(BOUNDED_SURFACE()B_SPLINE_SURFACE(3,2,(
(#3990,#3991,#3992),
(#3993,#3994,#3995),
(#3996,#3997,#3998),
(#3999,#4000,#4001)),
.UNSPECIFIED.,.F.,.F.,.F.)B_SPLINE_SURFACE_WITH_KNOTS((4,4),
(3,3),
(0.412057788944724,0.587942211055276),
(0.,1.),
.UNSPECIFIED.)GEOMETRIC_REPRESENTATION_ITEM()RATIONAL_B_SPLINE_SURFACE((
(1.,0.707106781186548,1.),
(1.,0.707106781186547,1.),
(1.,0.707106781186548,1.),
(1.,0.707106781186548,1.)))REPRESENTATION_ITEM('')SURFACE());
#3990=CARTESIAN_POINT('',(-1.08,-2.1,2.12501));
#3991=CARTESIAN_POINT('',(-1.4,-2.1,2.12501));
#3992=CARTESIAN_POINT('',(-1.4,-2.6,2.12501));
#3993=CARTESIAN_POINT('',(-1.08,-2.1,1.89167));
#3994=CARTESIAN_POINT('',(-1.4,-2.1,1.89167));
#3995=CARTESIAN_POINT('',(-1.4,-2.6,1.89167));
#3996=CARTESIAN_POINT('',(-1.08,-2.1,1.65833));
#3997=CARTESIAN_POINT('',(-1.4,-2.1,1.65833));
#3998=CARTESIAN_POINT('',(-1.4,-2.6,1.65833));
#3999=CARTESIAN_POINT('',(-1.08,-2.1,1.42499));
#4000=CARTESIAN_POINT('',(-1.4,-2.1,1.42499));
#4001=CARTESIAN_POINT('',(-1.4,-2.6,1.42499));
#4002=FACE_BOUND('',#4003,.T.);
#4003=EDGE_LOOP('',(#5359,#5360,#5361));
#4004=(BOUNDED_SURFACE()B_SPLINE_SURFACE(3,2,(
(#4005,#4006,#4007),
(#4008,#4009,#4010),
(#4011,#4012,#4013),
(#4014,#4015,#4016),
(#4017,#4018,#4019),
(#4020,#4021,#4022),
(#4023,#4024,#4025),
(#4026,#4027,#4028),
(#4029,#4030,#4031),
(#4032,#4033,#4034),
(#4035,#4036,#4037),
(#4038,#4039,#4040),
(#4041,#4042,#4043),
(#4044,#4045,#4046),
(#4047,#4048,#4049),
(#4050,#4051,#4052),
(#4053,#4054,#4055)),
.UNSPECIFIED.,.F.,.F.,.F.)B_SPLINE_SURFACE_WITH_KNOTS((4,1,1,1,1,1,1,1,1,1,1,1,1,
1,4),
(3,3),
(-2.82831309424081E-005,0.464081880221715,0.658381505802576,0.852681131383437,1.05279474828738,
1.25023357700552,1.4482964398837,1.64627465457723,1.84426409381438,2.04215711241871,
2.24023252378816,2.43851040424947,2.6367161621339,2.8301162148607,3.14162093783206),
(0.,1.),
.UNSPECIFIED.)GEOMETRIC_REPRESENTATION_ITEM()RATIONAL_B_SPLINE_SURFACE((
(1.,0.707106781186548,1.),
(1.,0.707106781186547,1.),
(1.,0.707106781186548,1.),
(1.,0.707106781186548,1.),
(1.,0.707106781186548,1.),
(1.,0.707106781186547,1.),
(1.,0.707106781186547,1.),
(1.,0.707106781186548,1.),
(1.,0.707106781186548,1.),
(1.,0.707106781186547,1.),
(1.,0.707106781186548,1.),
(1.,0.707106781186548,1.),
(1.,0.707106781186547,1.),
(1.,0.707106781186548,1.),
(1.,0.707106781186548,1.),
(1.,0.707106781186548,1.),
(1.,0.707106781186548,1.)))REPRESENTATION_ITEM('')SURFACE());
#4005=CARTESIAN_POINT('',(-1.08,-3.09999999980001,2.12498585843453));
#4006=CARTESIAN_POINT('',(-1.4,-3.09999999343761,2.12498585746211));
#4007=CARTESIAN_POINT('',(-1.4,-2.6,2.125));
#4008=CARTESIAN_POINT('',(-1.08,-3.10017082346938,2.20091666121287));
#4009=CARTESIAN_POINT('',(-1.4,-3.1001805527048,2.20237992870421));
#4010=CARTESIAN_POINT('',(-1.4,-2.6,2.125));
#4011=CARTESIAN_POINT('',(-1.08,-3.07450622890609,2.31051514051418));
#4012=CARTESIAN_POINT('',(-1.4,-3.07399977929215,2.31196731851118));
#4013=CARTESIAN_POINT('',(-1.4,-2.6,2.125));
#4014=CARTESIAN_POINT('',(-1.08,-2.99882065318133,2.43205744280504));
#4015=CARTESIAN_POINT('',(-1.4,-2.99798535884993,2.4328487038528));
#4016=CARTESIAN_POINT('',(-1.4,-2.6,2.125));
#4017=CARTESIAN_POINT('',(-1.08,-2.93024669403956,2.5047164821398));
#4018=CARTESIAN_POINT('',(-1.4,-2.93039305301503,2.50460937854742));
#4019=CARTESIAN_POINT('',(-1.4,-2.6,2.125));
#4020=CARTESIAN_POINT('',(-1.08,-2.84940197749225,2.56213164409527));
#4021=CARTESIAN_POINT('',(-1.4,-2.84959504951896,2.56205399714479));
#4022=CARTESIAN_POINT('',(-1.4,-2.6,2.125));
#4023=CARTESIAN_POINT('',(-1.08,-2.75859834026464,2.60264121745293));
#4024=CARTESIAN_POINT('',(-1.4,-2.75848192358292,2.60266496891661));
#4025=CARTESIAN_POINT('',(-1.4,-2.6,2.125));
#4026=CARTESIAN_POINT('',(-1.08,-2.6614807691542,2.62450555874195));
#4027=CARTESIAN_POINT('',(-1.4,-2.66151137051687,2.62450471386557));
#4028=CARTESIAN_POINT('',(-1.4,-2.6,2.125));
#4029=CARTESIAN_POINT('',(-1.08,-2.5620570798416,2.62684476193433));
#4030=CARTESIAN_POINT('',(-1.4,-2.56204773021031,2.626844130725));
#4031=CARTESIAN_POINT('',(-1.4,-2.6,2.125));
#4032=CARTESIAN_POINT('',(-1.08,-2.46408946035168,2.6095778977983));
#4033=CARTESIAN_POINT('',(-1.4,-2.46409479572831,2.60957823395545));
#4034=CARTESIAN_POINT('',(-1.4,-2.6,2.125));
#4035=CARTESIAN_POINT('',(-1.08,-2.37141998342636,2.57337568727213));
#4036=CARTESIAN_POINT('',(-1.4,-2.37143542756922,2.57338125583996));
#4037=CARTESIAN_POINT('',(-1.4,-2.6,2.125));
#4038=CARTESIAN_POINT('',(-1.08,-2.2876511257693,2.51962772253789));
#4039=CARTESIAN_POINT('',(-1.4,-2.28766386290266,2.51963988833399));
#4040=CARTESIAN_POINT('',(-1.4,-2.6,2.125));
#4041=CARTESIAN_POINT('',(-1.08,-2.21626357331352,2.45060001036501));
#4042=CARTESIAN_POINT('',(-1.4,-2.21607503474228,2.45041932229494));
#4043=CARTESIAN_POINT('',(-1.4,-2.6,2.125));
#4044=CARTESIAN_POINT('',(-1.08,-2.1609350053383,2.3705491760943));
#4045=CARTESIAN_POINT('',(-1.4,-2.15996584182005,2.36910086178161));
#4046=CARTESIAN_POINT('',(-1.4,-2.6,2.125));
#4047=CARTESIAN_POINT('',(-1.08,-2.11365268865953,2.26276405913877));
#4048=CARTESIAN_POINT('',(-1.4,-2.113231120763,2.26103864801104));
#4049=CARTESIAN_POINT('',(-1.4,-2.6,2.125));
#4050=CARTESIAN_POINT('',(-1.08,-2.09996398283027,2.17836886520205));
#4051=CARTESIAN_POINT('',(-1.4,-2.09996666548538,2.17690787607532));
#4052=CARTESIAN_POINT('',(-1.4,-2.6,2.125));
#4053=CARTESIAN_POINT('',(-1.08,-2.1000000002,2.12498585787887));
#4054=CARTESIAN_POINT('',(-1.4,-2.10000000031806,2.12498585785413));
#4055=CARTESIAN_POINT('',(-1.4,-2.6,2.125));
#4056=FACE_BOUND('',#4057,.T.);
#4057=EDGE_LOOP('',(#5362,#5363,#5364,#5365));
#4058=(BOUNDED_SURFACE()B_SPLINE_SURFACE(3,2,(
(#4059,#4060,#4061),
(#4062,#4063,#4064),
(#4065,#4066,#4067),
(#4068,#4069,#4070)),
.UNSPECIFIED.,.F.,.F.,.F.)B_SPLINE_SURFACE_WITH_KNOTS((4,4),
(3,3),
(0.412057788944724,0.587942211055276),
(0.,1.),
.UNSPECIFIED.)GEOMETRIC_REPRESENTATION_ITEM()RATIONAL_B_SPLINE_SURFACE((
(1.,0.707106781186548,1.),
(1.,0.707106781186548,1.),
(1.,0.707106781186548,1.),
(1.,0.707106781186548,1.)))REPRESENTATION_ITEM('')SURFACE());
#4059=CARTESIAN_POINT('',(-1.08,-3.1,1.42499));
#4060=CARTESIAN_POINT('',(-1.4,-3.1,1.42499));
#4061=CARTESIAN_POINT('',(-1.4,-2.6,1.42499));
#4062=CARTESIAN_POINT('',(-1.08,-3.1,1.65833));
#4063=CARTESIAN_POINT('',(-1.4,-3.1,1.65833));
#4064=CARTESIAN_POINT('',(-1.4,-2.6,1.65833));
#4065=CARTESIAN_POINT('',(-1.08,-3.1,1.89167));
#4066=CARTESIAN_POINT('',(-1.4,-3.1,1.89167));
#4067=CARTESIAN_POINT('',(-1.4,-2.6,1.89167));
#4068=CARTESIAN_POINT('',(-1.08,-3.1,2.12501));
#4069=CARTESIAN_POINT('',(-1.4,-3.1,2.12501));
#4070=CARTESIAN_POINT('',(-1.4,-2.6,2.12501));
#4071=FACE_BOUND('',#4072,.T.);
#4072=EDGE_LOOP('',(#5366,#5367,#5368));
#4073=(BOUNDED_SURFACE()B_SPLINE_SURFACE(3,2,(
(#4074,#4075,#4076),
(#4077,#4078,#4079),
(#4080,#4081,#4082),
(#4083,#4084,#4085),
(#4086,#4087,#4088),
(#4089,#4090,#4091),
(#4092,#4093,#4094),
(#4095,#4096,#4097),
(#4098,#4099,#4100),
(#4101,#4102,#4103),
(#4104,#4105,#4106),
(#4107,#4108,#4109),
(#4110,#4111,#4112),
(#4113,#4114,#4115),
(#4116,#4117,#4118),
(#4119,#4120,#4121),
(#4122,#4123,#4124)),
.UNSPECIFIED.,.F.,.F.,.F.)B_SPLINE_SURFACE_WITH_KNOTS((4,1,1,1,1,1,1,1,1,1,1,1,1,
1,4),
(3,3),
(-2.82831309424086E-005,0.464081880221624,0.658381505802507,0.85268113138339,1.05279474828715,
1.2502335770054,1.44829643988353,1.64627465457715,1.84426409381421,2.04215711241849,
2.24023252378805,2.43851040424933,2.6367161621338,2.8301162148606,3.14162093783206),
(0.,1.),
.UNSPECIFIED.)GEOMETRIC_REPRESENTATION_ITEM()RATIONAL_B_SPLINE_SURFACE((
(1.,0.707106781186548,1.),
(1.,0.707106781186547,1.),
(1.,0.707106781186548,1.),
(1.,0.707106781186547,1.),
(1.,0.707106781186548,1.),
(1.,0.707106781186547,1.),
(1.,0.707106781186548,1.),
(1.,0.707106781186548,1.),
(1.,0.707106781186548,1.),
(1.,0.707106781186547,1.),
(1.,0.707106781186548,1.),
(1.,0.707106781186548,1.),
(1.,0.707106781186548,1.),
(1.,0.707106781186548,1.),
(1.,0.707106781186548,1.),
(1.,0.707106781186547,1.),
(1.,0.707106781186548,1.)))REPRESENTATION_ITEM('')SURFACE());
#4074=CARTESIAN_POINT('',(-1.08,-2.10000000019998,1.42501414156547));
#4075=CARTESIAN_POINT('',(-1.4,-2.10000000656239,1.42501414253789));
#4076=CARTESIAN_POINT('',(-1.4,-2.6,1.425));
#4077=CARTESIAN_POINT('',(-1.08,-2.09982917653061,1.34908333878714));
#4078=CARTESIAN_POINT('',(-1.4,-2.09981944729519,1.3476200712958));
#4079=CARTESIAN_POINT('',(-1.4,-2.6,1.425));
#4080=CARTESIAN_POINT('',(-1.08,-2.1254937710939,1.23948485948584));
#4081=CARTESIAN_POINT('',(-1.4,-2.12600022070784,1.23803268148885));
#4082=CARTESIAN_POINT('',(-1.4,-2.6,1.425));
#4083=CARTESIAN_POINT('',(-1.08,-2.20117934681864,1.117942557195));
#4084=CARTESIAN_POINT('',(-1.4,-2.20201464115005,1.11715129614723));
#4085=CARTESIAN_POINT('',(-1.4,-2.6,1.425));
#4086=CARTESIAN_POINT('',(-1.08,-2.2697533059604,1.04528351786024));
#4087=CARTESIAN_POINT('',(-1.4,-2.26960694698493,1.04539062145262));
#4088=CARTESIAN_POINT('',(-1.4,-2.6,1.425));
#4089=CARTESIAN_POINT('',(-1.08,-2.35059802250769,0.987868355904767));
#4090=CARTESIAN_POINT('',(-1.4,-2.35040495048098,0.987946002855242));
#4091=CARTESIAN_POINT('',(-1.4,-2.6,1.425));
#4092=CARTESIAN_POINT('',(-1.08,-2.44140165973529,0.947358782547097));
#4093=CARTESIAN_POINT('',(-1.4,-2.441518076417,0.947335031083413));
#4094=CARTESIAN_POINT('',(-1.4,-2.6,1.425));
#4095=CARTESIAN_POINT('',(-1.08,-2.53851923084572,0.925494441258055));
#4096=CARTESIAN_POINT('',(-1.4,-2.53848862948307,0.92549528613444));
#4097=CARTESIAN_POINT('',(-1.4,-2.6,1.425));
#4098=CARTESIAN_POINT('',(-1.08,-2.63794292015832,0.923155238065668));
#4099=CARTESIAN_POINT('',(-1.4,-2.63795226978962,0.923155869274993));
#4100=CARTESIAN_POINT('',(-1.4,-2.6,1.425));
#4101=CARTESIAN_POINT('',(-1.08,-2.73591053964825,0.940422102201678));
#4102=CARTESIAN_POINT('',(-1.4,-2.73590520427161,0.940421766044537));
#4103=CARTESIAN_POINT('',(-1.4,-2.6,1.425));
#4104=CARTESIAN_POINT('',(-1.08,-2.82858001657357,0.976624312727835));
#4105=CARTESIAN_POINT('',(-1.4,-2.82856457243071,0.976618744160003));
#4106=CARTESIAN_POINT('',(-1.4,-2.6,1.425));
#4107=CARTESIAN_POINT('',(-1.08,-2.91234887423064,1.03037227746207));
#4108=CARTESIAN_POINT('',(-1.4,-2.91233613709727,1.03036011166596));
#4109=CARTESIAN_POINT('',(-1.4,-2.6,1.425));
#4110=CARTESIAN_POINT('',(-1.08,-2.98373642668644,1.09939998963494));
#4111=CARTESIAN_POINT('',(-1.4,-2.98392496525768,1.09958067770502));
#4112=CARTESIAN_POINT('',(-1.4,-2.6,1.425));
#4113=CARTESIAN_POINT('',(-1.08,-3.03906499466167,1.17945082390566));
#4114=CARTESIAN_POINT('',(-1.4,-3.04003415817992,1.18089913821834));
#4115=CARTESIAN_POINT('',(-1.4,-2.6,1.425));
#4116=CARTESIAN_POINT('',(-1.08,-3.08634731134046,1.2872359408612));
#4117=CARTESIAN_POINT('',(-1.4,-3.08676887923699,1.28896135198893));
#4118=CARTESIAN_POINT('',(-1.4,-2.6,1.425));
#4119=CARTESIAN_POINT('',(-1.08,-3.10003601716973,1.37163113479793));
#4120=CARTESIAN_POINT('',(-1.4,-3.10003333451462,1.37309212392466));
#4121=CARTESIAN_POINT('',(-1.4,-2.6,1.425));
#4122=CARTESIAN_POINT('',(-1.08,-3.0999999998,1.42501414212113));
#4123=CARTESIAN_POINT('',(-1.4,-3.09999999968194,1.42501414214587));
#4124=CARTESIAN_POINT('',(-1.4,-2.6,1.425));
#4125=FACE_OUTER_BOUND('',#4126,.T.);
#4126=EDGE_LOOP('',(#5369));
#4127=FACE_OUTER_BOUND('',#4128,.T.);
#4128=EDGE_LOOP('',(#5370));
#4129=TOROIDAL_SURFACE('',#4130,0.2,0.15);
#4130=AXIS2_PLACEMENT_3D('',#4131,#4132,#4133);
#4131=CARTESIAN_POINT('',(0.,-1.15,-0.599999999822462));
#4132=DIRECTION('',(-0.,0.,-1.));
#4133=DIRECTION('',(-1.,0.,0.));
#4134=FACE_OUTER_BOUND('',#4135,.T.);
#4135=EDGE_LOOP('',(#5371));
#4136=FACE_OUTER_BOUND('',#4137,.T.);
#4137=EDGE_LOOP('',(#5372));
#4138=TOROIDAL_SURFACE('',#4139,0.2,0.15);
#4139=AXIS2_PLACEMENT_3D('',#4140,#4141,#4142);
#4140=CARTESIAN_POINT('',(0.,1.15,-0.599999999822462));
#4141=DIRECTION('',(-0.,0.,-1.));
#4142=DIRECTION('',(-1.,0.,0.));
#4143=COMPOSITE_CURVE_SEGMENT(.CONTINUOUS.,.T.,#5373);
#4144=COMPOSITE_CURVE_SEGMENT(.CONTINUOUS.,.T.,#5374);
#4145=COMPOSITE_CURVE_SEGMENT(.CONTINUOUS.,.T.,#5375);
#4146=COMPOSITE_CURVE_SEGMENT(.DISCONTINUOUS.,.T.,#5376);
#4147=COMPOSITE_CURVE_SEGMENT(.CONTINUOUS.,.T.,#5377);
#4148=COMPOSITE_CURVE_SEGMENT(.CONTINUOUS.,.T.,#5378);
#4149=COMPOSITE_CURVE_SEGMENT(.CONTINUOUS.,.T.,#5379);
#4150=COMPOSITE_CURVE_SEGMENT(.DISCONTINUOUS.,.T.,#5380);
#4151=COMPOSITE_CURVE_SEGMENT(.CONTINUOUS.,.T.,#5381);
#4152=COMPOSITE_CURVE_SEGMENT(.CONTINUOUS.,.T.,#5382);
#4153=COMPOSITE_CURVE_SEGMENT(.CONTINUOUS.,.T.,#5383);
#4154=COMPOSITE_CURVE_SEGMENT(.CONTINUOUS.,.T.,#5384);
#4155=COMPOSITE_CURVE_SEGMENT(.CONTINUOUS.,.T.,#5385);
#4156=COMPOSITE_CURVE_SEGMENT(.DISCONTINUOUS.,.T.,#5386);
#4157=COMPOSITE_CURVE_SEGMENT(.CONTINUOUS.,.T.,#5387);
#4158=COMPOSITE_CURVE_SEGMENT(.CONTINUOUS.,.T.,#5388);
#4159=COMPOSITE_CURVE_SEGMENT(.CONTINUOUS.,.T.,#5389);
#4160=COMPOSITE_CURVE_SEGMENT(.CONTINUOUS.,.T.,#5390);
#4161=COMPOSITE_CURVE_SEGMENT(.CONTINUOUS.,.T.,#5391);
#4162=COMPOSITE_CURVE_SEGMENT(.DISCONTINUOUS.,.T.,#5392);
#4163=COMPOSITE_CURVE_SEGMENT(.DISCONTINUOUS.,.T.,#5393);
#4164=COMPOSITE_CURVE_SEGMENT(.DISCONTINUOUS.,.T.,#5394);
#4165=ORIENTED_EDGE('',*,*,#5395,.F.);
#4166=ORIENTED_EDGE('',*,*,#5396,.F.);
#4167=ORIENTED_EDGE('',*,*,#5397,.F.);
#4168=ORIENTED_EDGE('',*,*,#5398,.F.);
#4169=ORIENTED_EDGE('',*,*,#5399,.F.);
#4170=ORIENTED_EDGE('',*,*,#5400,.F.);
#4171=ORIENTED_EDGE('',*,*,#5401,.F.);
#4172=ORIENTED_EDGE('',*,*,#5402,.F.);
#4173=ORIENTED_EDGE('',*,*,#5403,.F.);
#4174=ORIENTED_EDGE('',*,*,#5404,.F.);
#4175=ORIENTED_EDGE('',*,*,#5405,.F.);
#4176=ORIENTED_EDGE('',*,*,#5406,.F.);
#4177=ORIENTED_EDGE('',*,*,#5407,.F.);
#4178=ORIENTED_EDGE('',*,*,#5408,.F.);
#4179=ORIENTED_EDGE('',*,*,#5409,.F.);
#4180=ORIENTED_EDGE('',*,*,#5410,.F.);
#4181=ORIENTED_EDGE('',*,*,#5411,.F.);
#4182=ORIENTED_EDGE('',*,*,#5412,.F.);
#4183=ORIENTED_EDGE('',*,*,#5413,.T.);
#4184=ORIENTED_EDGE('',*,*,#5414,.T.);
#4185=ORIENTED_EDGE('',*,*,#5415,.T.);
#4186=ORIENTED_EDGE('',*,*,#5416,.T.);
#4187=ORIENTED_EDGE('',*,*,#5417,.T.);
#4188=ORIENTED_EDGE('',*,*,#5418,.T.);
#4189=ORIENTED_EDGE('',*,*,#5419,.T.);
#4190=ORIENTED_EDGE('',*,*,#5420,.T.);
#4191=ORIENTED_EDGE('',*,*,#5421,.T.);
#4192=ORIENTED_EDGE('',*,*,#5422,.T.);
#4193=ORIENTED_EDGE('',*,*,#5423,.T.);
#4194=ORIENTED_EDGE('',*,*,#5424,.T.);
#4195=ORIENTED_EDGE('',*,*,#5425,.T.);
#4196=ORIENTED_EDGE('',*,*,#5426,.T.);
#4197=ORIENTED_EDGE('',*,*,#5427,.T.);
#4198=ORIENTED_EDGE('',*,*,#5428,.T.);
#4199=ORIENTED_EDGE('',*,*,#5429,.T.);
#4200=ORIENTED_EDGE('',*,*,#5430,.T.);
#4201=ORIENTED_EDGE('',*,*,#5431,.T.);
#4202=ORIENTED_EDGE('',*,*,#5432,.T.);
#4203=ORIENTED_EDGE('',*,*,#5433,.T.);
#4204=ORIENTED_EDGE('',*,*,#5434,.T.);
#4205=ORIENTED_EDGE('',*,*,#5435,.T.);
#4206=ORIENTED_EDGE('',*,*,#5436,.T.);
#4207=ORIENTED_EDGE('',*,*,#5437,.F.);
#4208=ORIENTED_EDGE('',*,*,#5438,.F.);
#4209=ORIENTED_EDGE('',*,*,#5436,.F.);
#4210=ORIENTED_EDGE('',*,*,#5439,.T.);
#4211=ORIENTED_EDGE('',*,*,#5440,.F.);
#4212=ORIENTED_EDGE('',*,*,#5439,.F.);
#4213=ORIENTED_EDGE('',*,*,#5435,.F.);
#4214=ORIENTED_EDGE('',*,*,#5441,.T.);
#4215=ORIENTED_EDGE('',*,*,#5442,.F.);
#4216=ORIENTED_EDGE('',*,*,#5441,.F.);
#4217=ORIENTED_EDGE('',*,*,#5434,.F.);
#4218=ORIENTED_EDGE('',*,*,#5443,.T.);
#4219=ORIENTED_EDGE('',*,*,#5444,.F.);
#4220=ORIENTED_EDGE('',*,*,#5443,.F.);
#4221=ORIENTED_EDGE('',*,*,#5433,.F.);
#4222=ORIENTED_EDGE('',*,*,#5445,.T.);
#4223=ORIENTED_EDGE('',*,*,#5446,.F.);
#4224=ORIENTED_EDGE('',*,*,#5445,.F.);
#4225=ORIENTED_EDGE('',*,*,#5432,.F.);
#4226=ORIENTED_EDGE('',*,*,#5447,.T.);
#4227=ORIENTED_EDGE('',*,*,#5448,.F.);
#4228=ORIENTED_EDGE('',*,*,#5447,.F.);
#4229=ORIENTED_EDGE('',*,*,#5431,.F.);
#4230=ORIENTED_EDGE('',*,*,#5449,.T.);
#4231=ORIENTED_EDGE('',*,*,#5450,.F.);
#4232=ORIENTED_EDGE('',*,*,#5449,.F.);
#4233=ORIENTED_EDGE('',*,*,#5430,.F.);
#4234=ORIENTED_EDGE('',*,*,#5451,.T.);
#4235=ORIENTED_EDGE('',*,*,#5452,.F.);
#4236=ORIENTED_EDGE('',*,*,#5451,.F.);
#4237=ORIENTED_EDGE('',*,*,#5429,.F.);
#4238=ORIENTED_EDGE('',*,*,#5438,.T.);
#4239=ORIENTED_EDGE('',*,*,#5453,.F.);
#4240=ORIENTED_EDGE('',*,*,#5454,.F.);
#4241=ORIENTED_EDGE('',*,*,#5428,.F.);
#4242=ORIENTED_EDGE('',*,*,#5455,.T.);
#4243=ORIENTED_EDGE('',*,*,#5456,.F.);
#4244=ORIENTED_EDGE('',*,*,#5455,.F.);
#4245=ORIENTED_EDGE('',*,*,#5427,.F.);
#4246=ORIENTED_EDGE('',*,*,#5457,.T.);
#4247=ORIENTED_EDGE('',*,*,#5458,.F.);
#4248=ORIENTED_EDGE('',*,*,#5457,.F.);
#4249=ORIENTED_EDGE('',*,*,#5426,.F.);
#4250=ORIENTED_EDGE('',*,*,#5459,.T.);
#4251=ORIENTED_EDGE('',*,*,#5460,.F.);
#4252=ORIENTED_EDGE('',*,*,#5459,.F.);
#4253=ORIENTED_EDGE('',*,*,#5425,.F.);
#4254=ORIENTED_EDGE('',*,*,#5461,.T.);
#4255=ORIENTED_EDGE('',*,*,#5462,.F.);
#4256=ORIENTED_EDGE('',*,*,#5461,.F.);
#4257=ORIENTED_EDGE('',*,*,#5424,.F.);
#4258=ORIENTED_EDGE('',*,*,#5463,.T.);
#4259=ORIENTED_EDGE('',*,*,#5464,.F.);
#4260=ORIENTED_EDGE('',*,*,#5463,.F.);
#4261=ORIENTED_EDGE('',*,*,#5423,.F.);
#4262=ORIENTED_EDGE('',*,*,#5465,.T.);
#4263=ORIENTED_EDGE('',*,*,#5466,.F.);
#4264=ORIENTED_EDGE('',*,*,#5465,.F.);
#4265=ORIENTED_EDGE('',*,*,#5422,.F.);
#4266=ORIENTED_EDGE('',*,*,#5467,.T.);
#4267=ORIENTED_EDGE('',*,*,#5468,.F.);
#4268=ORIENTED_EDGE('',*,*,#5467,.F.);
#4269=ORIENTED_EDGE('',*,*,#5421,.F.);
#4270=ORIENTED_EDGE('',*,*,#5454,.T.);
#4271=ORIENTED_EDGE('',*,*,#5469,.F.);
#4272=ORIENTED_EDGE('',*,*,#5470,.F.);
#4273=ORIENTED_EDGE('',*,*,#5420,.F.);
#4274=ORIENTED_EDGE('',*,*,#5471,.T.);
#4275=ORIENTED_EDGE('',*,*,#5472,.F.);
#4276=ORIENTED_EDGE('',*,*,#5471,.F.);
#4277=ORIENTED_EDGE('',*,*,#5419,.F.);
#4278=ORIENTED_EDGE('',*,*,#5473,.T.);
#4279=ORIENTED_EDGE('',*,*,#5474,.F.);
#4280=ORIENTED_EDGE('',*,*,#5473,.F.);
#4281=ORIENTED_EDGE('',*,*,#5418,.F.);
#4282=ORIENTED_EDGE('',*,*,#5475,.T.);
#4283=ORIENTED_EDGE('',*,*,#5476,.F.);
#4284=ORIENTED_EDGE('',*,*,#5475,.F.);
#4285=ORIENTED_EDGE('',*,*,#5417,.F.);
#4286=ORIENTED_EDGE('',*,*,#5477,.T.);
#4287=ORIENTED_EDGE('',*,*,#5478,.F.);
#4288=ORIENTED_EDGE('',*,*,#5477,.F.);
#4289=ORIENTED_EDGE('',*,*,#5416,.F.);
#4290=ORIENTED_EDGE('',*,*,#5479,.T.);
#4291=ORIENTED_EDGE('',*,*,#5480,.F.);
#4292=ORIENTED_EDGE('',*,*,#5479,.F.);
#4293=ORIENTED_EDGE('',*,*,#5415,.F.);
#4294=ORIENTED_EDGE('',*,*,#5481,.T.);
#4295=ORIENTED_EDGE('',*,*,#5482,.F.);
#4296=ORIENTED_EDGE('',*,*,#5481,.F.);
#4297=ORIENTED_EDGE('',*,*,#5414,.F.);
#4298=ORIENTED_EDGE('',*,*,#5483,.T.);
#4299=ORIENTED_EDGE('',*,*,#5484,.F.);
#4300=ORIENTED_EDGE('',*,*,#5483,.F.);
#4301=ORIENTED_EDGE('',*,*,#5413,.F.);
#4302=ORIENTED_EDGE('',*,*,#5470,.T.);
#4303=ORIENTED_EDGE('',*,*,#5485,.T.);
#4304=ORIENTED_EDGE('',*,*,#5412,.T.);
#4305=ORIENTED_EDGE('',*,*,#5486,.T.);
#4306=ORIENTED_EDGE('',*,*,#5487,.F.);
#4307=ORIENTED_EDGE('',*,*,#5411,.T.);
#4308=ORIENTED_EDGE('',*,*,#5488,.T.);
#4309=ORIENTED_EDGE('',*,*,#5489,.F.);
#4310=ORIENTED_EDGE('',*,*,#5486,.F.);
#4311=ORIENTED_EDGE('',*,*,#5410,.T.);
#4312=ORIENTED_EDGE('',*,*,#5490,.T.);
#4313=ORIENTED_EDGE('',*,*,#5491,.F.);
#4314=ORIENTED_EDGE('',*,*,#5488,.F.);
#4315=ORIENTED_EDGE('',*,*,#5409,.T.);
#4316=ORIENTED_EDGE('',*,*,#5492,.T.);
#4317=ORIENTED_EDGE('',*,*,#5493,.F.);
#4318=ORIENTED_EDGE('',*,*,#5490,.F.);
#4319=ORIENTED_EDGE('',*,*,#5408,.T.);
#4320=ORIENTED_EDGE('',*,*,#5494,.T.);
#4321=ORIENTED_EDGE('',*,*,#5495,.F.);
#4322=ORIENTED_EDGE('',*,*,#5492,.F.);
#4323=ORIENTED_EDGE('',*,*,#5407,.T.);
#4324=ORIENTED_EDGE('',*,*,#5496,.T.);
#4325=ORIENTED_EDGE('',*,*,#5497,.F.);
#4326=ORIENTED_EDGE('',*,*,#5494,.F.);
#4327=ORIENTED_EDGE('',*,*,#5406,.T.);
#4328=ORIENTED_EDGE('',*,*,#5498,.T.);
#4329=ORIENTED_EDGE('',*,*,#5499,.F.);
#4330=ORIENTED_EDGE('',*,*,#5496,.F.);
#4331=ORIENTED_EDGE('',*,*,#5405,.T.);
#4332=ORIENTED_EDGE('',*,*,#5500,.T.);
#4333=ORIENTED_EDGE('',*,*,#5501,.F.);
#4334=ORIENTED_EDGE('',*,*,#5498,.F.);
#4335=ORIENTED_EDGE('',*,*,#5502,.F.);
#4336=ORIENTED_EDGE('',*,*,#5503,.F.);
#4337=ORIENTED_EDGE('',*,*,#5500,.F.);
#4338=ORIENTED_EDGE('',*,*,#5404,.T.);
#4339=ORIENTED_EDGE('',*,*,#5504,.F.);
#4340=ORIENTED_EDGE('',*,*,#5505,.F.);
#4341=ORIENTED_EDGE('',*,*,#5403,.T.);
#4342=ORIENTED_EDGE('',*,*,#5506,.F.);
#4343=ORIENTED_EDGE('',*,*,#5507,.F.);
#4344=ORIENTED_EDGE('',*,*,#5508,.T.);
#4345=ORIENTED_EDGE('',*,*,#5402,.T.);
#4346=ORIENTED_EDGE('',*,*,#5509,.T.);
#4347=ORIENTED_EDGE('',*,*,#5510,.F.);
#4348=ORIENTED_EDGE('',*,*,#5401,.T.);
#4349=ORIENTED_EDGE('',*,*,#5511,.T.);
#4350=ORIENTED_EDGE('',*,*,#5512,.F.);
#4351=ORIENTED_EDGE('',*,*,#5509,.F.);
#4352=ORIENTED_EDGE('',*,*,#5400,.T.);
#4353=ORIENTED_EDGE('',*,*,#5513,.T.);
#4354=ORIENTED_EDGE('',*,*,#5514,.F.);
#4355=ORIENTED_EDGE('',*,*,#5511,.F.);
#4356=ORIENTED_EDGE('',*,*,#5399,.T.);
#4357=ORIENTED_EDGE('',*,*,#5515,.T.);
#4358=ORIENTED_EDGE('',*,*,#5516,.F.);
#4359=ORIENTED_EDGE('',*,*,#5513,.F.);
#4360=ORIENTED_EDGE('',*,*,#5398,.T.);
#4361=ORIENTED_EDGE('',*,*,#5517,.T.);
#4362=ORIENTED_EDGE('',*,*,#5518,.F.);
#4363=ORIENTED_EDGE('',*,*,#5515,.F.);
#4364=ORIENTED_EDGE('',*,*,#5397,.T.);
#4365=ORIENTED_EDGE('',*,*,#5519,.T.);
#4366=ORIENTED_EDGE('',*,*,#5520,.F.);
#4367=ORIENTED_EDGE('',*,*,#5517,.F.);
#4368=ORIENTED_EDGE('',*,*,#5521,.F.);
#4369=ORIENTED_EDGE('',*,*,#5522,.F.);
#4370=ORIENTED_EDGE('',*,*,#5519,.F.);
#4371=ORIENTED_EDGE('',*,*,#5396,.T.);
#4372=ORIENTED_EDGE('',*,*,#5523,.F.);
#4373=ORIENTED_EDGE('',*,*,#5524,.F.);
#4374=ORIENTED_EDGE('',*,*,#5525,.F.);
#4375=ORIENTED_EDGE('',*,*,#5395,.T.);
#4376=ORIENTED_EDGE('',*,*,#5526,.F.);
#4377=ORIENTED_EDGE('',*,*,#5527,.T.);
#4378=ORIENTED_EDGE('',*,*,#5487,.T.);
#4379=ORIENTED_EDGE('',*,*,#5489,.T.);
#4380=ORIENTED_EDGE('',*,*,#5491,.T.);
#4381=ORIENTED_EDGE('',*,*,#5493,.T.);
#4382=ORIENTED_EDGE('',*,*,#5495,.T.);
#4383=ORIENTED_EDGE('',*,*,#5497,.T.);
#4384=ORIENTED_EDGE('',*,*,#5499,.T.);
#4385=ORIENTED_EDGE('',*,*,#5501,.T.);
#4386=ORIENTED_EDGE('',*,*,#5503,.T.);
#4387=ORIENTED_EDGE('',*,*,#5528,.T.);
#4388=ORIENTED_EDGE('',*,*,#5510,.T.);
#4389=ORIENTED_EDGE('',*,*,#5512,.T.);
#4390=ORIENTED_EDGE('',*,*,#5514,.T.);
#4391=ORIENTED_EDGE('',*,*,#5516,.T.);
#4392=ORIENTED_EDGE('',*,*,#5518,.T.);
#4393=ORIENTED_EDGE('',*,*,#5520,.T.);
#4394=ORIENTED_EDGE('',*,*,#5522,.T.);
#4395=ORIENTED_EDGE('',*,*,#5484,.T.);
#4396=ORIENTED_EDGE('',*,*,#5469,.T.);
#4397=ORIENTED_EDGE('',*,*,#5472,.T.);
#4398=ORIENTED_EDGE('',*,*,#5474,.T.);
#4399=ORIENTED_EDGE('',*,*,#5476,.T.);
#4400=ORIENTED_EDGE('',*,*,#5478,.T.);
#4401=ORIENTED_EDGE('',*,*,#5480,.T.);
#4402=ORIENTED_EDGE('',*,*,#5482,.T.);
#4403=ORIENTED_EDGE('',*,*,#5468,.T.);
#4404=ORIENTED_EDGE('',*,*,#5453,.T.);
#4405=ORIENTED_EDGE('',*,*,#5456,.T.);
#4406=ORIENTED_EDGE('',*,*,#5458,.T.);
#4407=ORIENTED_EDGE('',*,*,#5460,.T.);
#4408=ORIENTED_EDGE('',*,*,#5462,.T.);
#4409=ORIENTED_EDGE('',*,*,#5464,.T.);
#4410=ORIENTED_EDGE('',*,*,#5466,.T.);
#4411=ORIENTED_EDGE('',*,*,#5452,.T.);
#4412=ORIENTED_EDGE('',*,*,#5437,.T.);
#4413=ORIENTED_EDGE('',*,*,#5440,.T.);
#4414=ORIENTED_EDGE('',*,*,#5442,.T.);
#4415=ORIENTED_EDGE('',*,*,#5444,.T.);
#4416=ORIENTED_EDGE('',*,*,#5446,.T.);
#4417=ORIENTED_EDGE('',*,*,#5448,.T.);
#4418=ORIENTED_EDGE('',*,*,#5450,.T.);
#4419=ORIENTED_EDGE('',*,*,#5505,.T.);
#4420=ORIENTED_EDGE('',*,*,#5529,.F.);
#4421=ORIENTED_EDGE('',*,*,#5530,.F.);
#4422=ORIENTED_EDGE('',*,*,#5502,.T.);
#4423=ORIENTED_EDGE('',*,*,#5531,.F.);
#4424=ORIENTED_EDGE('',*,*,#5532,.T.);
#4425=ORIENTED_EDGE('',*,*,#5507,.T.);
#4426=ORIENTED_EDGE('',*,*,#5533,.T.);
#4427=ORIENTED_EDGE('',*,*,#5506,.T.);
#4428=ORIENTED_EDGE('',*,*,#5508,.F.);
#4429=ORIENTED_EDGE('',*,*,#5534,.F.);
#4430=ORIENTED_EDGE('',*,*,#5533,.F.);
#4431=ORIENTED_EDGE('',*,*,#5504,.T.);
#4432=ORIENTED_EDGE('',*,*,#5535,.F.);
#4433=ORIENTED_EDGE('',*,*,#5536,.F.);
#4434=ORIENTED_EDGE('',*,*,#5537,.F.);
#4435=ORIENTED_EDGE('',*,*,#5523,.T.);
#4436=ORIENTED_EDGE('',*,*,#5538,.F.);
#4437=ORIENTED_EDGE('',*,*,#5539,.F.);
#4438=ORIENTED_EDGE('',*,*,#5540,.F.);
#4439=ORIENTED_EDGE('',*,*,#5541,.T.);
#4440=ORIENTED_EDGE('',*,*,#5531,.T.);
#4441=ORIENTED_EDGE('',*,*,#5534,.T.);
#4442=ORIENTED_EDGE('',*,*,#5528,.F.);
#4443=ORIENTED_EDGE('',*,*,#5530,.T.);
#4444=ORIENTED_EDGE('',*,*,#5542,.T.);
#4445=ORIENTED_EDGE('',*,*,#5543,.T.);
#4446=ORIENTED_EDGE('',*,*,#5527,.F.);
#4447=ORIENTED_EDGE('',*,*,#5544,.T.);
#4448=ORIENTED_EDGE('',*,*,#5545,.T.);
#4449=ORIENTED_EDGE('',*,*,#5546,.F.);
#4450=ORIENTED_EDGE('',*,*,#5547,.F.);
#4451=ORIENTED_EDGE('',*,*,#5548,.F.);
#4452=ORIENTED_EDGE('',*,*,#5538,.T.);
#4453=ORIENTED_EDGE('',*,*,#5529,.T.);
#4454=ORIENTED_EDGE('',*,*,#5537,.T.);
#4455=ORIENTED_EDGE('',*,*,#5549,.T.);
#4456=ORIENTED_EDGE('',*,*,#5550,.F.);
#4457=ORIENTED_EDGE('',*,*,#5532,.F.);
#4458=ORIENTED_EDGE('',*,*,#5551,.F.);
#4459=ORIENTED_EDGE('',*,*,#5552,.F.);
#4460=ORIENTED_EDGE('',*,*,#5535,.T.);
#4461=ORIENTED_EDGE('',*,*,#5536,.T.);
#4462=ORIENTED_EDGE('',*,*,#5552,.T.);
#4463=ORIENTED_EDGE('',*,*,#5553,.F.);
#4464=ORIENTED_EDGE('',*,*,#5549,.F.);
#4465=ORIENTED_EDGE('',*,*,#5554,.T.);
#4466=ORIENTED_EDGE('',*,*,#5540,.T.);
#4467=ORIENTED_EDGE('',*,*,#5555,.T.);
#4468=ORIENTED_EDGE('',*,*,#5556,.F.);
#4469=ORIENTED_EDGE('',*,*,#5539,.T.);
#4470=ORIENTED_EDGE('',*,*,#5548,.T.);
#4471=ORIENTED_EDGE('',*,*,#5557,.F.);
#4472=ORIENTED_EDGE('',*,*,#5555,.F.);
#4473=ORIENTED_EDGE('',*,*,#5541,.F.);
#4474=ORIENTED_EDGE('',*,*,#5550,.T.);
#4475=ORIENTED_EDGE('',*,*,#5553,.T.);
#4476=ORIENTED_EDGE('',*,*,#5551,.T.);
#4477=ORIENTED_EDGE('',*,*,#5542,.F.);
#4478=ORIENTED_EDGE('',*,*,#5556,.T.);
#4479=ORIENTED_EDGE('',*,*,#5557,.T.);
#4480=ORIENTED_EDGE('',*,*,#5547,.T.);
#4481=ORIENTED_EDGE('',*,*,#5544,.F.);
#4482=ORIENTED_EDGE('',*,*,#5521,.T.);
#4483=ORIENTED_EDGE('',*,*,#5525,.T.);
#4484=ORIENTED_EDGE('',*,*,#5558,.T.);
#4485=ORIENTED_EDGE('',*,*,#5524,.T.);
#4486=ORIENTED_EDGE('',*,*,#5554,.F.);
#4487=ORIENTED_EDGE('',*,*,#5545,.F.);
#4488=ORIENTED_EDGE('',*,*,#5558,.F.);
#4489=ORIENTED_EDGE('',*,*,#5543,.F.);
#4490=ORIENTED_EDGE('',*,*,#5546,.T.);
#4491=ORIENTED_EDGE('',*,*,#5526,.T.);
#4492=ORIENTED_EDGE('',*,*,#5485,.F.);
#4493=ORIENTED_EDGE('',*,*,#5559,.T.);
#4494=ORIENTED_EDGE('',*,*,#5560,.T.);
#4495=ORIENTED_EDGE('',*,*,#5561,.F.);
#4496=ORIENTED_EDGE('',*,*,#5562,.F.);
#4497=ORIENTED_EDGE('',*,*,#5563,.T.);
#4498=ORIENTED_EDGE('',*,*,#5564,.T.);
#4499=ORIENTED_EDGE('',*,*,#5565,.F.);
#4500=ORIENTED_EDGE('',*,*,#5560,.F.);
#4501=ORIENTED_EDGE('',*,*,#5566,.T.);
#4502=ORIENTED_EDGE('',*,*,#5567,.T.);
#4503=ORIENTED_EDGE('',*,*,#5568,.F.);
#4504=ORIENTED_EDGE('',*,*,#5564,.F.);
#4505=ORIENTED_EDGE('',*,*,#5569,.T.);
#4506=ORIENTED_EDGE('',*,*,#5570,.T.);
#4507=ORIENTED_EDGE('',*,*,#5571,.F.);
#4508=ORIENTED_EDGE('',*,*,#5567,.F.);
#4509=ORIENTED_EDGE('',*,*,#5572,.T.);
#4510=ORIENTED_EDGE('',*,*,#5573,.T.);
#4511=ORIENTED_EDGE('',*,*,#5574,.F.);
#4512=ORIENTED_EDGE('',*,*,#5570,.F.);
#4513=ORIENTED_EDGE('',*,*,#5575,.T.);
#4514=ORIENTED_EDGE('',*,*,#5576,.T.);
#4515=ORIENTED_EDGE('',*,*,#5577,.F.);
#4516=ORIENTED_EDGE('',*,*,#5573,.F.);
#4517=ORIENTED_EDGE('',*,*,#5578,.T.);
#4518=ORIENTED_EDGE('',*,*,#5579,.T.);
#4519=ORIENTED_EDGE('',*,*,#5580,.F.);
#4520=ORIENTED_EDGE('',*,*,#5576,.F.);
#4521=ORIENTED_EDGE('',*,*,#5581,.T.);
#4522=ORIENTED_EDGE('',*,*,#5562,.T.);
#4523=ORIENTED_EDGE('',*,*,#5582,.F.);
#4524=ORIENTED_EDGE('',*,*,#5579,.F.);
#4525=ORIENTED_EDGE('',*,*,#5561,.T.);
#4526=ORIENTED_EDGE('',*,*,#5565,.T.);
#4527=ORIENTED_EDGE('',*,*,#5568,.T.);
#4528=ORIENTED_EDGE('',*,*,#5571,.T.);
#4529=ORIENTED_EDGE('',*,*,#5574,.T.);
#4530=ORIENTED_EDGE('',*,*,#5577,.T.);
#4531=ORIENTED_EDGE('',*,*,#5580,.T.);
#4532=ORIENTED_EDGE('',*,*,#5582,.T.);
#4533=ORIENTED_EDGE('',*,*,#5581,.F.);
#4534=ORIENTED_EDGE('',*,*,#5578,.F.);
#4535=ORIENTED_EDGE('',*,*,#5575,.F.);
#4536=ORIENTED_EDGE('',*,*,#5572,.F.);
#4537=ORIENTED_EDGE('',*,*,#5569,.F.);
#4538=ORIENTED_EDGE('',*,*,#5566,.F.);
#4539=ORIENTED_EDGE('',*,*,#5563,.F.);
#4540=ORIENTED_EDGE('',*,*,#5559,.F.);
#4541=ORIENTED_EDGE('',*,*,#5583,.T.);
#4542=ORIENTED_EDGE('',*,*,#5584,.T.);
#4543=ORIENTED_EDGE('',*,*,#5585,.F.);
#4544=ORIENTED_EDGE('',*,*,#5586,.F.);
#4545=ORIENTED_EDGE('',*,*,#5587,.T.);
#4546=ORIENTED_EDGE('',*,*,#5588,.T.);
#4547=ORIENTED_EDGE('',*,*,#5589,.F.);
#4548=ORIENTED_EDGE('',*,*,#5584,.F.);
#4549=ORIENTED_EDGE('',*,*,#5590,.T.);
#4550=ORIENTED_EDGE('',*,*,#5591,.T.);
#4551=ORIENTED_EDGE('',*,*,#5592,.F.);
#4552=ORIENTED_EDGE('',*,*,#5588,.F.);
#4553=ORIENTED_EDGE('',*,*,#5593,.T.);
#4554=ORIENTED_EDGE('',*,*,#5594,.T.);
#4555=ORIENTED_EDGE('',*,*,#5595,.F.);
#4556=ORIENTED_EDGE('',*,*,#5591,.F.);
#4557=ORIENTED_EDGE('',*,*,#5596,.T.);
#4558=ORIENTED_EDGE('',*,*,#5597,.T.);
#4559=ORIENTED_EDGE('',*,*,#5598,.F.);
#4560=ORIENTED_EDGE('',*,*,#5594,.F.);
#4561=ORIENTED_EDGE('',*,*,#5599,.T.);
#4562=ORIENTED_EDGE('',*,*,#5600,.T.);
#4563=ORIENTED_EDGE('',*,*,#5601,.F.);
#4564=ORIENTED_EDGE('',*,*,#5597,.F.);
#4565=ORIENTED_EDGE('',*,*,#5602,.T.);
#4566=ORIENTED_EDGE('',*,*,#5603,.T.);
#4567=ORIENTED_EDGE('',*,*,#5604,.F.);
#4568=ORIENTED_EDGE('',*,*,#5600,.F.);
#4569=ORIENTED_EDGE('',*,*,#5605,.T.);
#4570=ORIENTED_EDGE('',*,*,#5586,.T.);
#4571=ORIENTED_EDGE('',*,*,#5606,.F.);
#4572=ORIENTED_EDGE('',*,*,#5603,.F.);
#4573=ORIENTED_EDGE('',*,*,#5585,.T.);
#4574=ORIENTED_EDGE('',*,*,#5589,.T.);
#4575=ORIENTED_EDGE('',*,*,#5592,.T.);
#4576=ORIENTED_EDGE('',*,*,#5595,.T.);
#4577=ORIENTED_EDGE('',*,*,#5598,.T.);
#4578=ORIENTED_EDGE('',*,*,#5601,.T.);
#4579=ORIENTED_EDGE('',*,*,#5604,.T.);
#4580=ORIENTED_EDGE('',*,*,#5606,.T.);
#4581=ORIENTED_EDGE('',*,*,#5605,.F.);
#4582=ORIENTED_EDGE('',*,*,#5602,.F.);
#4583=ORIENTED_EDGE('',*,*,#5599,.F.);
#4584=ORIENTED_EDGE('',*,*,#5596,.F.);
#4585=ORIENTED_EDGE('',*,*,#5593,.F.);
#4586=ORIENTED_EDGE('',*,*,#5590,.F.);
#4587=ORIENTED_EDGE('',*,*,#5587,.F.);
#4588=ORIENTED_EDGE('',*,*,#5583,.F.);
#4589=ORIENTED_EDGE('',*,*,#5607,.F.);
#4590=ORIENTED_EDGE('',*,*,#5608,.F.);
#4591=ORIENTED_EDGE('',*,*,#5609,.T.);
#4592=ORIENTED_EDGE('',*,*,#5610,.T.);
#4593=ORIENTED_EDGE('',*,*,#5611,.F.);
#4594=ORIENTED_EDGE('',*,*,#5612,.F.);
#4595=ORIENTED_EDGE('',*,*,#5613,.T.);
#4596=ORIENTED_EDGE('',*,*,#5608,.T.);
#4597=ORIENTED_EDGE('',*,*,#5614,.F.);
#4598=ORIENTED_EDGE('',*,*,#5615,.F.);
#4599=ORIENTED_EDGE('',*,*,#5616,.T.);
#4600=ORIENTED_EDGE('',*,*,#5612,.T.);
#4601=ORIENTED_EDGE('',*,*,#5617,.F.);
#4602=ORIENTED_EDGE('',*,*,#5618,.F.);
#4603=ORIENTED_EDGE('',*,*,#5619,.T.);
#4604=ORIENTED_EDGE('',*,*,#5615,.T.);
#4605=ORIENTED_EDGE('',*,*,#5620,.F.);
#4606=ORIENTED_EDGE('',*,*,#5621,.F.);
#4607=ORIENTED_EDGE('',*,*,#5622,.T.);
#4608=ORIENTED_EDGE('',*,*,#5618,.T.);
#4609=ORIENTED_EDGE('',*,*,#5623,.F.);
#4610=ORIENTED_EDGE('',*,*,#5624,.F.);
#4611=ORIENTED_EDGE('',*,*,#5625,.T.);
#4612=ORIENTED_EDGE('',*,*,#5621,.T.);
#4613=ORIENTED_EDGE('',*,*,#5626,.F.);
#4614=ORIENTED_EDGE('',*,*,#5627,.F.);
#4615=ORIENTED_EDGE('',*,*,#5628,.T.);
#4616=ORIENTED_EDGE('',*,*,#5624,.T.);
#4617=ORIENTED_EDGE('',*,*,#5629,.F.);
#4618=ORIENTED_EDGE('',*,*,#5610,.F.);
#4619=ORIENTED_EDGE('',*,*,#5630,.T.);
#4620=ORIENTED_EDGE('',*,*,#5627,.T.);
#4621=ORIENTED_EDGE('',*,*,#5631,.F.);
#4622=ORIENTED_EDGE('',*,*,#5632,.F.);
#4623=ORIENTED_EDGE('',*,*,#5633,.F.);
#4624=ORIENTED_EDGE('',*,*,#5634,.F.);
#4625=ORIENTED_EDGE('',*,*,#5629,.T.);
#4626=ORIENTED_EDGE('',*,*,#5626,.T.);
#4627=ORIENTED_EDGE('',*,*,#5623,.T.);
#4628=ORIENTED_EDGE('',*,*,#5620,.T.);
#4629=ORIENTED_EDGE('',*,*,#5617,.T.);
#4630=ORIENTED_EDGE('',*,*,#5614,.T.);
#4631=ORIENTED_EDGE('',*,*,#5611,.T.);
#4632=ORIENTED_EDGE('',*,*,#5607,.T.);
#4633=ORIENTED_EDGE('',*,*,#5609,.F.);
#4634=ORIENTED_EDGE('',*,*,#5635,.F.);
#4635=ORIENTED_EDGE('',*,*,#5636,.T.);
#4636=ORIENTED_EDGE('',*,*,#5637,.T.);
#4637=ORIENTED_EDGE('',*,*,#5613,.F.);
#4638=ORIENTED_EDGE('',*,*,#5638,.F.);
#4639=ORIENTED_EDGE('',*,*,#5639,.T.);
#4640=ORIENTED_EDGE('',*,*,#5635,.T.);
#4641=ORIENTED_EDGE('',*,*,#5616,.F.);
#4642=ORIENTED_EDGE('',*,*,#5640,.F.);
#4643=ORIENTED_EDGE('',*,*,#5641,.T.);
#4644=ORIENTED_EDGE('',*,*,#5638,.T.);
#4645=ORIENTED_EDGE('',*,*,#5619,.F.);
#4646=ORIENTED_EDGE('',*,*,#5642,.F.);
#4647=ORIENTED_EDGE('',*,*,#5643,.T.);
#4648=ORIENTED_EDGE('',*,*,#5640,.T.);
#4649=ORIENTED_EDGE('',*,*,#5622,.F.);
#4650=ORIENTED_EDGE('',*,*,#5644,.F.);
#4651=ORIENTED_EDGE('',*,*,#5645,.T.);
#4652=ORIENTED_EDGE('',*,*,#5642,.T.);
#4653=ORIENTED_EDGE('',*,*,#5625,.F.);
#4654=ORIENTED_EDGE('',*,*,#5646,.F.);
#4655=ORIENTED_EDGE('',*,*,#5647,.T.);
#4656=ORIENTED_EDGE('',*,*,#5644,.T.);
#4657=ORIENTED_EDGE('',*,*,#5628,.F.);
#4658=ORIENTED_EDGE('',*,*,#5648,.F.);
#4659=ORIENTED_EDGE('',*,*,#5649,.T.);
#4660=ORIENTED_EDGE('',*,*,#5646,.T.);
#4661=ORIENTED_EDGE('',*,*,#5630,.F.);
#4662=ORIENTED_EDGE('',*,*,#5637,.F.);
#4663=ORIENTED_EDGE('',*,*,#5650,.T.);
#4664=ORIENTED_EDGE('',*,*,#5648,.T.);
#4665=ORIENTED_EDGE('',*,*,#5631,.T.);
#4666=ORIENTED_EDGE('',*,*,#5651,.T.);
#4667=ORIENTED_EDGE('',*,*,#5652,.F.);
#4668=ORIENTED_EDGE('',*,*,#5653,.F.);
#4669=ORIENTED_EDGE('',*,*,#5632,.T.);
#4670=ORIENTED_EDGE('',*,*,#5653,.T.);
#4671=ORIENTED_EDGE('',*,*,#5654,.F.);
#4672=ORIENTED_EDGE('',*,*,#5655,.F.);
#4673=ORIENTED_EDGE('',*,*,#5633,.T.);
#4674=ORIENTED_EDGE('',*,*,#5655,.T.);
#4675=ORIENTED_EDGE('',*,*,#5656,.F.);
#4676=ORIENTED_EDGE('',*,*,#5657,.F.);
#4677=ORIENTED_EDGE('',*,*,#5634,.T.);
#4678=ORIENTED_EDGE('',*,*,#5657,.T.);
#4679=ORIENTED_EDGE('',*,*,#5658,.F.);
#4680=ORIENTED_EDGE('',*,*,#5651,.F.);
#4681=ORIENTED_EDGE('',*,*,#5645,.F.);
#4682=ORIENTED_EDGE('',*,*,#5647,.F.);
#4683=ORIENTED_EDGE('',*,*,#5649,.F.);
#4684=ORIENTED_EDGE('',*,*,#5650,.F.);
#4685=ORIENTED_EDGE('',*,*,#5636,.F.);
#4686=ORIENTED_EDGE('',*,*,#5639,.F.);
#4687=ORIENTED_EDGE('',*,*,#5641,.F.);
#4688=ORIENTED_EDGE('',*,*,#5643,.F.);
#4689=ORIENTED_EDGE('',*,*,#5658,.T.);
#4690=ORIENTED_EDGE('',*,*,#5656,.T.);
#4691=ORIENTED_EDGE('',*,*,#5654,.T.);
#4692=ORIENTED_EDGE('',*,*,#5652,.T.);
#4693=ORIENTED_EDGE('',*,*,#5659,.T.);
#4694=ORIENTED_EDGE('',*,*,#5660,.T.);
#4695=ORIENTED_EDGE('',*,*,#5661,.T.);
#4696=ORIENTED_EDGE('',*,*,#5662,.F.);
#4697=ORIENTED_EDGE('',*,*,#5663,.T.);
#4698=ORIENTED_EDGE('',*,*,#5664,.T.);
#4699=ORIENTED_EDGE('',*,*,#5665,.T.);
#4700=ORIENTED_EDGE('',*,*,#5666,.T.);
#4701=ORIENTED_EDGE('',*,*,#5667,.F.);
#4702=ORIENTED_EDGE('',*,*,#5668,.F.);
#4703=ORIENTED_EDGE('',*,*,#5668,.T.);
#4704=ORIENTED_EDGE('',*,*,#5669,.F.);
#4705=ORIENTED_EDGE('',*,*,#5667,.T.);
#4706=ORIENTED_EDGE('',*,*,#5670,.F.);
#4707=ORIENTED_EDGE('',*,*,#5671,.F.);
#4708=ORIENTED_EDGE('',*,*,#5659,.F.);
#4709=ORIENTED_EDGE('',*,*,#5672,.F.);
#4710=ORIENTED_EDGE('',*,*,#5673,.F.);
#4711=ORIENTED_EDGE('',*,*,#5674,.F.);
#4712=ORIENTED_EDGE('',*,*,#5675,.F.);
#4713=ORIENTED_EDGE('',*,*,#5676,.F.);
#4714=ORIENTED_EDGE('',*,*,#5677,.F.);
#4715=ORIENTED_EDGE('',*,*,#5678,.F.);
#4716=ORIENTED_EDGE('',*,*,#5679,.F.);
#4717=ORIENTED_EDGE('',*,*,#5680,.F.);
#4718=ORIENTED_EDGE('',*,*,#5681,.T.);
#4719=ORIENTED_EDGE('',*,*,#5682,.T.);
#4720=ORIENTED_EDGE('',*,*,#5660,.F.);
#4721=ORIENTED_EDGE('',*,*,#5671,.T.);
#4722=ORIENTED_EDGE('',*,*,#5683,.F.);
#4723=ORIENTED_EDGE('',*,*,#5684,.F.);
#4724=ORIENTED_EDGE('',*,*,#5685,.F.);
#4725=ORIENTED_EDGE('',*,*,#5686,.F.);
#4726=ORIENTED_EDGE('',*,*,#5687,.F.);
#4727=ORIENTED_EDGE('',*,*,#5688,.F.);
#4728=ORIENTED_EDGE('',*,*,#5689,.F.);
#4729=ORIENTED_EDGE('',*,*,#5690,.F.);
#4730=ORIENTED_EDGE('',*,*,#5691,.F.);
#4731=ORIENTED_EDGE('',*,*,#5692,.F.);
#4732=ORIENTED_EDGE('',*,*,#5693,.F.);
#4733=ORIENTED_EDGE('',*,*,#5694,.F.);
#4734=ORIENTED_EDGE('',*,*,#5695,.F.);
#4735=ORIENTED_EDGE('',*,*,#5696,.F.);
#4736=ORIENTED_EDGE('',*,*,#5697,.F.);
#4737=ORIENTED_EDGE('',*,*,#5698,.F.);
#4738=ORIENTED_EDGE('',*,*,#5699,.F.);
#4739=ORIENTED_EDGE('',*,*,#5700,.F.);
#4740=ORIENTED_EDGE('',*,*,#5661,.F.);
#4741=ORIENTED_EDGE('',*,*,#5682,.F.);
#4742=ORIENTED_EDGE('',*,*,#5701,.F.);
#4743=ORIENTED_EDGE('',*,*,#5702,.F.);
#4744=ORIENTED_EDGE('',*,*,#5703,.F.);
#4745=ORIENTED_EDGE('',*,*,#5704,.F.);
#4746=ORIENTED_EDGE('',*,*,#5705,.T.);
#4747=ORIENTED_EDGE('',*,*,#5706,.T.);
#4748=ORIENTED_EDGE('',*,*,#5707,.T.);
#4749=ORIENTED_EDGE('',*,*,#5708,.T.);
#4750=ORIENTED_EDGE('',*,*,#5709,.T.);
#4751=ORIENTED_EDGE('',*,*,#5710,.T.);
#4752=ORIENTED_EDGE('',*,*,#5711,.T.);
#4753=ORIENTED_EDGE('',*,*,#5712,.T.);
#4754=ORIENTED_EDGE('',*,*,#5713,.T.);
#4755=ORIENTED_EDGE('',*,*,#5714,.T.);
#4756=ORIENTED_EDGE('',*,*,#5715,.T.);
#4757=ORIENTED_EDGE('',*,*,#5716,.T.);
#4758=ORIENTED_EDGE('',*,*,#5717,.T.);
#4759=ORIENTED_EDGE('',*,*,#5718,.T.);
#4760=ORIENTED_EDGE('',*,*,#5719,.T.);
#4761=ORIENTED_EDGE('',*,*,#5720,.T.);
#4762=ORIENTED_EDGE('',*,*,#5721,.T.);
#4763=ORIENTED_EDGE('',*,*,#5722,.T.);
#4764=ORIENTED_EDGE('',*,*,#5723,.T.);
#4765=ORIENTED_EDGE('',*,*,#5724,.T.);
#4766=ORIENTED_EDGE('',*,*,#5725,.T.);
#4767=ORIENTED_EDGE('',*,*,#5662,.T.);
#4768=ORIENTED_EDGE('',*,*,#5700,.T.);
#4769=ORIENTED_EDGE('',*,*,#5726,.F.);
#4770=ORIENTED_EDGE('',*,*,#5663,.F.);
#4771=ORIENTED_EDGE('',*,*,#5725,.F.);
#4772=ORIENTED_EDGE('',*,*,#5727,.F.);
#4773=ORIENTED_EDGE('',*,*,#5728,.F.);
#4774=ORIENTED_EDGE('',*,*,#5729,.F.);
#4775=ORIENTED_EDGE('',*,*,#5730,.F.);
#4776=ORIENTED_EDGE('',*,*,#5731,.F.);
#4777=ORIENTED_EDGE('',*,*,#5732,.F.);
#4778=ORIENTED_EDGE('',*,*,#5733,.T.);
#4779=ORIENTED_EDGE('',*,*,#5734,.F.);
#4780=ORIENTED_EDGE('',*,*,#5735,.T.);
#4781=ORIENTED_EDGE('',*,*,#5736,.F.);
#4782=ORIENTED_EDGE('',*,*,#5737,.F.);
#4783=ORIENTED_EDGE('',*,*,#5738,.F.);
#4784=ORIENTED_EDGE('',*,*,#5739,.T.);
#4785=ORIENTED_EDGE('',*,*,#5740,.T.);
#4786=ORIENTED_EDGE('',*,*,#5741,.F.);
#4787=ORIENTED_EDGE('',*,*,#5664,.F.);
#4788=ORIENTED_EDGE('',*,*,#5735,.F.);
#4789=ORIENTED_EDGE('',*,*,#5742,.T.);
#4790=ORIENTED_EDGE('',*,*,#5665,.F.);
#4791=ORIENTED_EDGE('',*,*,#5741,.T.);
#4792=ORIENTED_EDGE('',*,*,#5743,.T.);
#4793=ORIENTED_EDGE('',*,*,#5744,.T.);
#4794=ORIENTED_EDGE('',*,*,#5745,.F.);
#4795=ORIENTED_EDGE('',*,*,#5746,.T.);
#4796=ORIENTED_EDGE('',*,*,#5747,.T.);
#4797=ORIENTED_EDGE('',*,*,#5737,.T.);
#4798=ORIENTED_EDGE('',*,*,#5748,.F.);
#4799=ORIENTED_EDGE('',*,*,#5749,.T.);
#4800=ORIENTED_EDGE('',*,*,#5750,.T.);
#4801=ORIENTED_EDGE('',*,*,#5751,.T.);
#4802=ORIENTED_EDGE('',*,*,#5752,.F.);
#4803=ORIENTED_EDGE('',*,*,#5753,.T.);
#4804=ORIENTED_EDGE('',*,*,#5754,.T.);
#4805=ORIENTED_EDGE('',*,*,#5755,.T.);
#4806=ORIENTED_EDGE('',*,*,#5756,.T.);
#4807=ORIENTED_EDGE('',*,*,#5757,.T.);
#4808=ORIENTED_EDGE('',*,*,#5758,.T.);
#4809=ORIENTED_EDGE('',*,*,#5759,.T.);
#4810=ORIENTED_EDGE('',*,*,#5760,.T.);
#4811=ORIENTED_EDGE('',*,*,#5761,.T.);
#4812=ORIENTED_EDGE('',*,*,#5762,.T.);
#4813=ORIENTED_EDGE('',*,*,#5763,.T.);
#4814=ORIENTED_EDGE('',*,*,#5764,.T.);
#4815=ORIENTED_EDGE('',*,*,#5765,.T.);
#4816=ORIENTED_EDGE('',*,*,#5766,.T.);
#4817=ORIENTED_EDGE('',*,*,#5767,.T.);
#4818=ORIENTED_EDGE('',*,*,#5768,.T.);
#4819=ORIENTED_EDGE('',*,*,#5769,.T.);
#4820=ORIENTED_EDGE('',*,*,#5770,.T.);
#4821=ORIENTED_EDGE('',*,*,#5771,.T.);
#4822=ORIENTED_EDGE('',*,*,#5772,.T.);
#4823=ORIENTED_EDGE('',*,*,#5773,.T.);
#4824=ORIENTED_EDGE('',*,*,#5774,.T.);
#4825=ORIENTED_EDGE('',*,*,#5775,.T.);
#4826=ORIENTED_EDGE('',*,*,#5776,.T.);
#4827=ORIENTED_EDGE('',*,*,#5777,.T.);
#4828=ORIENTED_EDGE('',*,*,#5778,.T.);
#4829=ORIENTED_EDGE('',*,*,#5779,.F.);
#4830=ORIENTED_EDGE('',*,*,#5672,.T.);
#4831=ORIENTED_EDGE('',*,*,#5666,.F.);
#4832=ORIENTED_EDGE('',*,*,#5742,.F.);
#4833=ORIENTED_EDGE('',*,*,#5780,.F.);
#4834=ORIENTED_EDGE('',*,*,#5781,.F.);
#4835=ORIENTED_EDGE('',*,*,#5782,.T.);
#4836=ORIENTED_EDGE('',*,*,#5749,.F.);
#4837=ORIENTED_EDGE('',*,*,#5783,.T.);
#4838=ORIENTED_EDGE('',*,*,#5784,.T.);
#4839=ORIENTED_EDGE('',*,*,#5779,.T.);
#4840=ORIENTED_EDGE('',*,*,#5748,.T.);
#4841=ORIENTED_EDGE('',*,*,#5736,.T.);
#4842=ORIENTED_EDGE('',*,*,#5734,.T.);
#4843=ORIENTED_EDGE('',*,*,#5785,.T.);
#4844=ORIENTED_EDGE('',*,*,#5786,.T.);
#4845=ORIENTED_EDGE('',*,*,#5787,.T.);
#4846=ORIENTED_EDGE('',*,*,#5689,.T.);
#4847=ORIENTED_EDGE('',*,*,#5788,.F.);
#4848=ORIENTED_EDGE('',*,*,#5789,.T.);
#4849=ORIENTED_EDGE('',*,*,#5790,.T.);
#4850=ORIENTED_EDGE('',*,*,#5673,.T.);
#4851=ORIENTED_EDGE('',*,*,#5791,.T.);
#4852=ORIENTED_EDGE('',*,*,#5674,.T.);
#4853=ORIENTED_EDGE('',*,*,#5790,.F.);
#4854=ORIENTED_EDGE('',*,*,#5792,.F.);
#4855=ORIENTED_EDGE('',*,*,#5793,.F.);
#4856=ORIENTED_EDGE('',*,*,#5794,.T.);
#4857=ORIENTED_EDGE('',*,*,#5780,.T.);
#4858=ORIENTED_EDGE('',*,*,#5795,.F.);
#4859=ORIENTED_EDGE('',*,*,#5796,.F.);
#4860=ORIENTED_EDGE('',*,*,#5797,.F.);
#4861=ORIENTED_EDGE('',*,*,#5675,.T.);
#4862=ORIENTED_EDGE('',*,*,#5791,.F.);
#4863=ORIENTED_EDGE('',*,*,#5798,.F.);
#4864=ORIENTED_EDGE('',*,*,#5799,.F.);
#4865=ORIENTED_EDGE('',*,*,#5676,.T.);
#4866=ORIENTED_EDGE('',*,*,#5797,.T.);
#4867=ORIENTED_EDGE('',*,*,#5677,.T.);
#4868=ORIENTED_EDGE('',*,*,#5799,.T.);
#4869=ORIENTED_EDGE('',*,*,#5800,.T.);
#4870=ORIENTED_EDGE('',*,*,#5801,.T.);
#4871=ORIENTED_EDGE('',*,*,#5704,.T.);
#4872=ORIENTED_EDGE('',*,*,#5802,.F.);
#4873=ORIENTED_EDGE('',*,*,#5678,.T.);
#4874=ORIENTED_EDGE('',*,*,#5802,.T.);
#4875=ORIENTED_EDGE('',*,*,#5703,.T.);
#4876=ORIENTED_EDGE('',*,*,#5803,.F.);
#4877=ORIENTED_EDGE('',*,*,#5679,.T.);
#4878=ORIENTED_EDGE('',*,*,#5803,.T.);
#4879=ORIENTED_EDGE('',*,*,#5702,.T.);
#4880=ORIENTED_EDGE('',*,*,#5804,.F.);
#4881=ORIENTED_EDGE('',*,*,#5680,.T.);
#4882=ORIENTED_EDGE('',*,*,#5804,.T.);
#4883=ORIENTED_EDGE('',*,*,#5701,.T.);
#4884=ORIENTED_EDGE('',*,*,#5681,.F.);
#4885=ORIENTED_EDGE('',*,*,#5805,.T.);
#4886=ORIENTED_EDGE('',*,*,#5806,.T.);
#4887=ORIENTED_EDGE('',*,*,#5683,.T.);
#4888=ORIENTED_EDGE('',*,*,#5801,.F.);
#4889=ORIENTED_EDGE('',*,*,#5807,.T.);
#4890=ORIENTED_EDGE('',*,*,#5808,.T.);
#4891=ORIENTED_EDGE('',*,*,#5752,.T.);
#4892=ORIENTED_EDGE('',*,*,#5809,.T.);
#4893=ORIENTED_EDGE('',*,*,#5810,.T.);
#4894=ORIENTED_EDGE('',*,*,#5811,.F.);
#4895=ORIENTED_EDGE('',*,*,#5812,.T.);
#4896=ORIENTED_EDGE('',*,*,#5813,.T.);
#4897=ORIENTED_EDGE('',*,*,#5684,.T.);
#4898=ORIENTED_EDGE('',*,*,#5806,.F.);
#4899=ORIENTED_EDGE('',*,*,#5814,.T.);
#4900=ORIENTED_EDGE('',*,*,#5815,.T.);
#4901=ORIENTED_EDGE('',*,*,#5685,.T.);
#4902=ORIENTED_EDGE('',*,*,#5813,.F.);
#4903=ORIENTED_EDGE('',*,*,#5816,.T.);
#4904=ORIENTED_EDGE('',*,*,#5817,.T.);
#4905=ORIENTED_EDGE('',*,*,#5686,.T.);
#4906=ORIENTED_EDGE('',*,*,#5815,.F.);
#4907=ORIENTED_EDGE('',*,*,#5818,.T.);
#4908=ORIENTED_EDGE('',*,*,#5819,.T.);
#4909=ORIENTED_EDGE('',*,*,#5687,.T.);
#4910=ORIENTED_EDGE('',*,*,#5817,.F.);
#4911=ORIENTED_EDGE('',*,*,#5820,.T.);
#4912=ORIENTED_EDGE('',*,*,#5788,.T.);
#4913=ORIENTED_EDGE('',*,*,#5688,.T.);
#4914=ORIENTED_EDGE('',*,*,#5819,.F.);
#4915=ORIENTED_EDGE('',*,*,#5821,.T.);
#4916=ORIENTED_EDGE('',*,*,#5822,.T.);
#4917=ORIENTED_EDGE('',*,*,#5690,.T.);
#4918=ORIENTED_EDGE('',*,*,#5787,.F.);
#4919=ORIENTED_EDGE('',*,*,#5823,.T.);
#4920=ORIENTED_EDGE('',*,*,#5824,.T.);
#4921=ORIENTED_EDGE('',*,*,#5691,.T.);
#4922=ORIENTED_EDGE('',*,*,#5822,.F.);
#4923=ORIENTED_EDGE('',*,*,#5825,.T.);
#4924=ORIENTED_EDGE('',*,*,#5826,.T.);
#4925=ORIENTED_EDGE('',*,*,#5692,.T.);
#4926=ORIENTED_EDGE('',*,*,#5824,.F.);
#4927=ORIENTED_EDGE('',*,*,#5827,.T.);
#4928=ORIENTED_EDGE('',*,*,#5828,.T.);
#4929=ORIENTED_EDGE('',*,*,#5693,.T.);
#4930=ORIENTED_EDGE('',*,*,#5826,.F.);
#4931=ORIENTED_EDGE('',*,*,#5829,.T.);
#4932=ORIENTED_EDGE('',*,*,#5830,.T.);
#4933=ORIENTED_EDGE('',*,*,#5694,.T.);
#4934=ORIENTED_EDGE('',*,*,#5828,.F.);
#4935=ORIENTED_EDGE('',*,*,#5831,.T.);
#4936=ORIENTED_EDGE('',*,*,#5832,.T.);
#4937=ORIENTED_EDGE('',*,*,#5833,.T.);
#4938=ORIENTED_EDGE('',*,*,#5834,.T.);
#4939=ORIENTED_EDGE('',*,*,#5745,.T.);
#4940=ORIENTED_EDGE('',*,*,#5835,.T.);
#4941=ORIENTED_EDGE('',*,*,#5836,.T.);
#4942=ORIENTED_EDGE('',*,*,#5837,.T.);
#4943=ORIENTED_EDGE('',*,*,#5695,.T.);
#4944=ORIENTED_EDGE('',*,*,#5830,.F.);
#4945=ORIENTED_EDGE('',*,*,#5730,.T.);
#4946=ORIENTED_EDGE('',*,*,#5838,.T.);
#4947=ORIENTED_EDGE('',*,*,#5696,.T.);
#4948=ORIENTED_EDGE('',*,*,#5837,.F.);
#4949=ORIENTED_EDGE('',*,*,#5839,.T.);
#4950=ORIENTED_EDGE('',*,*,#5840,.T.);
#4951=ORIENTED_EDGE('',*,*,#5729,.T.);
#4952=ORIENTED_EDGE('',*,*,#5841,.T.);
#4953=ORIENTED_EDGE('',*,*,#5697,.T.);
#4954=ORIENTED_EDGE('',*,*,#5838,.F.);
#4955=ORIENTED_EDGE('',*,*,#5728,.T.);
#4956=ORIENTED_EDGE('',*,*,#5842,.T.);
#4957=ORIENTED_EDGE('',*,*,#5698,.T.);
#4958=ORIENTED_EDGE('',*,*,#5841,.F.);
#4959=ORIENTED_EDGE('',*,*,#5727,.T.);
#4960=ORIENTED_EDGE('',*,*,#5726,.T.);
#4961=ORIENTED_EDGE('',*,*,#5699,.T.);
#4962=ORIENTED_EDGE('',*,*,#5842,.F.);
#4963=ORIENTED_EDGE('',*,*,#5705,.F.);
#4964=ORIENTED_EDGE('',*,*,#5843,.F.);
#4965=ORIENTED_EDGE('',*,*,#5844,.T.);
#4966=ORIENTED_EDGE('',*,*,#5845,.T.);
#4967=ORIENTED_EDGE('',*,*,#5706,.F.);
#4968=ORIENTED_EDGE('',*,*,#5845,.F.);
#4969=ORIENTED_EDGE('',*,*,#5846,.T.);
#4970=ORIENTED_EDGE('',*,*,#5847,.T.);
#4971=ORIENTED_EDGE('',*,*,#5707,.F.);
#4972=ORIENTED_EDGE('',*,*,#5847,.F.);
#4973=ORIENTED_EDGE('',*,*,#5848,.T.);
#4974=ORIENTED_EDGE('',*,*,#5849,.T.);
#4975=ORIENTED_EDGE('',*,*,#5708,.F.);
#4976=ORIENTED_EDGE('',*,*,#5849,.F.);
#4977=ORIENTED_EDGE('',*,*,#5850,.T.);
#4978=ORIENTED_EDGE('',*,*,#5843,.T.);
#4979=ORIENTED_EDGE('',*,*,#5851,.F.);
#4980=ORIENTED_EDGE('',*,*,#5852,.F.);
#4981=ORIENTED_EDGE('',*,*,#5709,.F.);
#4982=ORIENTED_EDGE('',*,*,#5853,.T.);
#4983=ORIENTED_EDGE('',*,*,#5854,.F.);
#4984=ORIENTED_EDGE('',*,*,#5855,.F.);
#4985=ORIENTED_EDGE('',*,*,#5710,.F.);
#4986=ORIENTED_EDGE('',*,*,#5852,.T.);
#4987=ORIENTED_EDGE('',*,*,#5856,.F.);
#4988=ORIENTED_EDGE('',*,*,#5857,.F.);
#4989=ORIENTED_EDGE('',*,*,#5711,.F.);
#4990=ORIENTED_EDGE('',*,*,#5855,.T.);
#4991=ORIENTED_EDGE('',*,*,#5858,.F.);
#4992=ORIENTED_EDGE('',*,*,#5859,.F.);
#4993=ORIENTED_EDGE('',*,*,#5712,.F.);
#4994=ORIENTED_EDGE('',*,*,#5857,.T.);
#4995=ORIENTED_EDGE('',*,*,#5860,.F.);
#4996=ORIENTED_EDGE('',*,*,#5861,.F.);
#4997=ORIENTED_EDGE('',*,*,#5713,.F.);
#4998=ORIENTED_EDGE('',*,*,#5859,.T.);
#4999=ORIENTED_EDGE('',*,*,#5862,.F.);
#5000=ORIENTED_EDGE('',*,*,#5863,.F.);
#5001=ORIENTED_EDGE('',*,*,#5714,.F.);
#5002=ORIENTED_EDGE('',*,*,#5861,.T.);
#5003=ORIENTED_EDGE('',*,*,#5864,.F.);
#5004=ORIENTED_EDGE('',*,*,#5865,.F.);
#5005=ORIENTED_EDGE('',*,*,#5715,.F.);
#5006=ORIENTED_EDGE('',*,*,#5863,.T.);
#5007=ORIENTED_EDGE('',*,*,#5866,.F.);
#5008=ORIENTED_EDGE('',*,*,#5853,.F.);
#5009=ORIENTED_EDGE('',*,*,#5716,.F.);
#5010=ORIENTED_EDGE('',*,*,#5865,.T.);
#5011=ORIENTED_EDGE('',*,*,#5867,.F.);
#5012=ORIENTED_EDGE('',*,*,#5868,.F.);
#5013=ORIENTED_EDGE('',*,*,#5717,.F.);
#5014=ORIENTED_EDGE('',*,*,#5869,.T.);
#5015=ORIENTED_EDGE('',*,*,#5870,.F.);
#5016=ORIENTED_EDGE('',*,*,#5871,.F.);
#5017=ORIENTED_EDGE('',*,*,#5718,.F.);
#5018=ORIENTED_EDGE('',*,*,#5868,.T.);
#5019=ORIENTED_EDGE('',*,*,#5872,.F.);
#5020=ORIENTED_EDGE('',*,*,#5873,.F.);
#5021=ORIENTED_EDGE('',*,*,#5719,.F.);
#5022=ORIENTED_EDGE('',*,*,#5871,.T.);
#5023=ORIENTED_EDGE('',*,*,#5874,.F.);
#5024=ORIENTED_EDGE('',*,*,#5875,.F.);
#5025=ORIENTED_EDGE('',*,*,#5720,.F.);
#5026=ORIENTED_EDGE('',*,*,#5873,.T.);
#5027=ORIENTED_EDGE('',*,*,#5876,.F.);
#5028=ORIENTED_EDGE('',*,*,#5877,.F.);
#5029=ORIENTED_EDGE('',*,*,#5721,.F.);
#5030=ORIENTED_EDGE('',*,*,#5875,.T.);
#5031=ORIENTED_EDGE('',*,*,#5878,.F.);
#5032=ORIENTED_EDGE('',*,*,#5879,.F.);
#5033=ORIENTED_EDGE('',*,*,#5722,.F.);
#5034=ORIENTED_EDGE('',*,*,#5877,.T.);
#5035=ORIENTED_EDGE('',*,*,#5880,.F.);
#5036=ORIENTED_EDGE('',*,*,#5881,.F.);
#5037=ORIENTED_EDGE('',*,*,#5723,.F.);
#5038=ORIENTED_EDGE('',*,*,#5879,.T.);
#5039=ORIENTED_EDGE('',*,*,#5882,.F.);
#5040=ORIENTED_EDGE('',*,*,#5869,.F.);
#5041=ORIENTED_EDGE('',*,*,#5724,.F.);
#5042=ORIENTED_EDGE('',*,*,#5881,.T.);
#5043=ORIENTED_EDGE('',*,*,#5840,.F.);
#5044=ORIENTED_EDGE('',*,*,#5883,.F.);
#5045=ORIENTED_EDGE('',*,*,#5884,.F.);
#5046=ORIENTED_EDGE('',*,*,#5731,.T.);
#5047=ORIENTED_EDGE('',*,*,#5885,.T.);
#5048=ORIENTED_EDGE('',*,*,#5886,.F.);
#5049=ORIENTED_EDGE('',*,*,#5732,.T.);
#5050=ORIENTED_EDGE('',*,*,#5884,.T.);
#5051=ORIENTED_EDGE('',*,*,#5887,.F.);
#5052=ORIENTED_EDGE('',*,*,#5888,.F.);
#5053=ORIENTED_EDGE('',*,*,#5740,.F.);
#5054=ORIENTED_EDGE('',*,*,#5886,.T.);
#5055=ORIENTED_EDGE('',*,*,#5889,.T.);
#5056=ORIENTED_EDGE('',*,*,#5890,.F.);
#5057=ORIENTED_EDGE('',*,*,#5785,.F.);
#5058=ORIENTED_EDGE('',*,*,#5733,.F.);
#5059=ORIENTED_EDGE('',*,*,#5891,.T.);
#5060=ORIENTED_EDGE('',*,*,#5738,.T.);
#5061=ORIENTED_EDGE('',*,*,#5892,.F.);
#5062=ORIENTED_EDGE('',*,*,#5893,.F.);
#5063=ORIENTED_EDGE('',*,*,#5894,.F.);
#5064=ORIENTED_EDGE('',*,*,#5895,.F.);
#5065=ORIENTED_EDGE('',*,*,#5891,.F.);
#5066=ORIENTED_EDGE('',*,*,#5889,.F.);
#5067=ORIENTED_EDGE('',*,*,#5885,.F.);
#5068=ORIENTED_EDGE('',*,*,#5739,.F.);
#5069=ORIENTED_EDGE('',*,*,#5888,.T.);
#5070=ORIENTED_EDGE('',*,*,#5896,.F.);
#5071=ORIENTED_EDGE('',*,*,#5897,.F.);
#5072=ORIENTED_EDGE('',*,*,#5743,.F.);
#5073=ORIENTED_EDGE('',*,*,#5835,.F.);
#5074=ORIENTED_EDGE('',*,*,#5744,.F.);
#5075=ORIENTED_EDGE('',*,*,#5897,.T.);
#5076=ORIENTED_EDGE('',*,*,#5898,.F.);
#5077=ORIENTED_EDGE('',*,*,#5834,.F.);
#5078=ORIENTED_EDGE('',*,*,#5899,.F.);
#5079=ORIENTED_EDGE('',*,*,#5900,.F.);
#5080=ORIENTED_EDGE('',*,*,#5746,.F.);
#5081=ORIENTED_EDGE('',*,*,#5892,.T.);
#5082=ORIENTED_EDGE('',*,*,#5747,.F.);
#5083=ORIENTED_EDGE('',*,*,#5900,.T.);
#5084=ORIENTED_EDGE('',*,*,#5901,.F.);
#5085=ORIENTED_EDGE('',*,*,#5902,.T.);
#5086=ORIENTED_EDGE('',*,*,#5903,.F.);
#5087=ORIENTED_EDGE('',*,*,#5904,.F.);
#5088=ORIENTED_EDGE('',*,*,#5750,.F.);
#5089=ORIENTED_EDGE('',*,*,#5809,.F.);
#5090=ORIENTED_EDGE('',*,*,#5751,.F.);
#5091=ORIENTED_EDGE('',*,*,#5904,.T.);
#5092=ORIENTED_EDGE('',*,*,#5905,.F.);
#5093=ORIENTED_EDGE('',*,*,#5808,.F.);
#5094=ORIENTED_EDGE('',*,*,#5906,.F.);
#5095=ORIENTED_EDGE('',*,*,#5907,.F.);
#5096=ORIENTED_EDGE('',*,*,#5753,.F.);
#5097=ORIENTED_EDGE('',*,*,#5795,.T.);
#5098=ORIENTED_EDGE('',*,*,#5754,.F.);
#5099=ORIENTED_EDGE('',*,*,#5907,.T.);
#5100=ORIENTED_EDGE('',*,*,#5908,.F.);
#5101=ORIENTED_EDGE('',*,*,#5755,.F.);
#5102=ORIENTED_EDGE('',*,*,#5909,.F.);
#5103=ORIENTED_EDGE('',*,*,#5910,.T.);
#5104=ORIENTED_EDGE('',*,*,#5911,.T.);
#5105=ORIENTED_EDGE('',*,*,#5756,.F.);
#5106=ORIENTED_EDGE('',*,*,#5911,.F.);
#5107=ORIENTED_EDGE('',*,*,#5912,.T.);
#5108=ORIENTED_EDGE('',*,*,#5913,.T.);
#5109=ORIENTED_EDGE('',*,*,#5757,.F.);
#5110=ORIENTED_EDGE('',*,*,#5913,.F.);
#5111=ORIENTED_EDGE('',*,*,#5914,.T.);
#5112=ORIENTED_EDGE('',*,*,#5915,.T.);
#5113=ORIENTED_EDGE('',*,*,#5758,.F.);
#5114=ORIENTED_EDGE('',*,*,#5915,.F.);
#5115=ORIENTED_EDGE('',*,*,#5916,.T.);
#5116=ORIENTED_EDGE('',*,*,#5917,.T.);
#5117=ORIENTED_EDGE('',*,*,#5759,.F.);
#5118=ORIENTED_EDGE('',*,*,#5917,.F.);
#5119=ORIENTED_EDGE('',*,*,#5918,.T.);
#5120=ORIENTED_EDGE('',*,*,#5919,.T.);
#5121=ORIENTED_EDGE('',*,*,#5760,.F.);
#5122=ORIENTED_EDGE('',*,*,#5919,.F.);
#5123=ORIENTED_EDGE('',*,*,#5920,.T.);
#5124=ORIENTED_EDGE('',*,*,#5921,.T.);
#5125=ORIENTED_EDGE('',*,*,#5761,.F.);
#5126=ORIENTED_EDGE('',*,*,#5921,.F.);
#5127=ORIENTED_EDGE('',*,*,#5922,.T.);
#5128=ORIENTED_EDGE('',*,*,#5923,.T.);
#5129=ORIENTED_EDGE('',*,*,#5762,.F.);
#5130=ORIENTED_EDGE('',*,*,#5923,.F.);
#5131=ORIENTED_EDGE('',*,*,#5924,.T.);
#5132=ORIENTED_EDGE('',*,*,#5909,.T.);
#5133=ORIENTED_EDGE('',*,*,#5763,.F.);
#5134=ORIENTED_EDGE('',*,*,#5925,.F.);
#5135=ORIENTED_EDGE('',*,*,#5926,.T.);
#5136=ORIENTED_EDGE('',*,*,#5927,.T.);
#5137=ORIENTED_EDGE('',*,*,#5764,.F.);
#5138=ORIENTED_EDGE('',*,*,#5927,.F.);
#5139=ORIENTED_EDGE('',*,*,#5928,.T.);
#5140=ORIENTED_EDGE('',*,*,#5929,.T.);
#5141=ORIENTED_EDGE('',*,*,#5765,.F.);
#5142=ORIENTED_EDGE('',*,*,#5929,.F.);
#5143=ORIENTED_EDGE('',*,*,#5930,.T.);
#5144=ORIENTED_EDGE('',*,*,#5931,.T.);
#5145=ORIENTED_EDGE('',*,*,#5766,.F.);
#5146=ORIENTED_EDGE('',*,*,#5931,.F.);
#5147=ORIENTED_EDGE('',*,*,#5932,.F.);
#5148=ORIENTED_EDGE('',*,*,#5933,.T.);
#5149=ORIENTED_EDGE('',*,*,#5767,.F.);
#5150=ORIENTED_EDGE('',*,*,#5933,.F.);
#5151=ORIENTED_EDGE('',*,*,#5934,.F.);
#5152=ORIENTED_EDGE('',*,*,#5935,.T.);
#5153=ORIENTED_EDGE('',*,*,#5768,.F.);
#5154=ORIENTED_EDGE('',*,*,#5935,.F.);
#5155=ORIENTED_EDGE('',*,*,#5936,.F.);
#5156=ORIENTED_EDGE('',*,*,#5937,.T.);
#5157=ORIENTED_EDGE('',*,*,#5769,.F.);
#5158=ORIENTED_EDGE('',*,*,#5937,.F.);
#5159=ORIENTED_EDGE('',*,*,#5938,.F.);
#5160=ORIENTED_EDGE('',*,*,#5939,.T.);
#5161=ORIENTED_EDGE('',*,*,#5939,.F.);
#5162=ORIENTED_EDGE('',*,*,#5940,.T.);
#5163=ORIENTED_EDGE('',*,*,#5925,.T.);
#5164=ORIENTED_EDGE('',*,*,#5770,.F.);
#5165=ORIENTED_EDGE('',*,*,#5771,.F.);
#5166=ORIENTED_EDGE('',*,*,#5941,.F.);
#5167=ORIENTED_EDGE('',*,*,#5942,.F.);
#5168=ORIENTED_EDGE('',*,*,#5943,.T.);
#5169=ORIENTED_EDGE('',*,*,#5772,.F.);
#5170=ORIENTED_EDGE('',*,*,#5943,.F.);
#5171=ORIENTED_EDGE('',*,*,#5944,.F.);
#5172=ORIENTED_EDGE('',*,*,#5945,.T.);
#5173=ORIENTED_EDGE('',*,*,#5773,.F.);
#5174=ORIENTED_EDGE('',*,*,#5945,.F.);
#5175=ORIENTED_EDGE('',*,*,#5946,.F.);
#5176=ORIENTED_EDGE('',*,*,#5947,.T.);
#5177=ORIENTED_EDGE('',*,*,#5774,.F.);
#5178=ORIENTED_EDGE('',*,*,#5947,.F.);
#5179=ORIENTED_EDGE('',*,*,#5948,.F.);
#5180=ORIENTED_EDGE('',*,*,#5949,.T.);
#5181=ORIENTED_EDGE('',*,*,#5775,.F.);
#5182=ORIENTED_EDGE('',*,*,#5949,.F.);
#5183=ORIENTED_EDGE('',*,*,#5950,.F.);
#5184=ORIENTED_EDGE('',*,*,#5951,.T.);
#5185=ORIENTED_EDGE('',*,*,#5776,.F.);
#5186=ORIENTED_EDGE('',*,*,#5951,.F.);
#5187=ORIENTED_EDGE('',*,*,#5952,.F.);
#5188=ORIENTED_EDGE('',*,*,#5953,.T.);
#5189=ORIENTED_EDGE('',*,*,#5777,.F.);
#5190=ORIENTED_EDGE('',*,*,#5953,.F.);
#5191=ORIENTED_EDGE('',*,*,#5954,.F.);
#5192=ORIENTED_EDGE('',*,*,#5955,.T.);
#5193=ORIENTED_EDGE('',*,*,#5778,.F.);
#5194=ORIENTED_EDGE('',*,*,#5955,.F.);
#5195=ORIENTED_EDGE('',*,*,#5956,.F.);
#5196=ORIENTED_EDGE('',*,*,#5941,.T.);
#5197=ORIENTED_EDGE('',*,*,#5957,.F.);
#5198=ORIENTED_EDGE('',*,*,#5781,.T.);
#5199=ORIENTED_EDGE('',*,*,#5794,.F.);
#5200=ORIENTED_EDGE('',*,*,#5793,.T.);
#5201=ORIENTED_EDGE('',*,*,#5957,.T.);
#5202=ORIENTED_EDGE('',*,*,#5958,.T.);
#5203=ORIENTED_EDGE('',*,*,#5959,.T.);
#5204=ORIENTED_EDGE('',*,*,#5960,.F.);
#5205=ORIENTED_EDGE('',*,*,#5902,.F.);
#5206=ORIENTED_EDGE('',*,*,#5782,.F.);
#5207=ORIENTED_EDGE('',*,*,#5890,.T.);
#5208=ORIENTED_EDGE('',*,*,#5895,.T.);
#5209=ORIENTED_EDGE('',*,*,#5961,.T.);
#5210=ORIENTED_EDGE('',*,*,#5831,.F.);
#5211=ORIENTED_EDGE('',*,*,#5829,.F.);
#5212=ORIENTED_EDGE('',*,*,#5827,.F.);
#5213=ORIENTED_EDGE('',*,*,#5825,.F.);
#5214=ORIENTED_EDGE('',*,*,#5823,.F.);
#5215=ORIENTED_EDGE('',*,*,#5821,.F.);
#5216=ORIENTED_EDGE('',*,*,#5786,.F.);
#5217=ORIENTED_EDGE('',*,*,#5792,.T.);
#5218=ORIENTED_EDGE('',*,*,#5789,.F.);
#5219=ORIENTED_EDGE('',*,*,#5820,.F.);
#5220=ORIENTED_EDGE('',*,*,#5818,.F.);
#5221=ORIENTED_EDGE('',*,*,#5816,.F.);
#5222=ORIENTED_EDGE('',*,*,#5814,.F.);
#5223=ORIENTED_EDGE('',*,*,#5812,.F.);
#5224=ORIENTED_EDGE('',*,*,#5805,.F.);
#5225=ORIENTED_EDGE('',*,*,#5962,.F.);
#5226=ORIENTED_EDGE('',*,*,#5958,.F.);
#5227=ORIENTED_EDGE('',*,*,#5798,.T.);
#5228=ORIENTED_EDGE('',*,*,#5796,.T.);
#5229=ORIENTED_EDGE('',*,*,#5908,.T.);
#5230=ORIENTED_EDGE('',*,*,#5906,.T.);
#5231=ORIENTED_EDGE('',*,*,#5807,.F.);
#5232=ORIENTED_EDGE('',*,*,#5800,.F.);
#5233=ORIENTED_EDGE('',*,*,#5963,.T.);
#5234=ORIENTED_EDGE('',*,*,#5810,.F.);
#5235=ORIENTED_EDGE('',*,*,#5905,.T.);
#5236=ORIENTED_EDGE('',*,*,#5903,.T.);
#5237=ORIENTED_EDGE('',*,*,#5960,.T.);
#5238=ORIENTED_EDGE('',*,*,#5963,.F.);
#5239=ORIENTED_EDGE('',*,*,#5959,.F.);
#5240=ORIENTED_EDGE('',*,*,#5962,.T.);
#5241=ORIENTED_EDGE('',*,*,#5811,.T.);
#5242=ORIENTED_EDGE('',*,*,#5964,.F.);
#5243=ORIENTED_EDGE('',*,*,#5832,.F.);
#5244=ORIENTED_EDGE('',*,*,#5961,.F.);
#5245=ORIENTED_EDGE('',*,*,#5894,.T.);
#5246=ORIENTED_EDGE('',*,*,#5964,.T.);
#5247=ORIENTED_EDGE('',*,*,#5893,.T.);
#5248=ORIENTED_EDGE('',*,*,#5901,.T.);
#5249=ORIENTED_EDGE('',*,*,#5899,.T.);
#5250=ORIENTED_EDGE('',*,*,#5833,.F.);
#5251=ORIENTED_EDGE('',*,*,#5883,.T.);
#5252=ORIENTED_EDGE('',*,*,#5839,.F.);
#5253=ORIENTED_EDGE('',*,*,#5836,.F.);
#5254=ORIENTED_EDGE('',*,*,#5898,.T.);
#5255=ORIENTED_EDGE('',*,*,#5896,.T.);
#5256=ORIENTED_EDGE('',*,*,#5887,.T.);
#5257=ORIENTED_EDGE('',*,*,#5848,.F.);
#5258=ORIENTED_EDGE('',*,*,#5846,.F.);
#5259=ORIENTED_EDGE('',*,*,#5844,.F.);
#5260=ORIENTED_EDGE('',*,*,#5850,.F.);
#5261=ORIENTED_EDGE('',*,*,#5965,.F.);
#5262=ORIENTED_EDGE('',*,*,#5966,.F.);
#5263=ORIENTED_EDGE('',*,*,#5967,.F.);
#5264=ORIENTED_EDGE('',*,*,#5968,.F.);
#5265=ORIENTED_EDGE('',*,*,#5851,.T.);
#5266=ORIENTED_EDGE('',*,*,#5866,.T.);
#5267=ORIENTED_EDGE('',*,*,#5864,.T.);
#5268=ORIENTED_EDGE('',*,*,#5862,.T.);
#5269=ORIENTED_EDGE('',*,*,#5860,.T.);
#5270=ORIENTED_EDGE('',*,*,#5858,.T.);
#5271=ORIENTED_EDGE('',*,*,#5856,.T.);
#5272=ORIENTED_EDGE('',*,*,#5854,.T.);
#5273=ORIENTED_EDGE('',*,*,#5969,.F.);
#5274=ORIENTED_EDGE('',*,*,#5970,.F.);
#5275=ORIENTED_EDGE('',*,*,#5971,.F.);
#5276=ORIENTED_EDGE('',*,*,#5972,.F.);
#5277=ORIENTED_EDGE('',*,*,#5867,.T.);
#5278=ORIENTED_EDGE('',*,*,#5882,.T.);
#5279=ORIENTED_EDGE('',*,*,#5880,.T.);
#5280=ORIENTED_EDGE('',*,*,#5878,.T.);
#5281=ORIENTED_EDGE('',*,*,#5876,.T.);
#5282=ORIENTED_EDGE('',*,*,#5874,.T.);
#5283=ORIENTED_EDGE('',*,*,#5872,.T.);
#5284=ORIENTED_EDGE('',*,*,#5870,.T.);
#5285=ORIENTED_EDGE('',*,*,#5924,.F.);
#5286=ORIENTED_EDGE('',*,*,#5922,.F.);
#5287=ORIENTED_EDGE('',*,*,#5920,.F.);
#5288=ORIENTED_EDGE('',*,*,#5918,.F.);
#5289=ORIENTED_EDGE('',*,*,#5916,.F.);
#5290=ORIENTED_EDGE('',*,*,#5914,.F.);
#5291=ORIENTED_EDGE('',*,*,#5912,.F.);
#5292=ORIENTED_EDGE('',*,*,#5910,.F.);
#5293=ORIENTED_EDGE('',*,*,#5938,.T.);
#5294=ORIENTED_EDGE('',*,*,#5936,.T.);
#5295=ORIENTED_EDGE('',*,*,#5934,.T.);
#5296=ORIENTED_EDGE('',*,*,#5932,.T.);
#5297=ORIENTED_EDGE('',*,*,#5930,.F.);
#5298=ORIENTED_EDGE('',*,*,#5928,.F.);
#5299=ORIENTED_EDGE('',*,*,#5926,.F.);
#5300=ORIENTED_EDGE('',*,*,#5940,.F.);
#5301=ORIENTED_EDGE('',*,*,#5942,.T.);
#5302=ORIENTED_EDGE('',*,*,#5956,.T.);
#5303=ORIENTED_EDGE('',*,*,#5954,.T.);
#5304=ORIENTED_EDGE('',*,*,#5952,.T.);
#5305=ORIENTED_EDGE('',*,*,#5950,.T.);
#5306=ORIENTED_EDGE('',*,*,#5948,.T.);
#5307=ORIENTED_EDGE('',*,*,#5946,.T.);
#5308=ORIENTED_EDGE('',*,*,#5944,.T.);
#5309=ORIENTED_EDGE('',*,*,#5973,.F.);
#5310=ORIENTED_EDGE('',*,*,#5974,.F.);
#5311=ORIENTED_EDGE('',*,*,#5965,.T.);
#5312=ORIENTED_EDGE('',*,*,#5975,.T.);
#5313=ORIENTED_EDGE('',*,*,#5976,.F.);
#5314=ORIENTED_EDGE('',*,*,#5977,.F.);
#5315=ORIENTED_EDGE('',*,*,#5966,.T.);
#5316=ORIENTED_EDGE('',*,*,#5974,.T.);
#5317=ORIENTED_EDGE('',*,*,#5978,.F.);
#5318=ORIENTED_EDGE('',*,*,#5979,.F.);
#5319=ORIENTED_EDGE('',*,*,#5967,.T.);
#5320=ORIENTED_EDGE('',*,*,#5977,.T.);
#5321=ORIENTED_EDGE('',*,*,#5980,.F.);
#5322=ORIENTED_EDGE('',*,*,#5975,.F.);
#5323=ORIENTED_EDGE('',*,*,#5968,.T.);
#5324=ORIENTED_EDGE('',*,*,#5979,.T.);
#5325=ORIENTED_EDGE('',*,*,#5981,.F.);
#5326=ORIENTED_EDGE('',*,*,#5982,.F.);
#5327=ORIENTED_EDGE('',*,*,#5969,.T.);
#5328=ORIENTED_EDGE('',*,*,#5983,.T.);
#5329=ORIENTED_EDGE('',*,*,#5984,.F.);
#5330=ORIENTED_EDGE('',*,*,#5985,.F.);
#5331=ORIENTED_EDGE('',*,*,#5970,.T.);
#5332=ORIENTED_EDGE('',*,*,#5982,.T.);
#5333=ORIENTED_EDGE('',*,*,#5986,.F.);
#5334=ORIENTED_EDGE('',*,*,#5987,.F.);
#5335=ORIENTED_EDGE('',*,*,#5971,.T.);
#5336=ORIENTED_EDGE('',*,*,#5985,.T.);
#5337=ORIENTED_EDGE('',*,*,#5988,.F.);
#5338=ORIENTED_EDGE('',*,*,#5983,.F.);
#5339=ORIENTED_EDGE('',*,*,#5972,.T.);
#5340=ORIENTED_EDGE('',*,*,#5987,.T.);
#5341=ORIENTED_EDGE('',*,*,#5973,.T.);
#5342=ORIENTED_EDGE('',*,*,#5989,.T.);
#5343=ORIENTED_EDGE('',*,*,#5990,.T.);
#5344=ORIENTED_EDGE('',*,*,#5991,.F.);
#5345=ORIENTED_EDGE('',*,*,#5976,.T.);
#5346=ORIENTED_EDGE('',*,*,#5991,.T.);
#5347=ORIENTED_EDGE('',*,*,#5992,.F.);
#5348=ORIENTED_EDGE('',*,*,#5978,.T.);
#5349=ORIENTED_EDGE('',*,*,#5992,.T.);
#5350=ORIENTED_EDGE('',*,*,#5990,.F.);
#5351=ORIENTED_EDGE('',*,*,#5993,.F.);
#5352=ORIENTED_EDGE('',*,*,#5993,.T.);
#5353=ORIENTED_EDGE('',*,*,#5989,.F.);
#5354=ORIENTED_EDGE('',*,*,#5980,.T.);
#5355=ORIENTED_EDGE('',*,*,#5981,.T.);
#5356=ORIENTED_EDGE('',*,*,#5994,.T.);
#5357=ORIENTED_EDGE('',*,*,#5995,.T.);
#5358=ORIENTED_EDGE('',*,*,#5996,.F.);
#5359=ORIENTED_EDGE('',*,*,#5996,.T.);
#5360=ORIENTED_EDGE('',*,*,#5997,.F.);
#5361=ORIENTED_EDGE('',*,*,#5984,.T.);
#5362=ORIENTED_EDGE('',*,*,#5986,.T.);
#5363=ORIENTED_EDGE('',*,*,#5997,.T.);
#5364=ORIENTED_EDGE('',*,*,#5995,.F.);
#5365=ORIENTED_EDGE('',*,*,#5998,.F.);
#5366=ORIENTED_EDGE('',*,*,#5988,.T.);
#5367=ORIENTED_EDGE('',*,*,#5998,.T.);
#5368=ORIENTED_EDGE('',*,*,#5994,.F.);
#5369=ORIENTED_EDGE('',*,*,#5783,.F.);
#5370=ORIENTED_EDGE('',*,*,#5669,.T.);
#5371=ORIENTED_EDGE('',*,*,#5784,.F.);
#5372=ORIENTED_EDGE('',*,*,#5670,.T.);
#5373=TRIMMED_CURVE('',#5999,(PARAMETER_VALUE(0.)),(PARAMETER_VALUE(1.2)),.T.,.PARAMETER.);
#5374=TRIMMED_CURVE('',#6000,(PARAMETER_VALUE(0.)),(PARAMETER_VALUE(0.9)),.T.,.PARAMETER.);
#5375=TRIMMED_CURVE('',#6001,(PARAMETER_VALUE(0.)),(PARAMETER_VALUE(1.2)),.T.,.PARAMETER.);
#5376=TRIMMED_CURVE('',#6002,(PARAMETER_VALUE(0.)),(PARAMETER_VALUE(0.9)),.T.,.PARAMETER.);
#5377=TRIMMED_CURVE('',#6003,(PARAMETER_VALUE(0.)),(PARAMETER_VALUE(1.2)),.T.,.PARAMETER.);
#5378=TRIMMED_CURVE('',#6004,(PARAMETER_VALUE(0.)),(PARAMETER_VALUE(0.9)),.T.,.PARAMETER.);
#5379=TRIMMED_CURVE('',#6005,(PARAMETER_VALUE(0.)),(PARAMETER_VALUE(1.2)),.T.,.PARAMETER.);
#5380=TRIMMED_CURVE('',#6006,(PARAMETER_VALUE(0.)),(PARAMETER_VALUE(0.9)),.T.,.PARAMETER.);
#5381=TRIMMED_CURVE('',#6007,(PARAMETER_VALUE(0.)),(PARAMETER_VALUE(0.7)),.T.,.PARAMETER.);
#5382=TRIMMED_CURVE('',#6008,(PARAMETER_VALUE(0.)),(PARAMETER_VALUE(0.5)),.T.,.PARAMETER.);
#5383=TRIMMED_CURVE('',#6009,(PARAMETER_VALUE(0.)),(PARAMETER_VALUE(1.5)),.T.,.PARAMETER.);
#5384=TRIMMED_CURVE('',#6010,(PARAMETER_VALUE(0.)),(PARAMETER_VALUE(1.5)),.T.,.PARAMETER.);
#5385=TRIMMED_CURVE('',#6011,(PARAMETER_VALUE(0.)),(PARAMETER_VALUE(0.8)),.T.,.PARAMETER.);
#5386=TRIMMED_CURVE('',#6012,(PARAMETER_VALUE(0.)),(PARAMETER_VALUE(1.)),.T.,.PARAMETER.);
#5387=TRIMMED_CURVE('',#6013,(PARAMETER_VALUE(0.)),(PARAMETER_VALUE(1.5)),.T.,.PARAMETER.);
#5388=TRIMMED_CURVE('',#6014,(PARAMETER_VALUE(0.)),(PARAMETER_VALUE(1.5)),.T.,.PARAMETER.);
#5389=TRIMMED_CURVE('',#6015,(PARAMETER_VALUE(0.)),(PARAMETER_VALUE(0.5)),.T.,.PARAMETER.);
#5390=TRIMMED_CURVE('',#6016,(PARAMETER_VALUE(0.)),(PARAMETER_VALUE(0.7)),.T.,.PARAMETER.);
#5391=TRIMMED_CURVE('',#6017,(PARAMETER_VALUE(0.)),(PARAMETER_VALUE(1.)),.T.,.PARAMETER.);
#5392=TRIMMED_CURVE('',#6018,(PARAMETER_VALUE(0.)),(PARAMETER_VALUE(0.8)),.T.,.PARAMETER.);
#5393=CIRCLE('',#6019,0.45);
#5394=CIRCLE('',#6023,0.45);
#5395=EDGE_CURVE('',#6027,#6028,#6029,.T.);
#5396=EDGE_CURVE('',#6030,#6027,#6031,.T.);
#5397=EDGE_CURVE('',#6032,#6030,#6033,.T.);
#5398=EDGE_CURVE('',#6034,#6032,#6035,.T.);
#5399=EDGE_CURVE('',#6036,#6034,#6037,.T.);
#5400=EDGE_CURVE('',#6038,#6036,#6039,.T.);
#5401=EDGE_CURVE('',#6040,#6038,#6041,.T.);
#5402=EDGE_CURVE('',#6042,#6040,#6043,.T.);
#5403=EDGE_CURVE('',#6044,#6042,#6045,.T.);
#5404=EDGE_CURVE('',#6046,#6044,#6047,.T.);
#5405=EDGE_CURVE('',#6048,#6046,#6049,.T.);
#5406=EDGE_CURVE('',#6050,#6048,#6051,.T.);
#5407=EDGE_CURVE('',#6052,#6050,#6053,.T.);
#5408=EDGE_CURVE('',#6054,#6052,#6055,.T.);
#5409=EDGE_CURVE('',#6056,#6054,#6057,.T.);
#5410=EDGE_CURVE('',#6058,#6056,#6059,.T.);
#5411=EDGE_CURVE('',#6060,#6058,#6061,.T.);
#5412=EDGE_CURVE('',#6028,#6060,#6062,.T.);
#5413=EDGE_CURVE('',#6063,#6064,#6065,.T.);
#5414=EDGE_CURVE('',#6064,#6066,#6067,.T.);
#5415=EDGE_CURVE('',#6066,#6068,#6069,.T.);
#5416=EDGE_CURVE('',#6068,#6070,#6071,.T.);
#5417=EDGE_CURVE('',#6070,#6072,#6073,.T.);
#5418=EDGE_CURVE('',#6072,#6074,#6075,.T.);
#5419=EDGE_CURVE('',#6074,#6076,#6077,.T.);
#5420=EDGE_CURVE('',#6076,#6063,#6078,.T.);
#5421=EDGE_CURVE('',#6079,#6080,#6081,.T.);
#5422=EDGE_CURVE('',#6080,#6082,#6083,.T.);
#5423=EDGE_CURVE('',#6082,#6084,#6085,.T.);
#5424=EDGE_CURVE('',#6084,#6086,#6087,.T.);
#5425=EDGE_CURVE('',#6086,#6088,#6089,.T.);
#5426=EDGE_CURVE('',#6088,#6090,#6091,.T.);
#5427=EDGE_CURVE('',#6090,#6092,#6093,.T.);
#5428=EDGE_CURVE('',#6092,#6079,#6094,.T.);
#5429=EDGE_CURVE('',#6095,#6096,#6097,.T.);
#5430=EDGE_CURVE('',#6096,#6098,#6099,.T.);
#5431=EDGE_CURVE('',#6098,#6100,#6101,.T.);
#5432=EDGE_CURVE('',#6100,#6102,#6103,.T.);
#5433=EDGE_CURVE('',#6102,#6104,#6105,.T.);
#5434=EDGE_CURVE('',#6104,#6106,#6107,.T.);
#5435=EDGE_CURVE('',#6106,#6108,#6109,.T.);
#5436=EDGE_CURVE('',#6108,#6095,#6110,.T.);
#5437=EDGE_CURVE('',#6111,#6112,#6113,.F.);
#5438=EDGE_CURVE('',#6095,#6111,#6114,.T.);
#5439=EDGE_CURVE('',#6108,#6112,#6115,.T.);
#5440=EDGE_CURVE('',#6112,#6116,#6117,.F.);
#5441=EDGE_CURVE('',#6106,#6116,#6118,.T.);
#5442=EDGE_CURVE('',#6116,#6119,#6120,.F.);
#5443=EDGE_CURVE('',#6104,#6119,#6121,.T.);
#5444=EDGE_CURVE('',#6119,#6122,#6123,.F.);
#5445=EDGE_CURVE('',#6102,#6122,#6124,.T.);
#5446=EDGE_CURVE('',#6122,#6125,#6126,.F.);
#5447=EDGE_CURVE('',#6100,#6125,#6127,.T.);
#5448=EDGE_CURVE('',#6125,#6128,#6129,.F.);
#5449=EDGE_CURVE('',#6098,#6128,#6130,.T.);
#5450=EDGE_CURVE('',#6128,#6131,#6132,.F.);
#5451=EDGE_CURVE('',#6096,#6131,#6133,.T.);
#5452=EDGE_CURVE('',#6131,#6111,#6134,.F.);
#5453=EDGE_CURVE('',#6135,#6136,#6137,.F.);
#5454=EDGE_CURVE('',#6079,#6135,#6138,.T.);
#5455=EDGE_CURVE('',#6092,#6136,#6139,.T.);
#5456=EDGE_CURVE('',#6136,#6140,#6141,.F.);
#5457=EDGE_CURVE('',#6090,#6140,#6142,.T.);
#5458=EDGE_CURVE('',#6140,#6143,#6144,.F.);
#5459=EDGE_CURVE('',#6088,#6143,#6145,.T.);
#5460=EDGE_CURVE('',#6143,#6146,#6147,.F.);
#5461=EDGE_CURVE('',#6086,#6146,#6148,.T.);
#5462=EDGE_CURVE('',#6146,#6149,#6150,.F.);
#5463=EDGE_CURVE('',#6084,#6149,#6151,.T.);
#5464=EDGE_CURVE('',#6149,#6152,#6153,.F.);
#5465=EDGE_CURVE('',#6082,#6152,#6154,.T.);
#5466=EDGE_CURVE('',#6152,#6155,#6156,.F.);
#5467=EDGE_CURVE('',#6080,#6155,#6157,.T.);
#5468=EDGE_CURVE('',#6155,#6135,#6158,.F.);
#5469=EDGE_CURVE('',#6159,#6160,#6161,.F.);
#5470=EDGE_CURVE('',#6063,#6159,#6162,.T.);
#5471=EDGE_CURVE('',#6076,#6160,#6163,.T.);
#5472=EDGE_CURVE('',#6160,#6164,#6165,.F.);
#5473=EDGE_CURVE('',#6074,#6164,#6166,.T.);
#5474=EDGE_CURVE('',#6164,#6167,#6168,.F.);
#5475=EDGE_CURVE('',#6072,#6167,#6169,.T.);
#5476=EDGE_CURVE('',#6167,#6170,#6171,.F.);
#5477=EDGE_CURVE('',#6070,#6170,#6172,.T.);
#5478=EDGE_CURVE('',#6170,#6173,#6174,.F.);
#5479=EDGE_CURVE('',#6068,#6173,#6175,.T.);
#5480=EDGE_CURVE('',#6173,#6176,#6177,.F.);
#5481=EDGE_CURVE('',#6066,#6176,#6178,.T.);
#5482=EDGE_CURVE('',#6176,#6179,#6180,.F.);
#5483=EDGE_CURVE('',#6064,#6179,#6181,.T.);
#5484=EDGE_CURVE('',#6179,#6159,#6182,.F.);
#5485=EDGE_CURVE('',#6183,#6028,#6184,.T.);
#5486=EDGE_CURVE('',#6060,#6185,#6186,.T.);
#5487=EDGE_CURVE('',#6183,#6185,#6187,.T.);
#5488=EDGE_CURVE('',#6058,#6188,#6189,.T.);
#5489=EDGE_CURVE('',#6185,#6188,#6190,.T.);
#5490=EDGE_CURVE('',#6056,#6191,#6192,.T.);
#5491=EDGE_CURVE('',#6188,#6191,#6193,.T.);
#5492=EDGE_CURVE('',#6054,#6194,#6195,.T.);
#5493=EDGE_CURVE('',#6191,#6194,#6196,.T.);
#5494=EDGE_CURVE('',#6052,#6197,#6198,.T.);
#5495=EDGE_CURVE('',#6194,#6197,#6199,.T.);
#5496=EDGE_CURVE('',#6050,#6200,#6201,.T.);
#5497=EDGE_CURVE('',#6197,#6200,#6202,.T.);
#5498=EDGE_CURVE('',#6048,#6203,#6204,.T.);
#5499=EDGE_CURVE('',#6200,#6203,#6205,.T.);
#5500=EDGE_CURVE('',#6046,#6206,#6207,.T.);
#5501=EDGE_CURVE('',#6203,#6206,#6208,.T.);
#5502=EDGE_CURVE('',#6209,#6044,#6210,.T.);
#5503=EDGE_CURVE('',#6206,#6209,#6211,.T.);
#5504=EDGE_CURVE('',#6212,#6213,#6214,.T.);
#5505=EDGE_CURVE('',#6044,#6212,#6215,.T.);
#5506=EDGE_CURVE('',#6216,#6042,#6217,.T.);
#5507=EDGE_CURVE('',#6213,#6216,#6218,.T.);
#5508=EDGE_CURVE('',#6219,#6042,#6220,.T.);
#5509=EDGE_CURVE('',#6040,#6221,#6222,.T.);
#5510=EDGE_CURVE('',#6219,#6221,#6223,.T.);
#5511=EDGE_CURVE('',#6038,#6224,#6225,.T.);
#5512=EDGE_CURVE('',#6221,#6224,#6226,.T.);
#5513=EDGE_CURVE('',#6036,#6227,#6228,.T.);
#5514=EDGE_CURVE('',#6224,#6227,#6229,.T.);
#5515=EDGE_CURVE('',#6034,#6230,#6231,.T.);
#5516=EDGE_CURVE('',#6227,#6230,#6232,.T.);
#5517=EDGE_CURVE('',#6032,#6233,#6234,.T.);
#5518=EDGE_CURVE('',#6230,#6233,#6235,.T.);
#5519=EDGE_CURVE('',#6030,#6236,#6237,.T.);
#5520=EDGE_CURVE('',#6233,#6236,#6238,.T.);
#5521=EDGE_CURVE('',#6239,#6027,#6240,.T.);
#5522=EDGE_CURVE('',#6236,#6239,#6241,.T.);
#5523=EDGE_CURVE('',#6242,#6243,#6244,.T.);
#5524=EDGE_CURVE('',#6245,#6242,#6246,.T.);
#5525=EDGE_CURVE('',#6027,#6245,#6247,.T.);
#5526=EDGE_CURVE('',#6243,#6028,#6248,.T.);
#5527=EDGE_CURVE('',#6239,#6183,#6249,.T.);
#5528=EDGE_CURVE('',#6209,#6219,#6250,.T.);
#5529=EDGE_CURVE('',#6251,#6212,#6252,.T.);
#5530=EDGE_CURVE('',#6209,#6251,#6253,.T.);
#5531=EDGE_CURVE('',#6254,#6255,#6256,.T.);
#5532=EDGE_CURVE('',#6254,#6213,#6257,.T.);
#5533=EDGE_CURVE('',#6216,#6255,#6258,.T.);
#5534=EDGE_CURVE('',#6255,#6219,#6259,.T.);
#5535=EDGE_CURVE('',#6260,#6213,#6261,.T.);
#5536=EDGE_CURVE('',#6262,#6260,#6263,.T.);
#5537=EDGE_CURVE('',#6212,#6262,#6264,.T.);
#5538=EDGE_CURVE('',#6265,#6243,#6266,.T.);
#5539=EDGE_CURVE('',#6267,#6265,#6268,.T.);
#5540=EDGE_CURVE('',#6242,#6267,#6269,.T.);
#5541=EDGE_CURVE('',#6251,#6254,#6270,.T.);
#5542=EDGE_CURVE('',#6271,#6272,#6273,.T.);
#5543=EDGE_CURVE('',#6272,#6183,#6274,.T.);
#5544=EDGE_CURVE('',#6239,#6275,#6276,.T.);
#5545=EDGE_CURVE('',#6275,#6271,#6277,.T.);
#5546=EDGE_CURVE('',#6272,#6243,#6278,.T.);
#5547=EDGE_CURVE('',#6279,#6272,#6280,.T.);
#5548=EDGE_CURVE('',#6265,#6279,#6281,.T.);
#5549=EDGE_CURVE('',#6262,#6282,#6283,.T.);
#5550=EDGE_CURVE('',#6251,#6282,#6284,.T.);
#5551=EDGE_CURVE('',#6285,#6254,#6286,.T.);
#5552=EDGE_CURVE('',#6260,#6285,#6287,.T.);
#5553=EDGE_CURVE('',#6282,#6285,#6288,.T.);
#5554=EDGE_CURVE('',#6271,#6242,#6289,.T.);
#5555=EDGE_CURVE('',#6267,#6290,#6291,.T.);
#5556=EDGE_CURVE('',#6271,#6290,#6292,.T.);
#5557=EDGE_CURVE('',#6290,#6279,#6293,.T.);
#5558=EDGE_CURVE('',#6245,#6275,#6294,.T.);
#5559=EDGE_CURVE('',#6295,#6296,#6297,.T.);
#5560=EDGE_CURVE('',#6296,#6298,#6299,.T.);
#5561=EDGE_CURVE('',#6300,#6298,#6301,.T.);
#5562=EDGE_CURVE('',#6295,#6300,#6302,.T.);
#5563=EDGE_CURVE('',#6296,#6303,#6304,.T.);
#5564=EDGE_CURVE('',#6303,#6305,#6306,.T.);
#5565=EDGE_CURVE('',#6298,#6305,#6307,.T.);
#5566=EDGE_CURVE('',#6303,#6308,#6309,.T.);
#5567=EDGE_CURVE('',#6308,#6310,#6311,.T.);
#5568=EDGE_CURVE('',#6305,#6310,#6312,.T.);
#5569=EDGE_CURVE('',#6308,#6313,#6314,.T.);
#5570=EDGE_CURVE('',#6313,#6315,#6316,.T.);
#5571=EDGE_CURVE('',#6310,#6315,#6317,.T.);
#5572=EDGE_CURVE('',#6313,#6318,#6319,.T.);
#5573=EDGE_CURVE('',#6318,#6320,#6321,.T.);
#5574=EDGE_CURVE('',#6315,#6320,#6322,.T.);
#5575=EDGE_CURVE('',#6318,#6323,#6324,.T.);
#5576=EDGE_CURVE('',#6323,#6325,#6326,.T.);
#5577=EDGE_CURVE('',#6320,#6325,#6327,.T.);
#5578=EDGE_CURVE('',#6323,#6328,#6329,.T.);
#5579=EDGE_CURVE('',#6328,#6330,#6331,.T.);
#5580=EDGE_CURVE('',#6325,#6330,#6332,.T.);
#5581=EDGE_CURVE('',#6328,#6295,#6333,.T.);
#5582=EDGE_CURVE('',#6330,#6300,#6334,.T.);
#5583=EDGE_CURVE('',#6335,#6336,#6337,.T.);
#5584=EDGE_CURVE('',#6336,#6338,#6339,.T.);
#5585=EDGE_CURVE('',#6340,#6338,#6341,.T.);
#5586=EDGE_CURVE('',#6335,#6340,#6342,.T.);
#5587=EDGE_CURVE('',#6336,#6343,#6344,.T.);
#5588=EDGE_CURVE('',#6343,#6345,#6346,.T.);
#5589=EDGE_CURVE('',#6338,#6345,#6347,.T.);
#5590=EDGE_CURVE('',#6343,#6348,#6349,.T.);
#5591=EDGE_CURVE('',#6348,#6350,#6351,.T.);
#5592=EDGE_CURVE('',#6345,#6350,#6352,.T.);
#5593=EDGE_CURVE('',#6348,#6353,#6354,.T.);
#5594=EDGE_CURVE('',#6353,#6355,#6356,.T.);
#5595=EDGE_CURVE('',#6350,#6355,#6357,.T.);
#5596=EDGE_CURVE('',#6353,#6358,#6359,.T.);
#5597=EDGE_CURVE('',#6358,#6360,#6361,.T.);
#5598=EDGE_CURVE('',#6355,#6360,#6362,.T.);
#5599=EDGE_CURVE('',#6358,#6363,#6364,.T.);
#5600=EDGE_CURVE('',#6363,#6365,#6366,.T.);
#5601=EDGE_CURVE('',#6360,#6365,#6367,.T.);
#5602=EDGE_CURVE('',#6363,#6368,#6369,.T.);
#5603=EDGE_CURVE('',#6368,#6370,#6371,.T.);
#5604=EDGE_CURVE('',#6365,#6370,#6372,.T.);
#5605=EDGE_CURVE('',#6368,#6335,#6373,.T.);
#5606=EDGE_CURVE('',#6370,#6340,#6374,.T.);
#5607=EDGE_CURVE('',#6375,#6376,#6377,.F.);
#5608=EDGE_CURVE('',#6378,#6375,#6379,.T.);
#5609=EDGE_CURVE('',#6378,#6380,#6381,.T.);
#5610=EDGE_CURVE('',#6380,#6376,#6382,.T.);
#5611=EDGE_CURVE('',#6383,#6375,#6384,.T.);
#5612=EDGE_CURVE('',#6385,#6383,#6386,.T.);
#5613=EDGE_CURVE('',#6385,#6378,#6387,.T.);
#5614=EDGE_CURVE('',#6388,#6383,#6389,.F.);
#5615=EDGE_CURVE('',#6390,#6388,#6391,.T.);
#5616=EDGE_CURVE('',#6390,#6385,#6392,.T.);
#5617=EDGE_CURVE('',#6393,#6388,#6394,.T.);
#5618=EDGE_CURVE('',#6395,#6393,#6396,.T.);
#5619=EDGE_CURVE('',#6395,#6390,#6397,.T.);
#5620=EDGE_CURVE('',#6398,#6393,#6399,.F.);
#5621=EDGE_CURVE('',#6400,#6398,#6401,.T.);
#5622=EDGE_CURVE('',#6400,#6395,#6402,.T.);
#5623=EDGE_CURVE('',#6403,#6398,#6404,.T.);
#5624=EDGE_CURVE('',#6405,#6403,#6406,.T.);
#5625=EDGE_CURVE('',#6405,#6400,#6407,.T.);
#5626=EDGE_CURVE('',#6408,#6403,#6409,.F.);
#5627=EDGE_CURVE('',#6410,#6408,#6411,.T.);
#5628=EDGE_CURVE('',#6410,#6405,#6412,.T.);
#5629=EDGE_CURVE('',#6376,#6408,#6413,.T.);
#5630=EDGE_CURVE('',#6380,#6410,#6414,.T.);
#5631=EDGE_CURVE('',#6415,#6416,#6417,.T.);
#5632=EDGE_CURVE('',#6418,#6415,#6419,.T.);
#5633=EDGE_CURVE('',#6420,#6418,#6421,.T.);
#5634=EDGE_CURVE('',#6416,#6420,#6422,.T.);
#5635=EDGE_CURVE('',#6423,#6378,#6424,.F.);
#5636=EDGE_CURVE('',#6423,#6425,#6426,.T.);
#5637=EDGE_CURVE('',#6425,#6380,#6427,.F.);
#5638=EDGE_CURVE('',#6428,#6385,#6429,.F.);
#5639=EDGE_CURVE('',#6428,#6423,#6430,.T.);
#5640=EDGE_CURVE('',#6431,#6390,#6432,.F.);
#5641=EDGE_CURVE('',#6431,#6428,#6433,.T.);
#5642=EDGE_CURVE('',#6434,#6395,#6435,.F.);
#5643=EDGE_CURVE('',#6434,#6431,#6436,.T.);
#5644=EDGE_CURVE('',#6437,#6400,#6438,.F.);
#5645=EDGE_CURVE('',#6437,#6434,#6439,.T.);
#5646=EDGE_CURVE('',#6440,#6405,#6441,.F.);
#5647=EDGE_CURVE('',#6440,#6437,#6442,.T.);
#5648=EDGE_CURVE('',#6443,#6410,#6444,.F.);
#5649=EDGE_CURVE('',#6443,#6440,#6445,.T.);
#5650=EDGE_CURVE('',#6425,#6443,#6446,.T.);
#5651=EDGE_CURVE('',#6416,#6447,#6448,.T.);
#5652=EDGE_CURVE('',#6449,#6447,#6450,.T.);
#5653=EDGE_CURVE('',#6415,#6449,#6451,.T.);
#5654=EDGE_CURVE('',#6452,#6449,#6453,.T.);
#5655=EDGE_CURVE('',#6418,#6452,#6454,.T.);
#5656=EDGE_CURVE('',#6455,#6452,#6456,.T.);
#5657=EDGE_CURVE('',#6420,#6455,#6457,.T.);
#5658=EDGE_CURVE('',#6447,#6455,#6458,.T.);
#5659=EDGE_CURVE('',#6459,#6460,#6461,.F.);
#5660=EDGE_CURVE('',#6460,#6462,#6463,.T.);
#5661=EDGE_CURVE('',#6462,#6464,#6465,.T.);
#5662=EDGE_CURVE('',#6466,#6464,#6467,.T.);
#5663=EDGE_CURVE('',#6466,#6468,#6469,.T.);
#5664=EDGE_CURVE('',#6468,#6470,#6471,.F.);
#5665=EDGE_CURVE('',#6470,#6472,#6473,.T.);
#5666=EDGE_CURVE('',#6472,#6459,#6474,.T.);
#5667=EDGE_CURVE('',#6475,#6475,#6476,.T.);
#5668=EDGE_CURVE('',#6477,#6477,#6478,.T.);
#5669=EDGE_CURVE('',#6479,#6479,#6480,.T.);
#5670=EDGE_CURVE('',#6481,#6481,#6482,.T.);
#5671=EDGE_CURVE('',#6460,#6483,#6484,.T.);
#5672=EDGE_CURVE('',#6485,#6459,#6486,.T.);
#5673=EDGE_CURVE('',#6487,#6485,#6488,.F.);
#5674=EDGE_CURVE('',#6489,#6487,#6490,.T.);
#5675=EDGE_CURVE('',#6491,#6489,#6492,.T.);
#5676=EDGE_CURVE('',#6493,#6491,#6494,.F.);
#5677=EDGE_CURVE('',#6495,#6493,#6496,.T.);
#5678=EDGE_CURVE('',#6497,#6495,#6498,.F.);
#5679=EDGE_CURVE('',#6499,#6497,#6500,.T.);
#5680=EDGE_CURVE('',#6483,#6499,#6501,.F.);
#5681=EDGE_CURVE('',#6483,#6502,#6503,.T.);
#5682=EDGE_CURVE('',#6502,#6462,#6504,.F.);
#5683=EDGE_CURVE('',#6505,#6506,#6507,.T.);
#5684=EDGE_CURVE('',#6508,#6505,#6509,.F.);
#5685=EDGE_CURVE('',#6510,#6508,#6511,.T.);
#5686=EDGE_CURVE('',#6512,#6510,#6513,.F.);
#5687=EDGE_CURVE('',#6514,#6512,#6515,.T.);
#5688=EDGE_CURVE('',#6516,#6514,#6517,.F.);
#5689=EDGE_CURVE('',#6518,#6516,#6519,.T.);
#5690=EDGE_CURVE('',#6520,#6518,#6521,.F.);
#5691=EDGE_CURVE('',#6522,#6520,#6523,.T.);
#5692=EDGE_CURVE('',#6524,#6522,#6525,.F.);
#5693=EDGE_CURVE('',#6526,#6524,#6527,.T.);
#5694=EDGE_CURVE('',#6528,#6526,#6529,.F.);
#5695=EDGE_CURVE('',#6530,#6528,#6531,.T.);
#5696=EDGE_CURVE('',#6532,#6530,#6533,.F.);
#5697=EDGE_CURVE('',#6534,#6532,#6535,.T.);
#5698=EDGE_CURVE('',#6536,#6534,#6537,.F.);
#5699=EDGE_CURVE('',#6538,#6536,#6539,.T.);
#5700=EDGE_CURVE('',#6464,#6538,#6540,.F.);
#5701=EDGE_CURVE('',#6541,#6502,#6542,.T.);
#5702=EDGE_CURVE('',#6543,#6541,#6544,.F.);
#5703=EDGE_CURVE('',#6545,#6543,#6546,.T.);
#5704=EDGE_CURVE('',#6506,#6545,#6547,.F.);
#5705=EDGE_CURVE('',#6548,#6549,#6550,.F.);
#5706=EDGE_CURVE('',#6549,#6551,#6552,.F.);
#5707=EDGE_CURVE('',#6551,#6553,#6554,.F.);
#5708=EDGE_CURVE('',#6553,#6548,#6555,.F.);
#5709=EDGE_CURVE('',#6556,#6557,#6558,.T.);
#5710=EDGE_CURVE('',#6557,#6559,#6560,.T.);
#5711=EDGE_CURVE('',#6559,#6561,#6562,.T.);
#5712=EDGE_CURVE('',#6561,#6563,#6564,.T.);
#5713=EDGE_CURVE('',#6563,#6565,#6566,.T.);
#5714=EDGE_CURVE('',#6565,#6567,#6568,.T.);
#5715=EDGE_CURVE('',#6567,#6569,#6570,.T.);
#5716=EDGE_CURVE('',#6569,#6556,#6571,.T.);
#5717=EDGE_CURVE('',#6572,#6573,#6574,.T.);
#5718=EDGE_CURVE('',#6573,#6575,#6576,.T.);
#5719=EDGE_CURVE('',#6575,#6577,#6578,.T.);
#5720=EDGE_CURVE('',#6577,#6579,#6580,.T.);
#5721=EDGE_CURVE('',#6579,#6581,#6582,.T.);
#5722=EDGE_CURVE('',#6581,#6583,#6584,.T.);
#5723=EDGE_CURVE('',#6583,#6585,#6586,.T.);
#5724=EDGE_CURVE('',#6585,#6572,#6587,.T.);
#5725=EDGE_CURVE('',#6588,#6466,#6589,.T.);
#5726=EDGE_CURVE('',#6588,#6538,#6590,.T.);
#5727=EDGE_CURVE('',#6591,#6588,#6592,.T.);
#5728=EDGE_CURVE('',#6593,#6591,#6594,.T.);
#5729=EDGE_CURVE('',#6595,#6593,#6596,.T.);
#5730=EDGE_CURVE('',#6597,#6595,#6598,.T.);
#5731=EDGE_CURVE('',#6599,#6597,#6600,.F.);
#5732=EDGE_CURVE('',#6601,#6599,#6602,.F.);
#5733=EDGE_CURVE('',#6601,#6603,#6604,.T.);
#5734=EDGE_CURVE('',#6605,#6603,#6606,.T.);
#5735=EDGE_CURVE('',#6605,#6468,#6607,.T.);
#5736=EDGE_CURVE('',#6608,#6605,#6609,.F.);
#5737=EDGE_CURVE('',#6610,#6608,#6611,.F.);
#5738=EDGE_CURVE('',#6612,#6610,#6613,.T.);
#5739=EDGE_CURVE('',#6612,#6614,#6615,.T.);
#5740=EDGE_CURVE('',#6614,#6616,#6617,.T.);
#5741=EDGE_CURVE('',#6470,#6616,#6618,.F.);
#5742=EDGE_CURVE('',#6619,#6472,#6620,.T.);
#5743=EDGE_CURVE('',#6616,#6621,#6622,.T.);
#5744=EDGE_CURVE('',#6621,#6623,#6624,.T.);
#5745=EDGE_CURVE('',#6625,#6623,#6626,.T.);
#5746=EDGE_CURVE('',#6625,#6627,#6628,.T.);
#5747=EDGE_CURVE('',#6627,#6610,#6629,.T.);
#5748=EDGE_CURVE('',#6630,#6608,#6631,.T.);
#5749=EDGE_CURVE('',#6630,#6632,#6633,.T.);
#5750=EDGE_CURVE('',#6632,#6634,#6635,.T.);
#5751=EDGE_CURVE('',#6634,#6636,#6637,.T.);
#5752=EDGE_CURVE('',#6638,#6636,#6639,.T.);
#5753=EDGE_CURVE('',#6638,#6640,#6641,.T.);
#5754=EDGE_CURVE('',#6640,#6619,#6642,.T.);
#5755=EDGE_CURVE('',#6643,#6644,#6645,.T.);
#5756=EDGE_CURVE('',#6644,#6646,#6647,.T.);
#5757=EDGE_CURVE('',#6646,#6648,#6649,.T.);
#5758=EDGE_CURVE('',#6648,#6650,#6651,.T.);
#5759=EDGE_CURVE('',#6650,#6652,#6653,.T.);
#5760=EDGE_CURVE('',#6652,#6654,#6655,.T.);
#5761=EDGE_CURVE('',#6654,#6656,#6657,.T.);
#5762=EDGE_CURVE('',#6656,#6643,#6658,.T.);
#5763=EDGE_CURVE('',#6659,#6660,#6661,.T.);
#5764=EDGE_CURVE('',#6660,#6662,#6663,.T.);
#5765=EDGE_CURVE('',#6662,#6664,#6665,.T.);
#5766=EDGE_CURVE('',#6664,#6666,#6667,.T.);
#5767=EDGE_CURVE('',#6666,#6668,#6669,.F.);
#5768=EDGE_CURVE('',#6668,#6670,#6671,.F.);
#5769=EDGE_CURVE('',#6670,#6672,#6673,.F.);
#5770=EDGE_CURVE('',#6672,#6659,#6674,.T.);
#5771=EDGE_CURVE('',#6675,#6676,#6677,.F.);
#5772=EDGE_CURVE('',#6676,#6678,#6679,.F.);
#5773=EDGE_CURVE('',#6678,#6680,#6681,.F.);
#5774=EDGE_CURVE('',#6680,#6682,#6683,.F.);
#5775=EDGE_CURVE('',#6682,#6684,#6685,.F.);
#5776=EDGE_CURVE('',#6684,#6686,#6687,.F.);
#5777=EDGE_CURVE('',#6686,#6688,#6689,.F.);
#5778=EDGE_CURVE('',#6688,#6675,#6690,.F.);
#5779=EDGE_CURVE('',#6485,#6630,#6691,.T.);
#5780=EDGE_CURVE('',#6692,#6619,#6693,.T.);
#5781=EDGE_CURVE('',#6694,#6692,#6695,.T.);
#5782=EDGE_CURVE('',#6694,#6632,#6696,.T.);
#5783=EDGE_CURVE('',#6697,#6697,#6698,.T.);
#5784=EDGE_CURVE('',#6699,#6699,#6700,.T.);
#5785=EDGE_CURVE('',#6603,#6701,#6702,.F.);
#5786=EDGE_CURVE('',#6701,#6703,#6704,.T.);
#5787=EDGE_CURVE('',#6703,#6518,#6705,.T.);
#5788=EDGE_CURVE('',#6706,#6516,#6707,.T.);
#5789=EDGE_CURVE('',#6706,#6708,#6709,.F.);
#5790=EDGE_CURVE('',#6708,#6487,#6710,.T.);
#5791=EDGE_CURVE('',#6711,#6489,#6712,.F.);
#5792=EDGE_CURVE('',#6713,#6708,#6714,.F.);
#5793=EDGE_CURVE('',#6711,#6713,#6715,.T.);
#5794=EDGE_CURVE('',#6711,#6692,#6716,.T.);
#5795=EDGE_CURVE('',#6717,#6619,#6718,.F.);
#5796=EDGE_CURVE('',#6719,#6717,#6720,.F.);
#5797=EDGE_CURVE('',#6491,#6719,#6721,.T.);
#5798=EDGE_CURVE('',#6722,#6719,#6723,.T.);
#5799=EDGE_CURVE('',#6493,#6722,#6724,.F.);
#5800=EDGE_CURVE('',#6722,#6725,#6726,.T.);
#5801=EDGE_CURVE('',#6725,#6506,#6727,.T.);
#5802=EDGE_CURVE('',#6495,#6545,#6728,.T.);
#5803=EDGE_CURVE('',#6497,#6543,#6729,.T.);
#5804=EDGE_CURVE('',#6499,#6541,#6730,.T.);
#5805=EDGE_CURVE('',#6731,#6732,#6733,.F.);
#5806=EDGE_CURVE('',#6732,#6505,#6734,.T.);
#5807=EDGE_CURVE('',#6725,#6735,#6736,.T.);
#5808=EDGE_CURVE('',#6735,#6638,#6737,.F.);
#5809=EDGE_CURVE('',#6636,#6738,#6739,.F.);
#5810=EDGE_CURVE('',#6738,#6740,#6741,.T.);
#5811=EDGE_CURVE('',#6731,#6740,#6742,.T.);
#5812=EDGE_CURVE('',#6732,#6743,#6744,.T.);
#5813=EDGE_CURVE('',#6743,#6508,#6745,.T.);
#5814=EDGE_CURVE('',#6743,#6746,#6747,.F.);
#5815=EDGE_CURVE('',#6746,#6510,#6748,.T.);
#5816=EDGE_CURVE('',#6746,#6749,#6750,.T.);
#5817=EDGE_CURVE('',#6749,#6512,#6751,.T.);
#5818=EDGE_CURVE('',#6749,#6752,#6753,.F.);
#5819=EDGE_CURVE('',#6752,#6514,#6754,.T.);
#5820=EDGE_CURVE('',#6752,#6706,#6755,.T.);
#5821=EDGE_CURVE('',#6703,#6756,#6757,.T.);
#5822=EDGE_CURVE('',#6756,#6520,#6758,.T.);
#5823=EDGE_CURVE('',#6756,#6759,#6760,.T.);
#5824=EDGE_CURVE('',#6759,#6522,#6761,.T.);
#5825=EDGE_CURVE('',#6759,#6762,#6763,.T.);
#5826=EDGE_CURVE('',#6762,#6524,#6764,.T.);
#5827=EDGE_CURVE('',#6762,#6765,#6766,.T.);
#5828=EDGE_CURVE('',#6765,#6526,#6767,.T.);
#5829=EDGE_CURVE('',#6765,#6768,#6769,.T.);
#5830=EDGE_CURVE('',#6768,#6528,#6770,.T.);
#5831=EDGE_CURVE('',#6768,#6771,#6772,.T.);
#5832=EDGE_CURVE('',#6771,#6773,#6774,.T.);
#5833=EDGE_CURVE('',#6773,#6775,#6776,.T.);
#5834=EDGE_CURVE('',#6775,#6625,#6777,.F.);
#5835=EDGE_CURVE('',#6623,#6778,#6779,.F.);
#5836=EDGE_CURVE('',#6778,#6780,#6781,.T.);
#5837=EDGE_CURVE('',#6780,#6530,#6782,.T.);
#5838=EDGE_CURVE('',#6595,#6532,#6783,.T.);
#5839=EDGE_CURVE('',#6780,#6784,#6785,.T.);
#5840=EDGE_CURVE('',#6784,#6597,#6786,.T.);
#5841=EDGE_CURVE('',#6593,#6534,#6787,.T.);
#5842=EDGE_CURVE('',#6591,#6536,#6788,.T.);
#5843=EDGE_CURVE('',#6789,#6548,#6790,.T.);
#5844=EDGE_CURVE('',#6789,#6791,#6792,.T.);
#5845=EDGE_CURVE('',#6791,#6549,#6793,.T.);
#5846=EDGE_CURVE('',#6791,#6794,#6795,.T.);
#5847=EDGE_CURVE('',#6794,#6551,#6796,.T.);
#5848=EDGE_CURVE('',#6794,#6797,#6798,.T.);
#5849=EDGE_CURVE('',#6797,#6553,#6799,.T.);
#5850=EDGE_CURVE('',#6797,#6789,#6800,.T.);
#5851=EDGE_CURVE('',#6801,#6802,#6803,.T.);
#5852=EDGE_CURVE('',#6557,#6801,#6804,.T.);
#5853=EDGE_CURVE('',#6556,#6802,#6805,.T.);
#5854=EDGE_CURVE('',#6806,#6801,#6807,.F.);
#5855=EDGE_CURVE('',#6559,#6806,#6808,.T.);
#5856=EDGE_CURVE('',#6809,#6806,#6810,.T.);
#5857=EDGE_CURVE('',#6561,#6809,#6811,.T.);
#5858=EDGE_CURVE('',#6812,#6809,#6813,.F.);
#5859=EDGE_CURVE('',#6563,#6812,#6814,.T.);
#5860=EDGE_CURVE('',#6815,#6812,#6816,.T.);
#5861=EDGE_CURVE('',#6565,#6815,#6817,.T.);
#5862=EDGE_CURVE('',#6818,#6815,#6819,.F.);
#5863=EDGE_CURVE('',#6567,#6818,#6820,.T.);
#5864=EDGE_CURVE('',#6821,#6818,#6822,.T.);
#5865=EDGE_CURVE('',#6569,#6821,#6823,.T.);
#5866=EDGE_CURVE('',#6802,#6821,#6824,.F.);
#5867=EDGE_CURVE('',#6825,#6826,#6827,.T.);
#5868=EDGE_CURVE('',#6573,#6825,#6828,.T.);
#5869=EDGE_CURVE('',#6572,#6826,#6829,.T.);
#5870=EDGE_CURVE('',#6830,#6825,#6831,.F.);
#5871=EDGE_CURVE('',#6575,#6830,#6832,.T.);
#5872=EDGE_CURVE('',#6833,#6830,#6834,.T.);
#5873=EDGE_CURVE('',#6577,#6833,#6835,.T.);
#5874=EDGE_CURVE('',#6836,#6833,#6837,.F.);
#5875=EDGE_CURVE('',#6579,#6836,#6838,.T.);
#5876=EDGE_CURVE('',#6839,#6836,#6840,.T.);
#5877=EDGE_CURVE('',#6581,#6839,#6841,.T.);
#5878=EDGE_CURVE('',#6842,#6839,#6843,.F.);
#5879=EDGE_CURVE('',#6583,#6842,#6844,.T.);
#5880=EDGE_CURVE('',#6845,#6842,#6846,.T.);
#5881=EDGE_CURVE('',#6585,#6845,#6847,.T.);
#5882=EDGE_CURVE('',#6826,#6845,#6848,.F.);
#5883=EDGE_CURVE('',#6849,#6784,#6850,.F.);
#5884=EDGE_CURVE('',#6599,#6849,#6851,.T.);
#5885=EDGE_CURVE('',#6614,#6852,#6853,.T.);
#5886=EDGE_CURVE('',#6601,#6852,#6854,.T.);
#5887=EDGE_CURVE('',#6855,#6849,#6856,.T.);
#5888=EDGE_CURVE('',#6616,#6855,#6857,.T.);
#5889=EDGE_CURVE('',#6852,#6858,#6859,.T.);
#5890=EDGE_CURVE('',#6701,#6858,#6860,.F.);
#5891=EDGE_CURVE('',#6858,#6612,#6861,.T.);
#5892=EDGE_CURVE('',#6862,#6610,#6863,.T.);
#5893=EDGE_CURVE('',#6864,#6862,#6865,.T.);
#5894=EDGE_CURVE('',#6866,#6864,#6867,.T.);
#5895=EDGE_CURVE('',#6858,#6866,#6868,.T.);
#5896=EDGE_CURVE('',#6869,#6855,#6870,.T.);
#5897=EDGE_CURVE('',#6621,#6869,#6871,.T.);
#5898=EDGE_CURVE('',#6778,#6869,#6872,.T.);
#5899=EDGE_CURVE('',#6873,#6775,#6874,.T.);
#5900=EDGE_CURVE('',#6627,#6873,#6875,.T.);
#5901=EDGE_CURVE('',#6862,#6873,#6876,.T.);
#5902=EDGE_CURVE('',#6632,#6877,#6878,.F.);
#5903=EDGE_CURVE('',#6879,#6877,#6880,.T.);
#5904=EDGE_CURVE('',#6634,#6879,#6881,.T.);
#5905=EDGE_CURVE('',#6738,#6879,#6882,.T.);
#5906=EDGE_CURVE('',#6883,#6735,#6884,.T.);
#5907=EDGE_CURVE('',#6640,#6883,#6885,.T.);
#5908=EDGE_CURVE('',#6717,#6883,#6886,.T.);
#5909=EDGE_CURVE('',#6887,#6643,#6888,.T.);
#5910=EDGE_CURVE('',#6887,#6889,#6890,.T.);
#5911=EDGE_CURVE('',#6889,#6644,#6891,.T.);
#5912=EDGE_CURVE('',#6889,#6892,#6893,.T.);
#5913=EDGE_CURVE('',#6892,#6646,#6894,.T.);
#5914=EDGE_CURVE('',#6892,#6895,#6896,.T.);
#5915=EDGE_CURVE('',#6895,#6648,#6897,.T.);
#5916=EDGE_CURVE('',#6895,#6898,#6899,.T.);
#5917=EDGE_CURVE('',#6898,#6650,#6900,.T.);
#5918=EDGE_CURVE('',#6898,#6901,#6902,.T.);
#5919=EDGE_CURVE('',#6901,#6652,#6903,.T.);
#5920=EDGE_CURVE('',#6901,#6904,#6905,.T.);
#5921=EDGE_CURVE('',#6904,#6654,#6906,.T.);
#5922=EDGE_CURVE('',#6904,#6907,#6908,.T.);
#5923=EDGE_CURVE('',#6907,#6656,#6909,.T.);
#5924=EDGE_CURVE('',#6907,#6887,#6910,.T.);
#5925=EDGE_CURVE('',#6911,#6659,#6912,.T.);
#5926=EDGE_CURVE('',#6911,#6913,#6914,.T.);
#5927=EDGE_CURVE('',#6913,#6660,#6915,.T.);
#5928=EDGE_CURVE('',#6913,#6916,#6917,.T.);
#5929=EDGE_CURVE('',#6916,#6662,#6918,.T.);
#5930=EDGE_CURVE('',#6916,#6919,#6920,.T.);
#5931=EDGE_CURVE('',#6919,#6664,#6921,.T.);
#5932=EDGE_CURVE('',#6922,#6919,#6923,.T.);
#5933=EDGE_CURVE('',#6922,#6666,#6924,.T.);
#5934=EDGE_CURVE('',#6925,#6922,#6926,.T.);
#5935=EDGE_CURVE('',#6925,#6668,#6927,.T.);
#5936=EDGE_CURVE('',#6928,#6925,#6929,.T.);
#5937=EDGE_CURVE('',#6928,#6670,#6930,.T.);
#5938=EDGE_CURVE('',#6931,#6928,#6932,.T.);
#5939=EDGE_CURVE('',#6931,#6672,#6933,.T.);
#5940=EDGE_CURVE('',#6931,#6911,#6934,.T.);
#5941=EDGE_CURVE('',#6935,#6675,#6936,.T.);
#5942=EDGE_CURVE('',#6937,#6935,#6938,.T.);
#5943=EDGE_CURVE('',#6937,#6676,#6939,.T.);
#5944=EDGE_CURVE('',#6940,#6937,#6941,.T.);
#5945=EDGE_CURVE('',#6940,#6678,#6942,.T.);
#5946=EDGE_CURVE('',#6943,#6940,#6944,.T.);
#5947=EDGE_CURVE('',#6943,#6680,#6945,.T.);
#5948=EDGE_CURVE('',#6946,#6943,#6947,.T.);
#5949=EDGE_CURVE('',#6946,#6682,#6948,.T.);
#5950=EDGE_CURVE('',#6949,#6946,#6950,.T.);
#5951=EDGE_CURVE('',#6949,#6684,#6951,.T.);
#5952=EDGE_CURVE('',#6952,#6949,#6953,.T.);
#5953=EDGE_CURVE('',#6952,#6686,#6954,.T.);
#5954=EDGE_CURVE('',#6955,#6952,#6956,.T.);
#5955=EDGE_CURVE('',#6955,#6688,#6957,.T.);
#5956=EDGE_CURVE('',#6935,#6955,#6958,.T.);
#5957=EDGE_CURVE('',#6694,#6713,#6959,.T.);
#5958=EDGE_CURVE('',#6713,#6960,#6961,.T.);
#5959=EDGE_CURVE('',#6960,#6962,#6963,.T.);
#5960=EDGE_CURVE('',#6877,#6962,#6964,.F.);
#5961=EDGE_CURVE('',#6866,#6771,#6965,.T.);
#5962=EDGE_CURVE('',#6960,#6731,#6966,.T.);
#5963=EDGE_CURVE('',#6962,#6740,#6967,.T.);
#5964=EDGE_CURVE('',#6773,#6864,#6968,.F.);
#5965=EDGE_CURVE('',#6969,#6970,#6971,.T.);
#5966=EDGE_CURVE('',#6972,#6969,#6973,.T.);
#5967=EDGE_CURVE('',#6974,#6972,#6975,.T.);
#5968=EDGE_CURVE('',#6970,#6974,#6976,.T.);
#5969=EDGE_CURVE('',#6977,#6978,#6979,.T.);
#5970=EDGE_CURVE('',#6980,#6977,#6981,.T.);
#5971=EDGE_CURVE('',#6982,#6980,#6983,.T.);
#5972=EDGE_CURVE('',#6978,#6982,#6984,.T.);
#5973=EDGE_CURVE('',#6985,#6986,#6987,.T.);
#5974=EDGE_CURVE('',#6969,#6985,#6988,.T.);
#5975=EDGE_CURVE('',#6970,#6986,#6989,.T.);
#5976=EDGE_CURVE('',#6990,#6985,#6991,.T.);
#5977=EDGE_CURVE('',#6972,#6990,#6992,.T.);
#5978=EDGE_CURVE('',#6993,#6990,#6994,.T.);
#5979=EDGE_CURVE('',#6974,#6993,#6995,.T.);
#5980=EDGE_CURVE('',#6986,#6993,#6996,.T.);
#5981=EDGE_CURVE('',#6997,#6998,#6999,.T.);
#5982=EDGE_CURVE('',#6977,#6997,#7000,.T.);
#5983=EDGE_CURVE('',#6978,#6998,#7001,.T.);
#5984=EDGE_CURVE('',#7002,#6997,#7003,.T.);
#5985=EDGE_CURVE('',#6980,#7002,#7004,.T.);
#5986=EDGE_CURVE('',#7005,#7002,#7006,.T.);
#5987=EDGE_CURVE('',#6982,#7005,#7007,.T.);
#5988=EDGE_CURVE('',#6998,#7005,#7008,.T.);
#5989=EDGE_CURVE('',#6986,#7009,#7010,.T.);
#5990=EDGE_CURVE('',#7009,#7011,#7012,.T.);
#5991=EDGE_CURVE('',#6985,#7011,#7013,.T.);
#5992=EDGE_CURVE('',#6990,#7011,#7014,.T.);
#5993=EDGE_CURVE('',#6993,#7009,#7015,.T.);
#5994=EDGE_CURVE('',#6998,#7016,#7017,.T.);
#5995=EDGE_CURVE('',#7016,#7018,#7019,.T.);
#5996=EDGE_CURVE('',#6997,#7018,#7020,.T.);
#5997=EDGE_CURVE('',#7002,#7018,#7021,.T.);
#5998=EDGE_CURVE('',#7005,#7016,#7022,.T.);
#5999=LINE('',#7023,#7024);
#6000=LINE('',#7026,#7027);
#6001=LINE('',#7029,#7030);
#6002=LINE('',#7032,#7033);
#6003=LINE('',#7035,#7036);
#6004=LINE('',#7038,#7039);
#6005=LINE('',#7041,#7042);
#6006=LINE('',#7044,#7045);
#6007=LINE('',#7047,#7048);
#6008=LINE('',#7050,#7051);
#6009=LINE('',#7053,#7054);
#6010=LINE('',#7056,#7057);
#6011=LINE('',#7059,#7060);
#6012=LINE('',#7062,#7063);
#6013=LINE('',#7065,#7066);
#6014=LINE('',#7068,#7069);
#6015=LINE('',#7071,#7072);
#6016=LINE('',#7074,#7075);
#6017=LINE('',#7077,#7078);
#6018=LINE('',#7080,#7081);
#6019=AXIS2_PLACEMENT_3D('',#6020,#6021,#6022);
#6020=CARTESIAN_POINT('',(0.,-1.15,0.));
#6021=DIRECTION('',(0.,0.,1.));
#6022=DIRECTION('',(1.,0.,0.));
#6023=AXIS2_PLACEMENT_3D('',#6024,#6025,#6026);
#6024=CARTESIAN_POINT('',(0.,1.15,0.));
#6025=DIRECTION('',(0.,0.,1.));
#6026=DIRECTION('',(1.,0.,0.));
#6027=VERTEX_POINT('',#7083);
#6028=VERTEX_POINT('',#7084);
#6029=LINE('',#7085,#7086);
#6030=VERTEX_POINT('',#7088);
#6031=CIRCLE('',#7089,0.15);
#6032=VERTEX_POINT('',#7093);
#6033=LINE('',#7094,#7095);
#6034=VERTEX_POINT('',#7097);
#6035=CIRCLE('',#7098,0.3);
#6036=VERTEX_POINT('',#7102);
#6037=LINE('',#7103,#7104);
#6038=VERTEX_POINT('',#7106);
#6039=CIRCLE('',#7107,0.3);
#6040=VERTEX_POINT('',#7111);
#6041=LINE('',#7112,#7113);
#6042=VERTEX_POINT('',#7115);
#6043=CIRCLE('',#7116,0.15);
#6044=VERTEX_POINT('',#7120);
#6045=LINE('',#7121,#7122);
#6046=VERTEX_POINT('',#7124);
#6047=LINE('',#7125,#7126);
#6048=VERTEX_POINT('',#7128);
#6049=CIRCLE('',#7129,0.150000001314824);
#6050=VERTEX_POINT('',#7133);
#6051=CIRCLE('',#7134,0.3);
#6052=VERTEX_POINT('',#7138);
#6053=CIRCLE('',#7139,0.0799999999999997);
#6054=VERTEX_POINT('',#7143);
#6055=LINE('',#7144,#7145);
#6056=VERTEX_POINT('',#7147);
#6057=CIRCLE('',#7148,0.08);
#6058=VERTEX_POINT('',#7152);
#6059=CIRCLE('',#7153,0.3);
#6060=VERTEX_POINT('',#7157);
#6061=CIRCLE('',#7158,0.15);
#6062=LINE('',#7162,#7163);
#6063=VERTEX_POINT('',#7165);
#6064=VERTEX_POINT('',#7166);
#6065=LINE('',#7167,#7168);
#6066=VERTEX_POINT('',#7170);
#6067=CIRCLE('',#7171,0.2);
#6068=VERTEX_POINT('',#7175);
#6069=LINE('',#7176,#7177);
#6070=VERTEX_POINT('',#7179);
#6071=CIRCLE('',#7180,0.2);
#6072=VERTEX_POINT('',#7184);
#6073=LINE('',#7185,#7186);
#6074=VERTEX_POINT('',#7188);
#6075=CIRCLE('',#7189,0.2);
#6076=VERTEX_POINT('',#7193);
#6077=LINE('',#7194,#7195);
#6078=CIRCLE('',#7197,0.2);
#6079=VERTEX_POINT('',#7201);
#6080=VERTEX_POINT('',#7202);
#6081=CIRCLE('',#7203,0.2);
#6082=VERTEX_POINT('',#7207);
#6083=LINE('',#7208,#7209);
#6084=VERTEX_POINT('',#7211);
#6085=CIRCLE('',#7212,0.2);
#6086=VERTEX_POINT('',#7216);
#6087=LINE('',#7217,#7218);
#6088=VERTEX_POINT('',#7220);
#6089=CIRCLE('',#7221,0.2);
#6090=VERTEX_POINT('',#7225);
#6091=LINE('',#7226,#7227);
#6092=VERTEX_POINT('',#7229);
#6093=CIRCLE('',#7230,0.2);
#6094=LINE('',#7234,#7235);
#6095=VERTEX_POINT('',#7237);
#6096=VERTEX_POINT('',#7238);
#6097=CIRCLE('',#7239,0.2);
#6098=VERTEX_POINT('',#7243);
#6099=LINE('',#7244,#7245);
#6100=VERTEX_POINT('',#7247);
#6101=CIRCLE('',#7248,0.2);
#6102=VERTEX_POINT('',#7252);
#6103=LINE('',#7253,#7254);
#6104=VERTEX_POINT('',#7256);
#6105=CIRCLE('',#7257,0.2);
#6106=VERTEX_POINT('',#7261);
#6107=LINE('',#7262,#7263);
#6108=VERTEX_POINT('',#7265);
#6109=CIRCLE('',#7266,0.2);
#6110=LINE('',#7270,#7271);
#6111=VERTEX_POINT('',#7273);
#6112=VERTEX_POINT('',#7274);
#6113=LINE('',#7275,#7276);
#6114=LINE('',#7278,#7279);
#6115=LINE('',#7281,#7282);
#6116=VERTEX_POINT('',#7284);
#6117=CIRCLE('',#7285,0.2);
#6118=LINE('',#7289,#7290);
#6119=VERTEX_POINT('',#7292);
#6120=LINE('',#7293,#7294);
#6121=LINE('',#7296,#7297);
#6122=VERTEX_POINT('',#7299);
#6123=CIRCLE('',#7300,0.2);
#6124=LINE('',#7304,#7305);
#6125=VERTEX_POINT('',#7307);
#6126=LINE('',#7308,#7309);
#6127=LINE('',#7311,#7312);
#6128=VERTEX_POINT('',#7314);
#6129=CIRCLE('',#7315,0.2);
#6130=LINE('',#7319,#7320);
#6131=VERTEX_POINT('',#7322);
#6132=LINE('',#7323,#7324);
#6133=LINE('',#7326,#7327);
#6134=CIRCLE('',#7329,0.2);
#6135=VERTEX_POINT('',#7333);
#6136=VERTEX_POINT('',#7334);
#6137=LINE('',#7335,#7336);
#6138=LINE('',#7338,#7339);
#6139=LINE('',#7341,#7342);
#6140=VERTEX_POINT('',#7344);
#6141=CIRCLE('',#7345,0.2);
#6142=LINE('',#7349,#7350);
#6143=VERTEX_POINT('',#7352);
#6144=LINE('',#7353,#7354);
#6145=LINE('',#7356,#7357);
#6146=VERTEX_POINT('',#7359);
#6147=CIRCLE('',#7360,0.2);
#6148=LINE('',#7364,#7365);
#6149=VERTEX_POINT('',#7367);
#6150=LINE('',#7368,#7369);
#6151=LINE('',#7371,#7372);
#6152=VERTEX_POINT('',#7374);
#6153=CIRCLE('',#7375,0.2);
#6154=LINE('',#7379,#7380);
#6155=VERTEX_POINT('',#7382);
#6156=LINE('',#7383,#7384);
#6157=LINE('',#7386,#7387);
#6158=CIRCLE('',#7389,0.2);
#6159=VERTEX_POINT('',#7393);
#6160=VERTEX_POINT('',#7394);
#6161=CIRCLE('',#7395,0.2);
#6162=LINE('',#7399,#7400);
#6163=LINE('',#7402,#7403);
#6164=VERTEX_POINT('',#7405);
#6165=LINE('',#7406,#7407);
#6166=LINE('',#7409,#7410);
#6167=VERTEX_POINT('',#7412);
#6168=CIRCLE('',#7413,0.2);
#6169=LINE('',#7417,#7418);
#6170=VERTEX_POINT('',#7420);
#6171=LINE('',#7421,#7422);
#6172=LINE('',#7424,#7425);
#6173=VERTEX_POINT('',#7427);
#6174=CIRCLE('',#7428,0.2);
#6175=LINE('',#7432,#7433);
#6176=VERTEX_POINT('',#7435);
#6177=LINE('',#7436,#7437);
#6178=LINE('',#7439,#7440);
#6179=VERTEX_POINT('',#7442);
#6180=CIRCLE('',#7443,0.2);
#6181=LINE('',#7447,#7448);
#6182=LINE('',#7450,#7451);
#6183=VERTEX_POINT('',#7453);
#6184=LINE('',#7454,#7455);
#6185=VERTEX_POINT('',#7457);
#6186=LINE('',#7458,#7459);
#6187=LINE('',#7461,#7462);
#6188=VERTEX_POINT('',#7464);
#6189=LINE('',#7465,#7466);
#6190=CIRCLE('',#7468,0.15);
#6191=VERTEX_POINT('',#7472);
#6192=LINE('',#7473,#7474);
#6193=CIRCLE('',#7476,0.3);
#6194=VERTEX_POINT('',#7480);
#6195=LINE('',#7481,#7482);
#6196=CIRCLE('',#7484,0.08);
#6197=VERTEX_POINT('',#7488);
#6198=LINE('',#7489,#7490);
#6199=LINE('',#7492,#7493);
#6200=VERTEX_POINT('',#7495);
#6201=LINE('',#7496,#7497);
#6202=CIRCLE('',#7499,0.0799999999999997);
#6203=VERTEX_POINT('',#7503);
#6204=LINE('',#7504,#7505);
#6205=CIRCLE('',#7507,0.3);
#6206=VERTEX_POINT('',#7511);
#6207=LINE('',#7512,#7513);
#6208=CIRCLE('',#7515,0.150000001314824);
#6209=VERTEX_POINT('',#7519);
#6210=LINE('',#7520,#7521);
#6211=LINE('',#7523,#7524);
#6212=VERTEX_POINT('',#7526);
#6213=VERTEX_POINT('',#7527);
#6214=LINE('',#7528,#7529);
#6215=CIRCLE('',#7531,0.1);
#6216=VERTEX_POINT('',#7535);
#6217=B_SPLINE_CURVE_WITH_KNOTS('',3,
(#7536,#7537,#7538,#7539,#7540,#7541),
.UNSPECIFIED.,.F.,.F.,
(4,1,1,4),
(0.,0.333333333333333,0.666666666666667,1.),
.UNSPECIFIED.);
#6218=CIRCLE('',#7542,0.0999999999999986);
#6219=VERTEX_POINT('',#7546);
#6220=LINE('',#7547,#7548);
#6221=VERTEX_POINT('',#7550);
#6222=LINE('',#7551,#7552);
#6223=CIRCLE('',#7554,0.15);
#6224=VERTEX_POINT('',#7558);
#6225=LINE('',#7559,#7560);
#6226=LINE('',#7562,#7563);
#6227=VERTEX_POINT('',#7565);
#6228=LINE('',#7566,#7567);
#6229=CIRCLE('',#7569,0.3);
#6230=VERTEX_POINT('',#7573);
#6231=LINE('',#7574,#7575);
#6232=LINE('',#7577,#7578);
#6233=VERTEX_POINT('',#7580);
#6234=LINE('',#7581,#7582);
#6235=CIRCLE('',#7584,0.3);
#6236=VERTEX_POINT('',#7588);
#6237=LINE('',#7589,#7590);
#6238=LINE('',#7592,#7593);
#6239=VERTEX_POINT('',#7595);
#6240=LINE('',#7596,#7597);
#6241=CIRCLE('',#7599,0.15);
#6242=VERTEX_POINT('',#7603);
#6243=VERTEX_POINT('',#7604);
#6244=LINE('',#7605,#7606);
#6245=VERTEX_POINT('',#7608);
#6246=CIRCLE('',#7609,0.0999999999999999);
#6247=B_SPLINE_CURVE_WITH_KNOTS('',3,
(#7613,#7614,#7615,#7616,#7617,#7618),
.UNSPECIFIED.,.F.,.F.,
(4,1,1,4),
(0.,0.333333333333333,0.666666666666667,1.),
.UNSPECIFIED.);
#6248=CIRCLE('',#7619,0.1);
#6249=LINE('',#7623,#7624);
#6250=LINE('',#7626,#7627);
#6251=VERTEX_POINT('',#7629);
#6252=LINE('',#7630,#7631);
#6253=CIRCLE('',#7633,0.299999999999999);
#6254=VERTEX_POINT('',#7637);
#6255=VERTEX_POINT('',#7638);
#6256=CIRCLE('',#7639,0.3);
#6257=LINE('',#7643,#7644);
#6258=LINE('',#7646,#7647);
#6259=B_SPLINE_CURVE_WITH_KNOTS('',3,
(#7649,#7650,#7651,#7652,#7653,#7654),
.UNSPECIFIED.,.F.,.F.,
(4,1,1,4),
(0.,0.333333333333333,0.666666666666667,1.),
.UNSPECIFIED.);
#6260=VERTEX_POINT('',#7655);
#6261=LINE('',#7656,#7657);
#6262=VERTEX_POINT('',#7659);
#6263=LINE('',#7660,#7661);
#6264=LINE('',#7663,#7664);
#6265=VERTEX_POINT('',#7666);
#6266=LINE('',#7667,#7668);
#6267=VERTEX_POINT('',#7670);
#6268=LINE('',#7671,#7672);
#6269=LINE('',#7674,#7675);
#6270=LINE('',#7677,#7678);
#6271=VERTEX_POINT('',#7680);
#6272=VERTEX_POINT('',#7681);
#6273=LINE('',#7682,#7683);
#6274=CIRCLE('',#7685,0.3);
#6275=VERTEX_POINT('',#7689);
#6276=B_SPLINE_CURVE_WITH_KNOTS('',3,
(#7690,#7691,#7692,#7693,#7694,#7695),
.UNSPECIFIED.,.F.,.F.,
(4,1,1,4),
(0.,0.333333333333333,0.666666666666667,1.),
.UNSPECIFIED.);
#6277=CIRCLE('',#7696,0.3);
#6278=LINE('',#7700,#7701);
#6279=VERTEX_POINT('',#7703);
#6280=LINE('',#7704,#7705);
#6281=LINE('',#7707,#7708);
#6282=VERTEX_POINT('',#7710);
#6283=LINE('',#7711,#7712);
#6284=LINE('',#7714,#7715);
#6285=VERTEX_POINT('',#7717);
#6286=LINE('',#7718,#7719);
#6287=LINE('',#7721,#7722);
#6288=LINE('',#7724,#7725);
#6289=LINE('',#7727,#7728);
#6290=VERTEX_POINT('',#7730);
#6291=LINE('',#7731,#7732);
#6292=LINE('',#7734,#7735);
#6293=LINE('',#7737,#7738);
#6294=LINE('',#7740,#7741);
#6295=VERTEX_POINT('',#7743);
#6296=VERTEX_POINT('',#7744);
#6297=LINE('',#7745,#7746);
#6298=VERTEX_POINT('',#7748);
#6299=LINE('',#7749,#7750);
#6300=VERTEX_POINT('',#7752);
#6301=LINE('',#7753,#7754);
#6302=LINE('',#7756,#7757);
#6303=VERTEX_POINT('',#7759);
#6304=CIRCLE('',#7760,0.05);
#6305=VERTEX_POINT('',#7764);
#6306=LINE('',#7765,#7766);
#6307=CIRCLE('',#7768,0.05);
#6308=VERTEX_POINT('',#7772);
#6309=LINE('',#7773,#7774);
#6310=VERTEX_POINT('',#7776);
#6311=LINE('',#7777,#7778);
#6312=LINE('',#7780,#7781);
#6313=VERTEX_POINT('',#7783);
#6314=LINE('',#7784,#7785);
#6315=VERTEX_POINT('',#7787);
#6316=LINE('',#7788,#7789);
#6317=LINE('',#7791,#7792);
#6318=VERTEX_POINT('',#7794);
#6319=LINE('',#7795,#7796);
#6320=VERTEX_POINT('',#7798);
#6321=LINE('',#7799,#7800);
#6322=LINE('',#7802,#7803);
#6323=VERTEX_POINT('',#7805);
#6324=CIRCLE('',#7806,0.2);
#6325=VERTEX_POINT('',#7810);
#6326=LINE('',#7811,#7812);
#6327=CIRCLE('',#7814,0.2);
#6328=VERTEX_POINT('',#7818);
#6329=LINE('',#7819,#7820);
#6330=VERTEX_POINT('',#7822);
#6331=LINE('',#7823,#7824);
#6332=LINE('',#7826,#7827);
#6333=LINE('',#7829,#7830);
#6334=LINE('',#7832,#7833);
#6335=VERTEX_POINT('',#7835);
#6336=VERTEX_POINT('',#7836);
#6337=LINE('',#7837,#7838);
#6338=VERTEX_POINT('',#7840);
#6339=LINE('',#7841,#7842);
#6340=VERTEX_POINT('',#7844);
#6341=LINE('',#7845,#7846);
#6342=LINE('',#7848,#7849);
#6343=VERTEX_POINT('',#7851);
#6344=CIRCLE('',#7852,0.05);
#6345=VERTEX_POINT('',#7856);
#6346=LINE('',#7857,#7858);
#6347=CIRCLE('',#7860,0.05);
#6348=VERTEX_POINT('',#7864);
#6349=LINE('',#7865,#7866);
#6350=VERTEX_POINT('',#7868);
#6351=LINE('',#7869,#7870);
#6352=LINE('',#7872,#7873);
#6353=VERTEX_POINT('',#7875);
#6354=LINE('',#7876,#7877);
#6355=VERTEX_POINT('',#7879);
#6356=LINE('',#7880,#7881);
#6357=LINE('',#7883,#7884);
#6358=VERTEX_POINT('',#7886);
#6359=LINE('',#7887,#7888);
#6360=VERTEX_POINT('',#7890);
#6361=LINE('',#7891,#7892);
#6362=LINE('',#7894,#7895);
#6363=VERTEX_POINT('',#7897);
#6364=CIRCLE('',#7898,0.2);
#6365=VERTEX_POINT('',#7902);
#6366=LINE('',#7903,#7904);
#6367=CIRCLE('',#7906,0.2);
#6368=VERTEX_POINT('',#7910);
#6369=LINE('',#7911,#7912);
#6370=VERTEX_POINT('',#7914);
#6371=LINE('',#7915,#7916);
#6372=LINE('',#7918,#7919);
#6373=LINE('',#7921,#7922);
#6374=LINE('',#7924,#7925);
#6375=VERTEX_POINT('',#7927);
#6376=VERTEX_POINT('',#7928);
#6377=LINE('',#7929,#7930);
#6378=VERTEX_POINT('',#7932);
#6379=LINE('',#7933,#7934);
#6380=VERTEX_POINT('',#7936);
#6381=LINE('',#7937,#7938);
#6382=LINE('',#7940,#7941);
#6383=VERTEX_POINT('',#7943);
#6384=CIRCLE('',#7944,0.15);
#6385=VERTEX_POINT('',#7948);
#6386=LINE('',#7949,#7950);
#6387=CIRCLE('',#7952,0.111738102525672);
#6388=VERTEX_POINT('',#7956);
#6389=LINE('',#7957,#7958);
#6390=VERTEX_POINT('',#7960);
#6391=LINE('',#7961,#7962);
#6392=LINE('',#7964,#7965);
#6393=VERTEX_POINT('',#7967);
#6394=CIRCLE('',#7968,0.15);
#6395=VERTEX_POINT('',#7972);
#6396=LINE('',#7973,#7974);
#6397=CIRCLE('',#7976,0.111738102525672);
#6398=VERTEX_POINT('',#7980);
#6399=LINE('',#7981,#7982);
#6400=VERTEX_POINT('',#7984);
#6401=LINE('',#7985,#7986);
#6402=LINE('',#7988,#7989);
#6403=VERTEX_POINT('',#7991);
#6404=CIRCLE('',#7992,0.15);
#6405=VERTEX_POINT('',#7996);
#6406=LINE('',#7997,#7998);
#6407=CIRCLE('',#8000,0.111738102525672);
#6408=VERTEX_POINT('',#8004);
#6409=LINE('',#8005,#8006);
#6410=VERTEX_POINT('',#8008);
#6411=LINE('',#8009,#8010);
#6412=LINE('',#8012,#8013);
#6413=CIRCLE('',#8015,0.15);
#6414=CIRCLE('',#8019,0.111738102525672);
#6415=VERTEX_POINT('',#8023);
#6416=VERTEX_POINT('',#8024);
#6417=LINE('',#8025,#8026);
#6418=VERTEX_POINT('',#8028);
#6419=LINE('',#8029,#8030);
#6420=VERTEX_POINT('',#8032);
#6421=LINE('',#8033,#8034);
#6422=LINE('',#8036,#8037);
#6423=VERTEX_POINT('',#8039);
#6424=CIRCLE('',#8040,0.108095076609903);
#6425=VERTEX_POINT('',#8044);
#6426=LINE('',#8045,#8046);
#6427=CIRCLE('',#8048,0.108095076609903);
#6428=VERTEX_POINT('',#8052);
#6429=CIRCLE('',#8053,0.108095076609903);
#6430=CIRCLE('',#8057,0.00370887451580892);
#6431=VERTEX_POINT('',#8061);
#6432=CIRCLE('',#8062,0.108095076609903);
#6433=LINE('',#8066,#8067);
#6434=VERTEX_POINT('',#8069);
#6435=CIRCLE('',#8070,0.108095076609903);
#6436=CIRCLE('',#8074,0.00370887451580915);
#6437=VERTEX_POINT('',#8078);
#6438=CIRCLE('',#8079,0.108095076609903);
#6439=LINE('',#8083,#8084);
#6440=VERTEX_POINT('',#8086);
#6441=CIRCLE('',#8087,0.108095076609903);
#6442=CIRCLE('',#8091,0.00370887451580892);
#6443=VERTEX_POINT('',#8095);
#6444=CIRCLE('',#8096,0.108095076609903);
#6445=LINE('',#8100,#8101);
#6446=CIRCLE('',#8103,0.00370887451580892);
#6447=VERTEX_POINT('',#8107);
#6448=LINE('',#8108,#8109);
#6449=VERTEX_POINT('',#8111);
#6450=LINE('',#8112,#8113);
#6451=LINE('',#8115,#8116);
#6452=VERTEX_POINT('',#8118);
#6453=LINE('',#8119,#8120);
#6454=LINE('',#8122,#8123);
#6455=VERTEX_POINT('',#8125);
#6456=LINE('',#8126,#8127);
#6457=LINE('',#8129,#8130);
#6458=LINE('',#8132,#8133);
#6459=VERTEX_POINT('',#8135);
#6460=VERTEX_POINT('',#8136);
#6461=LINE('',#8137,#8138);
#6462=VERTEX_POINT('',#8140);
#6463=LINE('',#8141,#8142);
#6464=VERTEX_POINT('',#8144);
#6465=LINE('',#8145,#8146);
#6466=VERTEX_POINT('',#8148);
#6467=LINE('',#8149,#8150);
#6468=VERTEX_POINT('',#8152);
#6469=LINE('',#8153,#8154);
#6470=VERTEX_POINT('',#8156);
#6471=LINE('',#8157,#8158);
#6472=VERTEX_POINT('',#8160);
#6473=LINE('',#8161,#8162);
#6474=LINE('',#8164,#8165);
#6475=VERTEX_POINT('',#8167);
#6476=CIRCLE('',#8168,0.35);
#6477=VERTEX_POINT('',#8172);
#6478=CIRCLE('',#8173,0.35);
#6479=VERTEX_POINT('',#8177);
#6480=CIRCLE('',#8178,0.35);
#6481=VERTEX_POINT('',#8182);
#6482=CIRCLE('',#8183,0.35);
#6483=VERTEX_POINT('',#8187);
#6484=CIRCLE('',#8188,0.2);
#6485=VERTEX_POINT('',#8192);
#6486=LINE('',#8193,#8194);
#6487=VERTEX_POINT('',#8196);
#6488=LINE('',#8197,#8198);
#6489=VERTEX_POINT('',#8200);
#6490=LINE('',#8201,#8202);
#6491=VERTEX_POINT('',#8204);
#6492=LINE('',#8205,#8206);
#6493=VERTEX_POINT('',#8208);
#6494=CIRCLE('',#8209,0.1);
#6495=VERTEX_POINT('',#8213);
#6496=CIRCLE('',#8214,0.2);
#6497=VERTEX_POINT('',#8218);
#6498=LINE('',#8219,#8220);
#6499=VERTEX_POINT('',#8222);
#6500=CIRCLE('',#8223,0.1);
#6501=LINE('',#8227,#8228);
#6502=VERTEX_POINT('',#8230);
#6503=LINE('',#8231,#8232);
#6504=CIRCLE('',#8234,0.2);
#6505=VERTEX_POINT('',#8238);
#6506=VERTEX_POINT('',#8239);
#6507=LINE('',#8240,#8241);
#6508=VERTEX_POINT('',#8243);
#6509=CIRCLE('',#8244,0.1);
#6510=VERTEX_POINT('',#8248);
#6511=LINE('',#8249,#8250);
#6512=VERTEX_POINT('',#8252);
#6513=CIRCLE('',#8253,0.2);
#6514=VERTEX_POINT('',#8257);
#6515=LINE('',#8258,#8259);
#6516=VERTEX_POINT('',#8261);
#6517=CIRCLE('',#8262,0.2);
#6518=VERTEX_POINT('',#8266);
#6519=LINE('',#8267,#8268);
#6520=VERTEX_POINT('',#8270);
#6521=CIRCLE('',#8271,0.2);
#6522=VERTEX_POINT('',#8275);
#6523=LINE('',#8276,#8277);
#6524=VERTEX_POINT('',#8279);
#6525=CIRCLE('',#8280,0.2);
#6526=VERTEX_POINT('',#8284);
#6527=LINE('',#8285,#8286);
#6528=VERTEX_POINT('',#8288);
#6529=CIRCLE('',#8289,0.1);
#6530=VERTEX_POINT('',#8293);
#6531=LINE('',#8294,#8295);
#6532=VERTEX_POINT('',#8297);
#6533=CIRCLE('',#8298,0.2);
#6534=VERTEX_POINT('',#8302);
#6535=LINE('',#8303,#8304);
#6536=VERTEX_POINT('',#8306);
#6537=CIRCLE('',#8307,0.1);
#6538=VERTEX_POINT('',#8311);
#6539=LINE('',#8312,#8313);
#6540=CIRCLE('',#8315,0.2);
#6541=VERTEX_POINT('',#8319);
#6542=LINE('',#8320,#8321);
#6543=VERTEX_POINT('',#8323);
#6544=CIRCLE('',#8324,0.1);
#6545=VERTEX_POINT('',#8328);
#6546=LINE('',#8329,#8330);
#6547=CIRCLE('',#8332,0.2);
#6548=VERTEX_POINT('',#8336);
#6549=VERTEX_POINT('',#8337);
#6550=LINE('',#8338,#8339);
#6551=VERTEX_POINT('',#8341);
#6552=LINE('',#8342,#8343);
#6553=VERTEX_POINT('',#8345);
#6554=LINE('',#8346,#8347);
#6555=LINE('',#8349,#8350);
#6556=VERTEX_POINT('',#8352);
#6557=VERTEX_POINT('',#8353);
#6558=LINE('',#8354,#8355);
#6559=VERTEX_POINT('',#8357);
#6560=CIRCLE('',#8358,0.17);
#6561=VERTEX_POINT('',#8362);
#6562=LINE('',#8363,#8364);
#6563=VERTEX_POINT('',#8366);
#6564=CIRCLE('',#8367,0.17);
#6565=VERTEX_POINT('',#8371);
#6566=LINE('',#8372,#8373);
#6567=VERTEX_POINT('',#8375);
#6568=CIRCLE('',#8376,0.17);
#6569=VERTEX_POINT('',#8380);
#6570=LINE('',#8381,#8382);
#6571=CIRCLE('',#8384,0.17);
#6572=VERTEX_POINT('',#8388);
#6573=VERTEX_POINT('',#8389);
#6574=LINE('',#8390,#8391);
#6575=VERTEX_POINT('',#8393);
#6576=CIRCLE('',#8394,0.17);
#6577=VERTEX_POINT('',#8398);
#6578=LINE('',#8399,#8400);
#6579=VERTEX_POINT('',#8402);
#6580=CIRCLE('',#8403,0.17);
#6581=VERTEX_POINT('',#8407);
#6582=LINE('',#8408,#8409);
#6583=VERTEX_POINT('',#8411);
#6584=CIRCLE('',#8412,0.17);
#6585=VERTEX_POINT('',#8416);
#6586=LINE('',#8417,#8418);
#6587=CIRCLE('',#8420,0.17);
#6588=VERTEX_POINT('',#8424);
#6589=CIRCLE('',#8425,0.2);
#6590=LINE('',#8429,#8430);
#6591=VERTEX_POINT('',#8432);
#6592=LINE('',#8433,#8434);
#6593=VERTEX_POINT('',#8436);
#6594=CIRCLE('',#8437,0.1);
#6595=VERTEX_POINT('',#8441);
#6596=LINE('',#8442,#8443);
#6597=VERTEX_POINT('',#8445);
#6598=CIRCLE('',#8446,0.2);
#6599=VERTEX_POINT('',#8450);
#6600=CIRCLE('',#8451,0.1);
#6601=VERTEX_POINT('',#8455);
#6602=LINE('',#8456,#8457);
#6603=VERTEX_POINT('',#8459);
#6604=LINE('',#8460,#8461);
#6605=VERTEX_POINT('',#8463);
#6606=LINE('',#8464,#8465);
#6607=LINE('',#8467,#8468);
#6608=VERTEX_POINT('',#8470);
#6609=LINE('',#8471,#8472);
#6610=VERTEX_POINT('',#8474);
#6611=LINE('',#8475,#8476);
#6612=VERTEX_POINT('',#8478);
#6613=LINE('',#8479,#8480);
#6614=VERTEX_POINT('',#8482);
#6615=LINE('',#8483,#8484);
#6616=VERTEX_POINT('',#8486);
#6617=LINE('',#8487,#8488);
#6618=LINE('',#8490,#8491);
#6619=VERTEX_POINT('',#8493);
#6620=LINE('',#8494,#8495);
#6621=VERTEX_POINT('',#8497);
#6622=LINE('',#8498,#8499);
#6623=VERTEX_POINT('',#8501);
#6624=LINE('',#8502,#8503);
#6625=VERTEX_POINT('',#8505);
#6626=LINE('',#8506,#8507);
#6627=VERTEX_POINT('',#8509);
#6628=LINE('',#8510,#8511);
#6629=LINE('',#8513,#8514);
#6630=VERTEX_POINT('',#8516);
#6631=LINE('',#8517,#8518);
#6632=VERTEX_POINT('',#8520);
#6633=LINE('',#8521,#8522);
#6634=VERTEX_POINT('',#8524);
#6635=LINE('',#8525,#8526);
#6636=VERTEX_POINT('',#8528);
#6637=LINE('',#8529,#8530);
#6638=VERTEX_POINT('',#8532);
#6639=LINE('',#8533,#8534);
#6640=VERTEX_POINT('',#8536);
#6641=LINE('',#8537,#8538);
#6642=LINE('',#8540,#8541);
#6643=VERTEX_POINT('',#8543);
#6644=VERTEX_POINT('',#8544);
#6645=CIRCLE('',#8545,0.2);
#6646=VERTEX_POINT('',#8549);
#6647=LINE('',#8550,#8551);
#6648=VERTEX_POINT('',#8553);
#6649=CIRCLE('',#8554,0.2);
#6650=VERTEX_POINT('',#8558);
#6651=LINE('',#8559,#8560);
#6652=VERTEX_POINT('',#8562);
#6653=CIRCLE('',#8563,0.2);
#6654=VERTEX_POINT('',#8567);
#6655=LINE('',#8568,#8569);
#6656=VERTEX_POINT('',#8571);
#6657=CIRCLE('',#8572,0.2);
#6658=LINE('',#8576,#8577);
#6659=VERTEX_POINT('',#8579);
#6660=VERTEX_POINT('',#8580);
#6661=CIRCLE('',#8581,0.2);
#6662=VERTEX_POINT('',#8585);
#6663=LINE('',#8586,#8587);
#6664=VERTEX_POINT('',#8589);
#6665=CIRCLE('',#8590,0.2);
#6666=VERTEX_POINT('',#8594);
#6667=LINE('',#8595,#8596);
#6668=VERTEX_POINT('',#8598);
#6669=CIRCLE('',#8599,0.2);
#6670=VERTEX_POINT('',#8603);
#6671=LINE('',#8604,#8605);
#6672=VERTEX_POINT('',#8607);
#6673=CIRCLE('',#8608,0.2);
#6674=LINE('',#8612,#8613);
#6675=VERTEX_POINT('',#8615);
#6676=VERTEX_POINT('',#8616);
#6677=CIRCLE('',#8617,0.2);
#6678=VERTEX_POINT('',#8621);
#6679=LINE('',#8622,#8623);
#6680=VERTEX_POINT('',#8625);
#6681=CIRCLE('',#8626,0.2);
#6682=VERTEX_POINT('',#8630);
#6683=LINE('',#8631,#8632);
#6684=VERTEX_POINT('',#8634);
#6685=CIRCLE('',#8635,0.2);
#6686=VERTEX_POINT('',#8639);
#6687=LINE('',#8640,#8641);
#6688=VERTEX_POINT('',#8643);
#6689=CIRCLE('',#8644,0.2);
#6690=LINE('',#8648,#8649);
#6691=LINE('',#8651,#8652);
#6692=VERTEX_POINT('',#8654);
#6693=LINE('',#8655,#8656);
#6694=VERTEX_POINT('',#8658);
#6695=LINE('',#8659,#8660);
#6696=LINE('',#8662,#8663);
#6697=VERTEX_POINT('',#8665);
#6698=CIRCLE('',#8666,0.2);
#6699=VERTEX_POINT('',#8670);
#6700=CIRCLE('',#8671,0.2);
#6701=VERTEX_POINT('',#8675);
#6702=LINE('',#8676,#8677);
#6703=VERTEX_POINT('',#8679);
#6704=LINE('',#8680,#8681);
#6705=LINE('',#8683,#8684);
#6706=VERTEX_POINT('',#8686);
#6707=LINE('',#8687,#8688);
#6708=VERTEX_POINT('',#8690);
#6709=LINE('',#8691,#8692);
#6710=LINE('',#8694,#8695);
#6711=VERTEX_POINT('',#8697);
#6712=LINE('',#8698,#8699);
#6713=VERTEX_POINT('',#8701);
#6714=LINE('',#8702,#8703);
#6715=LINE('',#8705,#8706);
#6716=LINE('',#8708,#8709);
#6717=VERTEX_POINT('',#8711);
#6718=LINE('',#8712,#8713);
#6719=VERTEX_POINT('',#8715);
#6720=LINE('',#8716,#8717);
#6721=LINE('',#8719,#8720);
#6722=VERTEX_POINT('',#8722);
#6723=CIRCLE('',#8723,0.1);
#6724=LINE('',#8727,#8728);
#6725=VERTEX_POINT('',#8730);
#6726=CIRCLE('',#8731,0.2);
#6727=LINE('',#8735,#8736);
#6728=LINE('',#8738,#8739);
#6729=LINE('',#8741,#8742);
#6730=LINE('',#8744,#8745);
#6731=VERTEX_POINT('',#8747);
#6732=VERTEX_POINT('',#8748);
#6733=LINE('',#8749,#8750);
#6734=LINE('',#8752,#8753);
#6735=VERTEX_POINT('',#8755);
#6736=LINE('',#8756,#8757);
#6737=LINE('',#8759,#8760);
#6738=VERTEX_POINT('',#8762);
#6739=LINE('',#8763,#8764);
#6740=VERTEX_POINT('',#8766);
#6741=LINE('',#8767,#8768);
#6742=LINE('',#8770,#8771);
#6743=VERTEX_POINT('',#8773);
#6744=CIRCLE('',#8774,0.1);
#6745=LINE('',#8778,#8779);
#6746=VERTEX_POINT('',#8781);
#6747=LINE('',#8782,#8783);
#6748=LINE('',#8785,#8786);
#6749=VERTEX_POINT('',#8788);
#6750=CIRCLE('',#8789,0.2);
#6751=LINE('',#8793,#8794);
#6752=VERTEX_POINT('',#8796);
#6753=LINE('',#8797,#8798);
#6754=LINE('',#8800,#8801);
#6755=CIRCLE('',#8803,0.2);
#6756=VERTEX_POINT('',#8807);
#6757=CIRCLE('',#8808,0.2);
#6758=LINE('',#8812,#8813);
#6759=VERTEX_POINT('',#8815);
#6760=LINE('',#8816,#8817);
#6761=LINE('',#8819,#8820);
#6762=VERTEX_POINT('',#8822);
#6763=CIRCLE('',#8823,0.2);
#6764=LINE('',#8827,#8828);
#6765=VERTEX_POINT('',#8830);
#6766=LINE('',#8831,#8832);
#6767=LINE('',#8834,#8835);
#6768=VERTEX_POINT('',#8837);
#6769=CIRCLE('',#8838,0.1);
#6770=LINE('',#8842,#8843);
#6771=VERTEX_POINT('',#8845);
#6772=LINE('',#8846,#8847);
#6773=VERTEX_POINT('',#8849);
#6774=LINE('',#8850,#8851);
#6775=VERTEX_POINT('',#8853);
#6776=LINE('',#8854,#8855);
#6777=LINE('',#8857,#8858);
#6778=VERTEX_POINT('',#8860);
#6779=LINE('',#8861,#8862);
#6780=VERTEX_POINT('',#8864);
#6781=LINE('',#8865,#8866);
#6782=LINE('',#8868,#8869);
#6783=LINE('',#8871,#8872);
#6784=VERTEX_POINT('',#8874);
#6785=CIRCLE('',#8875,0.2);
#6786=LINE('',#8879,#8880);
#6787=LINE('',#8882,#8883);
#6788=LINE('',#8885,#8886);
#6789=VERTEX_POINT('',#8888);
#6790=LINE('',#8889,#8890);
#6791=VERTEX_POINT('',#8892);
#6792=LINE('',#8893,#8894);
#6793=LINE('',#8896,#8897);
#6794=VERTEX_POINT('',#8899);
#6795=LINE('',#8900,#8901);
#6796=LINE('',#8903,#8904);
#6797=VERTEX_POINT('',#8906);
#6798=LINE('',#8907,#8908);
#6799=LINE('',#8910,#8911);
#6800=LINE('',#8913,#8914);
#6801=VERTEX_POINT('',#8916);
#6802=VERTEX_POINT('',#8917);
#6803=LINE('',#8918,#8919);
#6804=LINE('',#8921,#8922);
#6805=LINE('',#8924,#8925);
#6806=VERTEX_POINT('',#8927);
#6807=CIRCLE('',#8928,0.17);
#6808=LINE('',#8932,#8933);
#6809=VERTEX_POINT('',#8935);
#6810=LINE('',#8936,#8937);
#6811=LINE('',#8939,#8940);
#6812=VERTEX_POINT('',#8942);
#6813=CIRCLE('',#8943,0.17);
#6814=LINE('',#8947,#8948);
#6815=VERTEX_POINT('',#8950);
#6816=LINE('',#8951,#8952);
#6817=LINE('',#8954,#8955);
#6818=VERTEX_POINT('',#8957);
#6819=CIRCLE('',#8958,0.17);
#6820=LINE('',#8962,#8963);
#6821=VERTEX_POINT('',#8965);
#6822=LINE('',#8966,#8967);
#6823=LINE('',#8969,#8970);
#6824=CIRCLE('',#8972,0.17);
#6825=VERTEX_POINT('',#8976);
#6826=VERTEX_POINT('',#8977);
#6827=LINE('',#8978,#8979);
#6828=LINE('',#8981,#8982);
#6829=LINE('',#8984,#8985);
#6830=VERTEX_POINT('',#8987);
#6831=CIRCLE('',#8988,0.17);
#6832=LINE('',#8992,#8993);
#6833=VERTEX_POINT('',#8995);
#6834=LINE('',#8996,#8997);
#6835=LINE('',#8999,#9000);
#6836=VERTEX_POINT('',#9002);
#6837=CIRCLE('',#9003,0.17);
#6838=LINE('',#9007,#9008);
#6839=VERTEX_POINT('',#9010);
#6840=LINE('',#9011,#9012);
#6841=LINE('',#9014,#9015);
#6842=VERTEX_POINT('',#9017);
#6843=CIRCLE('',#9018,0.17);
#6844=LINE('',#9022,#9023);
#6845=VERTEX_POINT('',#9025);
#6846=LINE('',#9026,#9027);
#6847=LINE('',#9029,#9030);
#6848=CIRCLE('',#9032,0.17);
#6849=VERTEX_POINT('',#9036);
#6850=CIRCLE('',#9037,0.1);
#6851=LINE('',#9041,#9042);
#6852=VERTEX_POINT('',#9044);
#6853=LINE('',#9045,#9046);
#6854=LINE('',#9048,#9049);
#6855=VERTEX_POINT('',#9051);
#6856=LINE('',#9052,#9053);
#6857=LINE('',#9055,#9056);
#6858=VERTEX_POINT('',#9058);
#6859=LINE('',#9059,#9060);
#6860=LINE('',#9062,#9063);
#6861=LINE('',#9065,#9066);
#6862=VERTEX_POINT('',#9068);
#6863=LINE('',#9069,#9070);
#6864=VERTEX_POINT('',#9072);
#6865=LINE('',#9073,#9074);
#6866=VERTEX_POINT('',#9076);
#6867=LINE('',#9077,#9078);
#6868=LINE('',#9080,#9081);
#6869=VERTEX_POINT('',#9083);
#6870=LINE('',#9084,#9085);
#6871=LINE('',#9087,#9088);
#6872=LINE('',#9090,#9091);
#6873=VERTEX_POINT('',#9093);
#6874=LINE('',#9094,#9095);
#6875=LINE('',#9097,#9098);
#6876=LINE('',#9100,#9101);
#6877=VERTEX_POINT('',#9103);
#6878=LINE('',#9104,#9105);
#6879=VERTEX_POINT('',#9107);
#6880=LINE('',#9108,#9109);
#6881=LINE('',#9111,#9112);
#6882=LINE('',#9114,#9115);
#6883=VERTEX_POINT('',#9117);
#6884=LINE('',#9118,#9119);
#6885=LINE('',#9121,#9122);
#6886=LINE('',#9124,#9125);
#6887=VERTEX_POINT('',#9127);
#6888=LINE('',#9128,#9129);
#6889=VERTEX_POINT('',#9131);
#6890=CIRCLE('',#9132,0.2);
#6891=LINE('',#9136,#9137);
#6892=VERTEX_POINT('',#9139);
#6893=LINE('',#9140,#9141);
#6894=LINE('',#9143,#9144);
#6895=VERTEX_POINT('',#9146);
#6896=CIRCLE('',#9147,0.2);
#6897=LINE('',#9151,#9152);
#6898=VERTEX_POINT('',#9154);
#6899=LINE('',#9155,#9156);
#6900=LINE('',#9158,#9159);
#6901=VERTEX_POINT('',#9161);
#6902=CIRCLE('',#9162,0.2);
#6903=LINE('',#9166,#9167);
#6904=VERTEX_POINT('',#9169);
#6905=LINE('',#9170,#9171);
#6906=LINE('',#9173,#9174);
#6907=VERTEX_POINT('',#9176);
#6908=CIRCLE('',#9177,0.2);
#6909=LINE('',#9181,#9182);
#6910=LINE('',#9184,#9185);
#6911=VERTEX_POINT('',#9187);
#6912=LINE('',#9188,#9189);
#6913=VERTEX_POINT('',#9191);
#6914=CIRCLE('',#9192,0.2);
#6915=LINE('',#9196,#9197);
#6916=VERTEX_POINT('',#9199);
#6917=LINE('',#9200,#9201);
#6918=LINE('',#9203,#9204);
#6919=VERTEX_POINT('',#9206);
#6920=CIRCLE('',#9207,0.2);
#6921=LINE('',#9211,#9212);
#6922=VERTEX_POINT('',#9214);
#6923=LINE('',#9215,#9216);
#6924=LINE('',#9218,#9219);
#6925=VERTEX_POINT('',#9221);
#6926=CIRCLE('',#9222,0.2);
#6927=LINE('',#9226,#9227);
#6928=VERTEX_POINT('',#9229);
#6929=LINE('',#9230,#9231);
#6930=LINE('',#9233,#9234);
#6931=VERTEX_POINT('',#9236);
#6932=CIRCLE('',#9237,0.2);
#6933=LINE('',#9241,#9242);
#6934=LINE('',#9244,#9245);
#6935=VERTEX_POINT('',#9247);
#6936=LINE('',#9248,#9249);
#6937=VERTEX_POINT('',#9251);
#6938=CIRCLE('',#9252,0.2);
#6939=LINE('',#9256,#9257);
#6940=VERTEX_POINT('',#9259);
#6941=LINE('',#9260,#9261);
#6942=LINE('',#9263,#9264);
#6943=VERTEX_POINT('',#9266);
#6944=CIRCLE('',#9267,0.2);
#6945=LINE('',#9271,#9272);
#6946=VERTEX_POINT('',#9274);
#6947=LINE('',#9275,#9276);
#6948=LINE('',#9278,#9279);
#6949=VERTEX_POINT('',#9281);
#6950=CIRCLE('',#9282,0.2);
#6951=LINE('',#9286,#9287);
#6952=VERTEX_POINT('',#9289);
#6953=LINE('',#9290,#9291);
#6954=LINE('',#9293,#9294);
#6955=VERTEX_POINT('',#9296);
#6956=CIRCLE('',#9297,0.2);
#6957=LINE('',#9301,#9302);
#6958=LINE('',#9304,#9305);
#6959=LINE('',#9307,#9308);
#6960=VERTEX_POINT('',#9310);
#6961=LINE('',#9311,#9312);
#6962=VERTEX_POINT('',#9314);
#6963=LINE('',#9315,#9316);
#6964=LINE('',#9318,#9319);
#6965=CIRCLE('',#9321,0.1);
#6966=CIRCLE('',#9325,0.1);
#6967=CIRCLE('',#9329,0.1);
#6968=CIRCLE('',#9333,0.1);
#6969=VERTEX_POINT('',#9337);
#6970=VERTEX_POINT('',#9338);
#6971=LINE('',#9339,#9340);
#6972=VERTEX_POINT('',#9342);
#6973=CIRCLE('',#9343,0.5);
#6974=VERTEX_POINT('',#9347);
#6975=LINE('',#9348,#9349);
#6976=CIRCLE('',#9351,0.5);
#6977=VERTEX_POINT('',#9355);
#6978=VERTEX_POINT('',#9356);
#6979=LINE('',#9357,#9358);
#6980=VERTEX_POINT('',#9360);
#6981=CIRCLE('',#9361,0.5);
#6982=VERTEX_POINT('',#9365);
#6983=LINE('',#9366,#9367);
#6984=CIRCLE('',#9369,0.5);
#6985=VERTEX_POINT('',#9373);
#6986=VERTEX_POINT('',#9374);
#6987=LINE('',#9375,#9376);
#6988=LINE('',#9378,#9379);
#6989=LINE('',#9381,#9382);
#6990=VERTEX_POINT('',#9384);
#6991=CIRCLE('',#9385,0.5);
#6992=LINE('',#9389,#9390);
#6993=VERTEX_POINT('',#9392);
#6994=LINE('',#9393,#9394);
#6995=LINE('',#9396,#9397);
#6996=CIRCLE('',#9399,0.5);
#6997=VERTEX_POINT('',#9403);
#6998=VERTEX_POINT('',#9404);
#6999=LINE('',#9405,#9406);
#7000=LINE('',#9408,#9409);
#7001=LINE('',#9411,#9412);
#7002=VERTEX_POINT('',#9414);
#7003=CIRCLE('',#9415,0.5);
#7004=LINE('',#9419,#9420);
#7005=VERTEX_POINT('',#9422);
#7006=LINE('',#9423,#9424);
#7007=LINE('',#9426,#9427);
#7008=CIRCLE('',#9429,0.5);
#7009=VERTEX_POINT('',#9433);
#7010=(BOUNDED_CURVE()B_SPLINE_CURVE(3,
(#9434,#9435,#9436,#9437),
.UNSPECIFIED.,.F.,.F.)B_SPLINE_CURVE_WITH_KNOTS((4,4),
(0.,1.),
.UNSPECIFIED.)CURVE()GEOMETRIC_REPRESENTATION_ITEM()RATIONAL_B_SPLINE_CURVE((1.,
0.804737854124365,0.804737854124365,1.))REPRESENTATION_ITEM(''));
#7011=VERTEX_POINT('',#9438);
#7012=B_SPLINE_CURVE_WITH_KNOTS('',3,
(#9439,#9440,#9441,#9442,#9443,#9444),
.UNSPECIFIED.,.F.,.F.,
(4,1,1,4),
(0.,0.333333333333333,0.666666666666667,1.),
.UNSPECIFIED.);
#7013=(BOUNDED_CURVE()B_SPLINE_CURVE(3,
(#9445,#9446,#9447,#9448),
.UNSPECIFIED.,.F.,.F.)B_SPLINE_CURVE_WITH_KNOTS((4,4),
(0.,1.),
.UNSPECIFIED.)CURVE()GEOMETRIC_REPRESENTATION_ITEM()RATIONAL_B_SPLINE_CURVE((1.,
0.804737854124365,0.804737854124365,1.))REPRESENTATION_ITEM(''));
#7014=(BOUNDED_CURVE()B_SPLINE_CURVE(3,
(#9449,#9450,#9451,#9452),
.UNSPECIFIED.,.F.,.F.)B_SPLINE_CURVE_WITH_KNOTS((4,4),
(0.,1.),
.UNSPECIFIED.)CURVE()GEOMETRIC_REPRESENTATION_ITEM()RATIONAL_B_SPLINE_CURVE((1.,
0.804737854124365,0.804737854124365,1.))REPRESENTATION_ITEM(''));
#7015=(BOUNDED_CURVE()B_SPLINE_CURVE(3,
(#9453,#9454,#9455,#9456),
.UNSPECIFIED.,.F.,.F.)B_SPLINE_CURVE_WITH_KNOTS((4,4),
(0.,1.),
.UNSPECIFIED.)CURVE()GEOMETRIC_REPRESENTATION_ITEM()RATIONAL_B_SPLINE_CURVE((1.,
0.804737854124365,0.804737854124365,1.))REPRESENTATION_ITEM(''));
#7016=VERTEX_POINT('',#9457);
#7017=(BOUNDED_CURVE()B_SPLINE_CURVE(3,
(#9458,#9459,#9460,#9461),
.UNSPECIFIED.,.F.,.F.)B_SPLINE_CURVE_WITH_KNOTS((4,4),
(0.,1.),
.UNSPECIFIED.)CURVE()GEOMETRIC_REPRESENTATION_ITEM()RATIONAL_B_SPLINE_CURVE((1.,
0.804737854124365,0.804737854124365,1.))REPRESENTATION_ITEM(''));
#7018=VERTEX_POINT('',#9462);
#7019=B_SPLINE_CURVE_WITH_KNOTS('',3,
(#9463,#9464,#9465,#9466,#9467,#9468),
.UNSPECIFIED.,.F.,.F.,
(4,1,1,4),
(0.,0.333333333333333,0.666666666666667,1.),
.UNSPECIFIED.);
#7020=(BOUNDED_CURVE()B_SPLINE_CURVE(3,
(#9469,#9470,#9471,#9472),
.UNSPECIFIED.,.F.,.F.)B_SPLINE_CURVE_WITH_KNOTS((4,4),
(0.,1.),
.UNSPECIFIED.)CURVE()GEOMETRIC_REPRESENTATION_ITEM()RATIONAL_B_SPLINE_CURVE((1.,
0.804737854124365,0.804737854124365,1.))REPRESENTATION_ITEM(''));
#7021=(BOUNDED_CURVE()B_SPLINE_CURVE(3,
(#9473,#9474,#9475,#9476),
.UNSPECIFIED.,.F.,.F.)B_SPLINE_CURVE_WITH_KNOTS((4,4),
(0.,1.),
.UNSPECIFIED.)CURVE()GEOMETRIC_REPRESENTATION_ITEM()RATIONAL_B_SPLINE_CURVE((1.,
0.804737854124365,0.804737854124365,1.))REPRESENTATION_ITEM(''));
#7022=(BOUNDED_CURVE()B_SPLINE_CURVE(3,
(#9477,#9478,#9479,#9480),
.UNSPECIFIED.,.F.,.F.)B_SPLINE_CURVE_WITH_KNOTS((4,4),
(0.,1.),
.UNSPECIFIED.)CURVE()GEOMETRIC_REPRESENTATION_ITEM()RATIONAL_B_SPLINE_CURVE((1.,
0.804737854124365,0.804737854124365,1.))REPRESENTATION_ITEM(''));
#7023=CARTESIAN_POINT('',(1.9,-1.65,0.));
#7024=VECTOR('',#7025,1.);
#7025=DIRECTION('',(-1.,0.,0.));
#7026=CARTESIAN_POINT('',(0.7,-1.65,0.));
#7027=VECTOR('',#7028,1.);
#7028=DIRECTION('',(0.,-1.,0.));
#7029=CARTESIAN_POINT('',(0.7,-2.55,0.));
#7030=VECTOR('',#7031,1.);
#7031=DIRECTION('',(1.,0.,0.));
#7032=CARTESIAN_POINT('',(1.9,-2.55,0.));
#7033=VECTOR('',#7034,1.);
#7034=DIRECTION('',(0.,1.,0.));
#7035=CARTESIAN_POINT('',(1.9,2.55,0.));
#7036=VECTOR('',#7037,1.);
#7037=DIRECTION('',(-1.,0.,0.));
#7038=CARTESIAN_POINT('',(0.7,2.55,0.));
#7039=VECTOR('',#7040,1.);
#7040=DIRECTION('',(0.,-1.,0.));
#7041=CARTESIAN_POINT('',(0.7,1.65,0.));
#7042=VECTOR('',#7043,1.);
#7043=DIRECTION('',(1.,0.,0.));
#7044=CARTESIAN_POINT('',(1.9,1.65,0.));
#7045=VECTOR('',#7046,1.);
#7046=DIRECTION('',(0.,1.,0.));
#7047=CARTESIAN_POINT('',(-0.8,-3.4,0.));
#7048=VECTOR('',#7049,1.);
#7049=DIRECTION('',(0.,1.,0.));
#7050=CARTESIAN_POINT('',(-0.8,-2.70000000000004,0.));
#7051=VECTOR('',#7052,1.);
#7052=DIRECTION('',(-1.,7.28306304154103E-014,0.));
#7053=CARTESIAN_POINT('',(-1.3,-2.7,0.));
#7054=VECTOR('',#7055,1.);
#7055=DIRECTION('',(0.,-1.,0.));
#7056=CARTESIAN_POINT('',(-1.3,-4.2,0.));
#7057=VECTOR('',#7058,1.);
#7058=DIRECTION('',(1.,4.32246830920728E-014,0.));
#7059=CARTESIAN_POINT('',(0.2,-4.2,0.));
#7060=VECTOR('',#7061,1.);
#7061=DIRECTION('',(0.,1.,0.));
#7062=CARTESIAN_POINT('',(0.2,-3.4,0.));
#7063=VECTOR('',#7064,1.);
#7064=DIRECTION('',(-1.,0.,0.));
#7065=CARTESIAN_POINT('',(0.2,4.19999999999595,0.));
#7066=VECTOR('',#7067,1.);
#7067=DIRECTION('',(-1.,2.70183875272778E-012,0.));
#7068=CARTESIAN_POINT('',(-1.3,4.2,0.));
#7069=VECTOR('',#7070,1.);
#7070=DIRECTION('',(0.,-1.,0.));
#7071=CARTESIAN_POINT('',(-1.3,2.7,0.));
#7072=VECTOR('',#7073,1.);
#7073=DIRECTION('',(1.,3.25162119452216E-012,0.));
#7074=CARTESIAN_POINT('',(-0.8,2.7,0.));
#7075=VECTOR('',#7076,1.);
#7076=DIRECTION('',(0.,1.,0.));
#7077=CARTESIAN_POINT('',(-0.8,3.4,0.));
#7078=VECTOR('',#7079,1.);
#7079=DIRECTION('',(1.,0.,0.));
#7080=CARTESIAN_POINT('',(0.2,3.4,0.));
#7081=VECTOR('',#7082,1.);
#7082=DIRECTION('',(-6.93889390390723E-017,1.,0.));
#7083=CARTESIAN_POINT('',(-0.8,3.59999999921979,0.908578644038151));
#7084=CARTESIAN_POINT('',(-0.8,3.59999999921979,2.24686396817619E-025));
#7085=CARTESIAN_POINT('',(-0.8,3.59999999921979,0.908578644038151));
#7086=VECTOR('',#7087,1.);
#7087=DIRECTION('',(0.,0.,-1.));
#7088=CARTESIAN_POINT('',(-0.8,3.49999999999891,1.05000000000007));
#7089=AXIS2_PLACEMENT_3D('',#7090,#7091,#7092);
#7090=CARTESIAN_POINT('',(-0.8,3.64999999999891,1.05));
#7091=DIRECTION('',(1.,-0.,0.));
#7092=DIRECTION('',(0.,-1.,4.4556950721623E-013));
#7093=CARTESIAN_POINT('',(-0.8,3.5,3.15));
#7094=CARTESIAN_POINT('',(-0.8,3.5,3.15));
#7095=VECTOR('',#7096,1.);
#7096=DIRECTION('',(0.,0.,-1.));
#7097=CARTESIAN_POINT('',(-0.8,3.2,3.45));
#7098=AXIS2_PLACEMENT_3D('',#7099,#7100,#7101);
#7099=CARTESIAN_POINT('',(-0.8,3.2,3.15));
#7100=DIRECTION('',(-1.,0.,0.));
#7101=DIRECTION('',(0.,0.,1.));
#7102=CARTESIAN_POINT('',(-0.8,-3.2,3.45));
#7103=CARTESIAN_POINT('',(-0.8,-3.2,3.45));
#7104=VECTOR('',#7105,1.);
#7105=DIRECTION('',(0.,1.,0.));
#7106=CARTESIAN_POINT('',(-0.8,-3.5,3.14999999999999));
#7107=AXIS2_PLACEMENT_3D('',#7108,#7109,#7110);
#7108=CARTESIAN_POINT('',(-0.8,-3.2,3.15));
#7109=DIRECTION('',(-1.,0.,0.));
#7110=DIRECTION('',(0.,-1.,-2.22044604925031E-014));
#7111=CARTESIAN_POINT('',(-0.8,-3.5,1.05));
#7112=CARTESIAN_POINT('',(-0.8,-3.5,1.05));
#7113=VECTOR('',#7114,1.);
#7114=DIRECTION('',(0.,0.,1.));
#7115=CARTESIAN_POINT('',(-0.8,-3.60000000078021,0.908578643485927));
#7116=AXIS2_PLACEMENT_3D('',#7117,#7118,#7119);
#7117=CARTESIAN_POINT('',(-0.8,-3.6499999999974,1.05));
#7118=DIRECTION('',(1.,-0.,0.));
#7119=DIRECTION('',(0.,0.333333328114588,-0.942809043427168));
#7120=CARTESIAN_POINT('',(-0.8,-3.60000000078021,-1.03683263101428E-025));
#7121=CARTESIAN_POINT('',(-0.8,-3.60000000078021,-1.03683263101428E-025));
#7122=VECTOR('',#7123,1.);
#7123=DIRECTION('',(0.,0.,1.));
#7124=CARTESIAN_POINT('',(-0.8,-3.05000000156042,6.04237169685144E-026));
#7125=CARTESIAN_POINT('',(-0.8,-3.05000000156042,6.04237169685144E-026));
#7126=VECTOR('',#7127,1.);
#7127=DIRECTION('',(0.,-1.,-2.98376327823163E-025));
#7128=CARTESIAN_POINT('',(-0.8,-2.9000000002456,0.150000001314824));
#7129=AXIS2_PLACEMENT_3D('',#7130,#7131,#7132);
#7130=CARTESIAN_POINT('',(-0.8,-3.05000000156042,0.150000001314824));
#7131=DIRECTION('',(-1.,0.,0.));
#7132=DIRECTION('',(0.,1.,0.));
#7133=CARTESIAN_POINT('',(-0.8,-2.3,0.15));
#7134=AXIS2_PLACEMENT_3D('',#7135,#7136,#7137);
#7135=CARTESIAN_POINT('',(-0.8,-2.6,0.15));
#7136=DIRECTION('',(1.,0.,-0.));
#7137=DIRECTION('',(0.,1.,9.25185853854298E-017));
#7138=CARTESIAN_POINT('',(-0.8,-2.21999999999775,0.07));
#7139=AXIS2_PLACEMENT_3D('',#7140,#7141,#7142);
#7140=CARTESIAN_POINT('',(-0.8,-2.21999999999775,0.15));
#7141=DIRECTION('',(-1.,0.,0.));
#7142=DIRECTION('',(0.,5.5511151231258E-015,-1.));
#7143=CARTESIAN_POINT('',(-0.8,2.21999999999775,0.07));
#7144=CARTESIAN_POINT('',(-0.8,2.21999999999775,0.07));
#7145=VECTOR('',#7146,1.);
#7146=DIRECTION('',(0.,-1.,0.));
#7147=CARTESIAN_POINT('',(-0.8,2.29999999999775,0.15));
#7148=AXIS2_PLACEMENT_3D('',#7149,#7150,#7151);
#7149=CARTESIAN_POINT('',(-0.8,2.21999999999775,0.15));
#7150=DIRECTION('',(-1.,0.,0.));
#7151=DIRECTION('',(0.,1.,0.));
#7152=CARTESIAN_POINT('',(-0.8,2.89999999999775,0.15));
#7153=AXIS2_PLACEMENT_3D('',#7154,#7155,#7156);
#7154=CARTESIAN_POINT('',(-0.8,2.59999999999775,0.15));
#7155=DIRECTION('',(1.,0.,-0.));
#7156=DIRECTION('',(0.,1.,9.25185853854298E-017));
#7157=CARTESIAN_POINT('',(-0.8,3.04999999999775,0.));
#7158=AXIS2_PLACEMENT_3D('',#7159,#7160,#7161);
#7159=CARTESIAN_POINT('',(-0.8,3.04999999999775,0.15));
#7160=DIRECTION('',(-1.,0.,0.));
#7161=DIRECTION('',(0.,0.,-1.));
#7162=CARTESIAN_POINT('',(-0.8,3.59999999921979,2.99581862423492E-025));
#7163=VECTOR('',#7164,1.);
#7164=DIRECTION('',(0.,-1.,-5.3821779578507E-025));
#7165=CARTESIAN_POINT('',(-0.8,-1.55,1.175));
#7166=CARTESIAN_POINT('',(-0.8,-1.55,2.375));
#7167=CARTESIAN_POINT('',(-0.8,-1.55,1.175));
#7168=VECTOR('',#7169,1.);
#7169=DIRECTION('',(0.,0.,1.));
#7170=CARTESIAN_POINT('',(-0.8,-1.35,2.575));
#7171=AXIS2_PLACEMENT_3D('',#7172,#7173,#7174);
#7172=CARTESIAN_POINT('',(-0.8,-1.35,2.375));
#7173=DIRECTION('',(-1.,0.,0.));
#7174=DIRECTION('',(0.,-1.,0.));
#7175=CARTESIAN_POINT('',(-0.8,1.35,2.575));
#7176=CARTESIAN_POINT('',(-0.8,-1.35,2.575));
#7177=VECTOR('',#7178,1.);
#7178=DIRECTION('',(0.,1.,0.));
#7179=CARTESIAN_POINT('',(-0.8,1.55,2.375));
#7180=AXIS2_PLACEMENT_3D('',#7181,#7182,#7183);
#7181=CARTESIAN_POINT('',(-0.8,1.35,2.375));
#7182=DIRECTION('',(-1.,0.,0.));
#7183=DIRECTION('',(0.,0.,1.));
#7184=CARTESIAN_POINT('',(-0.8,1.55,1.175));
#7185=CARTESIAN_POINT('',(-0.8,1.55,2.375));
#7186=VECTOR('',#7187,1.);
#7187=DIRECTION('',(0.,0.,-1.));
#7188=CARTESIAN_POINT('',(-0.8,1.35,0.975));
#7189=AXIS2_PLACEMENT_3D('',#7190,#7191,#7192);
#7190=CARTESIAN_POINT('',(-0.8,1.35,1.175));
#7191=DIRECTION('',(-1.,0.,0.));
#7192=DIRECTION('',(0.,1.,-1.11022302462516E-015));
#7193=CARTESIAN_POINT('',(-0.8,-1.35,0.975));
#7194=CARTESIAN_POINT('',(-0.8,1.35,0.975));
#7195=VECTOR('',#7196,1.);
#7196=DIRECTION('',(0.,-1.,0.));
#7197=AXIS2_PLACEMENT_3D('',#7198,#7199,#7200);
#7198=CARTESIAN_POINT('',(-0.8,-1.35,1.175));
#7199=DIRECTION('',(-1.,0.,0.));
#7200=DIRECTION('',(0.,0.,-1.));
#7201=CARTESIAN_POINT('',(-0.8,2.4,1.025));
#7202=CARTESIAN_POINT('',(-0.8,2.2,1.225));
#7203=AXIS2_PLACEMENT_3D('',#7204,#7205,#7206);
#7204=CARTESIAN_POINT('',(-0.8,2.4,1.225));
#7205=DIRECTION('',(-1.,0.,0.));
#7206=DIRECTION('',(0.,0.,-1.));
#7207=CARTESIAN_POINT('',(-0.8,2.2,2.325));
#7208=CARTESIAN_POINT('',(-0.8,2.2,1.225));
#7209=VECTOR('',#7210,1.);
#7210=DIRECTION('',(0.,-4.03717463500057E-016,1.));
#7211=CARTESIAN_POINT('',(-0.8,2.4,2.525));
#7212=AXIS2_PLACEMENT_3D('',#7213,#7214,#7215);
#7213=CARTESIAN_POINT('',(-0.8,2.4,2.325));
#7214=DIRECTION('',(-1.,0.,0.));
#7215=DIRECTION('',(0.,-1.,2.22044604925031E-015));
#7216=CARTESIAN_POINT('',(-0.8,2.8,2.525));
#7217=CARTESIAN_POINT('',(-0.8,2.4,2.525));
#7218=VECTOR('',#7219,1.);
#7219=DIRECTION('',(0.,1.,0.));
#7220=CARTESIAN_POINT('',(-0.8,3.,2.325));
#7221=AXIS2_PLACEMENT_3D('',#7222,#7223,#7224);
#7222=CARTESIAN_POINT('',(-0.8,2.8,2.325));
#7223=DIRECTION('',(-1.,0.,0.));
#7224=DIRECTION('',(0.,0.,1.));
#7225=CARTESIAN_POINT('',(-0.8,3.,1.225));
#7226=CARTESIAN_POINT('',(-0.8,3.,2.325));
#7227=VECTOR('',#7228,1.);
#7228=DIRECTION('',(0.,0.,-1.));
#7229=CARTESIAN_POINT('',(-0.8,2.8,1.025));
#7230=AXIS2_PLACEMENT_3D('',#7231,#7232,#7233);
#7231=CARTESIAN_POINT('',(-0.8,2.8,1.225));
#7232=DIRECTION('',(-1.,0.,0.));
#7233=DIRECTION('',(0.,1.,0.));
#7234=CARTESIAN_POINT('',(-0.8,2.8,1.025));
#7235=VECTOR('',#7236,1.);
#7236=DIRECTION('',(0.,-1.,0.));
#7237=CARTESIAN_POINT('',(-0.8,-2.8,1.025));
#7238=CARTESIAN_POINT('',(-0.8,-3.,1.225));
#7239=AXIS2_PLACEMENT_3D('',#7240,#7241,#7242);
#7240=CARTESIAN_POINT('',(-0.8,-2.8,1.225));
#7241=DIRECTION('',(-1.,0.,0.));
#7242=DIRECTION('',(0.,0.,-1.));
#7243=CARTESIAN_POINT('',(-0.8,-3.,2.325));
#7244=CARTESIAN_POINT('',(-0.8,-3.,1.225));
#7245=VECTOR('',#7246,1.);
#7246=DIRECTION('',(0.,0.,1.));
#7247=CARTESIAN_POINT('',(-0.8,-2.8,2.525));
#7248=AXIS2_PLACEMENT_3D('',#7249,#7250,#7251);
#7249=CARTESIAN_POINT('',(-0.8,-2.8,2.325));
#7250=DIRECTION('',(-1.,0.,0.));
#7251=DIRECTION('',(0.,-1.,-2.22044604925031E-015));
#7252=CARTESIAN_POINT('',(-0.8,-2.4,2.525));
#7253=CARTESIAN_POINT('',(-0.8,-2.8,2.525));
#7254=VECTOR('',#7255,1.);
#7255=DIRECTION('',(0.,1.,0.));
#7256=CARTESIAN_POINT('',(-0.8,-2.2,2.325));
#7257=AXIS2_PLACEMENT_3D('',#7258,#7259,#7260);
#7258=CARTESIAN_POINT('',(-0.8,-2.4,2.325));
#7259=DIRECTION('',(-1.,0.,0.));
#7260=DIRECTION('',(0.,0.,1.));
#7261=CARTESIAN_POINT('',(-0.8,-2.2,1.225));
#7262=CARTESIAN_POINT('',(-0.8,-2.2,2.325));
#7263=VECTOR('',#7264,1.);
#7264=DIRECTION('',(0.,0.,-1.));
#7265=CARTESIAN_POINT('',(-0.8,-2.4,1.025));
#7266=AXIS2_PLACEMENT_3D('',#7267,#7268,#7269);
#7267=CARTESIAN_POINT('',(-0.8,-2.4,1.225));
#7268=DIRECTION('',(-1.,0.,0.));
#7269=DIRECTION('',(0.,1.,-2.22044604925031E-015));
#7270=CARTESIAN_POINT('',(-0.8,-2.4,1.025));
#7271=VECTOR('',#7272,1.);
#7272=DIRECTION('',(0.,-1.,0.));
#7273=CARTESIAN_POINT('',(-1.,-2.8,1.025));
#7274=CARTESIAN_POINT('',(-1.,-2.4,1.025));
#7275=CARTESIAN_POINT('',(-1.,-2.4,1.025));
#7276=VECTOR('',#7277,1.);
#7277=DIRECTION('',(0.,-1.,0.));
#7278=CARTESIAN_POINT('',(-0.8,-2.8,1.025));
#7279=VECTOR('',#7280,1.);
#7280=DIRECTION('',(-1.,0.,0.));
#7281=CARTESIAN_POINT('',(-0.8,-2.4,1.025));
#7282=VECTOR('',#7283,1.);
#7283=DIRECTION('',(-1.,0.,0.));
#7284=CARTESIAN_POINT('',(-1.,-2.2,1.225));
#7285=AXIS2_PLACEMENT_3D('',#7286,#7287,#7288);
#7286=CARTESIAN_POINT('',(-1.,-2.4,1.225));
#7287=DIRECTION('',(-1.,0.,0.));
#7288=DIRECTION('',(0.,1.,-2.22044604925031E-015));
#7289=CARTESIAN_POINT('',(-0.8,-2.2,1.225));
#7290=VECTOR('',#7291,1.);
#7291=DIRECTION('',(-1.,0.,0.));
#7292=CARTESIAN_POINT('',(-1.,-2.2,2.325));
#7293=CARTESIAN_POINT('',(-1.,-2.2,2.325));
#7294=VECTOR('',#7295,1.);
#7295=DIRECTION('',(0.,0.,-1.));
#7296=CARTESIAN_POINT('',(-0.8,-2.2,2.325));
#7297=VECTOR('',#7298,1.);
#7298=DIRECTION('',(-1.,0.,0.));
#7299=CARTESIAN_POINT('',(-1.,-2.4,2.525));
#7300=AXIS2_PLACEMENT_3D('',#7301,#7302,#7303);
#7301=CARTESIAN_POINT('',(-1.,-2.4,2.325));
#7302=DIRECTION('',(-1.,0.,0.));
#7303=DIRECTION('',(0.,0.,1.));
#7304=CARTESIAN_POINT('',(-0.8,-2.4,2.525));
#7305=VECTOR('',#7306,1.);
#7306=DIRECTION('',(-1.,0.,0.));
#7307=CARTESIAN_POINT('',(-1.,-2.8,2.525));
#7308=CARTESIAN_POINT('',(-1.,-2.8,2.525));
#7309=VECTOR('',#7310,1.);
#7310=DIRECTION('',(0.,1.,0.));
#7311=CARTESIAN_POINT('',(-0.8,-2.8,2.525));
#7312=VECTOR('',#7313,1.);
#7313=DIRECTION('',(-1.,0.,0.));
#7314=CARTESIAN_POINT('',(-1.,-3.,2.325));
#7315=AXIS2_PLACEMENT_3D('',#7316,#7317,#7318);
#7316=CARTESIAN_POINT('',(-1.,-2.8,2.325));
#7317=DIRECTION('',(-1.,0.,0.));
#7318=DIRECTION('',(0.,-1.,-2.22044604925031E-015));
#7319=CARTESIAN_POINT('',(-0.8,-3.,2.325));
#7320=VECTOR('',#7321,1.);
#7321=DIRECTION('',(-1.,0.,0.));
#7322=CARTESIAN_POINT('',(-1.,-3.,1.225));
#7323=CARTESIAN_POINT('',(-1.,-3.,1.225));
#7324=VECTOR('',#7325,1.);
#7325=DIRECTION('',(0.,0.,1.));
#7326=CARTESIAN_POINT('',(-0.8,-3.,1.225));
#7327=VECTOR('',#7328,1.);
#7328=DIRECTION('',(-1.,0.,0.));
#7329=AXIS2_PLACEMENT_3D('',#7330,#7331,#7332);
#7330=CARTESIAN_POINT('',(-1.,-2.8,1.225));
#7331=DIRECTION('',(-1.,0.,0.));
#7332=DIRECTION('',(0.,0.,-1.));
#7333=CARTESIAN_POINT('',(-1.,2.4,1.025));
#7334=CARTESIAN_POINT('',(-1.,2.8,1.025));
#7335=CARTESIAN_POINT('',(-1.,2.8,1.025));
#7336=VECTOR('',#7337,1.);
#7337=DIRECTION('',(0.,-1.,0.));
#7338=CARTESIAN_POINT('',(-0.8,2.4,1.025));
#7339=VECTOR('',#7340,1.);
#7340=DIRECTION('',(-1.,0.,0.));
#7341=CARTESIAN_POINT('',(-0.8,2.8,1.025));
#7342=VECTOR('',#7343,1.);
#7343=DIRECTION('',(-1.,0.,0.));
#7344=CARTESIAN_POINT('',(-1.,3.,1.225));
#7345=AXIS2_PLACEMENT_3D('',#7346,#7347,#7348);
#7346=CARTESIAN_POINT('',(-1.,2.8,1.225));
#7347=DIRECTION('',(-1.,0.,0.));
#7348=DIRECTION('',(0.,1.,0.));
#7349=CARTESIAN_POINT('',(-0.8,3.,1.225));
#7350=VECTOR('',#7351,1.);
#7351=DIRECTION('',(-1.,0.,0.));
#7352=CARTESIAN_POINT('',(-1.,3.,2.325));
#7353=CARTESIAN_POINT('',(-1.,3.,2.325));
#7354=VECTOR('',#7355,1.);
#7355=DIRECTION('',(0.,0.,-1.));
#7356=CARTESIAN_POINT('',(-0.8,3.,2.325));
#7357=VECTOR('',#7358,1.);
#7358=DIRECTION('',(-1.,0.,0.));
#7359=CARTESIAN_POINT('',(-1.,2.8,2.525));
#7360=AXIS2_PLACEMENT_3D('',#7361,#7362,#7363);
#7361=CARTESIAN_POINT('',(-1.,2.8,2.325));
#7362=DIRECTION('',(-1.,0.,0.));
#7363=DIRECTION('',(0.,0.,1.));
#7364=CARTESIAN_POINT('',(-0.8,2.8,2.525));
#7365=VECTOR('',#7366,1.);
#7366=DIRECTION('',(-1.,0.,0.));
#7367=CARTESIAN_POINT('',(-1.,2.4,2.525));
#7368=CARTESIAN_POINT('',(-1.,2.4,2.525));
#7369=VECTOR('',#7370,1.);
#7370=DIRECTION('',(0.,1.,0.));
#7371=CARTESIAN_POINT('',(-0.8,2.4,2.525));
#7372=VECTOR('',#7373,1.);
#7373=DIRECTION('',(-1.,0.,0.));
#7374=CARTESIAN_POINT('',(-1.,2.2,2.325));
#7375=AXIS2_PLACEMENT_3D('',#7376,#7377,#7378);
#7376=CARTESIAN_POINT('',(-1.,2.4,2.325));
#7377=DIRECTION('',(-1.,0.,0.));
#7378=DIRECTION('',(0.,-1.,2.22044604925031E-015));
#7379=CARTESIAN_POINT('',(-0.8,2.2,2.325));
#7380=VECTOR('',#7381,1.);
#7381=DIRECTION('',(-1.,0.,0.));
#7382=CARTESIAN_POINT('',(-1.,2.2,1.225));
#7383=CARTESIAN_POINT('',(-1.,2.2,1.225));
#7384=VECTOR('',#7385,1.);
#7385=DIRECTION('',(0.,-4.03717463500057E-016,1.));
#7386=CARTESIAN_POINT('',(-0.8,2.2,1.225));
#7387=VECTOR('',#7388,1.);
#7388=DIRECTION('',(-1.,0.,0.));
#7389=AXIS2_PLACEMENT_3D('',#7390,#7391,#7392);
#7390=CARTESIAN_POINT('',(-1.,2.4,1.225));
#7391=DIRECTION('',(-1.,0.,0.));
#7392=DIRECTION('',(0.,0.,-1.));
#7393=CARTESIAN_POINT('',(-1.,-1.55,1.175));
#7394=CARTESIAN_POINT('',(-1.,-1.35,0.975));
#7395=AXIS2_PLACEMENT_3D('',#7396,#7397,#7398);
#7396=CARTESIAN_POINT('',(-1.,-1.35,1.175));
#7397=DIRECTION('',(-1.,0.,0.));
#7398=DIRECTION('',(0.,0.,-1.));
#7399=CARTESIAN_POINT('',(-0.8,-1.55,1.175));
#7400=VECTOR('',#7401,1.);
#7401=DIRECTION('',(-1.,0.,0.));
#7402=CARTESIAN_POINT('',(-0.8,-1.35,0.975));
#7403=VECTOR('',#7404,1.);
#7404=DIRECTION('',(-1.,0.,0.));
#7405=CARTESIAN_POINT('',(-1.,1.35,0.975));
#7406=CARTESIAN_POINT('',(-1.,1.35,0.975));
#7407=VECTOR('',#7408,1.);
#7408=DIRECTION('',(0.,-1.,0.));
#7409=CARTESIAN_POINT('',(-0.8,1.35,0.975));
#7410=VECTOR('',#7411,1.);
#7411=DIRECTION('',(-1.,0.,0.));
#7412=CARTESIAN_POINT('',(-1.,1.55,1.175));
#7413=AXIS2_PLACEMENT_3D('',#7414,#7415,#7416);
#7414=CARTESIAN_POINT('',(-1.,1.35,1.175));
#7415=DIRECTION('',(-1.,0.,0.));
#7416=DIRECTION('',(0.,1.,-1.11022302462516E-015));
#7417=CARTESIAN_POINT('',(-0.8,1.55,1.175));
#7418=VECTOR('',#7419,1.);
#7419=DIRECTION('',(-1.,0.,0.));
#7420=CARTESIAN_POINT('',(-1.,1.55,2.375));
#7421=CARTESIAN_POINT('',(-1.,1.55,2.375));
#7422=VECTOR('',#7423,1.);
#7423=DIRECTION('',(0.,0.,-1.));
#7424=CARTESIAN_POINT('',(-0.8,1.55,2.375));
#7425=VECTOR('',#7426,1.);
#7426=DIRECTION('',(-1.,0.,0.));
#7427=CARTESIAN_POINT('',(-1.,1.35,2.575));
#7428=AXIS2_PLACEMENT_3D('',#7429,#7430,#7431);
#7429=CARTESIAN_POINT('',(-1.,1.35,2.375));
#7430=DIRECTION('',(-1.,0.,0.));
#7431=DIRECTION('',(0.,0.,1.));
#7432=CARTESIAN_POINT('',(-0.8,1.35,2.575));
#7433=VECTOR('',#7434,1.);
#7434=DIRECTION('',(-1.,0.,0.));
#7435=CARTESIAN_POINT('',(-1.,-1.35,2.575));
#7436=CARTESIAN_POINT('',(-1.,-1.35,2.575));
#7437=VECTOR('',#7438,1.);
#7438=DIRECTION('',(0.,1.,0.));
#7439=CARTESIAN_POINT('',(-0.8,-1.35,2.575));
#7440=VECTOR('',#7441,1.);
#7441=DIRECTION('',(-1.,0.,0.));
#7442=CARTESIAN_POINT('',(-1.,-1.55,2.375));
#7443=AXIS2_PLACEMENT_3D('',#7444,#7445,#7446);
#7444=CARTESIAN_POINT('',(-1.,-1.35,2.375));
#7445=DIRECTION('',(-1.,0.,0.));
#7446=DIRECTION('',(0.,-1.,0.));
#7447=CARTESIAN_POINT('',(-0.8,-1.55,2.375));
#7448=VECTOR('',#7449,1.);
#7449=DIRECTION('',(-1.,0.,0.));
#7450=CARTESIAN_POINT('',(-1.,-1.55,1.175));
#7451=VECTOR('',#7452,1.);
#7452=DIRECTION('',(0.,0.,1.));
#7453=CARTESIAN_POINT('',(-1.,3.59999999921979,2.24686396817619E-025));
#7454=CARTESIAN_POINT('',(-1.,3.59999999921979,2.99581862423492E-025));
#7455=VECTOR('',#7456,1.);
#7456=DIRECTION('',(1.,0.,5.55111510814669E-016));
#7457=CARTESIAN_POINT('',(-1.,3.04999999999775,0.));
#7458=CARTESIAN_POINT('',(-0.8,3.05,3.56207516162791E-027));
#7459=VECTOR('',#7460,1.);
#7460=DIRECTION('',(-1.,0.,0.));
#7461=CARTESIAN_POINT('',(-1.,3.59999999921979,2.99581862423492E-025));
#7462=VECTOR('',#7463,1.);
#7463=DIRECTION('',(0.,-1.,-5.3821779578507E-025));
#7464=CARTESIAN_POINT('',(-1.,2.89999999999775,0.15));
#7465=CARTESIAN_POINT('',(-0.8,2.89999999999775,0.15));
#7466=VECTOR('',#7467,1.);
#7467=DIRECTION('',(-1.,0.,0.));
#7468=AXIS2_PLACEMENT_3D('',#7469,#7470,#7471);
#7469=CARTESIAN_POINT('',(-1.,3.04999999999775,0.15));
#7470=DIRECTION('',(-1.,0.,0.));
#7471=DIRECTION('',(0.,0.,-1.));
#7472=CARTESIAN_POINT('',(-1.,2.29999999999775,0.15));
#7473=CARTESIAN_POINT('',(-0.8,2.29999999999775,0.15));
#7474=VECTOR('',#7475,1.);
#7475=DIRECTION('',(-1.,0.,0.));
#7476=AXIS2_PLACEMENT_3D('',#7477,#7478,#7479);
#7477=CARTESIAN_POINT('',(-1.,2.59999999999775,0.15));
#7478=DIRECTION('',(1.,0.,-0.));
#7479=DIRECTION('',(0.,1.,9.25185853854298E-017));
#7480=CARTESIAN_POINT('',(-1.,2.21999999999775,0.07));
#7481=CARTESIAN_POINT('',(-0.8,2.21999999999775,0.07));
#7482=VECTOR('',#7483,1.);
#7483=DIRECTION('',(-1.,0.,0.));
#7484=AXIS2_PLACEMENT_3D('',#7485,#7486,#7487);
#7485=CARTESIAN_POINT('',(-1.,2.21999999999775,0.15));
#7486=DIRECTION('',(-1.,0.,0.));
#7487=DIRECTION('',(0.,1.,0.));
#7488=CARTESIAN_POINT('',(-1.,-2.21999999999775,0.07));
#7489=CARTESIAN_POINT('',(-0.8,-2.21999999999775,0.07));
#7490=VECTOR('',#7491,1.);
#7491=DIRECTION('',(-1.,0.,0.));
#7492=CARTESIAN_POINT('',(-1.,2.21999999999775,0.07));
#7493=VECTOR('',#7494,1.);
#7494=DIRECTION('',(0.,-1.,0.));
#7495=CARTESIAN_POINT('',(-1.,-2.3,0.15));
#7496=CARTESIAN_POINT('',(-0.8,-2.29999999999775,0.15));
#7497=VECTOR('',#7498,1.);
#7498=DIRECTION('',(-1.,0.,0.));
#7499=AXIS2_PLACEMENT_3D('',#7500,#7501,#7502);
#7500=CARTESIAN_POINT('',(-1.,-2.21999999999775,0.15));
#7501=DIRECTION('',(-1.,0.,0.));
#7502=DIRECTION('',(0.,5.5511151231258E-015,-1.));
#7503=CARTESIAN_POINT('',(-1.,-2.9000000002456,0.150000001314824));
#7504=CARTESIAN_POINT('',(-0.8,-2.9,0.150000001314824));
#7505=VECTOR('',#7506,1.);
#7506=DIRECTION('',(-1.,0.,0.));
#7507=AXIS2_PLACEMENT_3D('',#7508,#7509,#7510);
#7508=CARTESIAN_POINT('',(-1.,-2.6,0.15));
#7509=DIRECTION('',(1.,0.,-0.));
#7510=DIRECTION('',(0.,1.,9.25185853854298E-017));
#7511=CARTESIAN_POINT('',(-1.,-3.05000000156042,6.04237169685144E-026));
#7512=CARTESIAN_POINT('',(-0.8,-3.05000000156042,6.04237169685144E-026));
#7513=VECTOR('',#7514,1.);
#7514=DIRECTION('',(-1.,0.,0.));
#7515=AXIS2_PLACEMENT_3D('',#7516,#7517,#7518);
#7516=CARTESIAN_POINT('',(-1.,-3.05000000156042,0.150000001314824));
#7517=DIRECTION('',(-1.,0.,0.));
#7518=DIRECTION('',(0.,1.,0.));
#7519=CARTESIAN_POINT('',(-1.,-3.60000000078021,-1.03683263101428E-025));
#7520=CARTESIAN_POINT('',(-1.,-3.60000000078021,1.11022302462516E-016));
#7521=VECTOR('',#7522,1.);
#7522=DIRECTION('',(1.,-2.22044604925031E-015,-5.55111512830995E-016));
#7523=CARTESIAN_POINT('',(-1.,-3.05000000156042,6.04237169685144E-026));
#7524=VECTOR('',#7525,1.);
#7525=DIRECTION('',(0.,-1.,-2.98376327823163E-025));
#7526=CARTESIAN_POINT('',(-0.7,-3.70000000078021,-1.88047182255919E-025));
#7527=CARTESIAN_POINT('',(-0.7,-3.70000000078021,0.900000000000002));
#7528=CARTESIAN_POINT('',(-0.699999999999999,-3.70000000078021,-1.88047182255919E-025));
#7529=VECTOR('',#7530,1.);
#7530=DIRECTION('',(0.,0.,1.));
#7531=AXIS2_PLACEMENT_3D('',#7532,#7533,#7534);
#7532=CARTESIAN_POINT('',(-0.7,-3.60000000078021,-5.55111513867827E-017));
#7533=DIRECTION('',(5.55111512830995E-016,-5.37078759631877E-025,1.));
#7534=DIRECTION('',(-1.,4.44089209850063E-015,5.55111512830995E-016));
#7535=CARTESIAN_POINT('',(-0.796166718968384,-3.6274219292838,0.900000000000002));
#7536=CARTESIAN_POINT('',(-0.796166718968595,-3.62742192928306,0.900000000000002));
#7537=CARTESIAN_POINT('',(-0.797029931465253,-3.6243947055206,0.900000000000002));
#7538=CARTESIAN_POINT('',(-0.798468052382922,-3.61826271311151,0.900642256355301));
#7539=CARTESIAN_POINT('',(-0.799734754458114,-3.60901903050205,0.903520386582035));
#7540=CARTESIAN_POINT('',(-0.8,-3.602967104207,0.906690390460979));
#7541=CARTESIAN_POINT('',(-0.8,-3.60000000078021,0.908578643485927));
#7542=AXIS2_PLACEMENT_3D('',#7543,#7544,#7545);
#7543=CARTESIAN_POINT('',(-0.7,-3.60000000078021,0.900000000000003));
#7544=DIRECTION('',(-4.70610859233616E-016,1.6503982291456E-015,-1.));
#7545=DIRECTION('',(-5.55111512312585E-015,-1.,-1.65039822914559E-015));
#7546=CARTESIAN_POINT('',(-1.,-3.60000000078021,0.908578643485927));
#7547=CARTESIAN_POINT('',(-1.,-3.60000000078021,0.908578643485927));
#7548=VECTOR('',#7549,1.);
#7549=DIRECTION('',(1.,0.,0.));
#7550=CARTESIAN_POINT('',(-1.,-3.5,1.05));
#7551=CARTESIAN_POINT('',(-0.8,-3.5,1.05));
#7552=VECTOR('',#7553,1.);
#7553=DIRECTION('',(-1.,0.,0.));
#7554=AXIS2_PLACEMENT_3D('',#7555,#7556,#7557);
#7555=CARTESIAN_POINT('',(-1.,-3.6499999999974,1.05));
#7556=DIRECTION('',(1.,-0.,0.));
#7557=DIRECTION('',(0.,0.333333328114588,-0.942809043427168));
#7558=CARTESIAN_POINT('',(-1.,-3.5,3.14999999999999));
#7559=CARTESIAN_POINT('',(-0.8,-3.5,3.14999999999999));
#7560=VECTOR('',#7561,1.);
#7561=DIRECTION('',(-1.,0.,0.));
#7562=CARTESIAN_POINT('',(-1.,-3.5,1.05));
#7563=VECTOR('',#7564,1.);
#7564=DIRECTION('',(0.,0.,1.));
#7565=CARTESIAN_POINT('',(-1.,-3.2,3.45));
#7566=CARTESIAN_POINT('',(-0.8,-3.2,3.45));
#7567=VECTOR('',#7568,1.);
#7568=DIRECTION('',(-1.,0.,0.));
#7569=AXIS2_PLACEMENT_3D('',#7570,#7571,#7572);
#7570=CARTESIAN_POINT('',(-1.,-3.2,3.15));
#7571=DIRECTION('',(-1.,0.,0.));
#7572=DIRECTION('',(0.,-1.,-2.22044604925031E-014));
#7573=CARTESIAN_POINT('',(-1.,3.2,3.45));
#7574=CARTESIAN_POINT('',(-0.8,3.2,3.45));
#7575=VECTOR('',#7576,1.);
#7576=DIRECTION('',(-1.,0.,0.));
#7577=CARTESIAN_POINT('',(-1.,-3.2,3.45));
#7578=VECTOR('',#7579,1.);
#7579=DIRECTION('',(0.,1.,0.));
#7580=CARTESIAN_POINT('',(-1.,3.5,3.15));
#7581=CARTESIAN_POINT('',(-0.8,3.5,3.15));
#7582=VECTOR('',#7583,1.);
#7583=DIRECTION('',(-1.,0.,0.));
#7584=AXIS2_PLACEMENT_3D('',#7585,#7586,#7587);
#7585=CARTESIAN_POINT('',(-1.,3.2,3.15));
#7586=DIRECTION('',(-1.,0.,0.));
#7587=DIRECTION('',(0.,0.,1.));
#7588=CARTESIAN_POINT('',(-1.,3.49999999999891,1.05000000000007));
#7589=CARTESIAN_POINT('',(-0.8,3.5,1.05));
#7590=VECTOR('',#7591,1.);
#7591=DIRECTION('',(-1.,0.,0.));
#7592=CARTESIAN_POINT('',(-1.,3.5,3.15));
#7593=VECTOR('',#7594,1.);
#7594=DIRECTION('',(0.,0.,-1.));
#7595=CARTESIAN_POINT('',(-1.,3.59999999921979,0.908578644038151));
#7596=CARTESIAN_POINT('',(-1.,3.59999999921979,0.908578644038151));
#7597=VECTOR('',#7598,1.);
#7598=DIRECTION('',(1.,0.,5.55111512312578E-016));
#7599=AXIS2_PLACEMENT_3D('',#7600,#7601,#7602);
#7600=CARTESIAN_POINT('',(-1.,3.64999999999891,1.05));
#7601=DIRECTION('',(1.,-0.,0.));
#7602=DIRECTION('',(0.,-1.,4.4556950721623E-013));
#7603=CARTESIAN_POINT('',(-0.700000000000001,3.69999999921979,0.9));
#7604=CARTESIAN_POINT('',(-0.700000000000001,3.69999999921979,3.38819519263322E-025));
#7605=CARTESIAN_POINT('',(-0.7,3.69999999921979,0.9));
#7606=VECTOR('',#7607,1.);
#7607=DIRECTION('',(0.,0.,-1.));
#7608=CARTESIAN_POINT('',(-0.796166718730555,3.62742192855742,0.9));
#7609=AXIS2_PLACEMENT_3D('',#7610,#7611,#7612);
#7610=CARTESIAN_POINT('',(-0.7,3.59999999921979,0.9));
#7611=DIRECTION('',(-2.35746911965474E-016,-8.26747334046618E-016,-1.));
#7612=DIRECTION('',(-0.961667187304673,0.274219293379439,1.84889274661175E-030));
#7613=CARTESIAN_POINT('',(-0.8,3.59999999921979,0.908578644038151));
#7614=CARTESIAN_POINT('',(-0.8,3.60296710273147,0.906690390892818));
#7615=CARTESIAN_POINT('',(-0.799734754442874,3.60901902920759,0.903520386810312));
#7616=CARTESIAN_POINT('',(-0.798468052289794,3.61826271210526,0.900642256397084));
#7617=CARTESIAN_POINT('',(-0.797029931281668,3.62439470470361,0.9));
#7618=CARTESIAN_POINT('',(-0.796166718730644,3.62742192855711,0.9));
#7619=AXIS2_PLACEMENT_3D('',#7620,#7621,#7622);
#7620=CARTESIAN_POINT('',(-0.7,3.59999999921979,1.66533453543983E-016));
#7621=DIRECTION('',(-5.55111510814669E-016,-3.22930677471042E-025,1.));
#7622=DIRECTION('',(7.4606760743771E-047,1.,3.22930677471042E-025));
#7623=CARTESIAN_POINT('',(-1.,3.59999999921979,0.908578644038151));
#7624=VECTOR('',#7625,1.);
#7625=DIRECTION('',(0.,0.,-1.));
#7626=CARTESIAN_POINT('',(-1.,-3.60000000078021,-1.03683263101428E-025));
#7627=VECTOR('',#7628,1.);
#7628=DIRECTION('',(0.,0.,1.));
#7629=CARTESIAN_POINT('',(-0.7,-3.90000000078021,-1.88047182255919E-025));
#7630=CARTESIAN_POINT('',(-0.7,-3.90000000078021,-1.88047182255919E-025));
#7631=VECTOR('',#7632,1.);
#7632=DIRECTION('',(1.66533453693774E-015,1.,0.));
#7633=AXIS2_PLACEMENT_3D('',#7634,#7635,#7636);
#7634=CARTESIAN_POINT('',(-0.700000000000001,-3.60000000078021,-5.55111513867824E-017));
#7635=DIRECTION('',(5.55111512830995E-016,-5.37078759631877E-025,1.));
#7636=DIRECTION('',(-1.,2.96059473233376E-015,5.55111512830995E-016));
#7637=CARTESIAN_POINT('',(-0.7,-3.90000000078021,0.900000000000002));
#7638=CARTESIAN_POINT('',(-0.988500156905154,-3.68226578629097,0.900000000000002));
#7639=AXIS2_PLACEMENT_3D('',#7640,#7641,#7642);
#7640=CARTESIAN_POINT('',(-0.7,-3.60000000078021,0.900000000000003));
#7641=DIRECTION('',(-4.70610859233616E-016,1.6503982291456E-015,-1.));
#7642=DIRECTION('',(-2.22044604925031E-015,-1.,-1.6503982291456E-015));
#7643=CARTESIAN_POINT('',(-0.700000000000001,-3.90000000078021,0.900000000000002));
#7644=VECTOR('',#7645,1.);
#7645=DIRECTION('',(2.22044604925032E-015,1.,1.66533453693774E-015));
#7646=CARTESIAN_POINT('',(-0.796166718968174,-3.62742192928453,0.900000000000003));
#7647=VECTOR('',#7648,1.);
#7648=DIRECTION('',(-0.961667189681745,-0.27421928504322,0.));
#7649=CARTESIAN_POINT('',(-0.988500156905785,-3.68226578628875,0.900000000000002));
#7650=CARTESIAN_POINT('',(-0.991089794395758,-3.67318411500138,0.900000000000002));
#7651=CARTESIAN_POINT('',(-0.995404157148766,-3.65478776047747,0.900642336392001));
#7652=CARTESIAN_POINT('',(-0.999204263374342,-3.62705841048393,0.903520106453585));
#7653=CARTESIAN_POINT('',(-1.,-3.60889848133586,0.906690990736228));
#7654=CARTESIAN_POINT('',(-1.,-3.60000000078021,0.908578643485927));
#7655=CARTESIAN_POINT('',(8.88178419700125E-016,-3.70000000078021,0.9));
#7656=CARTESIAN_POINT('',(8.88178419700125E-016,-3.70000000078021,0.9));
#7657=VECTOR('',#7658,1.);
#7658=DIRECTION('',(-1.,1.90323947078598E-015,2.69625591694681E-015));
#7659=CARTESIAN_POINT('',(8.88178419700125E-016,-3.70000000078021,-3.96910611732134E-025));
#7660=CARTESIAN_POINT('',(8.88178419700125E-016,-3.70000000078021,-3.96910611732134E-025));
#7661=VECTOR('',#7662,1.);
#7662=DIRECTION('',(0.,0.,1.));
#7663=CARTESIAN_POINT('',(-0.7,-3.70000000078021,-1.88047182255919E-025));
#7664=VECTOR('',#7665,1.);
#7665=DIRECTION('',(1.,-1.90323947078598E-015,-2.98376327823163E-025));
#7666=CARTESIAN_POINT('',(0.,3.69999999921979,8.28511816067312E-025));
#7667=CARTESIAN_POINT('',(0.,3.69999999921979,8.28511816067312E-025));
#7668=VECTOR('',#7669,1.);
#7669=DIRECTION('',(-1.,6.34413156928661E-016,-5.3821779578507E-025));
#7670=CARTESIAN_POINT('',(0.,3.69999999921979,0.9));
#7671=CARTESIAN_POINT('',(0.,3.69999999921979,0.9));
#7672=VECTOR('',#7673,1.);
#7673=DIRECTION('',(0.,0.,-1.));
#7674=CARTESIAN_POINT('',(-0.7,3.69999999921979,0.9));
#7675=VECTOR('',#7676,1.);
#7676=DIRECTION('',(1.,-1.26882631385732E-015,-1.58603289232165E-016));
#7677=CARTESIAN_POINT('',(-0.7,-3.90000000078021,-1.88047182255919E-025));
#7678=VECTOR('',#7679,1.);
#7679=DIRECTION('',(0.,0.,1.));
#7680=CARTESIAN_POINT('',(-0.7,3.89999999921979,0.9));
#7681=CARTESIAN_POINT('',(-0.7,3.89999999921979,3.38819519263322E-025));
#7682=CARTESIAN_POINT('',(-0.7,3.89999999921979,0.9));
#7683=VECTOR('',#7684,1.);
#7684=DIRECTION('',(0.,0.,-1.));
#7685=AXIS2_PLACEMENT_3D('',#7686,#7687,#7688);
#7686=CARTESIAN_POINT('',(-0.7,3.59999999921979,1.66533453543983E-016));
#7687=DIRECTION('',(-5.55111510814669E-016,-3.22930677471042E-025,1.));
#7688=DIRECTION('',(2.89915767468006E-047,1.,3.22930677471042E-025));
#7689=CARTESIAN_POINT('',(-0.988500156191666,3.68226578723269,0.9));
#7690=CARTESIAN_POINT('',(-1.,3.59999999921979,0.908578644038151));
#7691=CARTESIAN_POINT('',(-1.,3.60889848002968,0.90669099116818));
#7692=CARTESIAN_POINT('',(-0.999204263328623,3.62705840972158,0.90352010668181));
#7693=CARTESIAN_POINT('',(-0.995404156869383,3.65478776057952,0.900642336433799));
#7694=CARTESIAN_POINT('',(-0.991089793845003,3.67318411567125,0.9));
#7695=CARTESIAN_POINT('',(-0.988500156191931,3.68226578723176,0.9));
#7696=AXIS2_PLACEMENT_3D('',#7697,#7698,#7699);
#7697=CARTESIAN_POINT('',(-0.7,3.59999999921979,0.9));
#7698=DIRECTION('',(-2.35746911965474E-016,-8.26747334046618E-016,-1.));
#7699=DIRECTION('',(-0.961667187304673,0.274219293379439,1.97215226305253E-030));
#7700=CARTESIAN_POINT('',(-0.700000000000001,3.89999999921979,1.66533453640862E-016));
#7701=VECTOR('',#7702,1.);
#7702=DIRECTION('',(1.66533453693774E-015,-1.,-3.22929702534988E-025));
#7703=CARTESIAN_POINT('',(0.,3.89999999921979,8.28511816067312E-025));
#7704=CARTESIAN_POINT('',(1.65389215948551E-016,3.89999999921979,8.28511816067312E-025));
#7705=VECTOR('',#7706,1.);
#7706=DIRECTION('',(-1.,0.,-5.3821779578507E-025));
#7707=CARTESIAN_POINT('',(0.,3.69999999921979,0.));
#7708=VECTOR('',#7709,1.);
#7709=DIRECTION('',(8.26946079742757E-016,1.,0.));
#7710=CARTESIAN_POINT('',(0.,-3.90000000078021,-3.96910611732134E-025));
#7711=CARTESIAN_POINT('',(0.,-3.70000000078021,-3.96910611732133E-025));
#7712=VECTOR('',#7713,1.);
#7713=DIRECTION('',(-1.61554457443259E-015,-1.,0.));
#7714=CARTESIAN_POINT('',(-0.7,-3.90000000078021,-1.88047182255919E-025));
#7715=VECTOR('',#7716,1.);
#7716=DIRECTION('',(1.,-2.53765262771464E-015,-2.98376327823163E-025));
#7717=CARTESIAN_POINT('',(0.,-3.90000000078021,0.9));
#7718=CARTESIAN_POINT('',(5.65069504813608E-016,-3.90000000078021,0.9));
#7719=VECTOR('',#7720,1.);
#7720=DIRECTION('',(-1.,2.53765262771464E-015,2.69625591694681E-015));
#7721=CARTESIAN_POINT('',(8.88178419700125E-016,-3.70000000078021,0.9));
#7722=VECTOR('',#7723,1.);
#7723=DIRECTION('',(-1.61554457443259E-015,-1.,0.));
#7724=CARTESIAN_POINT('',(5.65069504813608E-016,-3.90000000078021,-3.96910611732134E-025));
#7725=VECTOR('',#7726,1.);
#7726=DIRECTION('',(0.,0.,1.));
#7727=CARTESIAN_POINT('',(-0.7,3.89999999921979,0.9));
#7728=VECTOR('',#7729,1.);
#7729=DIRECTION('',(-5.55111512312578E-016,-1.,0.));
#7730=CARTESIAN_POINT('',(0.,3.89999999921979,0.9));
#7731=CARTESIAN_POINT('',(-4.44089209850063E-016,3.69999999921979,0.9));
#7732=VECTOR('',#7733,1.);
#7733=DIRECTION('',(8.26946079742757E-016,1.,0.));
#7734=CARTESIAN_POINT('',(-0.7,3.89999999921979,0.9));
#7735=VECTOR('',#7736,1.);
#7736=DIRECTION('',(1.,-1.26882631385732E-015,-1.58603289232165E-016));
#7737=CARTESIAN_POINT('',(1.65389215948551E-016,3.89999999921979,0.9));
#7738=VECTOR('',#7739,1.);
#7739=DIRECTION('',(0.,0.,-1.));
#7740=CARTESIAN_POINT('',(-0.796166718730467,3.62742192855773,0.9));
#7741=VECTOR('',#7742,1.);
#7742=DIRECTION('',(-0.961667187304672,0.274219293379441,0.));
#7743=CARTESIAN_POINT('',(1.15,-2.4,3.48));
#7744=CARTESIAN_POINT('',(1.15,-2.4,0.24264057555553));
#7745=CARTESIAN_POINT('',(1.15,-2.4,3.48));
#7746=VECTOR('',#7747,1.);
#7747=DIRECTION('',(0.,0.,-1.));
#7748=CARTESIAN_POINT('',(1.15,-1.8,0.24264057555553));
#7749=CARTESIAN_POINT('',(1.15,-2.4,0.24264057555553));
#7750=VECTOR('',#7751,1.);
#7751=DIRECTION('',(0.,1.,0.));
#7752=CARTESIAN_POINT('',(1.15,-1.8,3.48));
#7753=CARTESIAN_POINT('',(1.15,-1.8,3.48));
#7754=VECTOR('',#7755,1.);
#7755=DIRECTION('',(0.,0.,-1.));
#7756=CARTESIAN_POINT('',(1.15,-2.4,3.48));
#7757=VECTOR('',#7758,1.);
#7758=DIRECTION('',(0.,1.,0.));
#7759=CARTESIAN_POINT('',(1.19812631691,-2.4,0.192675694772341));
#7760=AXIS2_PLACEMENT_3D('',#7761,#7762,#7763);
#7761=CARTESIAN_POINT('',(1.2,-2.4,0.24264057555553));
#7762=DIRECTION('',(0.,-1.,0.));
#7763=DIRECTION('',(-1.,0.,-5.55111512312578E-016));
#7764=CARTESIAN_POINT('',(1.19812631691,-1.8,0.192675694772341));
#7765=CARTESIAN_POINT('',(1.19812631691,-2.4,0.192675694772341));
#7766=VECTOR('',#7767,1.);
#7767=DIRECTION('',(0.,1.,0.));
#7768=AXIS2_PLACEMENT_3D('',#7769,#7770,#7771);
#7769=CARTESIAN_POINT('',(1.2,-1.8,0.24264057555553));
#7770=DIRECTION('',(0.,-1.,0.));
#7771=DIRECTION('',(-1.,0.,-5.55111512312578E-016));
#7772=CARTESIAN_POINT('',(1.80562104907833,-2.4,0.169894642356753));
#7773=CARTESIAN_POINT('',(1.19812631691,-2.4,0.192675694772341));
#7774=VECTOR('',#7775,1.);
#7775=DIRECTION('',(0.999297615711689,0.,-0.0374736605221985));
#7776=CARTESIAN_POINT('',(1.80562104907833,-1.8,0.169894642356753));
#7777=CARTESIAN_POINT('',(1.80562104907833,-2.4,0.169894642356753));
#7778=VECTOR('',#7779,1.);
#7779=DIRECTION('',(0.,1.,0.));
#7780=CARTESIAN_POINT('',(1.19812631691,-1.8,0.192675694772341));
#7781=VECTOR('',#7782,1.);
#7782=DIRECTION('',(0.999297615711689,0.,-0.0374736605221985));
#7783=CARTESIAN_POINT('',(1.8,-2.4,0.0199999999999998));
#7784=CARTESIAN_POINT('',(1.80562104907833,-2.4,0.169894642356753));
#7785=VECTOR('',#7786,1.);
#7786=DIRECTION('',(-0.0374736605221981,0.,-0.999297615711689));
#7787=CARTESIAN_POINT('',(1.8,-1.8,0.0199999999999998));
#7788=CARTESIAN_POINT('',(1.8,-2.4,0.0199999999999998));
#7789=VECTOR('',#7790,1.);
#7790=DIRECTION('',(0.,1.,0.));
#7791=CARTESIAN_POINT('',(1.80562104907833,-1.8,0.169894642356753));
#7792=VECTOR('',#7793,1.);
#7793=DIRECTION('',(-0.0374736605221981,0.,-0.999297615711689));
#7794=CARTESIAN_POINT('',(1.19250526783167,-2.4,0.0427810524155876));
#7795=CARTESIAN_POINT('',(1.8,-2.4,0.0199999999999998));
#7796=VECTOR('',#7797,1.);
#7797=DIRECTION('',(-0.999297615711689,0.,0.0374736605221985));
#7798=CARTESIAN_POINT('',(1.19250526783167,-1.8,0.0427810524155876));
#7799=CARTESIAN_POINT('',(1.19250526783167,-2.4,0.0427810524155876));
#7800=VECTOR('',#7801,1.);
#7801=DIRECTION('',(0.,1.,0.));
#7802=CARTESIAN_POINT('',(1.8,-1.8,0.0199999999999998));
#7803=VECTOR('',#7804,1.);
#7804=DIRECTION('',(-0.999297615711689,0.,0.0374736605221985));
#7805=CARTESIAN_POINT('',(1.,-2.4,0.24264057555553));
#7806=AXIS2_PLACEMENT_3D('',#7807,#7808,#7809);
#7807=CARTESIAN_POINT('',(1.2,-2.4,0.24264057555553));
#7808=DIRECTION('',(-0.,1.,0.));
#7809=DIRECTION('',(-0.037473660841657,0.,-0.99929761569971));
#7810=CARTESIAN_POINT('',(1.,-1.8,0.24264057555553));
#7811=CARTESIAN_POINT('',(1.,-2.4,0.24264057555553));
#7812=VECTOR('',#7813,1.);
#7813=DIRECTION('',(0.,1.,0.));
#7814=AXIS2_PLACEMENT_3D('',#7815,#7816,#7817);
#7815=CARTESIAN_POINT('',(1.2,-1.8,0.24264057555553));
#7816=DIRECTION('',(-0.,1.,0.));
#7817=DIRECTION('',(-0.037473660841657,0.,-0.99929761569971));
#7818=CARTESIAN_POINT('',(1.,-2.4,3.48));
#7819=CARTESIAN_POINT('',(1.,-2.4,0.24264057555553));
#7820=VECTOR('',#7821,1.);
#7821=DIRECTION('',(0.,0.,1.));
#7822=CARTESIAN_POINT('',(1.,-1.8,3.48));
#7823=CARTESIAN_POINT('',(1.,-2.4,3.48));
#7824=VECTOR('',#7825,1.);
#7825=DIRECTION('',(0.,1.,0.));
#7826=CARTESIAN_POINT('',(1.,-1.8,0.24264057555553));
#7827=VECTOR('',#7828,1.);
#7828=DIRECTION('',(0.,0.,1.));
#7829=CARTESIAN_POINT('',(1.,-2.4,3.48));
#7830=VECTOR('',#7831,1.);
#7831=DIRECTION('',(1.,0.,0.));
#7832=CARTESIAN_POINT('',(1.,-1.8,3.48));
#7833=VECTOR('',#7834,1.);
#7834=DIRECTION('',(1.,0.,0.));
#7835=CARTESIAN_POINT('',(1.15,1.8,3.48));
#7836=CARTESIAN_POINT('',(1.15,1.8,0.24264057555553));
#7837=CARTESIAN_POINT('',(1.15,1.8,3.48));
#7838=VECTOR('',#7839,1.);
#7839=DIRECTION('',(0.,0.,-1.));
#7840=CARTESIAN_POINT('',(1.15,2.4,0.24264057555553));
#7841=CARTESIAN_POINT('',(1.15,1.8,0.24264057555553));
#7842=VECTOR('',#7843,1.);
#7843=DIRECTION('',(0.,1.,0.));
#7844=CARTESIAN_POINT('',(1.15,2.4,3.48));
#7845=CARTESIAN_POINT('',(1.15,2.4,3.48));
#7846=VECTOR('',#7847,1.);
#7847=DIRECTION('',(0.,0.,-1.));
#7848=CARTESIAN_POINT('',(1.15,1.8,3.48));
#7849=VECTOR('',#7850,1.);
#7850=DIRECTION('',(0.,1.,0.));
#7851=CARTESIAN_POINT('',(1.19812631691,1.8,0.192675694772341));
#7852=AXIS2_PLACEMENT_3D('',#7853,#7854,#7855);
#7853=CARTESIAN_POINT('',(1.2,1.8,0.24264057555553));
#7854=DIRECTION('',(0.,-1.,0.));
#7855=DIRECTION('',(-1.,0.,-5.55111512312578E-016));
#7856=CARTESIAN_POINT('',(1.19812631691,2.4,0.192675694772341));
#7857=CARTESIAN_POINT('',(1.19812631691,1.8,0.192675694772341));
#7858=VECTOR('',#7859,1.);
#7859=DIRECTION('',(0.,1.,0.));
#7860=AXIS2_PLACEMENT_3D('',#7861,#7862,#7863);
#7861=CARTESIAN_POINT('',(1.2,2.4,0.24264057555553));
#7862=DIRECTION('',(0.,-1.,0.));
#7863=DIRECTION('',(-1.,0.,-5.55111512312578E-016));
#7864=CARTESIAN_POINT('',(1.80562104907833,1.8,0.169894642356753));
#7865=CARTESIAN_POINT('',(1.19812631691,1.8,0.192675694772341));
#7866=VECTOR('',#7867,1.);
#7867=DIRECTION('',(0.999297615711689,0.,-0.0374736605221985));
#7868=CARTESIAN_POINT('',(1.80562104907833,2.4,0.169894642356753));
#7869=CARTESIAN_POINT('',(1.80562104907833,1.8,0.169894642356753));
#7870=VECTOR('',#7871,1.);
#7871=DIRECTION('',(0.,1.,0.));
#7872=CARTESIAN_POINT('',(1.19812631691,2.4,0.192675694772341));
#7873=VECTOR('',#7874,1.);
#7874=DIRECTION('',(0.999297615711689,0.,-0.0374736605221985));
#7875=CARTESIAN_POINT('',(1.8,1.8,0.0199999999999998));
#7876=CARTESIAN_POINT('',(1.80562104907833,1.8,0.169894642356753));
#7877=VECTOR('',#7878,1.);
#7878=DIRECTION('',(-0.0374736605221981,0.,-0.999297615711689));
#7879=CARTESIAN_POINT('',(1.8,2.4,0.0199999999999998));
#7880=CARTESIAN_POINT('',(1.8,1.8,0.0199999999999998));
#7881=VECTOR('',#7882,1.);
#7882=DIRECTION('',(0.,1.,0.));
#7883=CARTESIAN_POINT('',(1.80562104907833,2.4,0.169894642356753));
#7884=VECTOR('',#7885,1.);
#7885=DIRECTION('',(-0.0374736605221981,0.,-0.999297615711689));
#7886=CARTESIAN_POINT('',(1.19250526783167,1.8,0.0427810524155876));
#7887=CARTESIAN_POINT('',(1.8,1.8,0.0199999999999998));
#7888=VECTOR('',#7889,1.);
#7889=DIRECTION('',(-0.999297615711689,0.,0.0374736605221985));
#7890=CARTESIAN_POINT('',(1.19250526783167,2.4,0.0427810524155876));
#7891=CARTESIAN_POINT('',(1.19250526783167,1.8,0.0427810524155876));
#7892=VECTOR('',#7893,1.);
#7893=DIRECTION('',(0.,1.,0.));
#7894=CARTESIAN_POINT('',(1.8,2.4,0.0199999999999998));
#7895=VECTOR('',#7896,1.);
#7896=DIRECTION('',(-0.999297615711689,0.,0.0374736605221985));
#7897=CARTESIAN_POINT('',(1.,1.8,0.24264057555553));
#7898=AXIS2_PLACEMENT_3D('',#7899,#7900,#7901);
#7899=CARTESIAN_POINT('',(1.2,1.8,0.24264057555553));
#7900=DIRECTION('',(-0.,1.,0.));
#7901=DIRECTION('',(-0.037473660841657,0.,-0.99929761569971));
#7902=CARTESIAN_POINT('',(1.,2.4,0.24264057555553));
#7903=CARTESIAN_POINT('',(1.,1.8,0.24264057555553));
#7904=VECTOR('',#7905,1.);
#7905=DIRECTION('',(0.,1.,0.));
#7906=AXIS2_PLACEMENT_3D('',#7907,#7908,#7909);
#7907=CARTESIAN_POINT('',(1.2,2.4,0.24264057555553));
#7908=DIRECTION('',(-0.,1.,0.));
#7909=DIRECTION('',(-0.037473660841657,0.,-0.99929761569971));
#7910=CARTESIAN_POINT('',(1.,1.8,3.48));
#7911=CARTESIAN_POINT('',(1.,1.8,0.24264057555553));
#7912=VECTOR('',#7913,1.);
#7913=DIRECTION('',(0.,0.,1.));
#7914=CARTESIAN_POINT('',(1.,2.4,3.48));
#7915=CARTESIAN_POINT('',(1.,1.8,3.48));
#7916=VECTOR('',#7917,1.);
#7917=DIRECTION('',(0.,1.,0.));
#7918=CARTESIAN_POINT('',(1.,2.4,0.24264057555553));
#7919=VECTOR('',#7920,1.);
#7920=DIRECTION('',(0.,0.,1.));
#7921=CARTESIAN_POINT('',(1.,1.8,3.48));
#7922=VECTOR('',#7923,1.);
#7923=DIRECTION('',(1.,0.,0.));
#7924=CARTESIAN_POINT('',(1.,2.4,3.48));
#7925=VECTOR('',#7926,1.);
#7926=DIRECTION('',(1.,0.,0.));
#7927=CARTESIAN_POINT('',(-0.8,-1.35,1.025));
#7928=CARTESIAN_POINT('',(-0.8,1.35,1.025));
#7929=CARTESIAN_POINT('',(-0.8,1.35,1.025));
#7930=VECTOR('',#7931,1.);
#7931=DIRECTION('',(0.,-1.,0.));
#7932=CARTESIAN_POINT('',(-1.8956773871598,-1.35,1.06326189747433));
#7933=CARTESIAN_POINT('',(-1.8956773871598,-1.35,1.06326189747433));
#7934=VECTOR('',#7935,1.);
#7935=DIRECTION('',(0.999390827019096,0.,-0.034899496702501));
#7936=CARTESIAN_POINT('',(-1.8956773871598,1.35,1.06326189747433));
#7937=CARTESIAN_POINT('',(-1.8956773871598,-1.35,1.06326189747433));
#7938=VECTOR('',#7939,1.);
#7939=DIRECTION('',(0.,1.,0.));
#7940=CARTESIAN_POINT('',(-1.8956773871598,1.35,1.06326189747433));
#7941=VECTOR('',#7942,1.);
#7942=DIRECTION('',(0.999390827019096,0.,-0.034899496702501));
#7943=CARTESIAN_POINT('',(-0.8,-1.5,1.175));
#7944=AXIS2_PLACEMENT_3D('',#7945,#7946,#7947);
#7945=CARTESIAN_POINT('',(-0.8,-1.35,1.175));
#7946=DIRECTION('',(1.,0.,0.));
#7947=DIRECTION('',(0.,-1.,0.));
#7948=CARTESIAN_POINT('',(-1.8956773871598,-1.46173810252567,1.175));
#7949=CARTESIAN_POINT('',(-1.8956773871598,-1.46173810252567,1.175));
#7950=VECTOR('',#7951,1.);
#7951=DIRECTION('',(0.999390827019096,-0.034899496702501,0.));
#7952=AXIS2_PLACEMENT_3D('',#7953,#7954,#7955);
#7953=CARTESIAN_POINT('',(-1.8956773871598,-1.35,1.175));
#7954=DIRECTION('',(1.,0.,0.));
#7955=DIRECTION('',(0.,-1.,0.));
#7956=CARTESIAN_POINT('',(-0.8,-1.5,2.375));
#7957=CARTESIAN_POINT('',(-0.8,-1.5,1.175));
#7958=VECTOR('',#7959,1.);
#7959=DIRECTION('',(0.,-1.85037170770859E-016,1.));
#7960=CARTESIAN_POINT('',(-1.8956773871598,-1.46173810252567,2.375));
#7961=CARTESIAN_POINT('',(-1.8956773871598,-1.46173810252567,2.375));
#7962=VECTOR('',#7963,1.);
#7963=DIRECTION('',(0.999390827019096,-0.034899496702501,0.));
#7964=CARTESIAN_POINT('',(-1.8956773871598,-1.46173810252567,2.375));
#7965=VECTOR('',#7966,1.);
#7966=DIRECTION('',(0.,1.85037170770859E-016,-1.));
#7967=CARTESIAN_POINT('',(-0.8,-1.35,2.525));
#7968=AXIS2_PLACEMENT_3D('',#7969,#7970,#7971);
#7969=CARTESIAN_POINT('',(-0.8,-1.35,2.375));
#7970=DIRECTION('',(1.,0.,0.));
#7971=DIRECTION('',(0.,0.,1.));
#7972=CARTESIAN_POINT('',(-1.8956773871598,-1.35,2.48673810252567));
#7973=CARTESIAN_POINT('',(-1.8956773871598,-1.35,2.48673810252567));
#7974=VECTOR('',#7975,1.);
#7975=DIRECTION('',(0.999390827019096,0.,0.0348994967025012));
#7976=AXIS2_PLACEMENT_3D('',#7977,#7978,#7979);
#7977=CARTESIAN_POINT('',(-1.8956773871598,-1.35,2.375));
#7978=DIRECTION('',(1.,0.,-0.));
#7979=DIRECTION('',(0.,0.,1.));
#7980=CARTESIAN_POINT('',(-0.8,1.35,2.525));
#7981=CARTESIAN_POINT('',(-0.8,-1.35,2.525));
#7982=VECTOR('',#7983,1.);
#7983=DIRECTION('',(0.,1.,0.));
#7984=CARTESIAN_POINT('',(-1.8956773871598,1.35,2.48673810252567));
#7985=CARTESIAN_POINT('',(-1.8956773871598,1.35,2.48673810252567));
#7986=VECTOR('',#7987,1.);
#7987=DIRECTION('',(0.999390827019096,0.,0.0348994967025012));
#7988=CARTESIAN_POINT('',(-1.8956773871598,1.35,2.48673810252567));
#7989=VECTOR('',#7990,1.);
#7990=DIRECTION('',(0.,-1.,0.));
#7991=CARTESIAN_POINT('',(-0.8,1.5,2.375));
#7992=AXIS2_PLACEMENT_3D('',#7993,#7994,#7995);
#7993=CARTESIAN_POINT('',(-0.8,1.35,2.375));
#7994=DIRECTION('',(1.,0.,-0.));
#7995=DIRECTION('',(0.,1.,-2.96059473233375E-015));
#7996=CARTESIAN_POINT('',(-1.8956773871598,1.46173810252567,2.375));
#7997=CARTESIAN_POINT('',(-1.8956773871598,1.46173810252567,2.375));
#7998=VECTOR('',#7999,1.);
#7999=DIRECTION('',(0.999390827019096,0.034899496702501,0.));
#8000=AXIS2_PLACEMENT_3D('',#8001,#8002,#8003);
#8001=CARTESIAN_POINT('',(-1.8956773871598,1.35,2.375));
#8002=DIRECTION('',(1.,0.,0.));
#8003=DIRECTION('',(0.,1.,-3.97437579314569E-015));
#8004=CARTESIAN_POINT('',(-0.8,1.5,1.175));
#8005=CARTESIAN_POINT('',(-0.8,1.5,2.375));
#8006=VECTOR('',#8007,1.);
#8007=DIRECTION('',(0.,1.8503717077086E-016,-1.));
#8008=CARTESIAN_POINT('',(-1.8956773871598,1.46173810252567,1.175));
#8009=CARTESIAN_POINT('',(-1.8956773871598,1.46173810252567,1.175));
#8010=VECTOR('',#8011,1.);
#8011=DIRECTION('',(0.999390827019096,0.034899496702501,0.));
#8012=CARTESIAN_POINT('',(-1.8956773871598,1.46173810252567,1.175));
#8013=VECTOR('',#8014,1.);
#8014=DIRECTION('',(0.,-1.8503717077086E-016,1.));
#8015=AXIS2_PLACEMENT_3D('',#8016,#8017,#8018);
#8016=CARTESIAN_POINT('',(-0.8,1.35,1.175));
#8017=DIRECTION('',(1.,-0.,0.));
#8018=DIRECTION('',(0.,0.,-1.));
#8019=AXIS2_PLACEMENT_3D('',#8020,#8021,#8022);
#8020=CARTESIAN_POINT('',(-1.8956773871598,1.35,1.175));
#8021=DIRECTION('',(1.,0.,0.));
#8022=DIRECTION('',(0.,0.,-1.));
#8023=CARTESIAN_POINT('',(-0.8,1.85,2.675));
#8024=CARTESIAN_POINT('',(-0.8,-1.85,2.675));
#8025=CARTESIAN_POINT('',(-0.8,1.85,2.675));
#8026=VECTOR('',#8027,1.);
#8027=DIRECTION('',(0.,-1.,0.));
#8028=CARTESIAN_POINT('',(-0.8,1.85,0.875000000000001));
#8029=CARTESIAN_POINT('',(-0.8,1.85,0.875000000000001));
#8030=VECTOR('',#8031,1.);
#8031=DIRECTION('',(0.,0.,1.));
#8032=CARTESIAN_POINT('',(-0.8,-1.85,0.875000000000001));
#8033=CARTESIAN_POINT('',(-0.8,-1.85,0.875000000000001));
#8034=VECTOR('',#8035,1.);
#8035=DIRECTION('',(0.,1.,0.));
#8036=CARTESIAN_POINT('',(-0.8,-1.85,2.675));
#8037=VECTOR('',#8038,1.);
#8038=DIRECTION('',(0.,0.,-1.));
#8039=CARTESIAN_POINT('',(-2.,-1.35,1.17129112548419));
#8040=AXIS2_PLACEMENT_3D('',#8041,#8042,#8043);
#8041=CARTESIAN_POINT('',(-1.8919049233901,-1.35,1.17129112548419));
#8042=DIRECTION('',(0.,1.,7.6571373978539E-016));
#8043=DIRECTION('',(-0.0348994967025007,7.65247287664006E-016,-0.999390827019096));
#8044=CARTESIAN_POINT('',(-2.,1.35,1.17129112548419));
#8045=CARTESIAN_POINT('',(-2.,-1.35,1.17129112548419));
#8046=VECTOR('',#8047,1.);
#8047=DIRECTION('',(0.,1.,0.));
#8048=AXIS2_PLACEMENT_3D('',#8049,#8050,#8051);
#8049=CARTESIAN_POINT('',(-1.8919049233901,1.35,1.17129112548419));
#8050=DIRECTION('',(0.,1.,-0.));
#8051=DIRECTION('',(-0.0348994967025009,0.,-0.999390827019096));
#8052=CARTESIAN_POINT('',(-2.,-1.35370887451581,1.175));
#8053=AXIS2_PLACEMENT_3D('',#8054,#8055,#8056);
#8054=CARTESIAN_POINT('',(-1.8919049233901,-1.35370887451581,1.175));
#8055=DIRECTION('',(-0.,1.07540120409116E-016,-1.));
#8056=DIRECTION('',(-0.0348994967025009,-0.999390827019096,-1.07474609873399E-016));
#8057=AXIS2_PLACEMENT_3D('',#8058,#8059,#8060);
#8058=CARTESIAN_POINT('',(-2.,-1.35,1.175));
#8059=DIRECTION('',(1.,0.,0.));
#8060=DIRECTION('',(0.,-1.,0.));
#8061=CARTESIAN_POINT('',(-2.,-1.35370887451581,2.375));
#8062=AXIS2_PLACEMENT_3D('',#8063,#8064,#8065);
#8063=CARTESIAN_POINT('',(-1.8919049233901,-1.35370887451581,2.375));
#8064=DIRECTION('',(-0.,1.3423246665559E-014,-1.));
#8065=DIRECTION('',(-0.0348994967025007,-0.999390827019096,-1.34150695863743E-014));
#8066=CARTESIAN_POINT('',(-2.,-1.35370887451581,2.375));
#8067=VECTOR('',#8068,1.);
#8068=DIRECTION('',(0.,1.85037170770859E-016,-1.));
#8069=CARTESIAN_POINT('',(-2.,-1.35,2.37870887451581));
#8070=AXIS2_PLACEMENT_3D('',#8071,#8072,#8073);
#8071=CARTESIAN_POINT('',(-1.8919049233901,-1.35,2.37870887451581));
#8072=DIRECTION('',(-0.,-1.,0.));
#8073=DIRECTION('',(-0.034899496702497,0.,0.999390827019096));
#8074=AXIS2_PLACEMENT_3D('',#8075,#8076,#8077);
#8075=CARTESIAN_POINT('',(-2.,-1.35,2.375));
#8076=DIRECTION('',(1.,0.,-0.));
#8077=DIRECTION('',(0.,0.,1.));
#8078=CARTESIAN_POINT('',(-2.,1.35,2.37870887451581));
#8079=AXIS2_PLACEMENT_3D('',#8080,#8081,#8082);
#8080=CARTESIAN_POINT('',(-1.8919049233901,1.35,2.37870887451581));
#8081=DIRECTION('',(0.,-1.,1.56624983445083E-015));
#8082=DIRECTION('',(-0.0348994967025007,1.56529571737034E-015,0.999390827019096));
#8083=CARTESIAN_POINT('',(-2.,1.35,2.37870887451581));
#8084=VECTOR('',#8085,1.);
#8085=DIRECTION('',(0.,-1.,0.));
#8086=CARTESIAN_POINT('',(-2.,1.35370887451581,2.375));
#8087=AXIS2_PLACEMENT_3D('',#8088,#8089,#8090);
#8088=CARTESIAN_POINT('',(-1.8919049233901,1.35370887451581,2.375));
#8089=DIRECTION('',(-0.,-1.07540120409116E-016,1.));
#8090=DIRECTION('',(-0.0348994967024988,0.999390827019096,1.07474609873399E-016));
#8091=AXIS2_PLACEMENT_3D('',#8092,#8093,#8094);
#8092=CARTESIAN_POINT('',(-2.,1.35,2.375));
#8093=DIRECTION('',(1.,0.,-0.));
#8094=DIRECTION('',(0.,1.,0.));
#8095=CARTESIAN_POINT('',(-2.,1.35370887451581,1.175));
#8096=AXIS2_PLACEMENT_3D('',#8097,#8098,#8099);
#8097=CARTESIAN_POINT('',(-1.8919049233901,1.35370887451581,1.175));
#8098=DIRECTION('',(0.,-7.53856941252225E-015,1.));
#8099=DIRECTION('',(-0.0348994967025007,0.999390827019096,7.53397711972147E-015));
#8100=CARTESIAN_POINT('',(-2.,1.35370887451581,1.175));
#8101=VECTOR('',#8102,1.);
#8102=DIRECTION('',(0.,-3.70074341541719E-016,1.));
#8103=AXIS2_PLACEMENT_3D('',#8104,#8105,#8106);
#8104=CARTESIAN_POINT('',(-2.,1.35,1.175));
#8105=DIRECTION('',(1.,0.,0.));
#8106=DIRECTION('',(0.,0.,-1.));
#8107=CARTESIAN_POINT('',(-0.6,-1.85,2.675));
#8108=CARTESIAN_POINT('',(-0.8,-1.85,2.675));
#8109=VECTOR('',#8110,1.);
#8110=DIRECTION('',(1.,0.,0.));
#8111=CARTESIAN_POINT('',(-0.6,1.85,2.675));
#8112=CARTESIAN_POINT('',(-0.6,1.85,2.675));
#8113=VECTOR('',#8114,1.);
#8114=DIRECTION('',(0.,-1.,0.));
#8115=CARTESIAN_POINT('',(-0.8,1.85,2.675));
#8116=VECTOR('',#8117,1.);
#8117=DIRECTION('',(1.,0.,0.));
#8118=CARTESIAN_POINT('',(-0.6,1.85,0.875000000000001));
#8119=CARTESIAN_POINT('',(-0.6,1.85,0.875000000000001));
#8120=VECTOR('',#8121,1.);
#8121=DIRECTION('',(0.,0.,1.));
#8122=CARTESIAN_POINT('',(-0.8,1.85,0.875000000000001));
#8123=VECTOR('',#8124,1.);
#8124=DIRECTION('',(1.,0.,0.));
#8125=CARTESIAN_POINT('',(-0.6,-1.85,0.875000000000001));
#8126=CARTESIAN_POINT('',(-0.6,-1.85,0.875000000000001));
#8127=VECTOR('',#8128,1.);
#8128=DIRECTION('',(0.,1.,0.));
#8129=CARTESIAN_POINT('',(-0.8,-1.85,0.875000000000001));
#8130=VECTOR('',#8131,1.);
#8131=DIRECTION('',(1.,0.,0.));
#8132=CARTESIAN_POINT('',(-0.6,-1.85,2.675));
#8133=VECTOR('',#8134,1.);
#8134=DIRECTION('',(0.,0.,-1.));
#8135=CARTESIAN_POINT('',(1.,-1.8,0.0500000001775384));
#8136=CARTESIAN_POINT('',(1.,-2.25000000000083,0.0500000001775383));
#8137=CARTESIAN_POINT('',(1.,-2.25000000000083,0.0500000001775383));
#8138=VECTOR('',#8139,1.);
#8139=DIRECTION('',(0.,1.,0.));
#8140=CARTESIAN_POINT('',(-0.8,-2.25000000000083,0.0500000001775383));
#8141=CARTESIAN_POINT('',(1.,-2.25000000000083,0.0500000001775383));
#8142=VECTOR('',#8143,1.);
#8143=DIRECTION('',(-1.,0.,0.));
#8144=CARTESIAN_POINT('',(-0.8,2.25000000000083,0.0500000001775383));
#8145=CARTESIAN_POINT('',(-0.8,-2.25000000000083,0.0500000001775383));
#8146=VECTOR('',#8147,1.);
#8147=DIRECTION('',(0.,1.,0.));
#8148=CARTESIAN_POINT('',(1.,2.25000000000083,0.0500000001775383));
#8149=CARTESIAN_POINT('',(1.,2.25000000000083,0.0500000001775383));
#8150=VECTOR('',#8151,1.);
#8151=DIRECTION('',(-1.,0.,0.));
#8152=CARTESIAN_POINT('',(1.,1.8,0.0500000001775384));
#8153=CARTESIAN_POINT('',(1.,2.25000000000083,0.0500000001775383));
#8154=VECTOR('',#8155,1.);
#8155=DIRECTION('',(0.,-1.,0.));
#8156=CARTESIAN_POINT('',(1.4,1.8,0.0500000001775383));
#8157=CARTESIAN_POINT('',(1.4,1.8,0.0500000001775383));
#8158=VECTOR('',#8159,1.);
#8159=DIRECTION('',(-1.,-3.88578058618805E-015,0.));
#8160=CARTESIAN_POINT('',(1.4,-1.8,0.0500000001775383));
#8161=CARTESIAN_POINT('',(1.4,1.8,0.0500000001775383));
#8162=VECTOR('',#8163,1.);
#8163=DIRECTION('',(0.,-1.,0.));
#8164=CARTESIAN_POINT('',(1.4,-1.8,0.0500000001775383));
#8165=VECTOR('',#8166,1.);
#8166=DIRECTION('',(-1.,2.22044604925031E-015,0.));
#8167=CARTESIAN_POINT('',(-0.35,1.15,0.0500000001775383));
#8168=AXIS2_PLACEMENT_3D('',#8169,#8170,#8171);
#8169=CARTESIAN_POINT('',(0.,1.15,0.0500000001775383));
#8170=DIRECTION('',(-0.,-0.,-1.));
#8171=DIRECTION('',(-1.,0.,0.));
#8172=CARTESIAN_POINT('',(-0.35,-1.15,0.0500000001775383));
#8173=AXIS2_PLACEMENT_3D('',#8174,#8175,#8176);
#8174=CARTESIAN_POINT('',(0.,-1.15,0.0500000001775383));
#8175=DIRECTION('',(-0.,-0.,-1.));
#8176=DIRECTION('',(-1.,0.,0.));
#8177=CARTESIAN_POINT('',(-0.35,-1.15,-0.599999999822462));
#8178=AXIS2_PLACEMENT_3D('',#8179,#8180,#8181);
#8179=CARTESIAN_POINT('',(0.,-1.15,-0.599999999822462));
#8180=DIRECTION('',(0.,0.,-1.));
#8181=DIRECTION('',(-1.,0.,0.));
#8182=CARTESIAN_POINT('',(-0.35,1.15,-0.599999999822462));
#8183=AXIS2_PLACEMENT_3D('',#8184,#8185,#8186);
#8184=CARTESIAN_POINT('',(0.,1.15,-0.599999999822462));
#8185=DIRECTION('',(0.,0.,-1.));
#8186=DIRECTION('',(-1.,0.,0.));
#8187=CARTESIAN_POINT('',(1.,-2.45000000000083,0.250000000177538));
#8188=AXIS2_PLACEMENT_3D('',#8189,#8190,#8191);
#8189=CARTESIAN_POINT('',(1.,-2.25000000000083,0.250000000177538));
#8190=DIRECTION('',(-1.,0.,0.));
#8191=DIRECTION('',(0.,0.,-1.));
#8192=CARTESIAN_POINT('',(1.,-1.79999999999991,3.5));
#8193=CARTESIAN_POINT('',(1.,-1.79999999976691,3.5));
#8194=VECTOR('',#8195,1.);
#8195=DIRECTION('',(0.,-2.82541912586119E-010,-1.));
#8196=CARTESIAN_POINT('',(1.,-2.4,3.5));
#8197=CARTESIAN_POINT('',(1.,-1.79999999999991,3.50000000017754));
#8198=VECTOR('',#8199,1.);
#8199=DIRECTION('',(0.,-1.,0.));
#8200=CARTESIAN_POINT('',(1.,-2.4,0.875));
#8201=CARTESIAN_POINT('',(1.,-2.4,0.875));
#8202=VECTOR('',#8203,1.);
#8203=DIRECTION('',(0.,6.76707367390572E-016,1.));
#8204=CARTESIAN_POINT('',(1.,-3.,0.875));
#8205=CARTESIAN_POINT('',(1.,-3.,0.875));
#8206=VECTOR('',#8207,1.);
#8207=DIRECTION('',(0.,1.,0.));
#8208=CARTESIAN_POINT('',(1.,-3.08289012648529,0.919060506515939));
#8209=AXIS2_PLACEMENT_3D('',#8210,#8211,#8212);
#8210=CARTESIAN_POINT('',(1.,-3.,0.975));
#8211=DIRECTION('',(-1.,-0.,-0.));
#8212=DIRECTION('',(0.,0.,-1.));
#8213=CARTESIAN_POINT('',(1.,-2.9,0.800000000177538));
#8214=AXIS2_PLACEMENT_3D('',#8215,#8216,#8217);
#8215=CARTESIAN_POINT('',(1.,-2.9,1.00000000017754));
#8216=DIRECTION('',(-1.,0.,0.));
#8217=DIRECTION('',(0.,0.,-1.));
#8218=CARTESIAN_POINT('',(1.,-2.55000000000083,0.800000000177538));
#8219=CARTESIAN_POINT('',(1.,-2.9,0.800000000177538));
#8220=VECTOR('',#8221,1.);
#8221=DIRECTION('',(0.,1.,0.));
#8222=CARTESIAN_POINT('',(1.,-2.45000000000083,0.700000000177538));
#8223=AXIS2_PLACEMENT_3D('',#8224,#8225,#8226);
#8224=CARTESIAN_POINT('',(1.,-2.55000000000083,0.700000000177538));
#8225=DIRECTION('',(1.,0.,0.));
#8226=DIRECTION('',(0.,1.,0.));
#8227=CARTESIAN_POINT('',(1.,-2.45000000000083,0.700000000177538));
#8228=VECTOR('',#8229,1.);
#8229=DIRECTION('',(0.,0.,-1.));
#8230=CARTESIAN_POINT('',(-0.8,-2.45000000000083,0.250000000177538));
#8231=CARTESIAN_POINT('',(1.,-2.45000000000083,0.250000000177538));
#8232=VECTOR('',#8233,1.);
#8233=DIRECTION('',(-1.,0.,0.));
#8234=AXIS2_PLACEMENT_3D('',#8235,#8236,#8237);
#8235=CARTESIAN_POINT('',(-0.8,-2.25000000000083,0.250000000177538));
#8236=DIRECTION('',(-1.,0.,0.));
#8237=DIRECTION('',(0.,0.,-1.));
#8238=CARTESIAN_POINT('',(-0.8,-3.1,2.60000000017754));
#8239=CARTESIAN_POINT('',(-0.8,-3.1,1.00000000017754));
#8240=CARTESIAN_POINT('',(-0.8,-3.1,2.60000000017754));
#8241=VECTOR('',#8242,1.);
#8242=DIRECTION('',(0.,0.,-1.));
#8243=CARTESIAN_POINT('',(-0.8,-3.2,2.70000000017754));
#8244=AXIS2_PLACEMENT_3D('',#8245,#8246,#8247);
#8245=CARTESIAN_POINT('',(-0.8,-3.2,2.60000000017754));
#8246=DIRECTION('',(1.,0.,0.));
#8247=DIRECTION('',(0.,1.,0.));
#8248=CARTESIAN_POINT('',(-0.8,-3.30000000000062,2.70000000017754));
#8249=CARTESIAN_POINT('',(-0.8,-3.30000000000062,2.70000000017754));
#8250=VECTOR('',#8251,1.);
#8251=DIRECTION('',(0.,1.,0.));
#8252=CARTESIAN_POINT('',(-0.8,-3.50000000000062,2.90000000017754));
#8253=AXIS2_PLACEMENT_3D('',#8254,#8255,#8256);
#8254=CARTESIAN_POINT('',(-0.8,-3.30000000000062,2.90000000017754));
#8255=DIRECTION('',(-1.,0.,0.));
#8256=DIRECTION('',(0.,0.,-1.));
#8257=CARTESIAN_POINT('',(-0.8,-3.50000000000062,3.30000000017754));
#8258=CARTESIAN_POINT('',(-0.8,-3.50000000000062,3.30000000017754));
#8259=VECTOR('',#8260,1.);
#8260=DIRECTION('',(0.,0.,-1.));
#8261=CARTESIAN_POINT('',(-0.8,-3.30000000000062,3.50000000017754));
#8262=AXIS2_PLACEMENT_3D('',#8263,#8264,#8265);
#8263=CARTESIAN_POINT('',(-0.8,-3.30000000000062,3.30000000017754));
#8264=DIRECTION('',(-1.,0.,0.));
#8265=DIRECTION('',(0.,-1.,0.));
#8266=CARTESIAN_POINT('',(-0.8,3.30000000000062,3.50000000017754));
#8267=CARTESIAN_POINT('',(-0.8,3.30000000000062,3.50000000017754));
#8268=VECTOR('',#8269,1.);
#8269=DIRECTION('',(0.,-1.,0.));
#8270=CARTESIAN_POINT('',(-0.8,3.50000000000062,3.30000000017754));
#8271=AXIS2_PLACEMENT_3D('',#8272,#8273,#8274);
#8272=CARTESIAN_POINT('',(-0.8,3.30000000000062,3.30000000017754));
#8273=DIRECTION('',(-1.,0.,0.));
#8274=DIRECTION('',(0.,0.,1.));
#8275=CARTESIAN_POINT('',(-0.8,3.50000000000062,2.90000000017754));
#8276=CARTESIAN_POINT('',(-0.8,3.50000000000062,2.90000000017754));
#8277=VECTOR('',#8278,1.);
#8278=DIRECTION('',(0.,0.,1.));
#8279=CARTESIAN_POINT('',(-0.8,3.30000000000062,2.70000000017754));
#8280=AXIS2_PLACEMENT_3D('',#8281,#8282,#8283);
#8281=CARTESIAN_POINT('',(-0.8,3.30000000000062,2.90000000017754));
#8282=DIRECTION('',(-1.,0.,0.));
#8283=DIRECTION('',(0.,1.,0.));
#8284=CARTESIAN_POINT('',(-0.8,3.2,2.70000000017754));
#8285=CARTESIAN_POINT('',(-0.8,3.2,2.70000000017754));
#8286=VECTOR('',#8287,1.);
#8287=DIRECTION('',(0.,1.,0.));
#8288=CARTESIAN_POINT('',(-0.8,3.1,2.60000000017754));
#8289=AXIS2_PLACEMENT_3D('',#8290,#8291,#8292);
#8290=CARTESIAN_POINT('',(-0.8,3.2,2.60000000017754));
#8291=DIRECTION('',(1.,0.,-0.));
#8292=DIRECTION('',(0.,0.,1.));
#8293=CARTESIAN_POINT('',(-0.8,3.1,1.00000000017754));
#8294=CARTESIAN_POINT('',(-0.8,3.1,1.00000000017754));
#8295=VECTOR('',#8296,1.);
#8296=DIRECTION('',(0.,0.,1.));
#8297=CARTESIAN_POINT('',(-0.8,2.9,0.800000000177538));
#8298=AXIS2_PLACEMENT_3D('',#8299,#8300,#8301);
#8299=CARTESIAN_POINT('',(-0.8,2.9,1.00000000017754));
#8300=DIRECTION('',(-1.,0.,0.));
#8301=DIRECTION('',(0.,1.,0.));
#8302=CARTESIAN_POINT('',(-0.799999999999999,2.55000000000083,0.800000000177538));
#8303=CARTESIAN_POINT('',(-0.8,2.55000000000083,0.800000000177538));
#8304=VECTOR('',#8305,1.);
#8305=DIRECTION('',(0.,1.,0.));
#8306=CARTESIAN_POINT('',(-0.8,2.45000000000083,0.700000000177538));
#8307=AXIS2_PLACEMENT_3D('',#8308,#8309,#8310);
#8308=CARTESIAN_POINT('',(-0.8,2.55000000000083,0.700000000177538));
#8309=DIRECTION('',(1.,0.,-0.));
#8310=DIRECTION('',(0.,0.,1.));
#8311=CARTESIAN_POINT('',(-0.8,2.45000000000083,0.250000000177538));
#8312=CARTESIAN_POINT('',(-0.8,2.45000000000083,0.250000000177538));
#8313=VECTOR('',#8314,1.);
#8314=DIRECTION('',(0.,0.,1.));
#8315=AXIS2_PLACEMENT_3D('',#8316,#8317,#8318);
#8316=CARTESIAN_POINT('',(-0.8,2.25000000000083,0.250000000177538));
#8317=DIRECTION('',(-1.,0.,0.));
#8318=DIRECTION('',(0.,1.,0.));
#8319=CARTESIAN_POINT('',(-0.8,-2.45000000000083,0.700000000177538));
#8320=CARTESIAN_POINT('',(-0.8,-2.45000000000083,0.700000000177538));
#8321=VECTOR('',#8322,1.);
#8322=DIRECTION('',(0.,0.,-1.));
#8323=CARTESIAN_POINT('',(-0.8,-2.55000000000083,0.800000000177538));
#8324=AXIS2_PLACEMENT_3D('',#8325,#8326,#8327);
#8325=CARTESIAN_POINT('',(-0.8,-2.55000000000083,0.700000000177538));
#8326=DIRECTION('',(1.,0.,0.));
#8327=DIRECTION('',(0.,1.,0.));
#8328=CARTESIAN_POINT('',(-0.8,-2.9,0.800000000177538));
#8329=CARTESIAN_POINT('',(-0.8,-2.9,0.800000000177538));
#8330=VECTOR('',#8331,1.);
#8331=DIRECTION('',(0.,1.,0.));
#8332=AXIS2_PLACEMENT_3D('',#8333,#8334,#8335);
#8333=CARTESIAN_POINT('',(-0.8,-2.9,1.00000000017754));
#8334=DIRECTION('',(-1.,0.,0.));
#8335=DIRECTION('',(0.,0.,-1.));
#8336=CARTESIAN_POINT('',(-0.8,-1.95,0.775000000000001));
#8337=CARTESIAN_POINT('',(-0.8,1.95,0.775000000000001));
#8338=CARTESIAN_POINT('',(-0.8,1.95,0.775000000000001));
#8339=VECTOR('',#8340,1.);
#8340=DIRECTION('',(0.,-1.,0.));
#8341=CARTESIAN_POINT('',(-0.8,1.95,2.775));
#8342=CARTESIAN_POINT('',(-0.8,1.95,2.775));
#8343=VECTOR('',#8344,1.);
#8344=DIRECTION('',(0.,0.,-1.));
#8345=CARTESIAN_POINT('',(-0.8,-1.95,2.775));
#8346=CARTESIAN_POINT('',(-0.8,-1.95,2.775));
#8347=VECTOR('',#8348,1.);
#8348=DIRECTION('',(0.,1.,0.));
#8349=CARTESIAN_POINT('',(-0.8,-1.95,0.775000000000001));
#8350=VECTOR('',#8351,1.);
#8351=DIRECTION('',(0.,0.,1.));
#8352=CARTESIAN_POINT('',(-0.8,2.4,1.055));
#8353=CARTESIAN_POINT('',(-0.8,2.8,1.055));
#8354=CARTESIAN_POINT('',(-0.8,2.4,1.055));
#8355=VECTOR('',#8356,1.);
#8356=DIRECTION('',(0.,1.,0.));
#8357=CARTESIAN_POINT('',(-0.8,2.97,1.225));
#8358=AXIS2_PLACEMENT_3D('',#8359,#8360,#8361);
#8359=CARTESIAN_POINT('',(-0.8,2.8,1.225));
#8360=DIRECTION('',(1.,-0.,0.));
#8361=DIRECTION('',(0.,0.,-1.));
#8362=CARTESIAN_POINT('',(-0.8,2.97,2.325));
#8363=CARTESIAN_POINT('',(-0.8,2.97,1.225));
#8364=VECTOR('',#8365,1.);
#8365=DIRECTION('',(0.,0.,1.));
#8366=CARTESIAN_POINT('',(-0.8,2.8,2.495));
#8367=AXIS2_PLACEMENT_3D('',#8368,#8369,#8370);
#8368=CARTESIAN_POINT('',(-0.8,2.8,2.325));
#8369=DIRECTION('',(1.,-0.,0.));
#8370=DIRECTION('',(0.,1.,-5.2245789394125E-015));
#8371=CARTESIAN_POINT('',(-0.8,2.4,2.495));
#8372=CARTESIAN_POINT('',(-0.8,2.8,2.495));
#8373=VECTOR('',#8374,1.);
#8374=DIRECTION('',(0.,-1.,0.));
#8375=CARTESIAN_POINT('',(-0.8,2.23,2.325));
#8376=AXIS2_PLACEMENT_3D('',#8377,#8378,#8379);
#8377=CARTESIAN_POINT('',(-0.8,2.4,2.325));
#8378=DIRECTION('',(1.,0.,-0.));
#8379=DIRECTION('',(0.,0.,1.));
#8380=CARTESIAN_POINT('',(-0.8,2.23,1.225));
#8381=CARTESIAN_POINT('',(-0.8,2.23,2.325));
#8382=VECTOR('',#8383,1.);
#8383=DIRECTION('',(0.,4.03717463500057E-016,-1.));
#8384=AXIS2_PLACEMENT_3D('',#8385,#8386,#8387);
#8385=CARTESIAN_POINT('',(-0.8,2.4,1.225));
#8386=DIRECTION('',(1.,0.,-0.));
#8387=DIRECTION('',(0.,-1.,0.));
#8388=CARTESIAN_POINT('',(-0.8,-2.8,1.055));
#8389=CARTESIAN_POINT('',(-0.8,-2.4,1.055));
#8390=CARTESIAN_POINT('',(-0.8,-2.8,1.055));
#8391=VECTOR('',#8392,1.);
#8392=DIRECTION('',(0.,1.,0.));
#8393=CARTESIAN_POINT('',(-0.8,-2.23,1.225));
#8394=AXIS2_PLACEMENT_3D('',#8395,#8396,#8397);
#8395=CARTESIAN_POINT('',(-0.8,-2.4,1.225));
#8396=DIRECTION('',(1.,0.,-0.));
#8397=DIRECTION('',(0.,0.,-1.));
#8398=CARTESIAN_POINT('',(-0.8,-2.23,2.325));
#8399=CARTESIAN_POINT('',(-0.8,-2.23,1.225));
#8400=VECTOR('',#8401,1.);
#8401=DIRECTION('',(0.,0.,1.));
#8402=CARTESIAN_POINT('',(-0.8,-2.4,2.495));
#8403=AXIS2_PLACEMENT_3D('',#8404,#8405,#8406);
#8404=CARTESIAN_POINT('',(-0.8,-2.4,2.325));
#8405=DIRECTION('',(1.,0.,-0.));
#8406=DIRECTION('',(0.,1.,2.61228946970625E-015));
#8407=CARTESIAN_POINT('',(-0.8,-2.8,2.495));
#8408=CARTESIAN_POINT('',(-0.8,-2.4,2.495));
#8409=VECTOR('',#8410,1.);
#8410=DIRECTION('',(0.,-1.,0.));
#8411=CARTESIAN_POINT('',(-0.8,-2.97,2.325));
#8412=AXIS2_PLACEMENT_3D('',#8413,#8414,#8415);
#8413=CARTESIAN_POINT('',(-0.8,-2.8,2.325));
#8414=DIRECTION('',(1.,-0.,0.));
#8415=DIRECTION('',(0.,0.,1.));
#8416=CARTESIAN_POINT('',(-0.8,-2.97,1.225));
#8417=CARTESIAN_POINT('',(-0.8,-2.97,2.325));
#8418=VECTOR('',#8419,1.);
#8419=DIRECTION('',(0.,0.,-1.));
#8420=AXIS2_PLACEMENT_3D('',#8421,#8422,#8423);
#8421=CARTESIAN_POINT('',(-0.8,-2.8,1.225));
#8422=DIRECTION('',(1.,0.,-0.));
#8423=DIRECTION('',(0.,-1.,-1.30614473485313E-015));
#8424=CARTESIAN_POINT('',(1.,2.45000000000083,0.250000000177538));
#8425=AXIS2_PLACEMENT_3D('',#8426,#8427,#8428);
#8426=CARTESIAN_POINT('',(1.,2.25000000000083,0.250000000177538));
#8427=DIRECTION('',(-1.,0.,0.));
#8428=DIRECTION('',(0.,1.,0.));
#8429=CARTESIAN_POINT('',(1.,2.45000000000083,0.250000000177538));
#8430=VECTOR('',#8431,1.);
#8431=DIRECTION('',(-1.,0.,0.));
#8432=CARTESIAN_POINT('',(1.,2.45000000000083,0.700000000177538));
#8433=CARTESIAN_POINT('',(1.,2.45000000000083,0.700000000177538));
#8434=VECTOR('',#8435,1.);
#8435=DIRECTION('',(0.,0.,-1.));
#8436=CARTESIAN_POINT('',(1.,2.55000000000083,0.800000000177538));
#8437=AXIS2_PLACEMENT_3D('',#8438,#8439,#8440);
#8438=CARTESIAN_POINT('',(1.,2.55000000000083,0.700000000177538));
#8439=DIRECTION('',(1.,0.,0.));
#8440=DIRECTION('',(0.,0.,1.));
#8441=CARTESIAN_POINT('',(1.,2.9,0.800000000177538));
#8442=CARTESIAN_POINT('',(1.,2.9,0.800000000177538));
#8443=VECTOR('',#8444,1.);
#8444=DIRECTION('',(0.,-1.,0.));
#8445=CARTESIAN_POINT('',(1.,3.08289012648529,0.919060506515939));
#8446=AXIS2_PLACEMENT_3D('',#8447,#8448,#8449);
#8447=CARTESIAN_POINT('',(1.,2.9,1.00000000017754));
#8448=DIRECTION('',(-1.,0.,0.));
#8449=DIRECTION('',(0.,0.914450632426431,-0.404697468307996));
#8450=CARTESIAN_POINT('',(1.,3.,0.875));
#8451=AXIS2_PLACEMENT_3D('',#8452,#8453,#8454);
#8452=CARTESIAN_POINT('',(1.,3.,0.975));
#8453=DIRECTION('',(-1.,-0.,0.));
#8454=DIRECTION('',(0.,0.828901264852858,-0.559394934840612));
#8455=CARTESIAN_POINT('',(1.,2.4,0.875));
#8456=CARTESIAN_POINT('',(1.,3.,0.875));
#8457=VECTOR('',#8458,1.);
#8458=DIRECTION('',(0.,-1.,0.));
#8459=CARTESIAN_POINT('',(1.,2.4,3.5));
#8460=CARTESIAN_POINT('',(1.,2.4,0.875));
#8461=VECTOR('',#8462,1.);
#8462=DIRECTION('',(0.,-6.76707367390572E-016,1.));
#8463=CARTESIAN_POINT('',(1.,1.79999999999991,3.5));
#8464=CARTESIAN_POINT('',(1.,1.7999999999999,3.50000000017754));
#8465=VECTOR('',#8466,1.);
#8466=DIRECTION('',(0.,1.,0.));
#8467=CARTESIAN_POINT('',(1.,1.79999999976691,3.5));
#8468=VECTOR('',#8469,1.);
#8469=DIRECTION('',(0.,2.82541912586119E-010,-1.));
#8470=CARTESIAN_POINT('',(1.4,1.8,3.5));
#8471=CARTESIAN_POINT('',(1.,1.7999999999999,3.50000000017754));
#8472=VECTOR('',#8473,1.);
#8473=DIRECTION('',(1.,-5.8250293477613E-010,0.));
#8474=CARTESIAN_POINT('',(1.4,1.8,2.675));
#8475=CARTESIAN_POINT('',(1.4,1.79999999976691,3.5));
#8476=VECTOR('',#8477,1.);
#8477=DIRECTION('',(0.,2.8254193597549E-010,-1.));
#8478=CARTESIAN_POINT('',(1.15,1.79999999999999,2.675));
#8479=CARTESIAN_POINT('',(1.15,1.8,2.675));
#8480=VECTOR('',#8481,1.);
#8481=DIRECTION('',(1.,0.,0.));
#8482=CARTESIAN_POINT('',(1.15,1.80000000016952,0.875));
#8483=CARTESIAN_POINT('',(1.15,1.8,2.675));
#8484=VECTOR('',#8485,1.);
#8485=DIRECTION('',(0.,2.82541891117995E-010,-1.));
#8486=CARTESIAN_POINT('',(1.4,1.8,0.875));
#8487=CARTESIAN_POINT('',(1.15,1.8,0.875));
#8488=VECTOR('',#8489,1.);
#8489=DIRECTION('',(1.,0.,0.));
#8490=CARTESIAN_POINT('',(1.4,1.8,0.875));
#8491=VECTOR('',#8492,1.);
#8492=DIRECTION('',(0.,-2.96059473297087E-015,-1.));
#8493=CARTESIAN_POINT('',(1.4,-1.8,0.875));
#8494=CARTESIAN_POINT('',(1.4,-1.8,0.875));
#8495=VECTOR('',#8496,1.);
#8496=DIRECTION('',(0.,2.96059473297087E-015,-1.));
#8497=CARTESIAN_POINT('',(1.4,1.8,1.475));
#8498=CARTESIAN_POINT('',(1.4,1.8,0.875));
#8499=VECTOR('',#8500,1.);
#8500=DIRECTION('',(0.,0.,1.));
#8501=CARTESIAN_POINT('',(1.4,3.1,1.475));
#8502=CARTESIAN_POINT('',(1.4,1.8,1.475));
#8503=VECTOR('',#8504,1.);
#8504=DIRECTION('',(0.,1.,0.));
#8505=CARTESIAN_POINT('',(1.4,3.1,2.075));
#8506=CARTESIAN_POINT('',(1.4,3.1,2.075));
#8507=VECTOR('',#8508,1.);
#8508=DIRECTION('',(0.,0.,-1.));
#8509=CARTESIAN_POINT('',(1.4,1.8,2.075));
#8510=CARTESIAN_POINT('',(1.4,3.1,2.075));
#8511=VECTOR('',#8512,1.);
#8512=DIRECTION('',(0.,-1.,0.));
#8513=CARTESIAN_POINT('',(1.4,1.8,2.075));
#8514=VECTOR('',#8515,1.);
#8515=DIRECTION('',(0.,0.,1.));
#8516=CARTESIAN_POINT('',(1.4,-1.8,3.5));
#8517=CARTESIAN_POINT('',(1.4,-1.8,3.50000000017754));
#8518=VECTOR('',#8519,1.);
#8519=DIRECTION('',(0.,1.,0.));
#8520=CARTESIAN_POINT('',(1.4,-1.8,2.675));
#8521=CARTESIAN_POINT('',(1.4,-1.79999999976691,3.5));
#8522=VECTOR('',#8523,1.);
#8523=DIRECTION('',(0.,-2.8254193597549E-010,-1.));
#8524=CARTESIAN_POINT('',(1.4,-1.8,2.075));
#8525=CARTESIAN_POINT('',(1.4,-1.8,2.675));
#8526=VECTOR('',#8527,1.);
#8527=DIRECTION('',(0.,0.,-1.));
#8528=CARTESIAN_POINT('',(1.4,-3.1,2.075));
#8529=CARTESIAN_POINT('',(1.4,-1.8,2.075));
#8530=VECTOR('',#8531,1.);
#8531=DIRECTION('',(0.,-1.,0.));
#8532=CARTESIAN_POINT('',(1.4,-3.1,1.475));
#8533=CARTESIAN_POINT('',(1.4,-3.1,1.475));
#8534=VECTOR('',#8535,1.);
#8535=DIRECTION('',(0.,0.,1.));
#8536=CARTESIAN_POINT('',(1.4,-1.8,1.475));
#8537=CARTESIAN_POINT('',(1.4,-3.1,1.475));
#8538=VECTOR('',#8539,1.);
#8539=DIRECTION('',(0.,1.,0.));
#8540=CARTESIAN_POINT('',(1.4,-1.8,1.475));
#8541=VECTOR('',#8542,1.);
#8542=DIRECTION('',(0.,0.,-1.));
#8543=CARTESIAN_POINT('',(1.4,-1.4,1.475));
#8544=CARTESIAN_POINT('',(1.4,-1.6,1.675));
#8545=AXIS2_PLACEMENT_3D('',#8546,#8547,#8548);
#8546=CARTESIAN_POINT('',(1.4,-1.4,1.675));
#8547=DIRECTION('',(-1.,-0.,0.));
#8548=DIRECTION('',(0.,0.,-1.));
#8549=CARTESIAN_POINT('',(1.4,-1.6,1.875));
#8550=CARTESIAN_POINT('',(1.4,-1.6,1.675));
#8551=VECTOR('',#8552,1.);
#8552=DIRECTION('',(0.,0.,1.));
#8553=CARTESIAN_POINT('',(1.4,-1.4,2.075));
#8554=AXIS2_PLACEMENT_3D('',#8555,#8556,#8557);
#8555=CARTESIAN_POINT('',(1.4,-1.4,1.875));
#8556=DIRECTION('',(-1.,0.,0.));
#8557=DIRECTION('',(0.,-1.,0.));
#8558=CARTESIAN_POINT('',(1.4,-1.2,2.075));
#8559=CARTESIAN_POINT('',(1.4,-1.4,2.075));
#8560=VECTOR('',#8561,1.);
#8561=DIRECTION('',(0.,1.,0.));
#8562=CARTESIAN_POINT('',(1.4,-1.,1.875));
#8563=AXIS2_PLACEMENT_3D('',#8564,#8565,#8566);
#8564=CARTESIAN_POINT('',(1.4,-1.2,1.875));
#8565=DIRECTION('',(-1.,0.,0.));
#8566=DIRECTION('',(0.,0.,1.));
#8567=CARTESIAN_POINT('',(1.4,-1.,1.675));
#8568=CARTESIAN_POINT('',(1.4,-1.,1.875));
#8569=VECTOR('',#8570,1.);
#8570=DIRECTION('',(0.,0.,-1.));
#8571=CARTESIAN_POINT('',(1.4,-1.2,1.475));
#8572=AXIS2_PLACEMENT_3D('',#8573,#8574,#8575);
#8573=CARTESIAN_POINT('',(1.4,-1.2,1.675));
#8574=DIRECTION('',(-1.,0.,-0.));
#8575=DIRECTION('',(0.,1.,0.));
#8576=CARTESIAN_POINT('',(1.4,-1.2,1.475));
#8577=VECTOR('',#8578,1.);
#8578=DIRECTION('',(0.,-1.,0.));
#8579=CARTESIAN_POINT('',(1.4,-0.0999999999999924,1.47499999999998));
#8580=CARTESIAN_POINT('',(1.4,-0.299999999999979,1.675));
#8581=AXIS2_PLACEMENT_3D('',#8582,#8583,#8584);
#8582=CARTESIAN_POINT('',(1.4,-0.0999999999999785,1.67499999999998));
#8583=DIRECTION('',(-1.,-0.,0.));
#8584=DIRECTION('',(0.,-6.95971058561895E-014,-1.));
#8585=CARTESIAN_POINT('',(1.4,-0.299999999999957,1.875));
#8586=CARTESIAN_POINT('',(1.4,-0.299999999999979,1.675));
#8587=VECTOR('',#8588,1.);
#8588=DIRECTION('',(0.,1.0769163338864E-013,1.));
#8589=CARTESIAN_POINT('',(1.4,-0.0999999999999568,2.07499999999998));
#8590=AXIS2_PLACEMENT_3D('',#8591,#8592,#8593);
#8591=CARTESIAN_POINT('',(1.4,-0.099999999999957,1.87499999999998));
#8592=DIRECTION('',(-1.,0.,0.));
#8593=DIRECTION('',(0.,-1.,1.0769163338864E-013));
#8594=CARTESIAN_POINT('',(1.4,0.0999999999999568,2.07499999999998));
#8595=CARTESIAN_POINT('',(1.4,-0.0999999999999566,2.07499999999998));
#8596=VECTOR('',#8597,1.);
#8597=DIRECTION('',(0.,1.,0.));
#8598=CARTESIAN_POINT('',(1.4,0.299999999999957,1.875));
#8599=AXIS2_PLACEMENT_3D('',#8600,#8601,#8602);
#8600=CARTESIAN_POINT('',(1.4,0.099999999999957,1.87499999999998));
#8601=DIRECTION('',(1.,0.,-0.));
#8602=DIRECTION('',(0.,1.,1.0769163338864E-013));
#8603=CARTESIAN_POINT('',(1.4,0.299999999999979,1.675));
#8604=CARTESIAN_POINT('',(1.4,0.299999999999979,1.675));
#8605=VECTOR('',#8606,1.);
#8606=DIRECTION('',(0.,-1.0769163338864E-013,1.));
#8607=CARTESIAN_POINT('',(1.4,0.0999999999999924,1.47499999999998));
#8608=AXIS2_PLACEMENT_3D('',#8609,#8610,#8611);
#8609=CARTESIAN_POINT('',(1.4,0.0999999999999785,1.67499999999998));
#8610=DIRECTION('',(1.,0.,-0.));
#8611=DIRECTION('',(0.,6.95971058561895E-014,-1.));
#8612=CARTESIAN_POINT('',(1.4,0.0999999999999924,1.47499999999998));
#8613=VECTOR('',#8614,1.);
#8614=DIRECTION('',(0.,-1.,0.));
#8615=CARTESIAN_POINT('',(1.4,1.6,1.675));
#8616=CARTESIAN_POINT('',(1.4,1.4,1.475));
#8617=AXIS2_PLACEMENT_3D('',#8618,#8619,#8620);
#8618=CARTESIAN_POINT('',(1.4,1.4,1.675));
#8619=DIRECTION('',(1.,-0.,0.));
#8620=DIRECTION('',(0.,0.,-1.));
#8621=CARTESIAN_POINT('',(1.4,1.2,1.475));
#8622=CARTESIAN_POINT('',(1.4,1.2,1.475));
#8623=VECTOR('',#8624,1.);
#8624=DIRECTION('',(0.,1.,0.));
#8625=CARTESIAN_POINT('',(1.4,1.,1.675));
#8626=AXIS2_PLACEMENT_3D('',#8627,#8628,#8629);
#8627=CARTESIAN_POINT('',(1.4,1.2,1.675));
#8628=DIRECTION('',(1.,0.,0.));
#8629=DIRECTION('',(0.,-1.,0.));
#8630=CARTESIAN_POINT('',(1.4,1.,1.875));
#8631=CARTESIAN_POINT('',(1.4,1.,1.875));
#8632=VECTOR('',#8633,1.);
#8633=DIRECTION('',(0.,0.,-1.));
#8634=CARTESIAN_POINT('',(1.4,1.2,2.075));
#8635=AXIS2_PLACEMENT_3D('',#8636,#8637,#8638);
#8636=CARTESIAN_POINT('',(1.4,1.2,1.875));
#8637=DIRECTION('',(1.,0.,-0.));
#8638=DIRECTION('',(0.,0.,1.));
#8639=CARTESIAN_POINT('',(1.4,1.4,2.075));
#8640=CARTESIAN_POINT('',(1.4,1.4,2.075));
#8641=VECTOR('',#8642,1.);
#8642=DIRECTION('',(0.,-1.,0.));
#8643=CARTESIAN_POINT('',(1.4,1.6,1.875));
#8644=AXIS2_PLACEMENT_3D('',#8645,#8646,#8647);
#8645=CARTESIAN_POINT('',(1.4,1.4,1.875));
#8646=DIRECTION('',(1.,0.,0.));
#8647=DIRECTION('',(0.,1.,0.));
#8648=CARTESIAN_POINT('',(1.4,1.6,1.675));
#8649=VECTOR('',#8650,1.);
#8650=DIRECTION('',(0.,0.,1.));
#8651=CARTESIAN_POINT('',(1.,-1.79999999999991,3.50000000017754));
#8652=VECTOR('',#8653,1.);
#8653=DIRECTION('',(1.,5.82502379664618E-010,0.));
#8654=CARTESIAN_POINT('',(1.15,-1.80000000016952,0.875));
#8655=CARTESIAN_POINT('',(1.15,-1.8,0.875));
#8656=VECTOR('',#8657,1.);
#8657=DIRECTION('',(1.,0.,0.));
#8658=CARTESIAN_POINT('',(1.15,-1.79999999999999,2.675));
#8659=CARTESIAN_POINT('',(1.15,-1.8,2.675));
#8660=VECTOR('',#8661,1.);
#8661=DIRECTION('',(0.,-2.82541891117995E-010,-1.));
#8662=CARTESIAN_POINT('',(1.15,-1.8,2.675));
#8663=VECTOR('',#8664,1.);
#8664=DIRECTION('',(1.,0.,0.));
#8665=CARTESIAN_POINT('',(-0.2,-1.15,-0.749999999822462));
#8666=AXIS2_PLACEMENT_3D('',#8667,#8668,#8669);
#8667=CARTESIAN_POINT('',(0.,-1.15,-0.749999999822462));
#8668=DIRECTION('',(-0.,0.,-1.));
#8669=DIRECTION('',(-1.,0.,0.));
#8670=CARTESIAN_POINT('',(-0.2,1.15,-0.749999999822462));
#8671=AXIS2_PLACEMENT_3D('',#8672,#8673,#8674);
#8672=CARTESIAN_POINT('',(0.,1.15,-0.749999999822462));
#8673=DIRECTION('',(-0.,0.,-1.));
#8674=DIRECTION('',(-1.,0.,0.));
#8675=CARTESIAN_POINT('',(1.15,2.4,3.50000000017754));
#8676=CARTESIAN_POINT('',(1.15,2.4,3.50000000017754));
#8677=VECTOR('',#8678,1.);
#8678=DIRECTION('',(-1.,0.,0.));
#8679=CARTESIAN_POINT('',(1.15,3.30000000000062,3.50000000017754));
#8680=CARTESIAN_POINT('',(1.15,2.4,3.50000000017754));
#8681=VECTOR('',#8682,1.);
#8682=DIRECTION('',(0.,1.,0.));
#8683=CARTESIAN_POINT('',(1.15,3.30000000000062,3.50000000017754));
#8684=VECTOR('',#8685,1.);
#8685=DIRECTION('',(-1.,0.,0.));
#8686=CARTESIAN_POINT('',(1.15,-3.30000000000062,3.50000000017754));
#8687=CARTESIAN_POINT('',(1.15,-3.30000000000062,3.50000000017754));
#8688=VECTOR('',#8689,1.);
#8689=DIRECTION('',(-1.,0.,0.));
#8690=CARTESIAN_POINT('',(1.15,-2.4,3.50000000017754));
#8691=CARTESIAN_POINT('',(1.15,-2.4,3.50000000017754));
#8692=VECTOR('',#8693,1.);
#8693=DIRECTION('',(0.,-1.,0.));
#8694=CARTESIAN_POINT('',(1.15,-2.4,3.50000000017754));
#8695=VECTOR('',#8696,1.);
#8696=DIRECTION('',(-1.,0.,0.));
#8697=CARTESIAN_POINT('',(1.15,-2.4,0.875));
#8698=CARTESIAN_POINT('',(1.,-2.4,0.875));
#8699=VECTOR('',#8700,1.);
#8700=DIRECTION('',(1.,0.,0.));
#8701=CARTESIAN_POINT('',(1.15,-2.4,2.675));
#8702=CARTESIAN_POINT('',(1.15,-2.4,3.5));
#8703=VECTOR('',#8704,1.);
#8704=DIRECTION('',(0.,-5.38289951333409E-016,-1.));
#8705=CARTESIAN_POINT('',(1.15,-2.4,0.875));
#8706=VECTOR('',#8707,1.);
#8707=DIRECTION('',(0.,7.40148683083438E-016,1.));
#8708=CARTESIAN_POINT('',(1.15,-2.4,0.875));
#8709=VECTOR('',#8710,1.);
#8710=DIRECTION('',(0.,1.,0.));
#8711=CARTESIAN_POINT('',(1.5,-1.8,0.875));
#8712=CARTESIAN_POINT('',(1.4,-1.8,0.875));
#8713=VECTOR('',#8714,1.);
#8714=DIRECTION('',(1.,0.,0.));
#8715=CARTESIAN_POINT('',(1.5,-3.,0.875));
#8716=CARTESIAN_POINT('',(1.5,-1.8,0.875));
#8717=VECTOR('',#8718,1.);
#8718=DIRECTION('',(0.,-1.,0.));
#8719=CARTESIAN_POINT('',(1.,-3.,0.875));
#8720=VECTOR('',#8721,1.);
#8721=DIRECTION('',(1.,0.,0.));
#8722=CARTESIAN_POINT('',(1.5,-3.08289012648529,0.919060506515939));
#8723=AXIS2_PLACEMENT_3D('',#8724,#8725,#8726);
#8724=CARTESIAN_POINT('',(1.5,-3.,0.975));
#8725=DIRECTION('',(1.,0.,0.));
#8726=DIRECTION('',(0.,-0.828901264852858,-0.559394934840612));
#8727=CARTESIAN_POINT('',(1.5,-3.08289012648529,0.919060506515939));
#8728=VECTOR('',#8729,1.);
#8729=DIRECTION('',(-1.,0.,0.));
#8730=CARTESIAN_POINT('',(1.5,-3.1,1.00000000017754));
#8731=AXIS2_PLACEMENT_3D('',#8732,#8733,#8734);
#8732=CARTESIAN_POINT('',(1.5,-2.9,1.00000000017754));
#8733=DIRECTION('',(-1.,0.,0.));
#8734=DIRECTION('',(0.,-0.914450632426429,-0.404697468307999));
#8735=CARTESIAN_POINT('',(1.5,-3.1,1.00000000017754));
#8736=VECTOR('',#8737,1.);
#8737=DIRECTION('',(-1.,0.,0.));
#8738=CARTESIAN_POINT('',(1.,-2.9,0.800000000177538));
#8739=VECTOR('',#8740,1.);
#8740=DIRECTION('',(-1.,0.,0.));
#8741=CARTESIAN_POINT('',(1.,-2.55000000000083,0.800000000177538));
#8742=VECTOR('',#8743,1.);
#8743=DIRECTION('',(-1.,0.,0.));
#8744=CARTESIAN_POINT('',(1.,-2.45000000000083,0.700000000177538));
#8745=VECTOR('',#8746,1.);
#8746=DIRECTION('',(-1.,0.,6.16790569236198E-017));
#8747=CARTESIAN_POINT('',(1.15,-3.1,2.575));
#8748=CARTESIAN_POINT('',(1.15,-3.1,2.60000000017754));
#8749=CARTESIAN_POINT('',(1.15,-3.1,2.60000000017754));
#8750=VECTOR('',#8751,1.);
#8751=DIRECTION('',(0.,0.,-1.));
#8752=CARTESIAN_POINT('',(1.15,-3.1,2.60000000017754));
#8753=VECTOR('',#8754,1.);
#8754=DIRECTION('',(-1.,0.,0.));
#8755=CARTESIAN_POINT('',(1.5,-3.1,1.475));
#8756=CARTESIAN_POINT('',(1.5,-3.1,1.00000000017754));
#8757=VECTOR('',#8758,1.);
#8758=DIRECTION('',(0.,0.,1.));
#8759=CARTESIAN_POINT('',(1.4,-3.1,1.475));
#8760=VECTOR('',#8761,1.);
#8761=DIRECTION('',(1.,0.,0.));
#8762=CARTESIAN_POINT('',(1.5,-3.1,2.075));
#8763=CARTESIAN_POINT('',(1.5,-3.1,2.075));
#8764=VECTOR('',#8765,1.);
#8765=DIRECTION('',(-1.,0.,0.));
#8766=CARTESIAN_POINT('',(1.5,-3.1,2.575));
#8767=CARTESIAN_POINT('',(1.5,-3.1,2.075));
#8768=VECTOR('',#8769,1.);
#8769=DIRECTION('',(0.,0.,1.));
#8770=CARTESIAN_POINT('',(1.15,-3.1,2.575));
#8771=VECTOR('',#8772,1.);
#8772=DIRECTION('',(1.,0.,0.));
#8773=CARTESIAN_POINT('',(1.15,-3.2,2.70000000017754));
#8774=AXIS2_PLACEMENT_3D('',#8775,#8776,#8777);
#8775=CARTESIAN_POINT('',(1.15,-3.2,2.60000000017754));
#8776=DIRECTION('',(1.,0.,0.));
#8777=DIRECTION('',(0.,1.,0.));
#8778=CARTESIAN_POINT('',(1.15,-3.2,2.70000000017754));
#8779=VECTOR('',#8780,1.);
#8780=DIRECTION('',(-1.,0.,0.));
#8781=CARTESIAN_POINT('',(1.15,-3.30000000000062,2.70000000017754));
#8782=CARTESIAN_POINT('',(1.15,-3.30000000000062,2.70000000017754));
#8783=VECTOR('',#8784,1.);
#8784=DIRECTION('',(0.,1.,0.));
#8785=CARTESIAN_POINT('',(1.15,-3.30000000000062,2.70000000017754));
#8786=VECTOR('',#8787,1.);
#8787=DIRECTION('',(-1.,0.,0.));
#8788=CARTESIAN_POINT('',(1.15,-3.50000000000062,2.90000000017754));
#8789=AXIS2_PLACEMENT_3D('',#8790,#8791,#8792);
#8790=CARTESIAN_POINT('',(1.15,-3.30000000000062,2.90000000017754));
#8791=DIRECTION('',(-1.,0.,0.));
#8792=DIRECTION('',(0.,0.,-1.));
#8793=CARTESIAN_POINT('',(1.15,-3.50000000000062,2.90000000017754));
#8794=VECTOR('',#8795,1.);
#8795=DIRECTION('',(-1.,0.,0.));
#8796=CARTESIAN_POINT('',(1.15,-3.50000000000062,3.30000000017754));
#8797=CARTESIAN_POINT('',(1.15,-3.50000000000062,3.30000000017754));
#8798=VECTOR('',#8799,1.);
#8799=DIRECTION('',(0.,0.,-1.));
#8800=CARTESIAN_POINT('',(1.15,-3.50000000000062,3.30000000017754));
#8801=VECTOR('',#8802,1.);
#8802=DIRECTION('',(-1.,0.,0.));
#8803=AXIS2_PLACEMENT_3D('',#8804,#8805,#8806);
#8804=CARTESIAN_POINT('',(1.15,-3.30000000000062,3.30000000017754));
#8805=DIRECTION('',(-1.,0.,0.));
#8806=DIRECTION('',(0.,-1.,0.));
#8807=CARTESIAN_POINT('',(1.15,3.50000000000062,3.30000000017754));
#8808=AXIS2_PLACEMENT_3D('',#8809,#8810,#8811);
#8809=CARTESIAN_POINT('',(1.15,3.30000000000062,3.30000000017754));
#8810=DIRECTION('',(-1.,0.,0.));
#8811=DIRECTION('',(0.,0.,1.));
#8812=CARTESIAN_POINT('',(1.15,3.50000000000062,3.30000000017754));
#8813=VECTOR('',#8814,1.);
#8814=DIRECTION('',(-1.,0.,0.));
#8815=CARTESIAN_POINT('',(1.15,3.50000000000062,2.90000000017754));
#8816=CARTESIAN_POINT('',(1.15,3.50000000000062,3.30000000017754));
#8817=VECTOR('',#8818,1.);
#8818=DIRECTION('',(0.,0.,-1.));
#8819=CARTESIAN_POINT('',(1.15,3.50000000000062,2.90000000017754));
#8820=VECTOR('',#8821,1.);
#8821=DIRECTION('',(-1.,0.,0.));
#8822=CARTESIAN_POINT('',(1.15,3.30000000000062,2.70000000017754));
#8823=AXIS2_PLACEMENT_3D('',#8824,#8825,#8826);
#8824=CARTESIAN_POINT('',(1.15,3.30000000000062,2.90000000017754));
#8825=DIRECTION('',(-1.,0.,-0.));
#8826=DIRECTION('',(0.,1.,0.));
#8827=CARTESIAN_POINT('',(1.15,3.30000000000062,2.70000000017754));
#8828=VECTOR('',#8829,1.);
#8829=DIRECTION('',(-1.,0.,0.));
#8830=CARTESIAN_POINT('',(1.15,3.2,2.70000000017754));
#8831=CARTESIAN_POINT('',(1.15,3.30000000000062,2.70000000017754));
#8832=VECTOR('',#8833,1.);
#8833=DIRECTION('',(0.,-1.,0.));
#8834=CARTESIAN_POINT('',(1.15,3.2,2.70000000017754));
#8835=VECTOR('',#8836,1.);
#8836=DIRECTION('',(-1.,0.,0.));
#8837=CARTESIAN_POINT('',(1.15,3.1,2.60000000017754));
#8838=AXIS2_PLACEMENT_3D('',#8839,#8840,#8841);
#8839=CARTESIAN_POINT('',(1.15,3.2,2.60000000017754));
#8840=DIRECTION('',(1.,0.,-0.));
#8841=DIRECTION('',(0.,0.,1.));
#8842=CARTESIAN_POINT('',(1.15,3.1,2.60000000017754));
#8843=VECTOR('',#8844,1.);
#8844=DIRECTION('',(-1.,0.,0.));
#8845=CARTESIAN_POINT('',(1.15,3.1,2.575));
#8846=CARTESIAN_POINT('',(1.15,3.1,2.60000000017754));
#8847=VECTOR('',#8848,1.);
#8848=DIRECTION('',(0.,0.,-1.));
#8849=CARTESIAN_POINT('',(1.5,3.1,2.575));
#8850=CARTESIAN_POINT('',(1.15,3.1,2.575));
#8851=VECTOR('',#8852,1.);
#8852=DIRECTION('',(1.,0.,0.));
#8853=CARTESIAN_POINT('',(1.5,3.1,2.075));
#8854=CARTESIAN_POINT('',(1.5,3.1,2.575));
#8855=VECTOR('',#8856,1.);
#8856=DIRECTION('',(0.,0.,-1.));
#8857=CARTESIAN_POINT('',(1.4,3.1,2.075));
#8858=VECTOR('',#8859,1.);
#8859=DIRECTION('',(1.,0.,0.));
#8860=CARTESIAN_POINT('',(1.5,3.1,1.475));
#8861=CARTESIAN_POINT('',(1.5,3.1,1.475));
#8862=VECTOR('',#8863,1.);
#8863=DIRECTION('',(-1.,0.,0.));
#8864=CARTESIAN_POINT('',(1.5,3.1,1.00000000017754));
#8865=CARTESIAN_POINT('',(1.5,3.1,1.475));
#8866=VECTOR('',#8867,1.);
#8867=DIRECTION('',(0.,0.,-1.));
#8868=CARTESIAN_POINT('',(1.5,3.1,1.00000000017754));
#8869=VECTOR('',#8870,1.);
#8870=DIRECTION('',(-1.,0.,0.));
#8871=CARTESIAN_POINT('',(1.,2.9,0.800000000177538));
#8872=VECTOR('',#8873,1.);
#8873=DIRECTION('',(-1.,0.,0.));
#8874=CARTESIAN_POINT('',(1.5,3.08289012648529,0.919060506515939));
#8875=AXIS2_PLACEMENT_3D('',#8876,#8877,#8878);
#8876=CARTESIAN_POINT('',(1.5,2.9,1.00000000017754));
#8877=DIRECTION('',(-1.,0.,0.));
#8878=DIRECTION('',(0.,1.,0.));
#8879=CARTESIAN_POINT('',(1.5,3.08289012648529,0.919060506515939));
#8880=VECTOR('',#8881,1.);
#8881=DIRECTION('',(-1.,0.,0.));
#8882=CARTESIAN_POINT('',(1.,2.55000000000083,0.800000000177538));
#8883=VECTOR('',#8884,1.);
#8884=DIRECTION('',(-1.,0.,0.));
#8885=CARTESIAN_POINT('',(1.,2.45000000000083,0.700000000177538));
#8886=VECTOR('',#8887,1.);
#8887=DIRECTION('',(-1.,0.,0.));
#8888=CARTESIAN_POINT('',(0.9,-1.95,0.775000000000001));
#8889=CARTESIAN_POINT('',(0.9,-1.95,0.775000000000001));
#8890=VECTOR('',#8891,1.);
#8891=DIRECTION('',(-1.,-2.61228946970625E-016,0.));
#8892=CARTESIAN_POINT('',(0.9,1.95,0.775000000000001));
#8893=CARTESIAN_POINT('',(0.9,-1.95,0.775000000000001));
#8894=VECTOR('',#8895,1.);
#8895=DIRECTION('',(0.,1.,0.));
#8896=CARTESIAN_POINT('',(0.9,1.95,0.775000000000001));
#8897=VECTOR('',#8898,1.);
#8898=DIRECTION('',(-1.,0.,0.));
#8899=CARTESIAN_POINT('',(0.9,1.95,2.775));
#8900=CARTESIAN_POINT('',(0.9,1.95,0.775000000000001));
#8901=VECTOR('',#8902,1.);
#8902=DIRECTION('',(0.,0.,1.));
#8903=CARTESIAN_POINT('',(0.9,1.95,2.775));
#8904=VECTOR('',#8905,1.);
#8905=DIRECTION('',(-1.,0.,0.));
#8906=CARTESIAN_POINT('',(0.9,-1.95,2.775));
#8907=CARTESIAN_POINT('',(0.9,1.95,2.775));
#8908=VECTOR('',#8909,1.);
#8909=DIRECTION('',(0.,-1.,0.));
#8910=CARTESIAN_POINT('',(0.9,-1.95,2.775));
#8911=VECTOR('',#8912,1.);
#8912=DIRECTION('',(-1.,0.,0.));
#8913=CARTESIAN_POINT('',(0.9,-1.95,2.775));
#8914=VECTOR('',#8915,1.);
#8915=DIRECTION('',(0.,0.,-1.));
#8916=CARTESIAN_POINT('',(-1.,2.8,1.055));
#8917=CARTESIAN_POINT('',(-1.,2.4,1.055));
#8918=CARTESIAN_POINT('',(-1.,2.8,1.055));
#8919=VECTOR('',#8920,1.);
#8920=DIRECTION('',(0.,-1.,0.));
#8921=CARTESIAN_POINT('',(-0.8,2.8,1.055));
#8922=VECTOR('',#8923,1.);
#8923=DIRECTION('',(-1.,0.,0.));
#8924=CARTESIAN_POINT('',(-0.8,2.4,1.055));
#8925=VECTOR('',#8926,1.);
#8926=DIRECTION('',(-1.,0.,0.));
#8927=CARTESIAN_POINT('',(-1.,2.97,1.225));
#8928=AXIS2_PLACEMENT_3D('',#8929,#8930,#8931);
#8929=CARTESIAN_POINT('',(-1.,2.8,1.225));
#8930=DIRECTION('',(1.,0.,0.));
#8931=DIRECTION('',(0.,0.,-1.));
#8932=CARTESIAN_POINT('',(-0.8,2.97,1.225));
#8933=VECTOR('',#8934,1.);
#8934=DIRECTION('',(-1.,0.,0.));
#8935=CARTESIAN_POINT('',(-1.,2.97,2.325));
#8936=CARTESIAN_POINT('',(-1.,2.97,2.325));
#8937=VECTOR('',#8938,1.);
#8938=DIRECTION('',(0.,0.,-1.));
#8939=CARTESIAN_POINT('',(-0.8,2.97,2.325));
#8940=VECTOR('',#8941,1.);
#8941=DIRECTION('',(-1.,0.,0.));
#8942=CARTESIAN_POINT('',(-1.,2.8,2.495));
#8943=AXIS2_PLACEMENT_3D('',#8944,#8945,#8946);
#8944=CARTESIAN_POINT('',(-1.,2.8,2.325));
#8945=DIRECTION('',(1.,-0.,0.));
#8946=DIRECTION('',(0.,1.,-5.2245789394125E-015));
#8947=CARTESIAN_POINT('',(-0.8,2.8,2.495));
#8948=VECTOR('',#8949,1.);
#8949=DIRECTION('',(-1.,0.,0.));
#8950=CARTESIAN_POINT('',(-1.,2.4,2.495));
#8951=CARTESIAN_POINT('',(-1.,2.4,2.495));
#8952=VECTOR('',#8953,1.);
#8953=DIRECTION('',(0.,1.,0.));
#8954=CARTESIAN_POINT('',(-0.8,2.4,2.495));
#8955=VECTOR('',#8956,1.);
#8956=DIRECTION('',(-1.,0.,0.));
#8957=CARTESIAN_POINT('',(-1.,2.23,2.325));
#8958=AXIS2_PLACEMENT_3D('',#8959,#8960,#8961);
#8959=CARTESIAN_POINT('',(-1.,2.4,2.325));
#8960=DIRECTION('',(1.,0.,0.));
#8961=DIRECTION('',(0.,0.,1.));
#8962=CARTESIAN_POINT('',(-0.8,2.23,2.325));
#8963=VECTOR('',#8964,1.);
#8964=DIRECTION('',(-1.,0.,0.));
#8965=CARTESIAN_POINT('',(-1.,2.23,1.225));
#8966=CARTESIAN_POINT('',(-1.,2.23,1.225));
#8967=VECTOR('',#8968,1.);
#8968=DIRECTION('',(0.,-4.03717463500057E-016,1.));
#8969=CARTESIAN_POINT('',(-0.8,2.23,1.225));
#8970=VECTOR('',#8971,1.);
#8971=DIRECTION('',(-1.,0.,0.));
#8972=AXIS2_PLACEMENT_3D('',#8973,#8974,#8975);
#8973=CARTESIAN_POINT('',(-1.,2.4,1.225));
#8974=DIRECTION('',(1.,0.,0.));
#8975=DIRECTION('',(0.,-1.,0.));
#8976=CARTESIAN_POINT('',(-1.,-2.4,1.055));
#8977=CARTESIAN_POINT('',(-1.,-2.8,1.055));
#8978=CARTESIAN_POINT('',(-1.,-2.4,1.055));
#8979=VECTOR('',#8980,1.);
#8980=DIRECTION('',(0.,-1.,0.));
#8981=CARTESIAN_POINT('',(-0.8,-2.4,1.055));
#8982=VECTOR('',#8983,1.);
#8983=DIRECTION('',(-1.,0.,0.));
#8984=CARTESIAN_POINT('',(-0.8,-2.8,1.055));
#8985=VECTOR('',#8986,1.);
#8986=DIRECTION('',(-1.,0.,0.));
#8987=CARTESIAN_POINT('',(-1.,-2.23,1.225));
#8988=AXIS2_PLACEMENT_3D('',#8989,#8990,#8991);
#8989=CARTESIAN_POINT('',(-1.,-2.4,1.225));
#8990=DIRECTION('',(1.,0.,0.));
#8991=DIRECTION('',(0.,0.,-1.));
#8992=CARTESIAN_POINT('',(-0.8,-2.23,1.225));
#8993=VECTOR('',#8994,1.);
#8994=DIRECTION('',(-1.,0.,0.));
#8995=CARTESIAN_POINT('',(-1.,-2.23,2.325));
#8996=CARTESIAN_POINT('',(-1.,-2.23,2.325));
#8997=VECTOR('',#8998,1.);
#8998=DIRECTION('',(0.,0.,-1.));
#8999=CARTESIAN_POINT('',(-0.8,-2.23,2.325));
#9000=VECTOR('',#9001,1.);
#9001=DIRECTION('',(-1.,0.,0.));
#9002=CARTESIAN_POINT('',(-1.,-2.4,2.495));
#9003=AXIS2_PLACEMENT_3D('',#9004,#9005,#9006);
#9004=CARTESIAN_POINT('',(-1.,-2.4,2.325));
#9005=DIRECTION('',(1.,-0.,0.));
#9006=DIRECTION('',(0.,1.,2.61228946970625E-015));
#9007=CARTESIAN_POINT('',(-0.8,-2.4,2.495));
#9008=VECTOR('',#9009,1.);
#9009=DIRECTION('',(-1.,0.,0.));
#9010=CARTESIAN_POINT('',(-1.,-2.8,2.495));
#9011=CARTESIAN_POINT('',(-1.,-2.8,2.495));
#9012=VECTOR('',#9013,1.);
#9013=DIRECTION('',(0.,1.,0.));
#9014=CARTESIAN_POINT('',(-0.8,-2.8,2.495));
#9015=VECTOR('',#9016,1.);
#9016=DIRECTION('',(-1.,0.,0.));
#9017=CARTESIAN_POINT('',(-1.,-2.97,2.325));
#9018=AXIS2_PLACEMENT_3D('',#9019,#9020,#9021);
#9019=CARTESIAN_POINT('',(-1.,-2.8,2.325));
#9020=DIRECTION('',(1.,0.,0.));
#9021=DIRECTION('',(0.,0.,1.));
#9022=CARTESIAN_POINT('',(-0.8,-2.97,2.325));
#9023=VECTOR('',#9024,1.);
#9024=DIRECTION('',(-1.,0.,0.));
#9025=CARTESIAN_POINT('',(-1.,-2.97,1.225));
#9026=CARTESIAN_POINT('',(-1.,-2.97,1.225));
#9027=VECTOR('',#9028,1.);
#9028=DIRECTION('',(0.,0.,1.));
#9029=CARTESIAN_POINT('',(-0.8,-2.97,1.225));
#9030=VECTOR('',#9031,1.);
#9031=DIRECTION('',(-1.,0.,0.));
#9032=AXIS2_PLACEMENT_3D('',#9033,#9034,#9035);
#9033=CARTESIAN_POINT('',(-1.,-2.8,1.225));
#9034=DIRECTION('',(1.,0.,0.));
#9035=DIRECTION('',(0.,-1.,-1.30614473485313E-015));
#9036=CARTESIAN_POINT('',(1.5,3.,0.875));
#9037=AXIS2_PLACEMENT_3D('',#9038,#9039,#9040);
#9038=CARTESIAN_POINT('',(1.5,3.,0.975));
#9039=DIRECTION('',(-1.,0.,0.));
#9040=DIRECTION('',(0.,0.828901264852858,-0.559394934840612));
#9041=CARTESIAN_POINT('',(1.,3.,0.875));
#9042=VECTOR('',#9043,1.);
#9043=DIRECTION('',(1.,0.,0.));
#9044=CARTESIAN_POINT('',(1.15,2.4,0.875));
#9045=CARTESIAN_POINT('',(1.15,1.8,0.875));
#9046=VECTOR('',#9047,1.);
#9047=DIRECTION('',(0.,1.,0.));
#9048=CARTESIAN_POINT('',(1.,2.4,0.875));
#9049=VECTOR('',#9050,1.);
#9050=DIRECTION('',(1.,0.,0.));
#9051=CARTESIAN_POINT('',(1.5,1.8,0.875));
#9052=CARTESIAN_POINT('',(1.5,1.8,0.875));
#9053=VECTOR('',#9054,1.);
#9054=DIRECTION('',(0.,1.,0.));
#9055=CARTESIAN_POINT('',(1.4,1.8,0.875));
#9056=VECTOR('',#9057,1.);
#9057=DIRECTION('',(1.,0.,0.));
#9058=CARTESIAN_POINT('',(1.15,2.4,2.675));
#9059=CARTESIAN_POINT('',(1.15,2.4,0.875));
#9060=VECTOR('',#9061,1.);
#9061=DIRECTION('',(0.,-7.40148683083438E-016,1.));
#9062=CARTESIAN_POINT('',(1.15,2.4,2.675));
#9063=VECTOR('',#9064,1.);
#9064=DIRECTION('',(0.,-5.38289951333409E-016,1.));
#9065=CARTESIAN_POINT('',(1.15,2.4,2.675));
#9066=VECTOR('',#9067,1.);
#9067=DIRECTION('',(0.,-1.,0.));
#9068=CARTESIAN_POINT('',(1.5,1.8,2.675));
#9069=CARTESIAN_POINT('',(1.5,1.8,2.675));
#9070=VECTOR('',#9071,1.);
#9071=DIRECTION('',(-1.,0.,0.));
#9072=CARTESIAN_POINT('',(1.5,3.,2.675));
#9073=CARTESIAN_POINT('',(1.5,3.,2.675));
#9074=VECTOR('',#9075,1.);
#9075=DIRECTION('',(0.,-1.,0.));
#9076=CARTESIAN_POINT('',(1.15,3.,2.675));
#9077=CARTESIAN_POINT('',(1.15,3.,2.675));
#9078=VECTOR('',#9079,1.);
#9079=DIRECTION('',(1.,0.,0.));
#9080=CARTESIAN_POINT('',(1.15,2.4,2.675));
#9081=VECTOR('',#9082,1.);
#9082=DIRECTION('',(0.,1.,0.));
#9083=CARTESIAN_POINT('',(1.5,1.8,1.475));
#9084=CARTESIAN_POINT('',(1.5,1.8,1.475));
#9085=VECTOR('',#9086,1.);
#9086=DIRECTION('',(0.,3.70074341541719E-016,-1.));
#9087=CARTESIAN_POINT('',(1.4,1.8,1.475));
#9088=VECTOR('',#9089,1.);
#9089=DIRECTION('',(1.,0.,0.));
#9090=CARTESIAN_POINT('',(1.5,3.1,1.475));
#9091=VECTOR('',#9092,1.);
#9092=DIRECTION('',(0.,-1.,-1.70803542250024E-016));
#9093=CARTESIAN_POINT('',(1.5,1.8,2.075));
#9094=CARTESIAN_POINT('',(1.5,1.8,2.075));
#9095=VECTOR('',#9096,1.);
#9096=DIRECTION('',(0.,1.,0.));
#9097=CARTESIAN_POINT('',(1.4,1.8,2.075));
#9098=VECTOR('',#9099,1.);
#9099=DIRECTION('',(1.,0.,0.));
#9100=CARTESIAN_POINT('',(1.5,1.8,2.675));
#9101=VECTOR('',#9102,1.);
#9102=DIRECTION('',(0.,-3.70074341541719E-016,-1.));
#9103=CARTESIAN_POINT('',(1.5,-1.8,2.675));
#9104=CARTESIAN_POINT('',(1.5,-1.8,2.675));
#9105=VECTOR('',#9106,1.);
#9106=DIRECTION('',(-1.,0.,0.));
#9107=CARTESIAN_POINT('',(1.5,-1.8,2.075));
#9108=CARTESIAN_POINT('',(1.5,-1.8,2.075));
#9109=VECTOR('',#9110,1.);
#9110=DIRECTION('',(0.,-3.70074341541719E-016,1.));
#9111=CARTESIAN_POINT('',(1.4,-1.8,2.075));
#9112=VECTOR('',#9113,1.);
#9113=DIRECTION('',(1.,0.,0.));
#9114=CARTESIAN_POINT('',(1.5,-3.1,2.075));
#9115=VECTOR('',#9116,1.);
#9116=DIRECTION('',(0.,1.,0.));
#9117=CARTESIAN_POINT('',(1.5,-1.8,1.475));
#9118=CARTESIAN_POINT('',(1.5,-1.8,1.475));
#9119=VECTOR('',#9120,1.);
#9120=DIRECTION('',(0.,-1.,-1.70803542250024E-016));
#9121=CARTESIAN_POINT('',(1.4,-1.8,1.475));
#9122=VECTOR('',#9123,1.);
#9123=DIRECTION('',(1.,0.,0.));
#9124=CARTESIAN_POINT('',(1.5,-1.8,0.875));
#9125=VECTOR('',#9126,1.);
#9126=DIRECTION('',(0.,0.,1.));
#9127=CARTESIAN_POINT('',(1.15,-1.4,1.475));
#9128=CARTESIAN_POINT('',(1.15,-1.4,1.475));
#9129=VECTOR('',#9130,1.);
#9130=DIRECTION('',(1.,0.,0.));
#9131=CARTESIAN_POINT('',(1.15,-1.6,1.675));
#9132=AXIS2_PLACEMENT_3D('',#9133,#9134,#9135);
#9133=CARTESIAN_POINT('',(1.15,-1.4,1.675));
#9134=DIRECTION('',(-1.,0.,0.));
#9135=DIRECTION('',(0.,0.,-1.));
#9136=CARTESIAN_POINT('',(1.15,-1.6,1.675));
#9137=VECTOR('',#9138,1.);
#9138=DIRECTION('',(1.,0.,0.));
#9139=CARTESIAN_POINT('',(1.15,-1.6,1.875));
#9140=CARTESIAN_POINT('',(1.15,-1.6,1.675));
#9141=VECTOR('',#9142,1.);
#9142=DIRECTION('',(0.,0.,1.));
#9143=CARTESIAN_POINT('',(1.15,-1.6,1.875));
#9144=VECTOR('',#9145,1.);
#9145=DIRECTION('',(1.,0.,0.));
#9146=CARTESIAN_POINT('',(1.15,-1.4,2.075));
#9147=AXIS2_PLACEMENT_3D('',#9148,#9149,#9150);
#9148=CARTESIAN_POINT('',(1.15,-1.4,1.875));
#9149=DIRECTION('',(-1.,0.,0.));
#9150=DIRECTION('',(0.,-1.,0.));
#9151=CARTESIAN_POINT('',(1.15,-1.4,2.075));
#9152=VECTOR('',#9153,1.);
#9153=DIRECTION('',(1.,0.,0.));
#9154=CARTESIAN_POINT('',(1.15,-1.2,2.075));
#9155=CARTESIAN_POINT('',(1.15,-1.4,2.075));
#9156=VECTOR('',#9157,1.);
#9157=DIRECTION('',(0.,1.,0.));
#9158=CARTESIAN_POINT('',(1.15,-1.2,2.075));
#9159=VECTOR('',#9160,1.);
#9160=DIRECTION('',(1.,0.,0.));
#9161=CARTESIAN_POINT('',(1.15,-1.,1.875));
#9162=AXIS2_PLACEMENT_3D('',#9163,#9164,#9165);
#9163=CARTESIAN_POINT('',(1.15,-1.2,1.875));
#9164=DIRECTION('',(-1.,0.,0.));
#9165=DIRECTION('',(0.,0.,1.));
#9166=CARTESIAN_POINT('',(1.15,-1.,1.875));
#9167=VECTOR('',#9168,1.);
#9168=DIRECTION('',(1.,0.,0.));
#9169=CARTESIAN_POINT('',(1.15,-1.,1.675));
#9170=CARTESIAN_POINT('',(1.15,-1.,1.875));
#9171=VECTOR('',#9172,1.);
#9172=DIRECTION('',(0.,0.,-1.));
#9173=CARTESIAN_POINT('',(1.15,-1.,1.675));
#9174=VECTOR('',#9175,1.);
#9175=DIRECTION('',(1.,0.,0.));
#9176=CARTESIAN_POINT('',(1.15,-1.2,1.475));
#9177=AXIS2_PLACEMENT_3D('',#9178,#9179,#9180);
#9178=CARTESIAN_POINT('',(1.15,-1.2,1.675));
#9179=DIRECTION('',(-1.,0.,0.));
#9180=DIRECTION('',(0.,1.,0.));
#9181=CARTESIAN_POINT('',(1.15,-1.2,1.475));
#9182=VECTOR('',#9183,1.);
#9183=DIRECTION('',(1.,0.,0.));
#9184=CARTESIAN_POINT('',(1.15,-1.2,1.475));
#9185=VECTOR('',#9186,1.);
#9186=DIRECTION('',(0.,-1.,0.));
#9187=CARTESIAN_POINT('',(1.15,-0.0999999999999924,1.47499999999998));
#9188=CARTESIAN_POINT('',(1.15,-0.0999999999999924,1.47499999999998));
#9189=VECTOR('',#9190,1.);
#9190=DIRECTION('',(1.,0.,0.));
#9191=CARTESIAN_POINT('',(1.15,-0.299999999999979,1.675));
#9192=AXIS2_PLACEMENT_3D('',#9193,#9194,#9195);
#9193=CARTESIAN_POINT('',(1.15,-0.0999999999999785,1.67499999999998));
#9194=DIRECTION('',(-1.,0.,0.));
#9195=DIRECTION('',(0.,-6.95971058561895E-014,-1.));
#9196=CARTESIAN_POINT('',(1.15,-0.299999999999979,1.675));
#9197=VECTOR('',#9198,1.);
#9198=DIRECTION('',(1.,0.,0.));
#9199=CARTESIAN_POINT('',(1.15,-0.299999999999957,1.875));
#9200=CARTESIAN_POINT('',(1.15,-0.299999999999979,1.675));
#9201=VECTOR('',#9202,1.);
#9202=DIRECTION('',(0.,1.0769163338864E-013,1.));
#9203=CARTESIAN_POINT('',(1.15,-0.299999999999957,1.875));
#9204=VECTOR('',#9205,1.);
#9205=DIRECTION('',(1.,0.,0.));
#9206=CARTESIAN_POINT('',(1.15,-0.0999999999999566,2.07499999999998));
#9207=AXIS2_PLACEMENT_3D('',#9208,#9209,#9210);
#9208=CARTESIAN_POINT('',(1.15,-0.099999999999957,1.87499999999998));
#9209=DIRECTION('',(-1.,0.,0.));
#9210=DIRECTION('',(0.,-1.,1.0769163338864E-013));
#9211=CARTESIAN_POINT('',(1.15,-0.0999999999999566,2.07499999999998));
#9212=VECTOR('',#9213,1.);
#9213=DIRECTION('',(1.,0.,0.));
#9214=CARTESIAN_POINT('',(1.15,0.0999999999999566,2.07499999999998));
#9215=CARTESIAN_POINT('',(1.15,0.0999999999999566,2.07499999999998));
#9216=VECTOR('',#9217,1.);
#9217=DIRECTION('',(0.,-1.,0.));
#9218=CARTESIAN_POINT('',(1.15,0.0999999999999566,2.07499999999998));
#9219=VECTOR('',#9220,1.);
#9220=DIRECTION('',(1.,0.,0.));
#9221=CARTESIAN_POINT('',(1.15,0.299999999999957,1.875));
#9222=AXIS2_PLACEMENT_3D('',#9223,#9224,#9225);
#9223=CARTESIAN_POINT('',(1.15,0.099999999999957,1.87499999999998));
#9224=DIRECTION('',(1.,0.,-0.));
#9225=DIRECTION('',(0.,1.,1.0769163338864E-013));
#9226=CARTESIAN_POINT('',(1.15,0.299999999999957,1.875));
#9227=VECTOR('',#9228,1.);
#9228=DIRECTION('',(1.,0.,0.));
#9229=CARTESIAN_POINT('',(1.15,0.299999999999979,1.675));
#9230=CARTESIAN_POINT('',(1.15,0.299999999999979,1.675));
#9231=VECTOR('',#9232,1.);
#9232=DIRECTION('',(0.,-1.0769163338864E-013,1.));
#9233=CARTESIAN_POINT('',(1.15,0.299999999999979,1.675));
#9234=VECTOR('',#9235,1.);
#9235=DIRECTION('',(1.,0.,0.));
#9236=CARTESIAN_POINT('',(1.15,0.0999999999999924,1.47499999999998));
#9237=AXIS2_PLACEMENT_3D('',#9238,#9239,#9240);
#9238=CARTESIAN_POINT('',(1.15,0.0999999999999785,1.67499999999998));
#9239=DIRECTION('',(1.,0.,-0.));
#9240=DIRECTION('',(0.,6.95971058561895E-014,-1.));
#9241=CARTESIAN_POINT('',(1.15,0.0999999999999924,1.47499999999998));
#9242=VECTOR('',#9243,1.);
#9243=DIRECTION('',(1.,0.,0.));
#9244=CARTESIAN_POINT('',(1.15,0.0999999999999924,1.47499999999998));
#9245=VECTOR('',#9246,1.);
#9246=DIRECTION('',(0.,-1.,0.));
#9247=CARTESIAN_POINT('',(1.15,1.6,1.675));
#9248=CARTESIAN_POINT('',(1.15,1.6,1.675));
#9249=VECTOR('',#9250,1.);
#9250=DIRECTION('',(1.,0.,0.));
#9251=CARTESIAN_POINT('',(1.15,1.4,1.475));
#9252=AXIS2_PLACEMENT_3D('',#9253,#9254,#9255);
#9253=CARTESIAN_POINT('',(1.15,1.4,1.675));
#9254=DIRECTION('',(1.,0.,-0.));
#9255=DIRECTION('',(0.,0.,-1.));
#9256=CARTESIAN_POINT('',(1.15,1.4,1.475));
#9257=VECTOR('',#9258,1.);
#9258=DIRECTION('',(1.,0.,0.));
#9259=CARTESIAN_POINT('',(1.15,1.2,1.475));
#9260=CARTESIAN_POINT('',(1.15,1.2,1.475));
#9261=VECTOR('',#9262,1.);
#9262=DIRECTION('',(0.,1.,0.));
#9263=CARTESIAN_POINT('',(1.15,1.2,1.475));
#9264=VECTOR('',#9265,1.);
#9265=DIRECTION('',(1.,0.,0.));
#9266=CARTESIAN_POINT('',(1.15,1.,1.675));
#9267=AXIS2_PLACEMENT_3D('',#9268,#9269,#9270);
#9268=CARTESIAN_POINT('',(1.15,1.2,1.675));
#9269=DIRECTION('',(1.,0.,-0.));
#9270=DIRECTION('',(0.,-1.,0.));
#9271=CARTESIAN_POINT('',(1.15,1.,1.675));
#9272=VECTOR('',#9273,1.);
#9273=DIRECTION('',(1.,0.,0.));
#9274=CARTESIAN_POINT('',(1.15,1.,1.875));
#9275=CARTESIAN_POINT('',(1.15,1.,1.875));
#9276=VECTOR('',#9277,1.);
#9277=DIRECTION('',(0.,0.,-1.));
#9278=CARTESIAN_POINT('',(1.15,1.,1.875));
#9279=VECTOR('',#9280,1.);
#9280=DIRECTION('',(1.,0.,0.));
#9281=CARTESIAN_POINT('',(1.15,1.2,2.075));
#9282=AXIS2_PLACEMENT_3D('',#9283,#9284,#9285);
#9283=CARTESIAN_POINT('',(1.15,1.2,1.875));
#9284=DIRECTION('',(1.,0.,-0.));
#9285=DIRECTION('',(0.,0.,1.));
#9286=CARTESIAN_POINT('',(1.15,1.2,2.075));
#9287=VECTOR('',#9288,1.);
#9288=DIRECTION('',(1.,0.,0.));
#9289=CARTESIAN_POINT('',(1.15,1.4,2.075));
#9290=CARTESIAN_POINT('',(1.15,1.4,2.075));
#9291=VECTOR('',#9292,1.);
#9292=DIRECTION('',(0.,-1.,0.));
#9293=CARTESIAN_POINT('',(1.15,1.4,2.075));
#9294=VECTOR('',#9295,1.);
#9295=DIRECTION('',(1.,0.,0.));
#9296=CARTESIAN_POINT('',(1.15,1.6,1.875));
#9297=AXIS2_PLACEMENT_3D('',#9298,#9299,#9300);
#9298=CARTESIAN_POINT('',(1.15,1.4,1.875));
#9299=DIRECTION('',(1.,0.,-0.));
#9300=DIRECTION('',(0.,1.,0.));
#9301=CARTESIAN_POINT('',(1.15,1.6,1.875));
#9302=VECTOR('',#9303,1.);
#9303=DIRECTION('',(1.,0.,0.));
#9304=CARTESIAN_POINT('',(1.15,1.6,1.675));
#9305=VECTOR('',#9306,1.);
#9306=DIRECTION('',(0.,0.,1.));
#9307=CARTESIAN_POINT('',(1.15,-1.8,2.675));
#9308=VECTOR('',#9309,1.);
#9309=DIRECTION('',(0.,-1.,0.));
#9310=CARTESIAN_POINT('',(1.15,-3.,2.675));
#9311=CARTESIAN_POINT('',(1.15,-2.4,2.675));
#9312=VECTOR('',#9313,1.);
#9313=DIRECTION('',(0.,-1.,0.));
#9314=CARTESIAN_POINT('',(1.5,-3.,2.675));
#9315=CARTESIAN_POINT('',(1.15,-3.,2.675));
#9316=VECTOR('',#9317,1.);
#9317=DIRECTION('',(1.,0.,0.));
#9318=CARTESIAN_POINT('',(1.5,-3.,2.675));
#9319=VECTOR('',#9320,1.);
#9320=DIRECTION('',(0.,1.,0.));
#9321=AXIS2_PLACEMENT_3D('',#9322,#9323,#9324);
#9322=CARTESIAN_POINT('',(1.15,3.,2.575));
#9323=DIRECTION('',(-1.,0.,0.));
#9324=DIRECTION('',(0.,0.,1.));
#9325=AXIS2_PLACEMENT_3D('',#9326,#9327,#9328);
#9326=CARTESIAN_POINT('',(1.15,-3.,2.575));
#9327=DIRECTION('',(1.,0.,-0.));
#9328=DIRECTION('',(0.,0.,1.));
#9329=AXIS2_PLACEMENT_3D('',#9330,#9331,#9332);
#9330=CARTESIAN_POINT('',(1.5,-3.,2.575));
#9331=DIRECTION('',(1.,0.,-0.));
#9332=DIRECTION('',(0.,0.,1.));
#9333=AXIS2_PLACEMENT_3D('',#9334,#9335,#9336);
#9334=CARTESIAN_POINT('',(1.5,3.,2.575));
#9335=DIRECTION('',(-1.,0.,0.));
#9336=DIRECTION('',(0.,0.,1.));
#9337=CARTESIAN_POINT('',(-1.,2.1,1.425));
#9338=CARTESIAN_POINT('',(-1.,2.1,2.125));
#9339=CARTESIAN_POINT('',(-1.,2.1,1.425));
#9340=VECTOR('',#9341,1.);
#9341=DIRECTION('',(0.,-6.3441315692866E-016,1.));
#9342=CARTESIAN_POINT('',(-1.,3.1,1.425));
#9343=AXIS2_PLACEMENT_3D('',#9344,#9345,#9346);
#9344=CARTESIAN_POINT('',(-1.,2.6,1.425));
#9345=DIRECTION('',(-1.,-0.,-0.));
#9346=DIRECTION('',(0.,1.,0.));
#9347=CARTESIAN_POINT('',(-1.,3.1,2.125));
#9348=CARTESIAN_POINT('',(-1.,3.1,2.125));
#9349=VECTOR('',#9350,1.);
#9350=DIRECTION('',(0.,0.,-1.));
#9351=AXIS2_PLACEMENT_3D('',#9352,#9353,#9354);
#9352=CARTESIAN_POINT('',(-1.,2.6,2.125));
#9353=DIRECTION('',(-1.,-0.,-0.));
#9354=DIRECTION('',(0.,-1.,-1.77635683940025E-015));
#9355=CARTESIAN_POINT('',(-1.,-2.1,2.125));
#9356=CARTESIAN_POINT('',(-1.,-2.1,1.425));
#9357=CARTESIAN_POINT('',(-1.,-2.1,2.125));
#9358=VECTOR('',#9359,1.);
#9359=DIRECTION('',(0.,0.,-1.));
#9360=CARTESIAN_POINT('',(-1.,-3.1,2.125));
#9361=AXIS2_PLACEMENT_3D('',#9362,#9363,#9364);
#9362=CARTESIAN_POINT('',(-1.,-2.6,2.125));
#9363=DIRECTION('',(-1.,-0.,-0.));
#9364=DIRECTION('',(0.,-1.,0.));
#9365=CARTESIAN_POINT('',(-1.,-3.1,1.425));
#9366=CARTESIAN_POINT('',(-1.,-3.1,1.425));
#9367=VECTOR('',#9368,1.);
#9368=DIRECTION('',(0.,0.,1.));
#9369=AXIS2_PLACEMENT_3D('',#9370,#9371,#9372);
#9370=CARTESIAN_POINT('',(-1.,-2.6,1.425));
#9371=DIRECTION('',(-1.,-0.,-0.));
#9372=DIRECTION('',(0.,1.,-1.77635683940025E-015));
#9373=CARTESIAN_POINT('',(-1.08,2.1,1.425));
#9374=CARTESIAN_POINT('',(-1.08,2.1,2.125));
#9375=CARTESIAN_POINT('',(-1.08,2.1,1.425));
#9376=VECTOR('',#9377,1.);
#9377=DIRECTION('',(0.,-6.3441315692866E-016,1.));
#9378=CARTESIAN_POINT('',(-1.,2.1,1.425));
#9379=VECTOR('',#9380,1.);
#9380=DIRECTION('',(-1.,0.,0.));
#9381=CARTESIAN_POINT('',(-1.,2.1,2.125));
#9382=VECTOR('',#9383,1.);
#9383=DIRECTION('',(-1.,0.,0.));
#9384=CARTESIAN_POINT('',(-1.08,3.1,1.425));
#9385=AXIS2_PLACEMENT_3D('',#9386,#9387,#9388);
#9386=CARTESIAN_POINT('',(-1.08,2.6,1.425));
#9387=DIRECTION('',(-1.,0.,0.));
#9388=DIRECTION('',(0.,1.,0.));
#9389=CARTESIAN_POINT('',(-1.,3.1,1.425));
#9390=VECTOR('',#9391,1.);
#9391=DIRECTION('',(-1.,0.,0.));
#9392=CARTESIAN_POINT('',(-1.08,3.1,2.125));
#9393=CARTESIAN_POINT('',(-1.08,3.1,2.125));
#9394=VECTOR('',#9395,1.);
#9395=DIRECTION('',(0.,0.,-1.));
#9396=CARTESIAN_POINT('',(-1.,3.1,2.125));
#9397=VECTOR('',#9398,1.);
#9398=DIRECTION('',(-1.,0.,0.));
#9399=AXIS2_PLACEMENT_3D('',#9400,#9401,#9402);
#9400=CARTESIAN_POINT('',(-1.08,2.6,2.125));
#9401=DIRECTION('',(-1.,-0.,0.));
#9402=DIRECTION('',(0.,-1.,-1.77635683940025E-015));
#9403=CARTESIAN_POINT('',(-1.08,-2.1,2.125));
#9404=CARTESIAN_POINT('',(-1.08,-2.1,1.425));
#9405=CARTESIAN_POINT('',(-1.08,-2.1,2.125));
#9406=VECTOR('',#9407,1.);
#9407=DIRECTION('',(0.,0.,-1.));
#9408=CARTESIAN_POINT('',(-1.,-2.1,2.125));
#9409=VECTOR('',#9410,1.);
#9410=DIRECTION('',(-1.,0.,0.));
#9411=CARTESIAN_POINT('',(-1.,-2.1,1.425));
#9412=VECTOR('',#9413,1.);
#9413=DIRECTION('',(-1.,0.,0.));
#9414=CARTESIAN_POINT('',(-1.08,-3.1,2.125));
#9415=AXIS2_PLACEMENT_3D('',#9416,#9417,#9418);
#9416=CARTESIAN_POINT('',(-1.08,-2.6,2.125));
#9417=DIRECTION('',(-1.,0.,0.));
#9418=DIRECTION('',(0.,-1.,0.));
#9419=CARTESIAN_POINT('',(-1.,-3.1,2.125));
#9420=VECTOR('',#9421,1.);
#9421=DIRECTION('',(-1.,0.,0.));
#9422=CARTESIAN_POINT('',(-1.08,-3.1,1.425));
#9423=CARTESIAN_POINT('',(-1.08,-3.1,1.425));
#9424=VECTOR('',#9425,1.);
#9425=DIRECTION('',(0.,0.,1.));
#9426=CARTESIAN_POINT('',(-1.,-3.1,1.425));
#9427=VECTOR('',#9428,1.);
#9428=DIRECTION('',(-1.,0.,0.));
#9429=AXIS2_PLACEMENT_3D('',#9430,#9431,#9432);
#9430=CARTESIAN_POINT('',(-1.08,-2.6,1.425));
#9431=DIRECTION('',(-1.,0.,0.));
#9432=DIRECTION('',(0.,1.,-1.77635683940025E-015));
#9433=CARTESIAN_POINT('',(-1.4,2.6,2.125));
#9434=CARTESIAN_POINT('',(-1.08,2.1,2.125));
#9435=CARTESIAN_POINT('',(-1.26745166004061,2.1,2.125));
#9436=CARTESIAN_POINT('',(-1.4,2.30710678118655,2.125));
#9437=CARTESIAN_POINT('',(-1.4,2.6,2.125));
#9438=CARTESIAN_POINT('',(-1.4,2.6,1.425));
#9439=CARTESIAN_POINT('',(-1.4,2.6,2.125));
#9440=CARTESIAN_POINT('',(-1.4,2.6,2.04722222222222));
#9441=CARTESIAN_POINT('',(-1.4,2.6,1.89166666666667));
#9442=CARTESIAN_POINT('',(-1.4,2.6,1.65833333333334));
#9443=CARTESIAN_POINT('',(-1.4,2.6,1.50277777777778));
#9444=CARTESIAN_POINT('',(-1.4,2.6,1.425));
#9445=CARTESIAN_POINT('',(-1.08,2.1,1.425));
#9446=CARTESIAN_POINT('',(-1.26745166004061,2.1,1.425));
#9447=CARTESIAN_POINT('',(-1.4,2.30710678118655,1.425));
#9448=CARTESIAN_POINT('',(-1.4,2.6,1.425));
#9449=CARTESIAN_POINT('',(-1.08,3.1,1.425));
#9450=CARTESIAN_POINT('',(-1.26745166004061,3.1,1.425));
#9451=CARTESIAN_POINT('',(-1.4,2.89289321881345,1.425));
#9452=CARTESIAN_POINT('',(-1.4,2.6,1.425));
#9453=CARTESIAN_POINT('',(-1.08,3.1,2.125));
#9454=CARTESIAN_POINT('',(-1.26745166004061,3.1,2.125));
#9455=CARTESIAN_POINT('',(-1.4,2.89289321881345,2.125));
#9456=CARTESIAN_POINT('',(-1.4,2.6,2.125));
#9457=CARTESIAN_POINT('',(-1.4,-2.6,1.425));
#9458=CARTESIAN_POINT('',(-1.08,-2.1,1.425));
#9459=CARTESIAN_POINT('',(-1.26745166004061,-2.1,1.425));
#9460=CARTESIAN_POINT('',(-1.4,-2.30710678118655,1.425));
#9461=CARTESIAN_POINT('',(-1.4,-2.6,1.425));
#9462=CARTESIAN_POINT('',(-1.4,-2.6,2.125));
#9463=CARTESIAN_POINT('',(-1.4,-2.6,1.425));
#9464=CARTESIAN_POINT('',(-1.4,-2.6,1.50277777777778));
#9465=CARTESIAN_POINT('',(-1.4,-2.6,1.65833333333333));
#9466=CARTESIAN_POINT('',(-1.4,-2.6,1.89166666666667));
#9467=CARTESIAN_POINT('',(-1.4,-2.6,2.04722222222222));
#9468=CARTESIAN_POINT('',(-1.4,-2.6,2.125));
#9469=CARTESIAN_POINT('',(-1.08,-2.1,2.125));
#9470=CARTESIAN_POINT('',(-1.26745166004061,-2.1,2.125));
#9471=CARTESIAN_POINT('',(-1.4,-2.30710678118655,2.125));
#9472=CARTESIAN_POINT('',(-1.4,-2.6,2.125));
#9473=CARTESIAN_POINT('',(-1.08,-3.1,2.125));
#9474=CARTESIAN_POINT('',(-1.26745166004061,-3.1,2.125));
#9475=CARTESIAN_POINT('',(-1.4,-2.89289321881345,2.125));
#9476=CARTESIAN_POINT('',(-1.4,-2.6,2.125));
#9477=CARTESIAN_POINT('',(-1.08,-3.1,1.425));
#9478=CARTESIAN_POINT('',(-1.26745166004061,-3.1,1.425));
#9479=CARTESIAN_POINT('',(-1.4,-2.89289321881345,1.425));
#9480=CARTESIAN_POINT('',(-1.4,-2.6,1.425));
ENDSEC;
END-ISO-10303-21;
