ISO-10303-21;
HEADER;
/* Generated by software containing ST-Developer
 * from STEP Tools, Inc. (www.steptools.com) 
 */

FILE_DESCRIPTION(
/* description */ ('STEP AP214',
'CAx-IF Rec.Pracs.---Representation and Presentation of Product Manufa
cturing Information (PMI)---4.0---2014-10-13'),
/* implementation_level */ '2;1');

FILE_NAME(
/* name */ 'LED 4014 Pink.step',
/* time_stamp */ '2024-11-23T11:01:43-08:00',
/* author */ (''),
/* organization */ (''),
/* preprocessor_version */ 'ST-DEVELOPER v20',
/* originating_system */ 'Autodesk Translation Framework v13.20.0.188',

/* authorisation */ '');

FILE_SCHEMA (('AP242_MANAGED_MODEL_BASED_3D_ENGINEERING_MIM_LF { 1 0 10303 442 1 1 4 }'));
ENDSEC;

DATA;
#10=MECHANICAL_DESIGN_GEOMETRIC_PRESENTATION_REPRESENTATION('',(#61,#62,
#63,#64),#3493);
#11=ITEM_DEFINED_TRANSFORMATION($,$,#1906,#2143);
#12=ITEM_DEFINED_TRANSFORMATION($,$,#1944,#2144);
#13=ITEM_DEFINED_TRANSFORMATION($,$,#1963,#2145);
#14=ITEM_DEFINED_TRANSFORMATION($,$,#2053,#2146);
#15=(
REPRESENTATION_RELATIONSHIP($,$,#3513,#3512)
REPRESENTATION_RELATIONSHIP_WITH_TRANSFORMATION(#11)
SHAPE_REPRESENTATION_RELATIONSHIP()
);
#16=(
REPRESENTATION_RELATIONSHIP($,$,#3514,#3512)
REPRESENTATION_RELATIONSHIP_WITH_TRANSFORMATION(#12)
SHAPE_REPRESENTATION_RELATIONSHIP()
);
#17=(
REPRESENTATION_RELATIONSHIP($,$,#3515,#3512)
REPRESENTATION_RELATIONSHIP_WITH_TRANSFORMATION(#13)
SHAPE_REPRESENTATION_RELATIONSHIP()
);
#18=(
REPRESENTATION_RELATIONSHIP($,$,#3516,#3512)
REPRESENTATION_RELATIONSHIP_WITH_TRANSFORMATION(#14)
SHAPE_REPRESENTATION_RELATIONSHIP()
);
#19=CONTEXT_DEPENDENT_SHAPE_REPRESENTATION(#15,#3508);
#20=CONTEXT_DEPENDENT_SHAPE_REPRESENTATION(#16,#3509);
#21=CONTEXT_DEPENDENT_SHAPE_REPRESENTATION(#17,#3510);
#22=CONTEXT_DEPENDENT_SHAPE_REPRESENTATION(#18,#3511);
#23=NEXT_ASSEMBLY_USAGE_OCCURRENCE('Copy of Body001^3014:1',
'Copy of Body001^3014:1','Copy of Body001^3014:1',#3518,#3519,
'Copy of Body001^3014:1');
#24=NEXT_ASSEMBLY_USAGE_OCCURRENCE('Copy of Body002^3014:1',
'Copy of Body002^3014:1','Copy of Body002^3014:1',#3518,#3520,
'Copy of Body002^3014:1');
#25=NEXT_ASSEMBLY_USAGE_OCCURRENCE('Copy of Pin001^3014:1',
'Copy of Pin001^3014:1','Copy of Pin001^3014:1',#3518,#3521,
'Copy of Pin001^3014:1');
#26=NEXT_ASSEMBLY_USAGE_OCCURRENCE('Copy (2) of Pin^3014:1',
'Copy (2) of Pin^3014:1','Copy (2) of Pin^3014:1',#3518,#3522,
'Copy (2) of Pin^3014:1');
#27=B_SPLINE_CURVE_WITH_KNOTS('',8,(#2984,#2985,#2986,#2987,#2988,#2989,
#2990,#2991,#2992,#2993,#2994,#2995,#2996,#2997,#2998,#2999,#3000,#3001,
#3002,#3003,#3004,#3005,#3006,#3007,#3008,#3009,#3010,#3011,#3012,#3013,
#3014,#3015,#3016,#3017,#3018,#3019,#3020),.UNSPECIFIED.,.F.,.F.,(9,7,7,
7,7,9),(0.,0.143781999322,0.233103022675,0.495419558471,0.732773679572,
1.),.UNSPECIFIED.);
#28=B_SPLINE_CURVE_WITH_KNOTS('',8,(#3077,#3078,#3079,#3080,#3081,#3082,
#3083,#3084,#3085,#3086,#3087,#3088,#3089,#3090,#3091,#3092,#3093,#3094,
#3095,#3096,#3097,#3098,#3099,#3100,#3101,#3102,#3103,#3104,#3105,#3106,
#3107,#3108,#3109,#3110,#3111,#3112,#3113,#3114,#3115,#3116,#3117,#3118,
#3119,#3120),.UNSPECIFIED.,.F.,.F.,(9,7,7,7,7,7,9),(0.,0.0938054314332,
0.162453126015,0.259822335909,0.498591085469,0.703862261007,1.),
 .UNSPECIFIED.);
#29=B_SPLINE_CURVE_WITH_KNOTS('',8,(#3246,#3247,#3248,#3249,#3250,#3251,
#3252,#3253,#3254,#3255,#3256,#3257,#3258,#3259,#3260,#3261,#3262,#3263,
#3264,#3265,#3266,#3267,#3268,#3269,#3270,#3271,#3272,#3273,#3274,#3275,
#3276,#3277,#3278,#3279,#3280,#3281,#3282),.UNSPECIFIED.,.F.,.F.,(9,7,7,
7,7,9),(0.,0.14378199895,0.233103022292,0.49541955809,0.732773679202,1.),
 .UNSPECIFIED.);
#30=B_SPLINE_CURVE_WITH_KNOTS('',8,(#3339,#3340,#3341,#3342,#3343,#3344,
#3345,#3346,#3347,#3348,#3349,#3350,#3351,#3352,#3353,#3354,#3355,#3356,
#3357,#3358,#3359,#3360,#3361,#3362,#3363,#3364,#3365,#3366,#3367,#3368,
#3369,#3370,#3371,#3372,#3373,#3374,#3375,#3376,#3377,#3378,#3379,#3380,
#3381,#3382),.UNSPECIFIED.,.F.,.F.,(9,7,7,7,7,7,9),(0.,0.09380543099921,
0.162453125565,0.259822335453,0.498591085024,0.703862260574,1.),
 .UNSPECIFIED.);
#31=TOROIDAL_SURFACE('',#1973,0.058459807005,0.02);
#32=TOROIDAL_SURFACE('',#1977,0.12,0.02);
#33=TOROIDAL_SURFACE('',#1980,0.1,0.02);
#34=TOROIDAL_SURFACE('',#1987,0.095,0.02);
#35=TOROIDAL_SURFACE('',#1991,0.03,0.02);
#36=TOROIDAL_SURFACE('',#1996,0.1,0.02);
#37=TOROIDAL_SURFACE('',#2000,0.095,0.02);
#38=TOROIDAL_SURFACE('',#2005,0.05936790640478,0.02);
#39=TOROIDAL_SURFACE('',#2008,0.03,0.02);
#40=TOROIDAL_SURFACE('',#2048,0.08,0.02);
#41=TOROIDAL_SURFACE('',#2052,0.08,0.02);
#42=TOROIDAL_SURFACE('',#2063,0.058459807005,0.02);
#43=TOROIDAL_SURFACE('',#2067,0.12,0.02);
#44=TOROIDAL_SURFACE('',#2070,0.1,0.02);
#45=TOROIDAL_SURFACE('',#2077,0.095,0.02);
#46=TOROIDAL_SURFACE('',#2081,0.03,0.02);
#47=TOROIDAL_SURFACE('',#2086,0.1,0.02);
#48=TOROIDAL_SURFACE('',#2090,0.095,0.02);
#49=TOROIDAL_SURFACE('',#2095,0.05936790640478,0.02);
#50=TOROIDAL_SURFACE('',#2098,0.03,0.02);
#51=TOROIDAL_SURFACE('',#2138,0.08,0.02);
#52=TOROIDAL_SURFACE('',#2142,0.0800000000000001,0.02);
#53=SHAPE_REPRESENTATION_RELATIONSHIP('SRR','None',#3513,#57);
#54=SHAPE_REPRESENTATION_RELATIONSHIP('SRR','None',#3514,#58);
#55=SHAPE_REPRESENTATION_RELATIONSHIP('SRR','None',#3515,#59);
#56=SHAPE_REPRESENTATION_RELATIONSHIP('SRR','None',#3516,#60);
#57=ADVANCED_BREP_SHAPE_REPRESENTATION('',(#65),#3489);
#58=ADVANCED_BREP_SHAPE_REPRESENTATION('',(#66),#3490);
#59=ADVANCED_BREP_SHAPE_REPRESENTATION('',(#67),#3491);
#60=ADVANCED_BREP_SHAPE_REPRESENTATION('',(#68),#3492);
#61=STYLED_ITEM('',(#3542),#65);
#62=STYLED_ITEM('',(#3543),#66);
#63=STYLED_ITEM('',(#3544),#67);
#64=STYLED_ITEM('',(#3544),#68);
#65=MANIFOLD_SOLID_BREP('Body1',#1856);
#66=MANIFOLD_SOLID_BREP('Body1',#1857);
#67=MANIFOLD_SOLID_BREP('Body1',#1858);
#68=MANIFOLD_SOLID_BREP('Body1',#1859);
#69=CONICAL_SURFACE('',#1925,1.56,0.158655262186);
#70=CONICAL_SURFACE('',#1937,1.56,0.158655262186);
#71=(
BOUNDED_CURVE()
B_SPLINE_CURVE(2,(#2841,#2842,#2843),.UNSPECIFIED.,.F.,.F.)
B_SPLINE_CURVE_WITH_KNOTS((3,3),(0.,1.),.UNSPECIFIED.)
CURVE()
GEOMETRIC_REPRESENTATION_ITEM()
RATIONAL_B_SPLINE_CURVE((1.,1.00014208986664,1.))
REPRESENTATION_ITEM('')
);
#72=(
BOUNDED_CURVE()
B_SPLINE_CURVE(2,(#2853,#2854,#2855),.UNSPECIFIED.,.F.,.F.)
B_SPLINE_CURVE_WITH_KNOTS((3,3),(0.,1.),.UNSPECIFIED.)
CURVE()
GEOMETRIC_REPRESENTATION_ITEM()
RATIONAL_B_SPLINE_CURVE((1.,1.00063305233833,1.))
REPRESENTATION_ITEM('')
);
#73=(
BOUNDED_CURVE()
B_SPLINE_CURVE(2,(#2887,#2888,#2889),.UNSPECIFIED.,.F.,.F.)
B_SPLINE_CURVE_WITH_KNOTS((3,3),(0.,1.),.UNSPECIFIED.)
CURVE()
GEOMETRIC_REPRESENTATION_ITEM()
RATIONAL_B_SPLINE_CURVE((1.,1.0003021794617,1.))
REPRESENTATION_ITEM('')
);
#74=CYLINDRICAL_SURFACE('',#1919,0.25);
#75=CYLINDRICAL_SURFACE('',#1921,0.25);
#76=CYLINDRICAL_SURFACE('',#1941,0.25);
#77=CYLINDRICAL_SURFACE('',#1943,0.25);
#78=CYLINDRICAL_SURFACE('',#1957,0.25);
#79=CYLINDRICAL_SURFACE('',#1959,0.25);
#80=CYLINDRICAL_SURFACE('',#1960,0.25);
#81=CYLINDRICAL_SURFACE('',#1962,0.25);
#82=CYLINDRICAL_SURFACE('',#1964,0.115);
#83=CYLINDRICAL_SURFACE('',#1967,0.08);
#84=CYLINDRICAL_SURFACE('',#1970,0.1);
#85=CYLINDRICAL_SURFACE('',#1984,0.02);
#86=CYLINDRICAL_SURFACE('',#1995,0.0200000000000001);
#87=CYLINDRICAL_SURFACE('',#2003,0.02);
#88=CYLINDRICAL_SURFACE('',#2012,0.115);
#89=CYLINDRICAL_SURFACE('',#2015,0.038459807005);
#90=CYLINDRICAL_SURFACE('',#2017,0.08474546294743);
#91=CYLINDRICAL_SURFACE('',#2021,0.07256395991766);
#92=CYLINDRICAL_SURFACE('',#2024,0.03936790640478);
#93=CYLINDRICAL_SURFACE('',#2027,0.08);
#94=CYLINDRICAL_SURFACE('',#2029,0.05);
#95=CYLINDRICAL_SURFACE('',#2035,0.05);
#96=CYLINDRICAL_SURFACE('',#2037,0.02);
#97=CYLINDRICAL_SURFACE('',#2043,0.1);
#98=CYLINDRICAL_SURFACE('',#2046,0.1);
#99=CYLINDRICAL_SURFACE('',#2050,0.02);
#100=CYLINDRICAL_SURFACE('',#2054,0.115);
#101=CYLINDRICAL_SURFACE('',#2057,0.08);
#102=CYLINDRICAL_SURFACE('',#2060,0.1);
#103=CYLINDRICAL_SURFACE('',#2074,0.02);
#104=CYLINDRICAL_SURFACE('',#2085,0.0199999999999999);
#105=CYLINDRICAL_SURFACE('',#2093,0.02);
#106=CYLINDRICAL_SURFACE('',#2102,0.115);
#107=CYLINDRICAL_SURFACE('',#2105,0.038459807005);
#108=CYLINDRICAL_SURFACE('',#2107,0.08474546294743);
#109=CYLINDRICAL_SURFACE('',#2111,0.07256395991766);
#110=CYLINDRICAL_SURFACE('',#2114,0.03936790640478);
#111=CYLINDRICAL_SURFACE('',#2117,0.08);
#112=CYLINDRICAL_SURFACE('',#2119,0.05);
#113=CYLINDRICAL_SURFACE('',#2125,0.05);
#114=CYLINDRICAL_SURFACE('',#2127,0.02);
#115=CYLINDRICAL_SURFACE('',#2133,0.1);
#116=CYLINDRICAL_SURFACE('',#2136,0.1);
#117=CYLINDRICAL_SURFACE('',#2140,0.02);
#118=FACE_BOUND('',#232,.T.);
#119=FACE_BOUND('',#293,.T.);
#120=FACE_BOUND('',#297,.T.);
#121=FACE_BOUND('',#332,.T.);
#122=FACE_BOUND('',#336,.T.);
#123=FACE_OUTER_BOUND('',#231,.T.);
#124=FACE_OUTER_BOUND('',#233,.T.);
#125=FACE_OUTER_BOUND('',#234,.T.);
#126=FACE_OUTER_BOUND('',#235,.T.);
#127=FACE_OUTER_BOUND('',#236,.T.);
#128=FACE_OUTER_BOUND('',#237,.T.);
#129=FACE_OUTER_BOUND('',#238,.T.);
#130=FACE_OUTER_BOUND('',#239,.T.);
#131=FACE_OUTER_BOUND('',#240,.T.);
#132=FACE_OUTER_BOUND('',#241,.T.);
#133=FACE_OUTER_BOUND('',#242,.T.);
#134=FACE_OUTER_BOUND('',#243,.T.);
#135=FACE_OUTER_BOUND('',#244,.T.);
#136=FACE_OUTER_BOUND('',#245,.T.);
#137=FACE_OUTER_BOUND('',#246,.T.);
#138=FACE_OUTER_BOUND('',#247,.T.);
#139=FACE_OUTER_BOUND('',#248,.T.);
#140=FACE_OUTER_BOUND('',#249,.T.);
#141=FACE_OUTER_BOUND('',#250,.T.);
#142=FACE_OUTER_BOUND('',#251,.T.);
#143=FACE_OUTER_BOUND('',#252,.T.);
#144=FACE_OUTER_BOUND('',#253,.T.);
#145=FACE_OUTER_BOUND('',#254,.T.);
#146=FACE_OUTER_BOUND('',#255,.T.);
#147=FACE_OUTER_BOUND('',#256,.T.);
#148=FACE_OUTER_BOUND('',#257,.T.);
#149=FACE_OUTER_BOUND('',#258,.T.);
#150=FACE_OUTER_BOUND('',#259,.T.);
#151=FACE_OUTER_BOUND('',#260,.T.);
#152=FACE_OUTER_BOUND('',#261,.T.);
#153=FACE_OUTER_BOUND('',#262,.T.);
#154=FACE_OUTER_BOUND('',#263,.T.);
#155=FACE_OUTER_BOUND('',#264,.T.);
#156=FACE_OUTER_BOUND('',#265,.T.);
#157=FACE_OUTER_BOUND('',#266,.T.);
#158=FACE_OUTER_BOUND('',#267,.T.);
#159=FACE_OUTER_BOUND('',#268,.T.);
#160=FACE_OUTER_BOUND('',#269,.T.);
#161=FACE_OUTER_BOUND('',#270,.T.);
#162=FACE_OUTER_BOUND('',#271,.T.);
#163=FACE_OUTER_BOUND('',#272,.T.);
#164=FACE_OUTER_BOUND('',#273,.T.);
#165=FACE_OUTER_BOUND('',#274,.T.);
#166=FACE_OUTER_BOUND('',#275,.T.);
#167=FACE_OUTER_BOUND('',#276,.T.);
#168=FACE_OUTER_BOUND('',#277,.T.);
#169=FACE_OUTER_BOUND('',#278,.T.);
#170=FACE_OUTER_BOUND('',#279,.T.);
#171=FACE_OUTER_BOUND('',#280,.T.);
#172=FACE_OUTER_BOUND('',#281,.T.);
#173=FACE_OUTER_BOUND('',#282,.T.);
#174=FACE_OUTER_BOUND('',#283,.T.);
#175=FACE_OUTER_BOUND('',#284,.T.);
#176=FACE_OUTER_BOUND('',#285,.T.);
#177=FACE_OUTER_BOUND('',#286,.T.);
#178=FACE_OUTER_BOUND('',#287,.T.);
#179=FACE_OUTER_BOUND('',#288,.T.);
#180=FACE_OUTER_BOUND('',#289,.T.);
#181=FACE_OUTER_BOUND('',#290,.T.);
#182=FACE_OUTER_BOUND('',#291,.T.);
#183=FACE_OUTER_BOUND('',#292,.T.);
#184=FACE_OUTER_BOUND('',#294,.T.);
#185=FACE_OUTER_BOUND('',#295,.T.);
#186=FACE_OUTER_BOUND('',#296,.T.);
#187=FACE_OUTER_BOUND('',#298,.T.);
#188=FACE_OUTER_BOUND('',#299,.T.);
#189=FACE_OUTER_BOUND('',#300,.T.);
#190=FACE_OUTER_BOUND('',#301,.T.);
#191=FACE_OUTER_BOUND('',#302,.T.);
#192=FACE_OUTER_BOUND('',#303,.T.);
#193=FACE_OUTER_BOUND('',#304,.T.);
#194=FACE_OUTER_BOUND('',#305,.T.);
#195=FACE_OUTER_BOUND('',#306,.T.);
#196=FACE_OUTER_BOUND('',#307,.T.);
#197=FACE_OUTER_BOUND('',#308,.T.);
#198=FACE_OUTER_BOUND('',#309,.T.);
#199=FACE_OUTER_BOUND('',#310,.T.);
#200=FACE_OUTER_BOUND('',#311,.T.);
#201=FACE_OUTER_BOUND('',#312,.T.);
#202=FACE_OUTER_BOUND('',#313,.T.);
#203=FACE_OUTER_BOUND('',#314,.T.);
#204=FACE_OUTER_BOUND('',#315,.T.);
#205=FACE_OUTER_BOUND('',#316,.T.);
#206=FACE_OUTER_BOUND('',#317,.T.);
#207=FACE_OUTER_BOUND('',#318,.T.);
#208=FACE_OUTER_BOUND('',#319,.T.);
#209=FACE_OUTER_BOUND('',#320,.T.);
#210=FACE_OUTER_BOUND('',#321,.T.);
#211=FACE_OUTER_BOUND('',#322,.T.);
#212=FACE_OUTER_BOUND('',#323,.T.);
#213=FACE_OUTER_BOUND('',#324,.T.);
#214=FACE_OUTER_BOUND('',#325,.T.);
#215=FACE_OUTER_BOUND('',#326,.T.);
#216=FACE_OUTER_BOUND('',#327,.T.);
#217=FACE_OUTER_BOUND('',#328,.T.);
#218=FACE_OUTER_BOUND('',#329,.T.);
#219=FACE_OUTER_BOUND('',#330,.T.);
#220=FACE_OUTER_BOUND('',#331,.T.);
#221=FACE_OUTER_BOUND('',#333,.T.);
#222=FACE_OUTER_BOUND('',#334,.T.);
#223=FACE_OUTER_BOUND('',#335,.T.);
#224=FACE_OUTER_BOUND('',#337,.T.);
#225=FACE_OUTER_BOUND('',#338,.T.);
#226=FACE_OUTER_BOUND('',#339,.T.);
#227=FACE_OUTER_BOUND('',#340,.T.);
#228=FACE_OUTER_BOUND('',#341,.T.);
#229=FACE_OUTER_BOUND('',#342,.T.);
#230=FACE_OUTER_BOUND('',#343,.T.);
#231=EDGE_LOOP('',(#1174,#1175,#1176,#1177,#1178,#1179,#1180,#1181));
#232=EDGE_LOOP('',(#1182,#1183,#1184,#1185,#1186,#1187,#1188,#1189));
#233=EDGE_LOOP('',(#1190,#1191,#1192,#1193,#1194,#1195,#1196,#1197));
#234=EDGE_LOOP('',(#1198,#1199,#1200,#1201));
#235=EDGE_LOOP('',(#1202,#1203,#1204,#1205));
#236=EDGE_LOOP('',(#1206,#1207,#1208,#1209));
#237=EDGE_LOOP('',(#1210,#1211,#1212,#1213));
#238=EDGE_LOOP('',(#1214,#1215,#1216,#1217));
#239=EDGE_LOOP('',(#1218,#1219,#1220,#1221));
#240=EDGE_LOOP('',(#1222,#1223,#1224,#1225,#1226,#1227));
#241=EDGE_LOOP('',(#1228,#1229,#1230,#1231,#1232,#1233));
#242=EDGE_LOOP('',(#1234,#1235,#1236,#1237));
#243=EDGE_LOOP('',(#1238,#1239,#1240,#1241));
#244=EDGE_LOOP('',(#1242,#1243,#1244,#1245));
#245=EDGE_LOOP('',(#1246,#1247,#1248,#1249,#1250,#1251,#1252,#1253));
#246=EDGE_LOOP('',(#1254,#1255,#1256,#1257));
#247=EDGE_LOOP('',(#1258,#1259,#1260,#1261));
#248=EDGE_LOOP('',(#1262,#1263,#1264,#1265,#1266,#1267));
#249=EDGE_LOOP('',(#1268,#1269,#1270,#1271,#1272,#1273));
#250=EDGE_LOOP('',(#1274,#1275,#1276,#1277));
#251=EDGE_LOOP('',(#1278,#1279,#1280,#1281,#1282));
#252=EDGE_LOOP('',(#1283,#1284,#1285,#1286,#1287));
#253=EDGE_LOOP('',(#1288,#1289,#1290,#1291));
#254=EDGE_LOOP('',(#1292,#1293,#1294,#1295));
#255=EDGE_LOOP('',(#1296,#1297,#1298,#1299));
#256=EDGE_LOOP('',(#1300,#1301,#1302,#1303,#1304,#1305,#1306,#1307));
#257=EDGE_LOOP('',(#1308,#1309,#1310,#1311,#1312,#1313,#1314,#1315));
#258=EDGE_LOOP('',(#1316,#1317,#1318,#1319));
#259=EDGE_LOOP('',(#1320,#1321,#1322,#1323));
#260=EDGE_LOOP('',(#1324,#1325,#1326,#1327));
#261=EDGE_LOOP('',(#1328,#1329,#1330,#1331));
#262=EDGE_LOOP('',(#1332,#1333,#1334,#1335));
#263=EDGE_LOOP('',(#1336,#1337,#1338,#1339));
#264=EDGE_LOOP('',(#1340,#1341,#1342,#1343));
#265=EDGE_LOOP('',(#1344,#1345,#1346,#1347));
#266=EDGE_LOOP('',(#1348,#1349,#1350,#1351));
#267=EDGE_LOOP('',(#1352,#1353,#1354,#1355));
#268=EDGE_LOOP('',(#1356,#1357,#1358,#1359));
#269=EDGE_LOOP('',(#1360,#1361,#1362,#1363));
#270=EDGE_LOOP('',(#1364,#1365,#1366,#1367));
#271=EDGE_LOOP('',(#1368,#1369,#1370,#1371));
#272=EDGE_LOOP('',(#1372,#1373,#1374,#1375));
#273=EDGE_LOOP('',(#1376,#1377,#1378,#1379));
#274=EDGE_LOOP('',(#1380,#1381,#1382,#1383));
#275=EDGE_LOOP('',(#1384,#1385,#1386,#1387));
#276=EDGE_LOOP('',(#1388,#1389,#1390,#1391));
#277=EDGE_LOOP('',(#1392,#1393,#1394,#1395));
#278=EDGE_LOOP('',(#1396,#1397,#1398,#1399));
#279=EDGE_LOOP('',(#1400,#1401,#1402,#1403));
#280=EDGE_LOOP('',(#1404,#1405,#1406,#1407));
#281=EDGE_LOOP('',(#1408,#1409,#1410,#1411));
#282=EDGE_LOOP('',(#1412,#1413,#1414,#1415));
#283=EDGE_LOOP('',(#1416,#1417,#1418,#1419));
#284=EDGE_LOOP('',(#1420,#1421,#1422,#1423,#1424));
#285=EDGE_LOOP('',(#1425,#1426,#1427,#1428));
#286=EDGE_LOOP('',(#1429,#1430,#1431,#1432,#1433));
#287=EDGE_LOOP('',(#1434,#1435,#1436,#1437));
#288=EDGE_LOOP('',(#1438,#1439,#1440,#1441));
#289=EDGE_LOOP('',(#1442,#1443,#1444,#1445));
#290=EDGE_LOOP('',(#1446,#1447,#1448,#1449));
#291=EDGE_LOOP('',(#1450,#1451,#1452,#1453));
#292=EDGE_LOOP('',(#1454,#1455,#1456,#1457,#1458,#1459,#1460,#1461,#1462,
#1463,#1464,#1465,#1466,#1467,#1468,#1469,#1470,#1471));
#293=EDGE_LOOP('',(#1472));
#294=EDGE_LOOP('',(#1473,#1474,#1475,#1476));
#295=EDGE_LOOP('',(#1477,#1478,#1479,#1480));
#296=EDGE_LOOP('',(#1481,#1482,#1483,#1484,#1485,#1486,#1487,#1488,#1489,
#1490,#1491,#1492,#1493,#1494,#1495,#1496,#1497,#1498));
#297=EDGE_LOOP('',(#1499));
#298=EDGE_LOOP('',(#1500,#1501,#1502,#1503));
#299=EDGE_LOOP('',(#1504,#1505,#1506,#1507));
#300=EDGE_LOOP('',(#1508,#1509,#1510,#1511));
#301=EDGE_LOOP('',(#1512,#1513,#1514,#1515));
#302=EDGE_LOOP('',(#1516,#1517,#1518,#1519));
#303=EDGE_LOOP('',(#1520,#1521,#1522,#1523));
#304=EDGE_LOOP('',(#1524,#1525,#1526,#1527));
#305=EDGE_LOOP('',(#1528,#1529,#1530,#1531));
#306=EDGE_LOOP('',(#1532,#1533,#1534,#1535));
#307=EDGE_LOOP('',(#1536,#1537,#1538,#1539));
#308=EDGE_LOOP('',(#1540,#1541,#1542,#1543));
#309=EDGE_LOOP('',(#1544,#1545,#1546,#1547));
#310=EDGE_LOOP('',(#1548,#1549,#1550,#1551));
#311=EDGE_LOOP('',(#1552,#1553,#1554,#1555));
#312=EDGE_LOOP('',(#1556,#1557,#1558,#1559));
#313=EDGE_LOOP('',(#1560,#1561,#1562,#1563));
#314=EDGE_LOOP('',(#1564,#1565,#1566,#1567));
#315=EDGE_LOOP('',(#1568,#1569,#1570,#1571));
#316=EDGE_LOOP('',(#1572,#1573,#1574,#1575));
#317=EDGE_LOOP('',(#1576,#1577,#1578,#1579));
#318=EDGE_LOOP('',(#1580,#1581,#1582,#1583));
#319=EDGE_LOOP('',(#1584,#1585,#1586,#1587));
#320=EDGE_LOOP('',(#1588,#1589,#1590,#1591));
#321=EDGE_LOOP('',(#1592,#1593,#1594,#1595));
#322=EDGE_LOOP('',(#1596,#1597,#1598,#1599));
#323=EDGE_LOOP('',(#1600,#1601,#1602,#1603,#1604));
#324=EDGE_LOOP('',(#1605,#1606,#1607,#1608));
#325=EDGE_LOOP('',(#1609,#1610,#1611,#1612,#1613));
#326=EDGE_LOOP('',(#1614,#1615,#1616,#1617));
#327=EDGE_LOOP('',(#1618,#1619,#1620,#1621));
#328=EDGE_LOOP('',(#1622,#1623,#1624,#1625));
#329=EDGE_LOOP('',(#1626,#1627,#1628,#1629));
#330=EDGE_LOOP('',(#1630,#1631,#1632,#1633));
#331=EDGE_LOOP('',(#1634,#1635,#1636,#1637,#1638,#1639,#1640,#1641,#1642,
#1643,#1644,#1645,#1646,#1647,#1648,#1649,#1650,#1651));
#332=EDGE_LOOP('',(#1652));
#333=EDGE_LOOP('',(#1653,#1654,#1655,#1656));
#334=EDGE_LOOP('',(#1657,#1658,#1659,#1660));
#335=EDGE_LOOP('',(#1661,#1662,#1663,#1664,#1665,#1666,#1667,#1668,#1669,
#1670,#1671,#1672,#1673,#1674,#1675,#1676,#1677,#1678));
#336=EDGE_LOOP('',(#1679));
#337=EDGE_LOOP('',(#1680,#1681,#1682,#1683));
#338=EDGE_LOOP('',(#1684,#1685,#1686,#1687));
#339=EDGE_LOOP('',(#1688,#1689,#1690,#1691));
#340=EDGE_LOOP('',(#1692,#1693,#1694,#1695));
#341=EDGE_LOOP('',(#1696,#1697,#1698,#1699));
#342=EDGE_LOOP('',(#1700,#1701,#1702,#1703));
#343=EDGE_LOOP('',(#1704,#1705,#1706,#1707));
#344=CIRCLE('',#1908,1.448);
#345=CIRCLE('',#1909,0.25);
#346=CIRCLE('',#1910,0.25);
#347=CIRCLE('',#1911,0.25);
#348=CIRCLE('',#1912,0.25);
#349=CIRCLE('',#1914,0.25);
#350=CIRCLE('',#1915,0.25);
#351=CIRCLE('',#1916,0.25);
#352=CIRCLE('',#1917,0.25);
#353=CIRCLE('',#1926,1.552);
#354=CIRCLE('',#1927,1.48);
#355=CIRCLE('',#1932,1.552);
#356=CIRCLE('',#1936,243.534847444292);
#357=CIRCLE('',#1946,0.25);
#358=CIRCLE('',#1947,0.25);
#359=CIRCLE('',#1948,0.25);
#360=CIRCLE('',#1949,0.25);
#361=CIRCLE('',#1951,0.25);
#362=CIRCLE('',#1952,0.25);
#363=CIRCLE('',#1953,0.25);
#364=CIRCLE('',#1954,0.25);
#365=CIRCLE('',#1965,0.115);
#366=CIRCLE('',#1966,0.115);
#367=CIRCLE('',#1968,0.08);
#368=CIRCLE('',#1969,0.08);
#369=CIRCLE('',#1971,0.1);
#370=CIRCLE('',#1972,0.1);
#371=CIRCLE('',#1974,0.038459807005);
#372=CIRCLE('',#1975,0.0584598070050001);
#373=CIRCLE('',#1976,0.0200000000000001);
#374=CIRCLE('',#1978,0.12);
#375=CIRCLE('',#1979,0.02);
#376=CIRCLE('',#1981,0.0999999999999999);
#377=CIRCLE('',#1982,0.02);
#378=CIRCLE('',#1983,0.0200000000000001);
#379=CIRCLE('',#1985,0.02);
#380=CIRCLE('',#1986,0.02);
#381=CIRCLE('',#1988,0.0949999999999999);
#382=CIRCLE('',#1989,0.115);
#383=CIRCLE('',#1990,0.0200000000000001);
#384=CIRCLE('',#1992,0.03);
#385=CIRCLE('',#1993,0.0199999999999999);
#386=CIRCLE('',#1994,0.05);
#387=CIRCLE('',#1997,0.1);
#388=CIRCLE('',#1998,0.02);
#389=CIRCLE('',#1999,0.0800000000000001);
#390=CIRCLE('',#2001,0.095);
#391=CIRCLE('',#2002,0.0199999999999999);
#392=CIRCLE('',#2004,0.02);
#393=CIRCLE('',#2006,0.05936790640478);
#394=CIRCLE('',#2007,0.03936790640478);
#395=CIRCLE('',#2009,0.03);
#396=CIRCLE('',#2010,0.02);
#397=CIRCLE('',#2011,0.0500000000000001);
#398=CIRCLE('',#2013,0.115);
#399=CIRCLE('',#2016,0.038459807005);
#400=CIRCLE('',#2018,0.08474546294743);
#401=CIRCLE('',#2019,0.08474546294743);
#402=CIRCLE('',#2022,0.07256395991766);
#403=CIRCLE('',#2023,0.07256395991766);
#404=CIRCLE('',#2025,0.03936790640478);
#405=CIRCLE('',#2028,0.08);
#406=CIRCLE('',#2030,0.05);
#407=CIRCLE('',#2033,0.08);
#408=CIRCLE('',#2034,0.08);
#409=CIRCLE('',#2036,0.05);
#410=CIRCLE('',#2038,0.02);
#411=CIRCLE('',#2040,0.1);
#412=CIRCLE('',#2041,0.1);
#413=CIRCLE('',#2044,0.1);
#414=CIRCLE('',#2047,0.1);
#415=CIRCLE('',#2049,0.02);
#416=CIRCLE('',#2051,0.02);
#417=CIRCLE('',#2055,0.115);
#418=CIRCLE('',#2056,0.115);
#419=CIRCLE('',#2058,0.08);
#420=CIRCLE('',#2059,0.0800000000000001);
#421=CIRCLE('',#2061,0.1);
#422=CIRCLE('',#2062,0.1);
#423=CIRCLE('',#2064,0.038459807005);
#424=CIRCLE('',#2065,0.0584598070050001);
#425=CIRCLE('',#2066,0.0200000000000001);
#426=CIRCLE('',#2068,0.12);
#427=CIRCLE('',#2069,0.02);
#428=CIRCLE('',#2071,0.1);
#429=CIRCLE('',#2072,0.02);
#430=CIRCLE('',#2073,0.02);
#431=CIRCLE('',#2075,0.02);
#432=CIRCLE('',#2076,0.02);
#433=CIRCLE('',#2078,0.095);
#434=CIRCLE('',#2079,0.115);
#435=CIRCLE('',#2080,0.0199999999999999);
#436=CIRCLE('',#2082,0.03);
#437=CIRCLE('',#2083,0.02);
#438=CIRCLE('',#2084,0.0500000000000001);
#439=CIRCLE('',#2087,0.1);
#440=CIRCLE('',#2088,0.02);
#441=CIRCLE('',#2089,0.0799999999999999);
#442=CIRCLE('',#2091,0.0949999999999999);
#443=CIRCLE('',#2092,0.0199999999999999);
#444=CIRCLE('',#2094,0.02);
#445=CIRCLE('',#2096,0.05936790640478);
#446=CIRCLE('',#2097,0.03936790640478);
#447=CIRCLE('',#2099,0.03);
#448=CIRCLE('',#2100,0.02);
#449=CIRCLE('',#2101,0.0500000000000001);
#450=CIRCLE('',#2103,0.115);
#451=CIRCLE('',#2106,0.038459807005);
#452=CIRCLE('',#2108,0.08474546294743);
#453=CIRCLE('',#2109,0.08474546294743);
#454=CIRCLE('',#2112,0.07256395991766);
#455=CIRCLE('',#2113,0.07256395991766);
#456=CIRCLE('',#2115,0.03936790640478);
#457=CIRCLE('',#2118,0.08);
#458=CIRCLE('',#2120,0.05);
#459=CIRCLE('',#2123,0.0800000000000001);
#460=CIRCLE('',#2124,0.08);
#461=CIRCLE('',#2126,0.05);
#462=CIRCLE('',#2128,0.02);
#463=CIRCLE('',#2130,0.1);
#464=CIRCLE('',#2131,0.1);
#465=CIRCLE('',#2134,0.1);
#466=CIRCLE('',#2137,0.1);
#467=CIRCLE('',#2139,0.02);
#468=CIRCLE('',#2141,0.02);
#469=LINE('',#2771,#604);
#470=LINE('',#2773,#605);
#471=LINE('',#2775,#606);
#472=LINE('',#2777,#607);
#473=LINE('',#2779,#608);
#474=LINE('',#2781,#609);
#475=LINE('',#2783,#610);
#476=LINE('',#2789,#611);
#477=LINE('',#2793,#612);
#478=LINE('',#2797,#613);
#479=LINE('',#2800,#614);
#480=LINE('',#2806,#615);
#481=LINE('',#2810,#616);
#482=LINE('',#2814,#617);
#483=LINE('',#2817,#618);
#484=LINE('',#2821,#619);
#485=LINE('',#2823,#620);
#486=LINE('',#2825,#621);
#487=LINE('',#2826,#622);
#488=LINE('',#2828,#623);
#489=LINE('',#2829,#624);
#490=LINE('',#2831,#625);
#491=LINE('',#2833,#626);
#492=LINE('',#2835,#627);
#493=LINE('',#2837,#628);
#494=LINE('',#2839,#629);
#495=LINE('',#2845,#630);
#496=LINE('',#2846,#631);
#497=LINE('',#2851,#632);
#498=LINE('',#2859,#633);
#499=LINE('',#2860,#634);
#500=LINE('',#2862,#635);
#501=LINE('',#2866,#636);
#502=LINE('',#2867,#637);
#503=LINE('',#2868,#638);
#504=LINE('',#2872,#639);
#505=LINE('',#2874,#640);
#506=LINE('',#2876,#641);
#507=LINE('',#2878,#642);
#508=LINE('',#2881,#643);
#509=LINE('',#2883,#644);
#510=LINE('',#2884,#645);
#511=LINE('',#2886,#646);
#512=LINE('',#2894,#647);
#513=LINE('',#2895,#648);
#514=LINE('',#2899,#649);
#515=LINE('',#2901,#650);
#516=LINE('',#2907,#651);
#517=LINE('',#2911,#652);
#518=LINE('',#2915,#653);
#519=LINE('',#2919,#654);
#520=LINE('',#2924,#655);
#521=LINE('',#2928,#656);
#522=LINE('',#2932,#657);
#523=LINE('',#2936,#658);
#524=LINE('',#2939,#659);
#525=LINE('',#2940,#660);
#526=LINE('',#2942,#661);
#527=LINE('',#2943,#662);
#528=LINE('',#2945,#663);
#529=LINE('',#2947,#664);
#530=LINE('',#2950,#665);
#531=LINE('',#2952,#666);
#532=LINE('',#2960,#667);
#533=LINE('',#2963,#668);
#534=LINE('',#2969,#669);
#535=LINE('',#2972,#670);
#536=LINE('',#2977,#671);
#537=LINE('',#3037,#672);
#538=LINE('',#3041,#673);
#539=LINE('',#3056,#674);
#540=LINE('',#3057,#675);
#541=LINE('',#3069,#676);
#542=LINE('',#3072,#677);
#543=LINE('',#3131,#678);
#544=LINE('',#3134,#679);
#545=LINE('',#3135,#680);
#546=LINE('',#3139,#681);
#547=LINE('',#3144,#682);
#548=LINE('',#3148,#683);
#549=LINE('',#3150,#684);
#550=LINE('',#3151,#685);
#551=LINE('',#3156,#686);
#552=LINE('',#3160,#687);
#553=LINE('',#3162,#688);
#554=LINE('',#3166,#689);
#555=LINE('',#3170,#690);
#556=LINE('',#3173,#691);
#557=LINE('',#3174,#692);
#558=LINE('',#3179,#693);
#559=LINE('',#3182,#694);
#560=LINE('',#3185,#695);
#561=LINE('',#3190,#696);
#562=LINE('',#3195,#697);
#563=LINE('',#3198,#698);
#564=LINE('',#3200,#699);
#565=LINE('',#3203,#700);
#566=LINE('',#3207,#701);
#567=LINE('',#3208,#702);
#568=LINE('',#3222,#703);
#569=LINE('',#3225,#704);
#570=LINE('',#3231,#705);
#571=LINE('',#3234,#706);
#572=LINE('',#3239,#707);
#573=LINE('',#3299,#708);
#574=LINE('',#3303,#709);
#575=LINE('',#3318,#710);
#576=LINE('',#3319,#711);
#577=LINE('',#3331,#712);
#578=LINE('',#3334,#713);
#579=LINE('',#3393,#714);
#580=LINE('',#3396,#715);
#581=LINE('',#3397,#716);
#582=LINE('',#3401,#717);
#583=LINE('',#3406,#718);
#584=LINE('',#3410,#719);
#585=LINE('',#3412,#720);
#586=LINE('',#3413,#721);
#587=LINE('',#3418,#722);
#588=LINE('',#3422,#723);
#589=LINE('',#3424,#724);
#590=LINE('',#3428,#725);
#591=LINE('',#3432,#726);
#592=LINE('',#3435,#727);
#593=LINE('',#3436,#728);
#594=LINE('',#3441,#729);
#595=LINE('',#3444,#730);
#596=LINE('',#3447,#731);
#597=LINE('',#3452,#732);
#598=LINE('',#3457,#733);
#599=LINE('',#3460,#734);
#600=LINE('',#3462,#735);
#601=LINE('',#3465,#736);
#602=LINE('',#3469,#737);
#603=LINE('',#3470,#738);
#604=VECTOR('',#2153,1000.);
#605=VECTOR('',#2154,1000.);
#606=VECTOR('',#2155,1000.);
#607=VECTOR('',#2156,1000.);
#608=VECTOR('',#2157,1000.);
#609=VECTOR('',#2158,1000.);
#610=VECTOR('',#2159,1000.);
#611=VECTOR('',#2164,1000.);
#612=VECTOR('',#2167,1000.);
#613=VECTOR('',#2170,1000.);
#614=VECTOR('',#2173,1000.);
#615=VECTOR('',#2178,1000.);
#616=VECTOR('',#2181,1000.);
#617=VECTOR('',#2184,1000.);
#618=VECTOR('',#2187,1000.);
#619=VECTOR('',#2190,1000.);
#620=VECTOR('',#2191,1000.);
#621=VECTOR('',#2192,1000.);
#622=VECTOR('',#2193,10.);
#623=VECTOR('',#2196,1000.);
#624=VECTOR('',#2197,1000.);
#625=VECTOR('',#2200,1000.);
#626=VECTOR('',#2203,1000.);
#627=VECTOR('',#2206,1000.);
#628=VECTOR('',#2209,1000.);
#629=VECTOR('',#2212,1000.);
#630=VECTOR('',#2213,1000.);
#631=VECTOR('',#2214,1000.);
#632=VECTOR('',#2219,10.);
#633=VECTOR('',#2224,1000.);
#634=VECTOR('',#2225,1000.);
#635=VECTOR('',#2228,1000.);
#636=VECTOR('',#2231,10.);
#637=VECTOR('',#2232,1000.);
#638=VECTOR('',#2233,1000.);
#639=VECTOR('',#2236,1000.);
#640=VECTOR('',#2237,1000.);
#641=VECTOR('',#2238,1000.);
#642=VECTOR('',#2241,1000.);
#643=VECTOR('',#2244,1000.);
#644=VECTOR('',#2245,1000.);
#645=VECTOR('',#2246,10.);
#646=VECTOR('',#2249,1000.);
#647=VECTOR('',#2258,1000.);
#648=VECTOR('',#2259,1000.);
#649=VECTOR('',#2266,1000.);
#650=VECTOR('',#2269,1000.);
#651=VECTOR('',#2276,1000.);
#652=VECTOR('',#2279,1000.);
#653=VECTOR('',#2282,1000.);
#654=VECTOR('',#2285,1000.);
#655=VECTOR('',#2290,1000.);
#656=VECTOR('',#2293,1000.);
#657=VECTOR('',#2296,1000.);
#658=VECTOR('',#2299,1000.);
#659=VECTOR('',#2304,1000.);
#660=VECTOR('',#2305,1000.);
#661=VECTOR('',#2308,1000.);
#662=VECTOR('',#2309,1000.);
#663=VECTOR('',#2312,1000.);
#664=VECTOR('',#2315,1000.);
#665=VECTOR('',#2320,1000.);
#666=VECTOR('',#2323,1000.);
#667=VECTOR('',#2332,1000.);
#668=VECTOR('',#2335,1000.);
#669=VECTOR('',#2340,1000.);
#670=VECTOR('',#2343,1000.);
#671=VECTOR('',#2348,0.1);
#672=VECTOR('',#2375,1000.);
#673=VECTOR('',#2378,1000.);
#674=VECTOR('',#2399,1000.);
#675=VECTOR('',#2400,1000.);
#676=VECTOR('',#2417,1000.);
#677=VECTOR('',#2420,1000.);
#678=VECTOR('',#2439,1000.);
#679=VECTOR('',#2442,1000.);
#680=VECTOR('',#2443,1000.);
#681=VECTOR('',#2448,1000.);
#682=VECTOR('',#2453,1000.);
#683=VECTOR('',#2458,1000.);
#684=VECTOR('',#2459,1000.);
#685=VECTOR('',#2460,1000.);
#686=VECTOR('',#2467,1000.);
#687=VECTOR('',#2472,1000.);
#688=VECTOR('',#2475,1000.);
#689=VECTOR('',#2480,1000.);
#690=VECTOR('',#2485,1000.);
#691=VECTOR('',#2488,1000.);
#692=VECTOR('',#2489,1000.);
#693=VECTOR('',#2494,1000.);
#694=VECTOR('',#2497,1000.);
#695=VECTOR('',#2500,1000.);
#696=VECTOR('',#2507,1000.);
#697=VECTOR('',#2512,1000.);
#698=VECTOR('',#2515,1000.);
#699=VECTOR('',#2518,1000.);
#700=VECTOR('',#2521,1000.);
#701=VECTOR('',#2526,1000.);
#702=VECTOR('',#2527,1000.);
#703=VECTOR('',#2548,1000.);
#704=VECTOR('',#2551,1000.);
#705=VECTOR('',#2556,1000.);
#706=VECTOR('',#2559,1000.);
#707=VECTOR('',#2564,0.1);
#708=VECTOR('',#2591,1000.);
#709=VECTOR('',#2594,1000.);
#710=VECTOR('',#2615,1000.);
#711=VECTOR('',#2616,1000.);
#712=VECTOR('',#2633,1000.);
#713=VECTOR('',#2636,1000.);
#714=VECTOR('',#2655,1000.);
#715=VECTOR('',#2658,1000.);
#716=VECTOR('',#2659,1000.);
#717=VECTOR('',#2664,1000.);
#718=VECTOR('',#2669,1000.);
#719=VECTOR('',#2674,1000.);
#720=VECTOR('',#2675,1000.);
#721=VECTOR('',#2676,1000.);
#722=VECTOR('',#2683,1000.);
#723=VECTOR('',#2688,1000.);
#724=VECTOR('',#2691,1000.);
#725=VECTOR('',#2696,1000.);
#726=VECTOR('',#2701,1000.);
#727=VECTOR('',#2704,1000.);
#728=VECTOR('',#2705,1000.);
#729=VECTOR('',#2710,1000.);
#730=VECTOR('',#2713,1000.);
#731=VECTOR('',#2716,1000.);
#732=VECTOR('',#2723,1000.);
#733=VECTOR('',#2728,1000.);
#734=VECTOR('',#2731,1000.);
#735=VECTOR('',#2734,1000.);
#736=VECTOR('',#2737,1000.);
#737=VECTOR('',#2742,1000.);
#738=VECTOR('',#2743,1000.);
#739=VERTEX_POINT('',#2769);
#740=VERTEX_POINT('',#2770);
#741=VERTEX_POINT('',#2772);
#742=VERTEX_POINT('',#2774);
#743=VERTEX_POINT('',#2776);
#744=VERTEX_POINT('',#2778);
#745=VERTEX_POINT('',#2780);
#746=VERTEX_POINT('',#2782);
#747=VERTEX_POINT('',#2785);
#748=VERTEX_POINT('',#2786);
#749=VERTEX_POINT('',#2788);
#750=VERTEX_POINT('',#2790);
#751=VERTEX_POINT('',#2792);
#752=VERTEX_POINT('',#2794);
#753=VERTEX_POINT('',#2796);
#754=VERTEX_POINT('',#2798);
#755=VERTEX_POINT('',#2802);
#756=VERTEX_POINT('',#2803);
#757=VERTEX_POINT('',#2805);
#758=VERTEX_POINT('',#2807);
#759=VERTEX_POINT('',#2809);
#760=VERTEX_POINT('',#2811);
#761=VERTEX_POINT('',#2813);
#762=VERTEX_POINT('',#2815);
#763=VERTEX_POINT('',#2819);
#764=VERTEX_POINT('',#2820);
#765=VERTEX_POINT('',#2822);
#766=VERTEX_POINT('',#2824);
#767=VERTEX_POINT('',#2840);
#768=VERTEX_POINT('',#2844);
#769=VERTEX_POINT('',#2848);
#770=VERTEX_POINT('',#2850);
#771=VERTEX_POINT('',#2852);
#772=VERTEX_POINT('',#2858);
#773=VERTEX_POINT('',#2864);
#774=VERTEX_POINT('',#2865);
#775=VERTEX_POINT('',#2870);
#776=VERTEX_POINT('',#2871);
#777=VERTEX_POINT('',#2873);
#778=VERTEX_POINT('',#2875);
#779=VERTEX_POINT('',#2880);
#780=VERTEX_POINT('',#2882);
#781=VERTEX_POINT('',#2905);
#782=VERTEX_POINT('',#2906);
#783=VERTEX_POINT('',#2908);
#784=VERTEX_POINT('',#2910);
#785=VERTEX_POINT('',#2912);
#786=VERTEX_POINT('',#2914);
#787=VERTEX_POINT('',#2916);
#788=VERTEX_POINT('',#2918);
#789=VERTEX_POINT('',#2922);
#790=VERTEX_POINT('',#2923);
#791=VERTEX_POINT('',#2925);
#792=VERTEX_POINT('',#2927);
#793=VERTEX_POINT('',#2929);
#794=VERTEX_POINT('',#2931);
#795=VERTEX_POINT('',#2933);
#796=VERTEX_POINT('',#2935);
#797=VERTEX_POINT('',#2956);
#798=VERTEX_POINT('',#2957);
#799=VERTEX_POINT('',#2959);
#800=VERTEX_POINT('',#2961);
#801=VERTEX_POINT('',#2965);
#802=VERTEX_POINT('',#2966);
#803=VERTEX_POINT('',#2968);
#804=VERTEX_POINT('',#2970);
#805=VERTEX_POINT('',#2974);
#806=VERTEX_POINT('',#2976);
#807=VERTEX_POINT('',#2980);
#808=VERTEX_POINT('',#2981);
#809=VERTEX_POINT('',#2983);
#810=VERTEX_POINT('',#3021);
#811=VERTEX_POINT('',#3025);
#812=VERTEX_POINT('',#3029);
#813=VERTEX_POINT('',#3030);
#814=VERTEX_POINT('',#3035);
#815=VERTEX_POINT('',#3036);
#816=VERTEX_POINT('',#3038);
#817=VERTEX_POINT('',#3040);
#818=VERTEX_POINT('',#3044);
#819=VERTEX_POINT('',#3046);
#820=VERTEX_POINT('',#3050);
#821=VERTEX_POINT('',#3052);
#822=VERTEX_POINT('',#3059);
#823=VERTEX_POINT('',#3064);
#824=VERTEX_POINT('',#3068);
#825=VERTEX_POINT('',#3070);
#826=VERTEX_POINT('',#3074);
#827=VERTEX_POINT('',#3076);
#828=VERTEX_POINT('',#3123);
#829=VERTEX_POINT('',#3125);
#830=VERTEX_POINT('',#3129);
#831=VERTEX_POINT('',#3133);
#832=VERTEX_POINT('',#3137);
#833=VERTEX_POINT('',#3141);
#834=VERTEX_POINT('',#3143);
#835=VERTEX_POINT('',#3147);
#836=VERTEX_POINT('',#3149);
#837=VERTEX_POINT('',#3154);
#838=VERTEX_POINT('',#3158);
#839=VERTEX_POINT('',#3164);
#840=VERTEX_POINT('',#3168);
#841=VERTEX_POINT('',#3172);
#842=VERTEX_POINT('',#3176);
#843=VERTEX_POINT('',#3177);
#844=VERTEX_POINT('',#3180);
#845=VERTEX_POINT('',#3184);
#846=VERTEX_POINT('',#3188);
#847=VERTEX_POINT('',#3192);
#848=VERTEX_POINT('',#3194);
#849=VERTEX_POINT('',#3196);
#850=VERTEX_POINT('',#3202);
#851=VERTEX_POINT('',#3206);
#852=VERTEX_POINT('',#3218);
#853=VERTEX_POINT('',#3219);
#854=VERTEX_POINT('',#3221);
#855=VERTEX_POINT('',#3223);
#856=VERTEX_POINT('',#3227);
#857=VERTEX_POINT('',#3228);
#858=VERTEX_POINT('',#3230);
#859=VERTEX_POINT('',#3232);
#860=VERTEX_POINT('',#3236);
#861=VERTEX_POINT('',#3238);
#862=VERTEX_POINT('',#3242);
#863=VERTEX_POINT('',#3243);
#864=VERTEX_POINT('',#3245);
#865=VERTEX_POINT('',#3283);
#866=VERTEX_POINT('',#3287);
#867=VERTEX_POINT('',#3291);
#868=VERTEX_POINT('',#3292);
#869=VERTEX_POINT('',#3297);
#870=VERTEX_POINT('',#3298);
#871=VERTEX_POINT('',#3300);
#872=VERTEX_POINT('',#3302);
#873=VERTEX_POINT('',#3306);
#874=VERTEX_POINT('',#3308);
#875=VERTEX_POINT('',#3312);
#876=VERTEX_POINT('',#3314);
#877=VERTEX_POINT('',#3321);
#878=VERTEX_POINT('',#3326);
#879=VERTEX_POINT('',#3330);
#880=VERTEX_POINT('',#3332);
#881=VERTEX_POINT('',#3336);
#882=VERTEX_POINT('',#3338);
#883=VERTEX_POINT('',#3385);
#884=VERTEX_POINT('',#3387);
#885=VERTEX_POINT('',#3391);
#886=VERTEX_POINT('',#3395);
#887=VERTEX_POINT('',#3399);
#888=VERTEX_POINT('',#3403);
#889=VERTEX_POINT('',#3405);
#890=VERTEX_POINT('',#3409);
#891=VERTEX_POINT('',#3411);
#892=VERTEX_POINT('',#3416);
#893=VERTEX_POINT('',#3420);
#894=VERTEX_POINT('',#3426);
#895=VERTEX_POINT('',#3430);
#896=VERTEX_POINT('',#3434);
#897=VERTEX_POINT('',#3438);
#898=VERTEX_POINT('',#3439);
#899=VERTEX_POINT('',#3442);
#900=VERTEX_POINT('',#3446);
#901=VERTEX_POINT('',#3450);
#902=VERTEX_POINT('',#3454);
#903=VERTEX_POINT('',#3456);
#904=VERTEX_POINT('',#3458);
#905=VERTEX_POINT('',#3464);
#906=VERTEX_POINT('',#3468);
#907=EDGE_CURVE('',#739,#740,#469,.T.);
#908=EDGE_CURVE('',#739,#741,#470,.T.);
#909=EDGE_CURVE('',#741,#742,#471,.T.);
#910=EDGE_CURVE('',#742,#743,#472,.T.);
#911=EDGE_CURVE('',#744,#743,#473,.T.);
#912=EDGE_CURVE('',#745,#744,#474,.T.);
#913=EDGE_CURVE('',#746,#745,#475,.T.);
#914=EDGE_CURVE('',#746,#740,#344,.T.);
#915=EDGE_CURVE('',#747,#748,#345,.T.);
#916=EDGE_CURVE('',#747,#749,#476,.T.);
#917=EDGE_CURVE('',#750,#749,#346,.T.);
#918=EDGE_CURVE('',#750,#751,#477,.T.);
#919=EDGE_CURVE('',#752,#751,#347,.T.);
#920=EDGE_CURVE('',#752,#753,#478,.T.);
#921=EDGE_CURVE('',#754,#753,#348,.T.);
#922=EDGE_CURVE('',#748,#754,#479,.T.);
#923=EDGE_CURVE('',#755,#756,#349,.T.);
#924=EDGE_CURVE('',#757,#756,#480,.T.);
#925=EDGE_CURVE('',#757,#758,#350,.T.);
#926=EDGE_CURVE('',#759,#758,#481,.T.);
#927=EDGE_CURVE('',#759,#760,#351,.T.);
#928=EDGE_CURVE('',#761,#760,#482,.T.);
#929=EDGE_CURVE('',#761,#762,#352,.T.);
#930=EDGE_CURVE('',#762,#755,#483,.T.);
#931=EDGE_CURVE('',#763,#764,#484,.T.);
#932=EDGE_CURVE('',#764,#765,#485,.T.);
#933=EDGE_CURVE('',#766,#765,#486,.T.);
#934=EDGE_CURVE('',#763,#766,#487,.T.);
#935=EDGE_CURVE('',#751,#758,#488,.T.);
#936=EDGE_CURVE('',#752,#757,#489,.T.);
#937=EDGE_CURVE('',#750,#759,#490,.T.);
#938=EDGE_CURVE('',#749,#760,#491,.T.);
#939=EDGE_CURVE('',#747,#761,#492,.T.);
#940=EDGE_CURVE('',#753,#756,#493,.T.);
#941=EDGE_CURVE('',#743,#764,#494,.T.);
#942=EDGE_CURVE('',#763,#767,#71,.T.);
#943=EDGE_CURVE('',#768,#767,#495,.T.);
#944=EDGE_CURVE('',#768,#744,#496,.T.);
#945=EDGE_CURVE('',#766,#769,#353,.T.);
#946=EDGE_CURVE('',#769,#770,#497,.T.);
#947=EDGE_CURVE('',#771,#770,#72,.T.);
#948=EDGE_CURVE('',#767,#771,#354,.T.);
#949=EDGE_CURVE('',#771,#772,#498,.T.);
#950=EDGE_CURVE('',#772,#768,#499,.T.);
#951=EDGE_CURVE('',#745,#772,#500,.T.);
#952=EDGE_CURVE('',#773,#774,#501,.T.);
#953=EDGE_CURVE('',#773,#770,#502,.T.);
#954=EDGE_CURVE('',#774,#769,#503,.T.);
#955=EDGE_CURVE('',#775,#776,#504,.T.);
#956=EDGE_CURVE('',#776,#777,#505,.T.);
#957=EDGE_CURVE('',#777,#778,#506,.T.);
#958=EDGE_CURVE('',#774,#778,#355,.T.);
#959=EDGE_CURVE('',#765,#775,#507,.T.);
#960=EDGE_CURVE('',#777,#779,#508,.T.);
#961=EDGE_CURVE('',#779,#780,#509,.T.);
#962=EDGE_CURVE('',#778,#780,#510,.T.);
#963=EDGE_CURVE('',#779,#739,#511,.T.);
#964=EDGE_CURVE('',#740,#780,#73,.T.);
#965=EDGE_CURVE('',#773,#746,#356,.T.);
#966=EDGE_CURVE('',#741,#776,#512,.T.);
#967=EDGE_CURVE('',#775,#742,#513,.T.);
#968=EDGE_CURVE('',#748,#762,#514,.T.);
#969=EDGE_CURVE('',#754,#755,#515,.T.);
#970=EDGE_CURVE('',#781,#782,#516,.T.);
#971=EDGE_CURVE('',#782,#783,#357,.T.);
#972=EDGE_CURVE('',#783,#784,#517,.T.);
#973=EDGE_CURVE('',#784,#785,#358,.T.);
#974=EDGE_CURVE('',#785,#786,#518,.T.);
#975=EDGE_CURVE('',#787,#786,#359,.T.);
#976=EDGE_CURVE('',#787,#788,#519,.T.);
#977=EDGE_CURVE('',#781,#788,#360,.T.);
#978=EDGE_CURVE('',#789,#790,#520,.T.);
#979=EDGE_CURVE('',#789,#791,#361,.T.);
#980=EDGE_CURVE('',#791,#792,#521,.T.);
#981=EDGE_CURVE('',#792,#793,#362,.T.);
#982=EDGE_CURVE('',#794,#793,#522,.T.);
#983=EDGE_CURVE('',#794,#795,#363,.T.);
#984=EDGE_CURVE('',#796,#795,#523,.T.);
#985=EDGE_CURVE('',#796,#790,#364,.T.);
#986=EDGE_CURVE('',#782,#793,#524,.T.);
#987=EDGE_CURVE('',#794,#781,#525,.T.);
#988=EDGE_CURVE('',#790,#786,#526,.T.);
#989=EDGE_CURVE('',#785,#789,#527,.T.);
#990=EDGE_CURVE('',#796,#787,#528,.T.);
#991=EDGE_CURVE('',#795,#788,#529,.T.);
#992=EDGE_CURVE('',#783,#792,#530,.T.);
#993=EDGE_CURVE('',#784,#791,#531,.T.);
#994=EDGE_CURVE('',#797,#798,#365,.T.);
#995=EDGE_CURVE('',#799,#797,#532,.T.);
#996=EDGE_CURVE('',#799,#800,#366,.T.);
#997=EDGE_CURVE('',#800,#798,#533,.T.);
#998=EDGE_CURVE('',#801,#802,#367,.T.);
#999=EDGE_CURVE('',#803,#802,#534,.T.);
#1000=EDGE_CURVE('',#803,#804,#368,.T.);
#1001=EDGE_CURVE('',#804,#801,#535,.T.);
#1002=EDGE_CURVE('',#805,#805,#369,.T.);
#1003=EDGE_CURVE('',#805,#806,#536,.T.);
#1004=EDGE_CURVE('',#806,#806,#370,.T.);
#1005=EDGE_CURVE('',#807,#808,#371,.T.);
#1006=EDGE_CURVE('',#807,#809,#27,.T.);
#1007=EDGE_CURVE('',#809,#810,#372,.T.);
#1008=EDGE_CURVE('',#808,#810,#373,.T.);
#1009=EDGE_CURVE('',#811,#811,#374,.T.);
#1010=EDGE_CURVE('',#811,#806,#375,.T.);
#1011=EDGE_CURVE('',#812,#813,#376,.T.);
#1012=EDGE_CURVE('',#804,#813,#377,.T.);
#1013=EDGE_CURVE('',#803,#812,#378,.T.);
#1014=EDGE_CURVE('',#814,#815,#537,.T.);
#1015=EDGE_CURVE('',#816,#815,#379,.T.);
#1016=EDGE_CURVE('',#817,#816,#538,.T.);
#1017=EDGE_CURVE('',#814,#817,#380,.T.);
#1018=EDGE_CURVE('',#818,#812,#381,.T.);
#1019=EDGE_CURVE('',#819,#803,#382,.T.);
#1020=EDGE_CURVE('',#819,#818,#383,.T.);
#1021=EDGE_CURVE('',#815,#820,#384,.T.);
#1022=EDGE_CURVE('',#821,#820,#385,.T.);
#1023=EDGE_CURVE('',#816,#821,#386,.T.);
#1024=EDGE_CURVE('',#810,#818,#539,.T.);
#1025=EDGE_CURVE('',#808,#819,#540,.T.);
#1026=EDGE_CURVE('',#820,#822,#387,.T.);
#1027=EDGE_CURVE('',#799,#822,#388,.T.);
#1028=EDGE_CURVE('',#821,#799,#389,.T.);
#1029=EDGE_CURVE('',#822,#823,#390,.T.);
#1030=EDGE_CURVE('',#800,#823,#391,.T.);
#1031=EDGE_CURVE('',#823,#824,#541,.T.);
#1032=EDGE_CURVE('',#825,#824,#392,.T.);
#1033=EDGE_CURVE('',#800,#825,#542,.T.);
#1034=EDGE_CURVE('',#824,#826,#393,.T.);
#1035=EDGE_CURVE('',#827,#826,#28,.T.);
#1036=EDGE_CURVE('',#825,#827,#394,.T.);
#1037=EDGE_CURVE('',#813,#828,#395,.T.);
#1038=EDGE_CURVE('',#829,#828,#396,.T.);
#1039=EDGE_CURVE('',#804,#829,#397,.T.);
#1040=EDGE_CURVE('',#830,#802,#398,.T.);
#1041=EDGE_CURVE('',#819,#830,#543,.T.);
#1042=EDGE_CURVE('',#830,#831,#544,.T.);
#1043=EDGE_CURVE('',#808,#831,#545,.T.);
#1044=EDGE_CURVE('',#831,#832,#399,.T.);
#1045=EDGE_CURVE('',#807,#832,#546,.T.);
#1046=EDGE_CURVE('',#833,#832,#400,.T.);
#1047=EDGE_CURVE('',#834,#833,#547,.T.);
#1048=EDGE_CURVE('',#834,#809,#401,.T.);
#1049=EDGE_CURVE('',#833,#835,#548,.T.);
#1050=EDGE_CURVE('',#836,#835,#549,.T.);
#1051=EDGE_CURVE('',#834,#836,#550,.T.);
#1052=EDGE_CURVE('',#826,#836,#402,.T.);
#1053=EDGE_CURVE('',#837,#835,#403,.T.);
#1054=EDGE_CURVE('',#827,#837,#551,.T.);
#1055=EDGE_CURVE('',#837,#838,#404,.T.);
#1056=EDGE_CURVE('',#825,#838,#552,.T.);
#1057=EDGE_CURVE('',#838,#798,#553,.T.);
#1058=EDGE_CURVE('',#797,#839,#405,.T.);
#1059=EDGE_CURVE('',#821,#839,#554,.T.);
#1060=EDGE_CURVE('',#840,#839,#406,.T.);
#1061=EDGE_CURVE('',#816,#840,#555,.T.);
#1062=EDGE_CURVE('',#817,#841,#556,.T.);
#1063=EDGE_CURVE('',#841,#840,#557,.T.);
#1064=EDGE_CURVE('',#842,#843,#407,.T.);
#1065=EDGE_CURVE('',#843,#828,#558,.T.);
#1066=EDGE_CURVE('',#814,#844,#408,.T.);
#1067=EDGE_CURVE('',#844,#842,#559,.T.);
#1068=EDGE_CURVE('',#829,#845,#560,.T.);
#1069=EDGE_CURVE('',#801,#845,#409,.T.);
#1070=EDGE_CURVE('',#843,#846,#410,.T.);
#1071=EDGE_CURVE('',#829,#846,#561,.T.);
#1072=EDGE_CURVE('',#847,#841,#411,.T.);
#1073=EDGE_CURVE('',#848,#845,#562,.T.);
#1074=EDGE_CURVE('',#848,#849,#412,.T.);
#1075=EDGE_CURVE('',#849,#847,#563,.T.);
#1076=EDGE_CURVE('',#846,#848,#564,.T.);
#1077=EDGE_CURVE('',#850,#847,#565,.T.);
#1078=EDGE_CURVE('',#850,#817,#413,.T.);
#1079=EDGE_CURVE('',#851,#849,#566,.T.);
#1080=EDGE_CURVE('',#851,#850,#567,.T.);
#1081=EDGE_CURVE('',#846,#851,#414,.T.);
#1082=EDGE_CURVE('',#844,#850,#415,.T.);
#1083=EDGE_CURVE('',#842,#851,#416,.T.);
#1084=EDGE_CURVE('',#852,#853,#417,.T.);
#1085=EDGE_CURVE('',#854,#852,#568,.T.);
#1086=EDGE_CURVE('',#854,#855,#418,.T.);
#1087=EDGE_CURVE('',#855,#853,#569,.T.);
#1088=EDGE_CURVE('',#856,#857,#419,.T.);
#1089=EDGE_CURVE('',#858,#857,#570,.T.);
#1090=EDGE_CURVE('',#858,#859,#420,.T.);
#1091=EDGE_CURVE('',#859,#856,#571,.T.);
#1092=EDGE_CURVE('',#860,#860,#421,.T.);
#1093=EDGE_CURVE('',#860,#861,#572,.T.);
#1094=EDGE_CURVE('',#861,#861,#422,.T.);
#1095=EDGE_CURVE('',#862,#863,#423,.T.);
#1096=EDGE_CURVE('',#862,#864,#29,.T.);
#1097=EDGE_CURVE('',#864,#865,#424,.T.);
#1098=EDGE_CURVE('',#863,#865,#425,.T.);
#1099=EDGE_CURVE('',#866,#866,#426,.T.);
#1100=EDGE_CURVE('',#866,#861,#427,.T.);
#1101=EDGE_CURVE('',#867,#868,#428,.T.);
#1102=EDGE_CURVE('',#859,#868,#429,.T.);
#1103=EDGE_CURVE('',#858,#867,#430,.T.);
#1104=EDGE_CURVE('',#869,#870,#573,.T.);
#1105=EDGE_CURVE('',#871,#870,#431,.T.);
#1106=EDGE_CURVE('',#872,#871,#574,.T.);
#1107=EDGE_CURVE('',#869,#872,#432,.T.);
#1108=EDGE_CURVE('',#873,#867,#433,.T.);
#1109=EDGE_CURVE('',#874,#858,#434,.T.);
#1110=EDGE_CURVE('',#874,#873,#435,.T.);
#1111=EDGE_CURVE('',#870,#875,#436,.T.);
#1112=EDGE_CURVE('',#876,#875,#437,.T.);
#1113=EDGE_CURVE('',#871,#876,#438,.T.);
#1114=EDGE_CURVE('',#865,#873,#575,.T.);
#1115=EDGE_CURVE('',#863,#874,#576,.T.);
#1116=EDGE_CURVE('',#875,#877,#439,.T.);
#1117=EDGE_CURVE('',#854,#877,#440,.T.);
#1118=EDGE_CURVE('',#876,#854,#441,.T.);
#1119=EDGE_CURVE('',#877,#878,#442,.T.);
#1120=EDGE_CURVE('',#855,#878,#443,.T.);
#1121=EDGE_CURVE('',#878,#879,#577,.T.);
#1122=EDGE_CURVE('',#880,#879,#444,.T.);
#1123=EDGE_CURVE('',#855,#880,#578,.T.);
#1124=EDGE_CURVE('',#879,#881,#445,.T.);
#1125=EDGE_CURVE('',#882,#881,#30,.T.);
#1126=EDGE_CURVE('',#880,#882,#446,.T.);
#1127=EDGE_CURVE('',#868,#883,#447,.T.);
#1128=EDGE_CURVE('',#884,#883,#448,.T.);
#1129=EDGE_CURVE('',#859,#884,#449,.T.);
#1130=EDGE_CURVE('',#885,#857,#450,.T.);
#1131=EDGE_CURVE('',#874,#885,#579,.T.);
#1132=EDGE_CURVE('',#885,#886,#580,.T.);
#1133=EDGE_CURVE('',#863,#886,#581,.T.);
#1134=EDGE_CURVE('',#886,#887,#451,.T.);
#1135=EDGE_CURVE('',#862,#887,#582,.T.);
#1136=EDGE_CURVE('',#888,#887,#452,.T.);
#1137=EDGE_CURVE('',#889,#888,#583,.T.);
#1138=EDGE_CURVE('',#889,#864,#453,.T.);
#1139=EDGE_CURVE('',#888,#890,#584,.T.);
#1140=EDGE_CURVE('',#891,#890,#585,.T.);
#1141=EDGE_CURVE('',#889,#891,#586,.T.);
#1142=EDGE_CURVE('',#881,#891,#454,.T.);
#1143=EDGE_CURVE('',#892,#890,#455,.T.);
#1144=EDGE_CURVE('',#882,#892,#587,.T.);
#1145=EDGE_CURVE('',#892,#893,#456,.T.);
#1146=EDGE_CURVE('',#880,#893,#588,.T.);
#1147=EDGE_CURVE('',#893,#853,#589,.T.);
#1148=EDGE_CURVE('',#852,#894,#457,.T.);
#1149=EDGE_CURVE('',#876,#894,#590,.T.);
#1150=EDGE_CURVE('',#895,#894,#458,.T.);
#1151=EDGE_CURVE('',#871,#895,#591,.T.);
#1152=EDGE_CURVE('',#872,#896,#592,.T.);
#1153=EDGE_CURVE('',#896,#895,#593,.T.);
#1154=EDGE_CURVE('',#897,#898,#459,.T.);
#1155=EDGE_CURVE('',#898,#883,#594,.T.);
#1156=EDGE_CURVE('',#869,#899,#460,.T.);
#1157=EDGE_CURVE('',#899,#897,#595,.T.);
#1158=EDGE_CURVE('',#884,#900,#596,.T.);
#1159=EDGE_CURVE('',#856,#900,#461,.T.);
#1160=EDGE_CURVE('',#898,#901,#462,.T.);
#1161=EDGE_CURVE('',#884,#901,#597,.T.);
#1162=EDGE_CURVE('',#902,#896,#463,.T.);
#1163=EDGE_CURVE('',#903,#900,#598,.T.);
#1164=EDGE_CURVE('',#903,#904,#464,.T.);
#1165=EDGE_CURVE('',#904,#902,#599,.T.);
#1166=EDGE_CURVE('',#901,#903,#600,.T.);
#1167=EDGE_CURVE('',#905,#902,#601,.T.);
#1168=EDGE_CURVE('',#905,#872,#465,.T.);
#1169=EDGE_CURVE('',#906,#904,#602,.T.);
#1170=EDGE_CURVE('',#906,#905,#603,.T.);
#1171=EDGE_CURVE('',#901,#906,#466,.T.);
#1172=EDGE_CURVE('',#899,#905,#467,.T.);
#1173=EDGE_CURVE('',#897,#906,#468,.T.);
#1174=ORIENTED_EDGE('',*,*,#907,.F.);
#1175=ORIENTED_EDGE('',*,*,#908,.T.);
#1176=ORIENTED_EDGE('',*,*,#909,.T.);
#1177=ORIENTED_EDGE('',*,*,#910,.T.);
#1178=ORIENTED_EDGE('',*,*,#911,.F.);
#1179=ORIENTED_EDGE('',*,*,#912,.F.);
#1180=ORIENTED_EDGE('',*,*,#913,.F.);
#1181=ORIENTED_EDGE('',*,*,#914,.T.);
#1182=ORIENTED_EDGE('',*,*,#915,.F.);
#1183=ORIENTED_EDGE('',*,*,#916,.T.);
#1184=ORIENTED_EDGE('',*,*,#917,.F.);
#1185=ORIENTED_EDGE('',*,*,#918,.T.);
#1186=ORIENTED_EDGE('',*,*,#919,.F.);
#1187=ORIENTED_EDGE('',*,*,#920,.T.);
#1188=ORIENTED_EDGE('',*,*,#921,.F.);
#1189=ORIENTED_EDGE('',*,*,#922,.F.);
#1190=ORIENTED_EDGE('',*,*,#923,.T.);
#1191=ORIENTED_EDGE('',*,*,#924,.F.);
#1192=ORIENTED_EDGE('',*,*,#925,.T.);
#1193=ORIENTED_EDGE('',*,*,#926,.F.);
#1194=ORIENTED_EDGE('',*,*,#927,.T.);
#1195=ORIENTED_EDGE('',*,*,#928,.F.);
#1196=ORIENTED_EDGE('',*,*,#929,.T.);
#1197=ORIENTED_EDGE('',*,*,#930,.T.);
#1198=ORIENTED_EDGE('',*,*,#931,.T.);
#1199=ORIENTED_EDGE('',*,*,#932,.T.);
#1200=ORIENTED_EDGE('',*,*,#933,.F.);
#1201=ORIENTED_EDGE('',*,*,#934,.F.);
#1202=ORIENTED_EDGE('',*,*,#919,.T.);
#1203=ORIENTED_EDGE('',*,*,#935,.T.);
#1204=ORIENTED_EDGE('',*,*,#925,.F.);
#1205=ORIENTED_EDGE('',*,*,#936,.F.);
#1206=ORIENTED_EDGE('',*,*,#937,.T.);
#1207=ORIENTED_EDGE('',*,*,#926,.T.);
#1208=ORIENTED_EDGE('',*,*,#935,.F.);
#1209=ORIENTED_EDGE('',*,*,#918,.F.);
#1210=ORIENTED_EDGE('',*,*,#917,.T.);
#1211=ORIENTED_EDGE('',*,*,#938,.T.);
#1212=ORIENTED_EDGE('',*,*,#927,.F.);
#1213=ORIENTED_EDGE('',*,*,#937,.F.);
#1214=ORIENTED_EDGE('',*,*,#916,.F.);
#1215=ORIENTED_EDGE('',*,*,#939,.T.);
#1216=ORIENTED_EDGE('',*,*,#928,.T.);
#1217=ORIENTED_EDGE('',*,*,#938,.F.);
#1218=ORIENTED_EDGE('',*,*,#936,.T.);
#1219=ORIENTED_EDGE('',*,*,#924,.T.);
#1220=ORIENTED_EDGE('',*,*,#940,.F.);
#1221=ORIENTED_EDGE('',*,*,#920,.F.);
#1222=ORIENTED_EDGE('',*,*,#911,.T.);
#1223=ORIENTED_EDGE('',*,*,#941,.T.);
#1224=ORIENTED_EDGE('',*,*,#931,.F.);
#1225=ORIENTED_EDGE('',*,*,#942,.T.);
#1226=ORIENTED_EDGE('',*,*,#943,.F.);
#1227=ORIENTED_EDGE('',*,*,#944,.T.);
#1228=ORIENTED_EDGE('',*,*,#934,.T.);
#1229=ORIENTED_EDGE('',*,*,#945,.T.);
#1230=ORIENTED_EDGE('',*,*,#946,.T.);
#1231=ORIENTED_EDGE('',*,*,#947,.F.);
#1232=ORIENTED_EDGE('',*,*,#948,.F.);
#1233=ORIENTED_EDGE('',*,*,#942,.F.);
#1234=ORIENTED_EDGE('',*,*,#949,.T.);
#1235=ORIENTED_EDGE('',*,*,#950,.T.);
#1236=ORIENTED_EDGE('',*,*,#943,.T.);
#1237=ORIENTED_EDGE('',*,*,#948,.T.);
#1238=ORIENTED_EDGE('',*,*,#944,.F.);
#1239=ORIENTED_EDGE('',*,*,#950,.F.);
#1240=ORIENTED_EDGE('',*,*,#951,.F.);
#1241=ORIENTED_EDGE('',*,*,#912,.T.);
#1242=ORIENTED_EDGE('',*,*,#952,.F.);
#1243=ORIENTED_EDGE('',*,*,#953,.T.);
#1244=ORIENTED_EDGE('',*,*,#946,.F.);
#1245=ORIENTED_EDGE('',*,*,#954,.F.);
#1246=ORIENTED_EDGE('',*,*,#955,.T.);
#1247=ORIENTED_EDGE('',*,*,#956,.T.);
#1248=ORIENTED_EDGE('',*,*,#957,.T.);
#1249=ORIENTED_EDGE('',*,*,#958,.F.);
#1250=ORIENTED_EDGE('',*,*,#954,.T.);
#1251=ORIENTED_EDGE('',*,*,#945,.F.);
#1252=ORIENTED_EDGE('',*,*,#933,.T.);
#1253=ORIENTED_EDGE('',*,*,#959,.T.);
#1254=ORIENTED_EDGE('',*,*,#957,.F.);
#1255=ORIENTED_EDGE('',*,*,#960,.T.);
#1256=ORIENTED_EDGE('',*,*,#961,.T.);
#1257=ORIENTED_EDGE('',*,*,#962,.F.);
#1258=ORIENTED_EDGE('',*,*,#961,.F.);
#1259=ORIENTED_EDGE('',*,*,#963,.T.);
#1260=ORIENTED_EDGE('',*,*,#907,.T.);
#1261=ORIENTED_EDGE('',*,*,#964,.T.);
#1262=ORIENTED_EDGE('',*,*,#913,.T.);
#1263=ORIENTED_EDGE('',*,*,#951,.T.);
#1264=ORIENTED_EDGE('',*,*,#949,.F.);
#1265=ORIENTED_EDGE('',*,*,#947,.T.);
#1266=ORIENTED_EDGE('',*,*,#953,.F.);
#1267=ORIENTED_EDGE('',*,*,#965,.T.);
#1268=ORIENTED_EDGE('',*,*,#965,.F.);
#1269=ORIENTED_EDGE('',*,*,#952,.T.);
#1270=ORIENTED_EDGE('',*,*,#958,.T.);
#1271=ORIENTED_EDGE('',*,*,#962,.T.);
#1272=ORIENTED_EDGE('',*,*,#964,.F.);
#1273=ORIENTED_EDGE('',*,*,#914,.F.);
#1274=ORIENTED_EDGE('',*,*,#909,.F.);
#1275=ORIENTED_EDGE('',*,*,#966,.T.);
#1276=ORIENTED_EDGE('',*,*,#955,.F.);
#1277=ORIENTED_EDGE('',*,*,#967,.T.);
#1278=ORIENTED_EDGE('',*,*,#956,.F.);
#1279=ORIENTED_EDGE('',*,*,#966,.F.);
#1280=ORIENTED_EDGE('',*,*,#908,.F.);
#1281=ORIENTED_EDGE('',*,*,#963,.F.);
#1282=ORIENTED_EDGE('',*,*,#960,.F.);
#1283=ORIENTED_EDGE('',*,*,#910,.F.);
#1284=ORIENTED_EDGE('',*,*,#967,.F.);
#1285=ORIENTED_EDGE('',*,*,#959,.F.);
#1286=ORIENTED_EDGE('',*,*,#932,.F.);
#1287=ORIENTED_EDGE('',*,*,#941,.F.);
#1288=ORIENTED_EDGE('',*,*,#929,.F.);
#1289=ORIENTED_EDGE('',*,*,#939,.F.);
#1290=ORIENTED_EDGE('',*,*,#915,.T.);
#1291=ORIENTED_EDGE('',*,*,#968,.T.);
#1292=ORIENTED_EDGE('',*,*,#930,.F.);
#1293=ORIENTED_EDGE('',*,*,#968,.F.);
#1294=ORIENTED_EDGE('',*,*,#922,.T.);
#1295=ORIENTED_EDGE('',*,*,#969,.T.);
#1296=ORIENTED_EDGE('',*,*,#923,.F.);
#1297=ORIENTED_EDGE('',*,*,#969,.F.);
#1298=ORIENTED_EDGE('',*,*,#921,.T.);
#1299=ORIENTED_EDGE('',*,*,#940,.T.);
#1300=ORIENTED_EDGE('',*,*,#970,.T.);
#1301=ORIENTED_EDGE('',*,*,#971,.T.);
#1302=ORIENTED_EDGE('',*,*,#972,.T.);
#1303=ORIENTED_EDGE('',*,*,#973,.T.);
#1304=ORIENTED_EDGE('',*,*,#974,.T.);
#1305=ORIENTED_EDGE('',*,*,#975,.F.);
#1306=ORIENTED_EDGE('',*,*,#976,.T.);
#1307=ORIENTED_EDGE('',*,*,#977,.F.);
#1308=ORIENTED_EDGE('',*,*,#978,.F.);
#1309=ORIENTED_EDGE('',*,*,#979,.T.);
#1310=ORIENTED_EDGE('',*,*,#980,.T.);
#1311=ORIENTED_EDGE('',*,*,#981,.T.);
#1312=ORIENTED_EDGE('',*,*,#982,.F.);
#1313=ORIENTED_EDGE('',*,*,#983,.T.);
#1314=ORIENTED_EDGE('',*,*,#984,.F.);
#1315=ORIENTED_EDGE('',*,*,#985,.T.);
#1316=ORIENTED_EDGE('',*,*,#982,.T.);
#1317=ORIENTED_EDGE('',*,*,#986,.F.);
#1318=ORIENTED_EDGE('',*,*,#970,.F.);
#1319=ORIENTED_EDGE('',*,*,#987,.F.);
#1320=ORIENTED_EDGE('',*,*,#978,.T.);
#1321=ORIENTED_EDGE('',*,*,#988,.T.);
#1322=ORIENTED_EDGE('',*,*,#974,.F.);
#1323=ORIENTED_EDGE('',*,*,#989,.T.);
#1324=ORIENTED_EDGE('',*,*,#990,.T.);
#1325=ORIENTED_EDGE('',*,*,#975,.T.);
#1326=ORIENTED_EDGE('',*,*,#988,.F.);
#1327=ORIENTED_EDGE('',*,*,#985,.F.);
#1328=ORIENTED_EDGE('',*,*,#984,.T.);
#1329=ORIENTED_EDGE('',*,*,#991,.T.);
#1330=ORIENTED_EDGE('',*,*,#976,.F.);
#1331=ORIENTED_EDGE('',*,*,#990,.F.);
#1332=ORIENTED_EDGE('',*,*,#987,.T.);
#1333=ORIENTED_EDGE('',*,*,#977,.T.);
#1334=ORIENTED_EDGE('',*,*,#991,.F.);
#1335=ORIENTED_EDGE('',*,*,#983,.F.);
#1336=ORIENTED_EDGE('',*,*,#971,.F.);
#1337=ORIENTED_EDGE('',*,*,#986,.T.);
#1338=ORIENTED_EDGE('',*,*,#981,.F.);
#1339=ORIENTED_EDGE('',*,*,#992,.F.);
#1340=ORIENTED_EDGE('',*,*,#972,.F.);
#1341=ORIENTED_EDGE('',*,*,#992,.T.);
#1342=ORIENTED_EDGE('',*,*,#980,.F.);
#1343=ORIENTED_EDGE('',*,*,#993,.F.);
#1344=ORIENTED_EDGE('',*,*,#973,.F.);
#1345=ORIENTED_EDGE('',*,*,#993,.T.);
#1346=ORIENTED_EDGE('',*,*,#979,.F.);
#1347=ORIENTED_EDGE('',*,*,#989,.F.);
#1348=ORIENTED_EDGE('',*,*,#994,.F.);
#1349=ORIENTED_EDGE('',*,*,#995,.F.);
#1350=ORIENTED_EDGE('',*,*,#996,.T.);
#1351=ORIENTED_EDGE('',*,*,#997,.T.);
#1352=ORIENTED_EDGE('',*,*,#998,.T.);
#1353=ORIENTED_EDGE('',*,*,#999,.F.);
#1354=ORIENTED_EDGE('',*,*,#1000,.T.);
#1355=ORIENTED_EDGE('',*,*,#1001,.T.);
#1356=ORIENTED_EDGE('',*,*,#1002,.T.);
#1357=ORIENTED_EDGE('',*,*,#1003,.T.);
#1358=ORIENTED_EDGE('',*,*,#1004,.F.);
#1359=ORIENTED_EDGE('',*,*,#1003,.F.);
#1360=ORIENTED_EDGE('',*,*,#1005,.F.);
#1361=ORIENTED_EDGE('',*,*,#1006,.T.);
#1362=ORIENTED_EDGE('',*,*,#1007,.T.);
#1363=ORIENTED_EDGE('',*,*,#1008,.F.);
#1364=ORIENTED_EDGE('',*,*,#1009,.F.);
#1365=ORIENTED_EDGE('',*,*,#1010,.T.);
#1366=ORIENTED_EDGE('',*,*,#1004,.T.);
#1367=ORIENTED_EDGE('',*,*,#1010,.F.);
#1368=ORIENTED_EDGE('',*,*,#1011,.T.);
#1369=ORIENTED_EDGE('',*,*,#1012,.F.);
#1370=ORIENTED_EDGE('',*,*,#1000,.F.);
#1371=ORIENTED_EDGE('',*,*,#1013,.T.);
#1372=ORIENTED_EDGE('',*,*,#1014,.T.);
#1373=ORIENTED_EDGE('',*,*,#1015,.F.);
#1374=ORIENTED_EDGE('',*,*,#1016,.F.);
#1375=ORIENTED_EDGE('',*,*,#1017,.F.);
#1376=ORIENTED_EDGE('',*,*,#1018,.T.);
#1377=ORIENTED_EDGE('',*,*,#1013,.F.);
#1378=ORIENTED_EDGE('',*,*,#1019,.F.);
#1379=ORIENTED_EDGE('',*,*,#1020,.T.);
#1380=ORIENTED_EDGE('',*,*,#1021,.T.);
#1381=ORIENTED_EDGE('',*,*,#1022,.F.);
#1382=ORIENTED_EDGE('',*,*,#1023,.F.);
#1383=ORIENTED_EDGE('',*,*,#1015,.T.);
#1384=ORIENTED_EDGE('',*,*,#1008,.T.);
#1385=ORIENTED_EDGE('',*,*,#1024,.T.);
#1386=ORIENTED_EDGE('',*,*,#1020,.F.);
#1387=ORIENTED_EDGE('',*,*,#1025,.F.);
#1388=ORIENTED_EDGE('',*,*,#1026,.T.);
#1389=ORIENTED_EDGE('',*,*,#1027,.F.);
#1390=ORIENTED_EDGE('',*,*,#1028,.F.);
#1391=ORIENTED_EDGE('',*,*,#1022,.T.);
#1392=ORIENTED_EDGE('',*,*,#1029,.T.);
#1393=ORIENTED_EDGE('',*,*,#1030,.F.);
#1394=ORIENTED_EDGE('',*,*,#996,.F.);
#1395=ORIENTED_EDGE('',*,*,#1027,.T.);
#1396=ORIENTED_EDGE('',*,*,#1030,.T.);
#1397=ORIENTED_EDGE('',*,*,#1031,.T.);
#1398=ORIENTED_EDGE('',*,*,#1032,.F.);
#1399=ORIENTED_EDGE('',*,*,#1033,.F.);
#1400=ORIENTED_EDGE('',*,*,#1034,.T.);
#1401=ORIENTED_EDGE('',*,*,#1035,.F.);
#1402=ORIENTED_EDGE('',*,*,#1036,.F.);
#1403=ORIENTED_EDGE('',*,*,#1032,.T.);
#1404=ORIENTED_EDGE('',*,*,#1037,.T.);
#1405=ORIENTED_EDGE('',*,*,#1038,.F.);
#1406=ORIENTED_EDGE('',*,*,#1039,.F.);
#1407=ORIENTED_EDGE('',*,*,#1012,.T.);
#1408=ORIENTED_EDGE('',*,*,#1019,.T.);
#1409=ORIENTED_EDGE('',*,*,#999,.T.);
#1410=ORIENTED_EDGE('',*,*,#1040,.F.);
#1411=ORIENTED_EDGE('',*,*,#1041,.F.);
#1412=ORIENTED_EDGE('',*,*,#1041,.T.);
#1413=ORIENTED_EDGE('',*,*,#1042,.T.);
#1414=ORIENTED_EDGE('',*,*,#1043,.F.);
#1415=ORIENTED_EDGE('',*,*,#1025,.T.);
#1416=ORIENTED_EDGE('',*,*,#1043,.T.);
#1417=ORIENTED_EDGE('',*,*,#1044,.T.);
#1418=ORIENTED_EDGE('',*,*,#1045,.F.);
#1419=ORIENTED_EDGE('',*,*,#1005,.T.);
#1420=ORIENTED_EDGE('',*,*,#1046,.F.);
#1421=ORIENTED_EDGE('',*,*,#1047,.F.);
#1422=ORIENTED_EDGE('',*,*,#1048,.T.);
#1423=ORIENTED_EDGE('',*,*,#1006,.F.);
#1424=ORIENTED_EDGE('',*,*,#1045,.T.);
#1425=ORIENTED_EDGE('',*,*,#1047,.T.);
#1426=ORIENTED_EDGE('',*,*,#1049,.T.);
#1427=ORIENTED_EDGE('',*,*,#1050,.F.);
#1428=ORIENTED_EDGE('',*,*,#1051,.F.);
#1429=ORIENTED_EDGE('',*,*,#1035,.T.);
#1430=ORIENTED_EDGE('',*,*,#1052,.T.);
#1431=ORIENTED_EDGE('',*,*,#1050,.T.);
#1432=ORIENTED_EDGE('',*,*,#1053,.F.);
#1433=ORIENTED_EDGE('',*,*,#1054,.F.);
#1434=ORIENTED_EDGE('',*,*,#1054,.T.);
#1435=ORIENTED_EDGE('',*,*,#1055,.T.);
#1436=ORIENTED_EDGE('',*,*,#1056,.F.);
#1437=ORIENTED_EDGE('',*,*,#1036,.T.);
#1438=ORIENTED_EDGE('',*,*,#1056,.T.);
#1439=ORIENTED_EDGE('',*,*,#1057,.T.);
#1440=ORIENTED_EDGE('',*,*,#997,.F.);
#1441=ORIENTED_EDGE('',*,*,#1033,.T.);
#1442=ORIENTED_EDGE('',*,*,#995,.T.);
#1443=ORIENTED_EDGE('',*,*,#1058,.T.);
#1444=ORIENTED_EDGE('',*,*,#1059,.F.);
#1445=ORIENTED_EDGE('',*,*,#1028,.T.);
#1446=ORIENTED_EDGE('',*,*,#1023,.T.);
#1447=ORIENTED_EDGE('',*,*,#1059,.T.);
#1448=ORIENTED_EDGE('',*,*,#1060,.F.);
#1449=ORIENTED_EDGE('',*,*,#1061,.F.);
#1450=ORIENTED_EDGE('',*,*,#1062,.F.);
#1451=ORIENTED_EDGE('',*,*,#1016,.T.);
#1452=ORIENTED_EDGE('',*,*,#1061,.T.);
#1453=ORIENTED_EDGE('',*,*,#1063,.F.);
#1454=ORIENTED_EDGE('',*,*,#1064,.T.);
#1455=ORIENTED_EDGE('',*,*,#1065,.T.);
#1456=ORIENTED_EDGE('',*,*,#1037,.F.);
#1457=ORIENTED_EDGE('',*,*,#1011,.F.);
#1458=ORIENTED_EDGE('',*,*,#1018,.F.);
#1459=ORIENTED_EDGE('',*,*,#1024,.F.);
#1460=ORIENTED_EDGE('',*,*,#1007,.F.);
#1461=ORIENTED_EDGE('',*,*,#1048,.F.);
#1462=ORIENTED_EDGE('',*,*,#1051,.T.);
#1463=ORIENTED_EDGE('',*,*,#1052,.F.);
#1464=ORIENTED_EDGE('',*,*,#1034,.F.);
#1465=ORIENTED_EDGE('',*,*,#1031,.F.);
#1466=ORIENTED_EDGE('',*,*,#1029,.F.);
#1467=ORIENTED_EDGE('',*,*,#1026,.F.);
#1468=ORIENTED_EDGE('',*,*,#1021,.F.);
#1469=ORIENTED_EDGE('',*,*,#1014,.F.);
#1470=ORIENTED_EDGE('',*,*,#1066,.T.);
#1471=ORIENTED_EDGE('',*,*,#1067,.T.);
#1472=ORIENTED_EDGE('',*,*,#1009,.T.);
#1473=ORIENTED_EDGE('',*,*,#1039,.T.);
#1474=ORIENTED_EDGE('',*,*,#1068,.T.);
#1475=ORIENTED_EDGE('',*,*,#1069,.F.);
#1476=ORIENTED_EDGE('',*,*,#1001,.F.);
#1477=ORIENTED_EDGE('',*,*,#1038,.T.);
#1478=ORIENTED_EDGE('',*,*,#1065,.F.);
#1479=ORIENTED_EDGE('',*,*,#1070,.T.);
#1480=ORIENTED_EDGE('',*,*,#1071,.F.);
#1481=ORIENTED_EDGE('',*,*,#1072,.T.);
#1482=ORIENTED_EDGE('',*,*,#1063,.T.);
#1483=ORIENTED_EDGE('',*,*,#1060,.T.);
#1484=ORIENTED_EDGE('',*,*,#1058,.F.);
#1485=ORIENTED_EDGE('',*,*,#994,.T.);
#1486=ORIENTED_EDGE('',*,*,#1057,.F.);
#1487=ORIENTED_EDGE('',*,*,#1055,.F.);
#1488=ORIENTED_EDGE('',*,*,#1053,.T.);
#1489=ORIENTED_EDGE('',*,*,#1049,.F.);
#1490=ORIENTED_EDGE('',*,*,#1046,.T.);
#1491=ORIENTED_EDGE('',*,*,#1044,.F.);
#1492=ORIENTED_EDGE('',*,*,#1042,.F.);
#1493=ORIENTED_EDGE('',*,*,#1040,.T.);
#1494=ORIENTED_EDGE('',*,*,#998,.F.);
#1495=ORIENTED_EDGE('',*,*,#1069,.T.);
#1496=ORIENTED_EDGE('',*,*,#1073,.F.);
#1497=ORIENTED_EDGE('',*,*,#1074,.T.);
#1498=ORIENTED_EDGE('',*,*,#1075,.T.);
#1499=ORIENTED_EDGE('',*,*,#1002,.F.);
#1500=ORIENTED_EDGE('',*,*,#1071,.T.);
#1501=ORIENTED_EDGE('',*,*,#1076,.T.);
#1502=ORIENTED_EDGE('',*,*,#1073,.T.);
#1503=ORIENTED_EDGE('',*,*,#1068,.F.);
#1504=ORIENTED_EDGE('',*,*,#1077,.F.);
#1505=ORIENTED_EDGE('',*,*,#1078,.T.);
#1506=ORIENTED_EDGE('',*,*,#1062,.T.);
#1507=ORIENTED_EDGE('',*,*,#1072,.F.);
#1508=ORIENTED_EDGE('',*,*,#1079,.F.);
#1509=ORIENTED_EDGE('',*,*,#1080,.T.);
#1510=ORIENTED_EDGE('',*,*,#1077,.T.);
#1511=ORIENTED_EDGE('',*,*,#1075,.F.);
#1512=ORIENTED_EDGE('',*,*,#1076,.F.);
#1513=ORIENTED_EDGE('',*,*,#1081,.T.);
#1514=ORIENTED_EDGE('',*,*,#1079,.T.);
#1515=ORIENTED_EDGE('',*,*,#1074,.F.);
#1516=ORIENTED_EDGE('',*,*,#1017,.T.);
#1517=ORIENTED_EDGE('',*,*,#1078,.F.);
#1518=ORIENTED_EDGE('',*,*,#1082,.F.);
#1519=ORIENTED_EDGE('',*,*,#1066,.F.);
#1520=ORIENTED_EDGE('',*,*,#1082,.T.);
#1521=ORIENTED_EDGE('',*,*,#1080,.F.);
#1522=ORIENTED_EDGE('',*,*,#1083,.F.);
#1523=ORIENTED_EDGE('',*,*,#1067,.F.);
#1524=ORIENTED_EDGE('',*,*,#1083,.T.);
#1525=ORIENTED_EDGE('',*,*,#1081,.F.);
#1526=ORIENTED_EDGE('',*,*,#1070,.F.);
#1527=ORIENTED_EDGE('',*,*,#1064,.F.);
#1528=ORIENTED_EDGE('',*,*,#1084,.F.);
#1529=ORIENTED_EDGE('',*,*,#1085,.F.);
#1530=ORIENTED_EDGE('',*,*,#1086,.T.);
#1531=ORIENTED_EDGE('',*,*,#1087,.T.);
#1532=ORIENTED_EDGE('',*,*,#1088,.T.);
#1533=ORIENTED_EDGE('',*,*,#1089,.F.);
#1534=ORIENTED_EDGE('',*,*,#1090,.T.);
#1535=ORIENTED_EDGE('',*,*,#1091,.T.);
#1536=ORIENTED_EDGE('',*,*,#1092,.T.);
#1537=ORIENTED_EDGE('',*,*,#1093,.T.);
#1538=ORIENTED_EDGE('',*,*,#1094,.F.);
#1539=ORIENTED_EDGE('',*,*,#1093,.F.);
#1540=ORIENTED_EDGE('',*,*,#1095,.F.);
#1541=ORIENTED_EDGE('',*,*,#1096,.T.);
#1542=ORIENTED_EDGE('',*,*,#1097,.T.);
#1543=ORIENTED_EDGE('',*,*,#1098,.F.);
#1544=ORIENTED_EDGE('',*,*,#1099,.F.);
#1545=ORIENTED_EDGE('',*,*,#1100,.T.);
#1546=ORIENTED_EDGE('',*,*,#1094,.T.);
#1547=ORIENTED_EDGE('',*,*,#1100,.F.);
#1548=ORIENTED_EDGE('',*,*,#1101,.T.);
#1549=ORIENTED_EDGE('',*,*,#1102,.F.);
#1550=ORIENTED_EDGE('',*,*,#1090,.F.);
#1551=ORIENTED_EDGE('',*,*,#1103,.T.);
#1552=ORIENTED_EDGE('',*,*,#1104,.T.);
#1553=ORIENTED_EDGE('',*,*,#1105,.F.);
#1554=ORIENTED_EDGE('',*,*,#1106,.F.);
#1555=ORIENTED_EDGE('',*,*,#1107,.F.);
#1556=ORIENTED_EDGE('',*,*,#1108,.T.);
#1557=ORIENTED_EDGE('',*,*,#1103,.F.);
#1558=ORIENTED_EDGE('',*,*,#1109,.F.);
#1559=ORIENTED_EDGE('',*,*,#1110,.T.);
#1560=ORIENTED_EDGE('',*,*,#1111,.T.);
#1561=ORIENTED_EDGE('',*,*,#1112,.F.);
#1562=ORIENTED_EDGE('',*,*,#1113,.F.);
#1563=ORIENTED_EDGE('',*,*,#1105,.T.);
#1564=ORIENTED_EDGE('',*,*,#1098,.T.);
#1565=ORIENTED_EDGE('',*,*,#1114,.T.);
#1566=ORIENTED_EDGE('',*,*,#1110,.F.);
#1567=ORIENTED_EDGE('',*,*,#1115,.F.);
#1568=ORIENTED_EDGE('',*,*,#1116,.T.);
#1569=ORIENTED_EDGE('',*,*,#1117,.F.);
#1570=ORIENTED_EDGE('',*,*,#1118,.F.);
#1571=ORIENTED_EDGE('',*,*,#1112,.T.);
#1572=ORIENTED_EDGE('',*,*,#1119,.T.);
#1573=ORIENTED_EDGE('',*,*,#1120,.F.);
#1574=ORIENTED_EDGE('',*,*,#1086,.F.);
#1575=ORIENTED_EDGE('',*,*,#1117,.T.);
#1576=ORIENTED_EDGE('',*,*,#1120,.T.);
#1577=ORIENTED_EDGE('',*,*,#1121,.T.);
#1578=ORIENTED_EDGE('',*,*,#1122,.F.);
#1579=ORIENTED_EDGE('',*,*,#1123,.F.);
#1580=ORIENTED_EDGE('',*,*,#1124,.T.);
#1581=ORIENTED_EDGE('',*,*,#1125,.F.);
#1582=ORIENTED_EDGE('',*,*,#1126,.F.);
#1583=ORIENTED_EDGE('',*,*,#1122,.T.);
#1584=ORIENTED_EDGE('',*,*,#1127,.T.);
#1585=ORIENTED_EDGE('',*,*,#1128,.F.);
#1586=ORIENTED_EDGE('',*,*,#1129,.F.);
#1587=ORIENTED_EDGE('',*,*,#1102,.T.);
#1588=ORIENTED_EDGE('',*,*,#1109,.T.);
#1589=ORIENTED_EDGE('',*,*,#1089,.T.);
#1590=ORIENTED_EDGE('',*,*,#1130,.F.);
#1591=ORIENTED_EDGE('',*,*,#1131,.F.);
#1592=ORIENTED_EDGE('',*,*,#1131,.T.);
#1593=ORIENTED_EDGE('',*,*,#1132,.T.);
#1594=ORIENTED_EDGE('',*,*,#1133,.F.);
#1595=ORIENTED_EDGE('',*,*,#1115,.T.);
#1596=ORIENTED_EDGE('',*,*,#1133,.T.);
#1597=ORIENTED_EDGE('',*,*,#1134,.T.);
#1598=ORIENTED_EDGE('',*,*,#1135,.F.);
#1599=ORIENTED_EDGE('',*,*,#1095,.T.);
#1600=ORIENTED_EDGE('',*,*,#1136,.F.);
#1601=ORIENTED_EDGE('',*,*,#1137,.F.);
#1602=ORIENTED_EDGE('',*,*,#1138,.T.);
#1603=ORIENTED_EDGE('',*,*,#1096,.F.);
#1604=ORIENTED_EDGE('',*,*,#1135,.T.);
#1605=ORIENTED_EDGE('',*,*,#1137,.T.);
#1606=ORIENTED_EDGE('',*,*,#1139,.T.);
#1607=ORIENTED_EDGE('',*,*,#1140,.F.);
#1608=ORIENTED_EDGE('',*,*,#1141,.F.);
#1609=ORIENTED_EDGE('',*,*,#1125,.T.);
#1610=ORIENTED_EDGE('',*,*,#1142,.T.);
#1611=ORIENTED_EDGE('',*,*,#1140,.T.);
#1612=ORIENTED_EDGE('',*,*,#1143,.F.);
#1613=ORIENTED_EDGE('',*,*,#1144,.F.);
#1614=ORIENTED_EDGE('',*,*,#1144,.T.);
#1615=ORIENTED_EDGE('',*,*,#1145,.T.);
#1616=ORIENTED_EDGE('',*,*,#1146,.F.);
#1617=ORIENTED_EDGE('',*,*,#1126,.T.);
#1618=ORIENTED_EDGE('',*,*,#1146,.T.);
#1619=ORIENTED_EDGE('',*,*,#1147,.T.);
#1620=ORIENTED_EDGE('',*,*,#1087,.F.);
#1621=ORIENTED_EDGE('',*,*,#1123,.T.);
#1622=ORIENTED_EDGE('',*,*,#1085,.T.);
#1623=ORIENTED_EDGE('',*,*,#1148,.T.);
#1624=ORIENTED_EDGE('',*,*,#1149,.F.);
#1625=ORIENTED_EDGE('',*,*,#1118,.T.);
#1626=ORIENTED_EDGE('',*,*,#1113,.T.);
#1627=ORIENTED_EDGE('',*,*,#1149,.T.);
#1628=ORIENTED_EDGE('',*,*,#1150,.F.);
#1629=ORIENTED_EDGE('',*,*,#1151,.F.);
#1630=ORIENTED_EDGE('',*,*,#1152,.F.);
#1631=ORIENTED_EDGE('',*,*,#1106,.T.);
#1632=ORIENTED_EDGE('',*,*,#1151,.T.);
#1633=ORIENTED_EDGE('',*,*,#1153,.F.);
#1634=ORIENTED_EDGE('',*,*,#1154,.T.);
#1635=ORIENTED_EDGE('',*,*,#1155,.T.);
#1636=ORIENTED_EDGE('',*,*,#1127,.F.);
#1637=ORIENTED_EDGE('',*,*,#1101,.F.);
#1638=ORIENTED_EDGE('',*,*,#1108,.F.);
#1639=ORIENTED_EDGE('',*,*,#1114,.F.);
#1640=ORIENTED_EDGE('',*,*,#1097,.F.);
#1641=ORIENTED_EDGE('',*,*,#1138,.F.);
#1642=ORIENTED_EDGE('',*,*,#1141,.T.);
#1643=ORIENTED_EDGE('',*,*,#1142,.F.);
#1644=ORIENTED_EDGE('',*,*,#1124,.F.);
#1645=ORIENTED_EDGE('',*,*,#1121,.F.);
#1646=ORIENTED_EDGE('',*,*,#1119,.F.);
#1647=ORIENTED_EDGE('',*,*,#1116,.F.);
#1648=ORIENTED_EDGE('',*,*,#1111,.F.);
#1649=ORIENTED_EDGE('',*,*,#1104,.F.);
#1650=ORIENTED_EDGE('',*,*,#1156,.T.);
#1651=ORIENTED_EDGE('',*,*,#1157,.T.);
#1652=ORIENTED_EDGE('',*,*,#1099,.T.);
#1653=ORIENTED_EDGE('',*,*,#1129,.T.);
#1654=ORIENTED_EDGE('',*,*,#1158,.T.);
#1655=ORIENTED_EDGE('',*,*,#1159,.F.);
#1656=ORIENTED_EDGE('',*,*,#1091,.F.);
#1657=ORIENTED_EDGE('',*,*,#1128,.T.);
#1658=ORIENTED_EDGE('',*,*,#1155,.F.);
#1659=ORIENTED_EDGE('',*,*,#1160,.T.);
#1660=ORIENTED_EDGE('',*,*,#1161,.F.);
#1661=ORIENTED_EDGE('',*,*,#1162,.T.);
#1662=ORIENTED_EDGE('',*,*,#1153,.T.);
#1663=ORIENTED_EDGE('',*,*,#1150,.T.);
#1664=ORIENTED_EDGE('',*,*,#1148,.F.);
#1665=ORIENTED_EDGE('',*,*,#1084,.T.);
#1666=ORIENTED_EDGE('',*,*,#1147,.F.);
#1667=ORIENTED_EDGE('',*,*,#1145,.F.);
#1668=ORIENTED_EDGE('',*,*,#1143,.T.);
#1669=ORIENTED_EDGE('',*,*,#1139,.F.);
#1670=ORIENTED_EDGE('',*,*,#1136,.T.);
#1671=ORIENTED_EDGE('',*,*,#1134,.F.);
#1672=ORIENTED_EDGE('',*,*,#1132,.F.);
#1673=ORIENTED_EDGE('',*,*,#1130,.T.);
#1674=ORIENTED_EDGE('',*,*,#1088,.F.);
#1675=ORIENTED_EDGE('',*,*,#1159,.T.);
#1676=ORIENTED_EDGE('',*,*,#1163,.F.);
#1677=ORIENTED_EDGE('',*,*,#1164,.T.);
#1678=ORIENTED_EDGE('',*,*,#1165,.T.);
#1679=ORIENTED_EDGE('',*,*,#1092,.F.);
#1680=ORIENTED_EDGE('',*,*,#1161,.T.);
#1681=ORIENTED_EDGE('',*,*,#1166,.T.);
#1682=ORIENTED_EDGE('',*,*,#1163,.T.);
#1683=ORIENTED_EDGE('',*,*,#1158,.F.);
#1684=ORIENTED_EDGE('',*,*,#1167,.F.);
#1685=ORIENTED_EDGE('',*,*,#1168,.T.);
#1686=ORIENTED_EDGE('',*,*,#1152,.T.);
#1687=ORIENTED_EDGE('',*,*,#1162,.F.);
#1688=ORIENTED_EDGE('',*,*,#1169,.F.);
#1689=ORIENTED_EDGE('',*,*,#1170,.T.);
#1690=ORIENTED_EDGE('',*,*,#1167,.T.);
#1691=ORIENTED_EDGE('',*,*,#1165,.F.);
#1692=ORIENTED_EDGE('',*,*,#1166,.F.);
#1693=ORIENTED_EDGE('',*,*,#1171,.T.);
#1694=ORIENTED_EDGE('',*,*,#1169,.T.);
#1695=ORIENTED_EDGE('',*,*,#1164,.F.);
#1696=ORIENTED_EDGE('',*,*,#1107,.T.);
#1697=ORIENTED_EDGE('',*,*,#1168,.F.);
#1698=ORIENTED_EDGE('',*,*,#1172,.F.);
#1699=ORIENTED_EDGE('',*,*,#1156,.F.);
#1700=ORIENTED_EDGE('',*,*,#1172,.T.);
#1701=ORIENTED_EDGE('',*,*,#1170,.F.);
#1702=ORIENTED_EDGE('',*,*,#1173,.F.);
#1703=ORIENTED_EDGE('',*,*,#1157,.F.);
#1704=ORIENTED_EDGE('',*,*,#1173,.T.);
#1705=ORIENTED_EDGE('',*,*,#1171,.F.);
#1706=ORIENTED_EDGE('',*,*,#1160,.F.);
#1707=ORIENTED_EDGE('',*,*,#1154,.F.);
#1708=PLANE('',#1907);
#1709=PLANE('',#1913);
#1710=PLANE('',#1918);
#1711=PLANE('',#1920);
#1712=PLANE('',#1922);
#1713=PLANE('',#1923);
#1714=PLANE('',#1924);
#1715=PLANE('',#1928);
#1716=PLANE('',#1929);
#1717=PLANE('',#1930);
#1718=PLANE('',#1931);
#1719=PLANE('',#1933);
#1720=PLANE('',#1934);
#1721=PLANE('',#1935);
#1722=PLANE('',#1938);
#1723=PLANE('',#1939);
#1724=PLANE('',#1940);
#1725=PLANE('',#1942);
#1726=PLANE('',#1945);
#1727=PLANE('',#1950);
#1728=PLANE('',#1955);
#1729=PLANE('',#1956);
#1730=PLANE('',#1958);
#1731=PLANE('',#1961);
#1732=PLANE('',#2014);
#1733=PLANE('',#2020);
#1734=PLANE('',#2026);
#1735=PLANE('',#2031);
#1736=PLANE('',#2032);
#1737=PLANE('',#2039);
#1738=PLANE('',#2042);
#1739=PLANE('',#2045);
#1740=PLANE('',#2104);
#1741=PLANE('',#2110);
#1742=PLANE('',#2116);
#1743=PLANE('',#2121);
#1744=PLANE('',#2122);
#1745=PLANE('',#2129);
#1746=PLANE('',#2132);
#1747=PLANE('',#2135);
#1748=ADVANCED_FACE('',(#123,#118),#1708,.F.);
#1749=ADVANCED_FACE('',(#124),#1709,.T.);
#1750=ADVANCED_FACE('',(#125),#1710,.T.);
#1751=ADVANCED_FACE('',(#126),#74,.F.);
#1752=ADVANCED_FACE('',(#127),#1711,.T.);
#1753=ADVANCED_FACE('',(#128),#75,.F.);
#1754=ADVANCED_FACE('',(#129),#1712,.T.);
#1755=ADVANCED_FACE('',(#130),#1713,.T.);
#1756=ADVANCED_FACE('',(#131),#1714,.F.);
#1757=ADVANCED_FACE('',(#132),#69,.T.);
#1758=ADVANCED_FACE('',(#133),#1715,.T.);
#1759=ADVANCED_FACE('',(#134),#1716,.F.);
#1760=ADVANCED_FACE('',(#135),#1717,.T.);
#1761=ADVANCED_FACE('',(#136),#1718,.T.);
#1762=ADVANCED_FACE('',(#137),#1719,.T.);
#1763=ADVANCED_FACE('',(#138),#1720,.F.);
#1764=ADVANCED_FACE('',(#139),#1721,.F.);
#1765=ADVANCED_FACE('',(#140),#70,.T.);
#1766=ADVANCED_FACE('',(#141),#1722,.F.);
#1767=ADVANCED_FACE('',(#142),#1723,.F.);
#1768=ADVANCED_FACE('',(#143),#1724,.F.);
#1769=ADVANCED_FACE('',(#144),#76,.F.);
#1770=ADVANCED_FACE('',(#145),#1725,.T.);
#1771=ADVANCED_FACE('',(#146),#77,.F.);
#1772=ADVANCED_FACE('',(#147),#1726,.F.);
#1773=ADVANCED_FACE('',(#148),#1727,.T.);
#1774=ADVANCED_FACE('',(#149),#1728,.F.);
#1775=ADVANCED_FACE('',(#150),#1729,.F.);
#1776=ADVANCED_FACE('',(#151),#78,.T.);
#1777=ADVANCED_FACE('',(#152),#1730,.F.);
#1778=ADVANCED_FACE('',(#153),#79,.T.);
#1779=ADVANCED_FACE('',(#154),#80,.T.);
#1780=ADVANCED_FACE('',(#155),#1731,.T.);
#1781=ADVANCED_FACE('',(#156),#81,.T.);
#1782=ADVANCED_FACE('',(#157),#82,.T.);
#1783=ADVANCED_FACE('',(#158),#83,.F.);
#1784=ADVANCED_FACE('',(#159),#84,.F.);
#1785=ADVANCED_FACE('',(#160),#31,.T.);
#1786=ADVANCED_FACE('',(#161),#32,.T.);
#1787=ADVANCED_FACE('',(#162),#33,.T.);
#1788=ADVANCED_FACE('',(#163),#85,.T.);
#1789=ADVANCED_FACE('',(#164),#34,.T.);
#1790=ADVANCED_FACE('',(#165),#35,.T.);
#1791=ADVANCED_FACE('',(#166),#86,.T.);
#1792=ADVANCED_FACE('',(#167),#36,.T.);
#1793=ADVANCED_FACE('',(#168),#37,.T.);
#1794=ADVANCED_FACE('',(#169),#87,.T.);
#1795=ADVANCED_FACE('',(#170),#38,.T.);
#1796=ADVANCED_FACE('',(#171),#39,.T.);
#1797=ADVANCED_FACE('',(#172),#88,.T.);
#1798=ADVANCED_FACE('',(#173),#1732,.T.);
#1799=ADVANCED_FACE('',(#174),#89,.F.);
#1800=ADVANCED_FACE('',(#175),#90,.T.);
#1801=ADVANCED_FACE('',(#176),#1733,.T.);
#1802=ADVANCED_FACE('',(#177),#91,.T.);
#1803=ADVANCED_FACE('',(#178),#92,.F.);
#1804=ADVANCED_FACE('',(#179),#1734,.T.);
#1805=ADVANCED_FACE('',(#180),#93,.F.);
#1806=ADVANCED_FACE('',(#181),#94,.T.);
#1807=ADVANCED_FACE('',(#182),#1735,.F.);
#1808=ADVANCED_FACE('',(#183,#119),#1736,.F.);
#1809=ADVANCED_FACE('',(#184),#95,.T.);
#1810=ADVANCED_FACE('',(#185),#96,.T.);
#1811=ADVANCED_FACE('',(#186,#120),#1737,.T.);
#1812=ADVANCED_FACE('',(#187),#1738,.T.);
#1813=ADVANCED_FACE('',(#188),#97,.T.);
#1814=ADVANCED_FACE('',(#189),#1739,.T.);
#1815=ADVANCED_FACE('',(#190),#98,.T.);
#1816=ADVANCED_FACE('',(#191),#40,.T.);
#1817=ADVANCED_FACE('',(#192),#99,.T.);
#1818=ADVANCED_FACE('',(#193),#41,.T.);
#1819=ADVANCED_FACE('',(#194),#100,.T.);
#1820=ADVANCED_FACE('',(#195),#101,.F.);
#1821=ADVANCED_FACE('',(#196),#102,.F.);
#1822=ADVANCED_FACE('',(#197),#42,.T.);
#1823=ADVANCED_FACE('',(#198),#43,.T.);
#1824=ADVANCED_FACE('',(#199),#44,.T.);
#1825=ADVANCED_FACE('',(#200),#103,.T.);
#1826=ADVANCED_FACE('',(#201),#45,.T.);
#1827=ADVANCED_FACE('',(#202),#46,.T.);
#1828=ADVANCED_FACE('',(#203),#104,.T.);
#1829=ADVANCED_FACE('',(#204),#47,.T.);
#1830=ADVANCED_FACE('',(#205),#48,.T.);
#1831=ADVANCED_FACE('',(#206),#105,.T.);
#1832=ADVANCED_FACE('',(#207),#49,.T.);
#1833=ADVANCED_FACE('',(#208),#50,.T.);
#1834=ADVANCED_FACE('',(#209),#106,.T.);
#1835=ADVANCED_FACE('',(#210),#1740,.T.);
#1836=ADVANCED_FACE('',(#211),#107,.F.);
#1837=ADVANCED_FACE('',(#212),#108,.T.);
#1838=ADVANCED_FACE('',(#213),#1741,.T.);
#1839=ADVANCED_FACE('',(#214),#109,.T.);
#1840=ADVANCED_FACE('',(#215),#110,.F.);
#1841=ADVANCED_FACE('',(#216),#1742,.T.);
#1842=ADVANCED_FACE('',(#217),#111,.F.);
#1843=ADVANCED_FACE('',(#218),#112,.T.);
#1844=ADVANCED_FACE('',(#219),#1743,.F.);
#1845=ADVANCED_FACE('',(#220,#121),#1744,.F.);
#1846=ADVANCED_FACE('',(#221),#113,.T.);
#1847=ADVANCED_FACE('',(#222),#114,.T.);
#1848=ADVANCED_FACE('',(#223,#122),#1745,.T.);
#1849=ADVANCED_FACE('',(#224),#1746,.T.);
#1850=ADVANCED_FACE('',(#225),#115,.T.);
#1851=ADVANCED_FACE('',(#226),#1747,.T.);
#1852=ADVANCED_FACE('',(#227),#116,.T.);
#1853=ADVANCED_FACE('',(#228),#51,.T.);
#1854=ADVANCED_FACE('',(#229),#117,.T.);
#1855=ADVANCED_FACE('',(#230),#52,.T.);
#1856=CLOSED_SHELL('',(#1748,#1749,#1750,#1751,#1752,#1753,#1754,#1755,
#1756,#1757,#1758,#1759,#1760,#1761,#1762,#1763,#1764,#1765,#1766,#1767,
#1768,#1769,#1770,#1771));
#1857=CLOSED_SHELL('',(#1772,#1773,#1774,#1775,#1776,#1777,#1778,#1779,
#1780,#1781));
#1858=CLOSED_SHELL('',(#1782,#1783,#1784,#1785,#1786,#1787,#1788,#1789,
#1790,#1791,#1792,#1793,#1794,#1795,#1796,#1797,#1798,#1799,#1800,#1801,
#1802,#1803,#1804,#1805,#1806,#1807,#1808,#1809,#1810,#1811,#1812,#1813,
#1814,#1815,#1816,#1817,#1818));
#1859=CLOSED_SHELL('',(#1819,#1820,#1821,#1822,#1823,#1824,#1825,#1826,
#1827,#1828,#1829,#1830,#1831,#1832,#1833,#1834,#1835,#1836,#1837,#1838,
#1839,#1840,#1841,#1842,#1843,#1844,#1845,#1846,#1847,#1848,#1849,#1850,
#1851,#1852,#1853,#1854,#1855));
#1860=DERIVED_UNIT_ELEMENT(#1868,1.);
#1861=DERIVED_UNIT_ELEMENT(#3495,-3.);
#1862=DERIVED_UNIT_ELEMENT(#1868,1.);
#1863=DERIVED_UNIT_ELEMENT(#3495,-3.);
#1864=DERIVED_UNIT_ELEMENT(#1868,1.);
#1865=DERIVED_UNIT_ELEMENT(#3495,-3.);
#1866=DERIVED_UNIT_ELEMENT(#1868,1.);
#1867=DERIVED_UNIT_ELEMENT(#3495,-3.);
#1868=(
MASS_UNIT()
NAMED_UNIT(*)
SI_UNIT(.KILO.,.GRAM.)
);
#1869=DERIVED_UNIT((#1860,#1861));
#1870=DERIVED_UNIT((#1862,#1863));
#1871=DERIVED_UNIT((#1864,#1865));
#1872=DERIVED_UNIT((#1866,#1867));
#1873=MEASURE_REPRESENTATION_ITEM('density measure',
POSITIVE_RATIO_MEASURE(7850.),#1869);
#1874=MEASURE_REPRESENTATION_ITEM('density measure',
POSITIVE_RATIO_MEASURE(7850.),#1870);
#1875=MEASURE_REPRESENTATION_ITEM('density measure',
POSITIVE_RATIO_MEASURE(7850.),#1871);
#1876=MEASURE_REPRESENTATION_ITEM('density measure',
POSITIVE_RATIO_MEASURE(7850.),#1872);
#1877=PROPERTY_DEFINITION_REPRESENTATION(#1897,#1885);
#1878=PROPERTY_DEFINITION_REPRESENTATION(#1898,#1886);
#1879=PROPERTY_DEFINITION_REPRESENTATION(#1899,#1887);
#1880=PROPERTY_DEFINITION_REPRESENTATION(#1900,#1888);
#1881=PROPERTY_DEFINITION_REPRESENTATION(#1901,#1889);
#1882=PROPERTY_DEFINITION_REPRESENTATION(#1902,#1890);
#1883=PROPERTY_DEFINITION_REPRESENTATION(#1903,#1891);
#1884=PROPERTY_DEFINITION_REPRESENTATION(#1904,#1892);
#1885=REPRESENTATION('material name',(#1893),#3489);
#1886=REPRESENTATION('density',(#1873),#3489);
#1887=REPRESENTATION('material name',(#1894),#3490);
#1888=REPRESENTATION('density',(#1874),#3490);
#1889=REPRESENTATION('material name',(#1895),#3491);
#1890=REPRESENTATION('density',(#1875),#3491);
#1891=REPRESENTATION('material name',(#1896),#3492);
#1892=REPRESENTATION('density',(#1876),#3492);
#1893=DESCRIPTIVE_REPRESENTATION_ITEM('Steel','Steel');
#1894=DESCRIPTIVE_REPRESENTATION_ITEM('Steel','Steel');
#1895=DESCRIPTIVE_REPRESENTATION_ITEM('Steel','Steel');
#1896=DESCRIPTIVE_REPRESENTATION_ITEM('Steel','Steel');
#1897=PROPERTY_DEFINITION('material property','material name',#3519);
#1898=PROPERTY_DEFINITION('material property','density of part',#3519);
#1899=PROPERTY_DEFINITION('material property','material name',#3520);
#1900=PROPERTY_DEFINITION('material property','density of part',#3520);
#1901=PROPERTY_DEFINITION('material property','material name',#3521);
#1902=PROPERTY_DEFINITION('material property','density of part',#3521);
#1903=PROPERTY_DEFINITION('material property','material name',#3522);
#1904=PROPERTY_DEFINITION('material property','density of part',#3522);
#1905=AXIS2_PLACEMENT_3D('',#2766,#2147,#2148);
#1906=AXIS2_PLACEMENT_3D('',#2767,#2149,#2150);
#1907=AXIS2_PLACEMENT_3D('',#2768,#2151,#2152);
#1908=AXIS2_PLACEMENT_3D('',#2784,#2160,#2161);
#1909=AXIS2_PLACEMENT_3D('',#2787,#2162,#2163);
#1910=AXIS2_PLACEMENT_3D('',#2791,#2165,#2166);
#1911=AXIS2_PLACEMENT_3D('',#2795,#2168,#2169);
#1912=AXIS2_PLACEMENT_3D('',#2799,#2171,#2172);
#1913=AXIS2_PLACEMENT_3D('',#2801,#2174,#2175);
#1914=AXIS2_PLACEMENT_3D('',#2804,#2176,#2177);
#1915=AXIS2_PLACEMENT_3D('',#2808,#2179,#2180);
#1916=AXIS2_PLACEMENT_3D('',#2812,#2182,#2183);
#1917=AXIS2_PLACEMENT_3D('',#2816,#2185,#2186);
#1918=AXIS2_PLACEMENT_3D('',#2818,#2188,#2189);
#1919=AXIS2_PLACEMENT_3D('',#2827,#2194,#2195);
#1920=AXIS2_PLACEMENT_3D('',#2830,#2198,#2199);
#1921=AXIS2_PLACEMENT_3D('',#2832,#2201,#2202);
#1922=AXIS2_PLACEMENT_3D('',#2834,#2204,#2205);
#1923=AXIS2_PLACEMENT_3D('',#2836,#2207,#2208);
#1924=AXIS2_PLACEMENT_3D('',#2838,#2210,#2211);
#1925=AXIS2_PLACEMENT_3D('',#2847,#2215,#2216);
#1926=AXIS2_PLACEMENT_3D('',#2849,#2217,#2218);
#1927=AXIS2_PLACEMENT_3D('',#2856,#2220,#2221);
#1928=AXIS2_PLACEMENT_3D('',#2857,#2222,#2223);
#1929=AXIS2_PLACEMENT_3D('',#2861,#2226,#2227);
#1930=AXIS2_PLACEMENT_3D('',#2863,#2229,#2230);
#1931=AXIS2_PLACEMENT_3D('',#2869,#2234,#2235);
#1932=AXIS2_PLACEMENT_3D('',#2877,#2239,#2240);
#1933=AXIS2_PLACEMENT_3D('',#2879,#2242,#2243);
#1934=AXIS2_PLACEMENT_3D('',#2885,#2247,#2248);
#1935=AXIS2_PLACEMENT_3D('',#2890,#2250,#2251);
#1936=AXIS2_PLACEMENT_3D('',#2891,#2252,#2253);
#1937=AXIS2_PLACEMENT_3D('',#2892,#2254,#2255);
#1938=AXIS2_PLACEMENT_3D('',#2893,#2256,#2257);
#1939=AXIS2_PLACEMENT_3D('',#2896,#2260,#2261);
#1940=AXIS2_PLACEMENT_3D('',#2897,#2262,#2263);
#1941=AXIS2_PLACEMENT_3D('',#2898,#2264,#2265);
#1942=AXIS2_PLACEMENT_3D('',#2900,#2267,#2268);
#1943=AXIS2_PLACEMENT_3D('',#2902,#2270,#2271);
#1944=AXIS2_PLACEMENT_3D('',#2903,#2272,#2273);
#1945=AXIS2_PLACEMENT_3D('',#2904,#2274,#2275);
#1946=AXIS2_PLACEMENT_3D('',#2909,#2277,#2278);
#1947=AXIS2_PLACEMENT_3D('',#2913,#2280,#2281);
#1948=AXIS2_PLACEMENT_3D('',#2917,#2283,#2284);
#1949=AXIS2_PLACEMENT_3D('',#2920,#2286,#2287);
#1950=AXIS2_PLACEMENT_3D('',#2921,#2288,#2289);
#1951=AXIS2_PLACEMENT_3D('',#2926,#2291,#2292);
#1952=AXIS2_PLACEMENT_3D('',#2930,#2294,#2295);
#1953=AXIS2_PLACEMENT_3D('',#2934,#2297,#2298);
#1954=AXIS2_PLACEMENT_3D('',#2937,#2300,#2301);
#1955=AXIS2_PLACEMENT_3D('',#2938,#2302,#2303);
#1956=AXIS2_PLACEMENT_3D('',#2941,#2306,#2307);
#1957=AXIS2_PLACEMENT_3D('',#2944,#2310,#2311);
#1958=AXIS2_PLACEMENT_3D('',#2946,#2313,#2314);
#1959=AXIS2_PLACEMENT_3D('',#2948,#2316,#2317);
#1960=AXIS2_PLACEMENT_3D('',#2949,#2318,#2319);
#1961=AXIS2_PLACEMENT_3D('',#2951,#2321,#2322);
#1962=AXIS2_PLACEMENT_3D('',#2953,#2324,#2325);
#1963=AXIS2_PLACEMENT_3D('',#2954,#2326,#2327);
#1964=AXIS2_PLACEMENT_3D('',#2955,#2328,#2329);
#1965=AXIS2_PLACEMENT_3D('',#2958,#2330,#2331);
#1966=AXIS2_PLACEMENT_3D('',#2962,#2333,#2334);
#1967=AXIS2_PLACEMENT_3D('',#2964,#2336,#2337);
#1968=AXIS2_PLACEMENT_3D('',#2967,#2338,#2339);
#1969=AXIS2_PLACEMENT_3D('',#2971,#2341,#2342);
#1970=AXIS2_PLACEMENT_3D('',#2973,#2344,#2345);
#1971=AXIS2_PLACEMENT_3D('',#2975,#2346,#2347);
#1972=AXIS2_PLACEMENT_3D('',#2978,#2349,#2350);
#1973=AXIS2_PLACEMENT_3D('',#2979,#2351,#2352);
#1974=AXIS2_PLACEMENT_3D('',#2982,#2353,#2354);
#1975=AXIS2_PLACEMENT_3D('',#3022,#2355,#2356);
#1976=AXIS2_PLACEMENT_3D('',#3023,#2357,#2358);
#1977=AXIS2_PLACEMENT_3D('',#3024,#2359,#2360);
#1978=AXIS2_PLACEMENT_3D('',#3026,#2361,#2362);
#1979=AXIS2_PLACEMENT_3D('',#3027,#2363,#2364);
#1980=AXIS2_PLACEMENT_3D('',#3028,#2365,#2366);
#1981=AXIS2_PLACEMENT_3D('',#3031,#2367,#2368);
#1982=AXIS2_PLACEMENT_3D('',#3032,#2369,#2370);
#1983=AXIS2_PLACEMENT_3D('',#3033,#2371,#2372);
#1984=AXIS2_PLACEMENT_3D('',#3034,#2373,#2374);
#1985=AXIS2_PLACEMENT_3D('',#3039,#2376,#2377);
#1986=AXIS2_PLACEMENT_3D('',#3042,#2379,#2380);
#1987=AXIS2_PLACEMENT_3D('',#3043,#2381,#2382);
#1988=AXIS2_PLACEMENT_3D('',#3045,#2383,#2384);
#1989=AXIS2_PLACEMENT_3D('',#3047,#2385,#2386);
#1990=AXIS2_PLACEMENT_3D('',#3048,#2387,#2388);
#1991=AXIS2_PLACEMENT_3D('',#3049,#2389,#2390);
#1992=AXIS2_PLACEMENT_3D('',#3051,#2391,#2392);
#1993=AXIS2_PLACEMENT_3D('',#3053,#2393,#2394);
#1994=AXIS2_PLACEMENT_3D('',#3054,#2395,#2396);
#1995=AXIS2_PLACEMENT_3D('',#3055,#2397,#2398);
#1996=AXIS2_PLACEMENT_3D('',#3058,#2401,#2402);
#1997=AXIS2_PLACEMENT_3D('',#3060,#2403,#2404);
#1998=AXIS2_PLACEMENT_3D('',#3061,#2405,#2406);
#1999=AXIS2_PLACEMENT_3D('',#3062,#2407,#2408);
#2000=AXIS2_PLACEMENT_3D('',#3063,#2409,#2410);
#2001=AXIS2_PLACEMENT_3D('',#3065,#2411,#2412);
#2002=AXIS2_PLACEMENT_3D('',#3066,#2413,#2414);
#2003=AXIS2_PLACEMENT_3D('',#3067,#2415,#2416);
#2004=AXIS2_PLACEMENT_3D('',#3071,#2418,#2419);
#2005=AXIS2_PLACEMENT_3D('',#3073,#2421,#2422);
#2006=AXIS2_PLACEMENT_3D('',#3075,#2423,#2424);
#2007=AXIS2_PLACEMENT_3D('',#3121,#2425,#2426);
#2008=AXIS2_PLACEMENT_3D('',#3122,#2427,#2428);
#2009=AXIS2_PLACEMENT_3D('',#3124,#2429,#2430);
#2010=AXIS2_PLACEMENT_3D('',#3126,#2431,#2432);
#2011=AXIS2_PLACEMENT_3D('',#3127,#2433,#2434);
#2012=AXIS2_PLACEMENT_3D('',#3128,#2435,#2436);
#2013=AXIS2_PLACEMENT_3D('',#3130,#2437,#2438);
#2014=AXIS2_PLACEMENT_3D('',#3132,#2440,#2441);
#2015=AXIS2_PLACEMENT_3D('',#3136,#2444,#2445);
#2016=AXIS2_PLACEMENT_3D('',#3138,#2446,#2447);
#2017=AXIS2_PLACEMENT_3D('',#3140,#2449,#2450);
#2018=AXIS2_PLACEMENT_3D('',#3142,#2451,#2452);
#2019=AXIS2_PLACEMENT_3D('',#3145,#2454,#2455);
#2020=AXIS2_PLACEMENT_3D('',#3146,#2456,#2457);
#2021=AXIS2_PLACEMENT_3D('',#3152,#2461,#2462);
#2022=AXIS2_PLACEMENT_3D('',#3153,#2463,#2464);
#2023=AXIS2_PLACEMENT_3D('',#3155,#2465,#2466);
#2024=AXIS2_PLACEMENT_3D('',#3157,#2468,#2469);
#2025=AXIS2_PLACEMENT_3D('',#3159,#2470,#2471);
#2026=AXIS2_PLACEMENT_3D('',#3161,#2473,#2474);
#2027=AXIS2_PLACEMENT_3D('',#3163,#2476,#2477);
#2028=AXIS2_PLACEMENT_3D('',#3165,#2478,#2479);
#2029=AXIS2_PLACEMENT_3D('',#3167,#2481,#2482);
#2030=AXIS2_PLACEMENT_3D('',#3169,#2483,#2484);
#2031=AXIS2_PLACEMENT_3D('',#3171,#2486,#2487);
#2032=AXIS2_PLACEMENT_3D('',#3175,#2490,#2491);
#2033=AXIS2_PLACEMENT_3D('',#3178,#2492,#2493);
#2034=AXIS2_PLACEMENT_3D('',#3181,#2495,#2496);
#2035=AXIS2_PLACEMENT_3D('',#3183,#2498,#2499);
#2036=AXIS2_PLACEMENT_3D('',#3186,#2501,#2502);
#2037=AXIS2_PLACEMENT_3D('',#3187,#2503,#2504);
#2038=AXIS2_PLACEMENT_3D('',#3189,#2505,#2506);
#2039=AXIS2_PLACEMENT_3D('',#3191,#2508,#2509);
#2040=AXIS2_PLACEMENT_3D('',#3193,#2510,#2511);
#2041=AXIS2_PLACEMENT_3D('',#3197,#2513,#2514);
#2042=AXIS2_PLACEMENT_3D('',#3199,#2516,#2517);
#2043=AXIS2_PLACEMENT_3D('',#3201,#2519,#2520);
#2044=AXIS2_PLACEMENT_3D('',#3204,#2522,#2523);
#2045=AXIS2_PLACEMENT_3D('',#3205,#2524,#2525);
#2046=AXIS2_PLACEMENT_3D('',#3209,#2528,#2529);
#2047=AXIS2_PLACEMENT_3D('',#3210,#2530,#2531);
#2048=AXIS2_PLACEMENT_3D('',#3211,#2532,#2533);
#2049=AXIS2_PLACEMENT_3D('',#3212,#2534,#2535);
#2050=AXIS2_PLACEMENT_3D('',#3213,#2536,#2537);
#2051=AXIS2_PLACEMENT_3D('',#3214,#2538,#2539);
#2052=AXIS2_PLACEMENT_3D('',#3215,#2540,#2541);
#2053=AXIS2_PLACEMENT_3D('',#3216,#2542,#2543);
#2054=AXIS2_PLACEMENT_3D('',#3217,#2544,#2545);
#2055=AXIS2_PLACEMENT_3D('',#3220,#2546,#2547);
#2056=AXIS2_PLACEMENT_3D('',#3224,#2549,#2550);
#2057=AXIS2_PLACEMENT_3D('',#3226,#2552,#2553);
#2058=AXIS2_PLACEMENT_3D('',#3229,#2554,#2555);
#2059=AXIS2_PLACEMENT_3D('',#3233,#2557,#2558);
#2060=AXIS2_PLACEMENT_3D('',#3235,#2560,#2561);
#2061=AXIS2_PLACEMENT_3D('',#3237,#2562,#2563);
#2062=AXIS2_PLACEMENT_3D('',#3240,#2565,#2566);
#2063=AXIS2_PLACEMENT_3D('',#3241,#2567,#2568);
#2064=AXIS2_PLACEMENT_3D('',#3244,#2569,#2570);
#2065=AXIS2_PLACEMENT_3D('',#3284,#2571,#2572);
#2066=AXIS2_PLACEMENT_3D('',#3285,#2573,#2574);
#2067=AXIS2_PLACEMENT_3D('',#3286,#2575,#2576);
#2068=AXIS2_PLACEMENT_3D('',#3288,#2577,#2578);
#2069=AXIS2_PLACEMENT_3D('',#3289,#2579,#2580);
#2070=AXIS2_PLACEMENT_3D('',#3290,#2581,#2582);
#2071=AXIS2_PLACEMENT_3D('',#3293,#2583,#2584);
#2072=AXIS2_PLACEMENT_3D('',#3294,#2585,#2586);
#2073=AXIS2_PLACEMENT_3D('',#3295,#2587,#2588);
#2074=AXIS2_PLACEMENT_3D('',#3296,#2589,#2590);
#2075=AXIS2_PLACEMENT_3D('',#3301,#2592,#2593);
#2076=AXIS2_PLACEMENT_3D('',#3304,#2595,#2596);
#2077=AXIS2_PLACEMENT_3D('',#3305,#2597,#2598);
#2078=AXIS2_PLACEMENT_3D('',#3307,#2599,#2600);
#2079=AXIS2_PLACEMENT_3D('',#3309,#2601,#2602);
#2080=AXIS2_PLACEMENT_3D('',#3310,#2603,#2604);
#2081=AXIS2_PLACEMENT_3D('',#3311,#2605,#2606);
#2082=AXIS2_PLACEMENT_3D('',#3313,#2607,#2608);
#2083=AXIS2_PLACEMENT_3D('',#3315,#2609,#2610);
#2084=AXIS2_PLACEMENT_3D('',#3316,#2611,#2612);
#2085=AXIS2_PLACEMENT_3D('',#3317,#2613,#2614);
#2086=AXIS2_PLACEMENT_3D('',#3320,#2617,#2618);
#2087=AXIS2_PLACEMENT_3D('',#3322,#2619,#2620);
#2088=AXIS2_PLACEMENT_3D('',#3323,#2621,#2622);
#2089=AXIS2_PLACEMENT_3D('',#3324,#2623,#2624);
#2090=AXIS2_PLACEMENT_3D('',#3325,#2625,#2626);
#2091=AXIS2_PLACEMENT_3D('',#3327,#2627,#2628);
#2092=AXIS2_PLACEMENT_3D('',#3328,#2629,#2630);
#2093=AXIS2_PLACEMENT_3D('',#3329,#2631,#2632);
#2094=AXIS2_PLACEMENT_3D('',#3333,#2634,#2635);
#2095=AXIS2_PLACEMENT_3D('',#3335,#2637,#2638);
#2096=AXIS2_PLACEMENT_3D('',#3337,#2639,#2640);
#2097=AXIS2_PLACEMENT_3D('',#3383,#2641,#2642);
#2098=AXIS2_PLACEMENT_3D('',#3384,#2643,#2644);
#2099=AXIS2_PLACEMENT_3D('',#3386,#2645,#2646);
#2100=AXIS2_PLACEMENT_3D('',#3388,#2647,#2648);
#2101=AXIS2_PLACEMENT_3D('',#3389,#2649,#2650);
#2102=AXIS2_PLACEMENT_3D('',#3390,#2651,#2652);
#2103=AXIS2_PLACEMENT_3D('',#3392,#2653,#2654);
#2104=AXIS2_PLACEMENT_3D('',#3394,#2656,#2657);
#2105=AXIS2_PLACEMENT_3D('',#3398,#2660,#2661);
#2106=AXIS2_PLACEMENT_3D('',#3400,#2662,#2663);
#2107=AXIS2_PLACEMENT_3D('',#3402,#2665,#2666);
#2108=AXIS2_PLACEMENT_3D('',#3404,#2667,#2668);
#2109=AXIS2_PLACEMENT_3D('',#3407,#2670,#2671);
#2110=AXIS2_PLACEMENT_3D('',#3408,#2672,#2673);
#2111=AXIS2_PLACEMENT_3D('',#3414,#2677,#2678);
#2112=AXIS2_PLACEMENT_3D('',#3415,#2679,#2680);
#2113=AXIS2_PLACEMENT_3D('',#3417,#2681,#2682);
#2114=AXIS2_PLACEMENT_3D('',#3419,#2684,#2685);
#2115=AXIS2_PLACEMENT_3D('',#3421,#2686,#2687);
#2116=AXIS2_PLACEMENT_3D('',#3423,#2689,#2690);
#2117=AXIS2_PLACEMENT_3D('',#3425,#2692,#2693);
#2118=AXIS2_PLACEMENT_3D('',#3427,#2694,#2695);
#2119=AXIS2_PLACEMENT_3D('',#3429,#2697,#2698);
#2120=AXIS2_PLACEMENT_3D('',#3431,#2699,#2700);
#2121=AXIS2_PLACEMENT_3D('',#3433,#2702,#2703);
#2122=AXIS2_PLACEMENT_3D('',#3437,#2706,#2707);
#2123=AXIS2_PLACEMENT_3D('',#3440,#2708,#2709);
#2124=AXIS2_PLACEMENT_3D('',#3443,#2711,#2712);
#2125=AXIS2_PLACEMENT_3D('',#3445,#2714,#2715);
#2126=AXIS2_PLACEMENT_3D('',#3448,#2717,#2718);
#2127=AXIS2_PLACEMENT_3D('',#3449,#2719,#2720);
#2128=AXIS2_PLACEMENT_3D('',#3451,#2721,#2722);
#2129=AXIS2_PLACEMENT_3D('',#3453,#2724,#2725);
#2130=AXIS2_PLACEMENT_3D('',#3455,#2726,#2727);
#2131=AXIS2_PLACEMENT_3D('',#3459,#2729,#2730);
#2132=AXIS2_PLACEMENT_3D('',#3461,#2732,#2733);
#2133=AXIS2_PLACEMENT_3D('',#3463,#2735,#2736);
#2134=AXIS2_PLACEMENT_3D('',#3466,#2738,#2739);
#2135=AXIS2_PLACEMENT_3D('',#3467,#2740,#2741);
#2136=AXIS2_PLACEMENT_3D('',#3471,#2744,#2745);
#2137=AXIS2_PLACEMENT_3D('',#3472,#2746,#2747);
#2138=AXIS2_PLACEMENT_3D('',#3473,#2748,#2749);
#2139=AXIS2_PLACEMENT_3D('',#3474,#2750,#2751);
#2140=AXIS2_PLACEMENT_3D('',#3475,#2752,#2753);
#2141=AXIS2_PLACEMENT_3D('',#3476,#2754,#2755);
#2142=AXIS2_PLACEMENT_3D('',#3477,#2756,#2757);
#2143=AXIS2_PLACEMENT_3D('',#3478,#2758,#2759);
#2144=AXIS2_PLACEMENT_3D('',#3479,#2760,#2761);
#2145=AXIS2_PLACEMENT_3D('',#3480,#2762,#2763);
#2146=AXIS2_PLACEMENT_3D('',#3481,#2764,#2765);
#2147=DIRECTION('axis',(0.,0.,1.));
#2148=DIRECTION('refdir',(1.,0.,0.));
#2149=DIRECTION('axis',(0.,0.,1.));
#2150=DIRECTION('refdir',(1.,0.,0.));
#2151=DIRECTION('center_axis',(0.,0.,-1.));
#2152=DIRECTION('ref_axis',(0.,-1.,0.));
#2153=DIRECTION('',(0.,1.,0.));
#2154=DIRECTION('',(0.701731235892735,-0.712441767846646,0.));
#2155=DIRECTION('',(1.,0.,0.));
#2156=DIRECTION('',(0.701731235892746,0.712441767846635,0.));
#2157=DIRECTION('',(0.,-1.,0.));
#2158=DIRECTION('',(0.707106781186547,-0.707106781186547,0.));
#2159=DIRECTION('',(1.,0.,0.));
#2160=DIRECTION('center_axis',(0.,0.,1.));
#2161=DIRECTION('ref_axis',(1.,0.,0.));
#2162=DIRECTION('center_axis',(0.,0.,1.));
#2163=DIRECTION('ref_axis',(1.,0.,0.));
#2164=DIRECTION('',(0.,1.,0.));
#2165=DIRECTION('center_axis',(0.,0.,1.));
#2166=DIRECTION('ref_axis',(1.,0.,0.));
#2167=DIRECTION('',(1.,0.,0.));
#2168=DIRECTION('center_axis',(0.,0.,1.));
#2169=DIRECTION('ref_axis',(1.,0.,0.));
#2170=DIRECTION('',(0.,-1.,0.));
#2171=DIRECTION('center_axis',(0.,0.,1.));
#2172=DIRECTION('ref_axis',(1.,0.,0.));
#2173=DIRECTION('',(1.,0.,0.));
#2174=DIRECTION('center_axis',(0.,0.,1.));
#2175=DIRECTION('ref_axis',(1.,0.,0.));
#2176=DIRECTION('center_axis',(0.,0.,1.));
#2177=DIRECTION('ref_axis',(1.,0.,0.));
#2178=DIRECTION('',(0.,-1.,0.));
#2179=DIRECTION('center_axis',(0.,0.,1.));
#2180=DIRECTION('ref_axis',(1.,0.,0.));
#2181=DIRECTION('',(1.,0.,0.));
#2182=DIRECTION('center_axis',(0.,0.,1.));
#2183=DIRECTION('ref_axis',(1.,0.,0.));
#2184=DIRECTION('',(0.,1.,0.));
#2185=DIRECTION('center_axis',(0.,0.,1.));
#2186=DIRECTION('ref_axis',(1.,0.,0.));
#2187=DIRECTION('',(1.,0.,0.));
#2188=DIRECTION('center_axis',(1.,0.,0.));
#2189=DIRECTION('ref_axis',(0.,1.,0.));
#2190=DIRECTION('',(0.,-1.,0.));
#2191=DIRECTION('',(0.,-0.240913816834374,-0.970546512465164));
#2192=DIRECTION('',(0.,-1.,0.));
#2193=DIRECTION('',(0.,0.176459246026059,-0.984307946981997));
#2194=DIRECTION('center_axis',(0.,0.,1.));
#2195=DIRECTION('ref_axis',(1.,0.,0.));
#2196=DIRECTION('',(0.,0.,-1.));
#2197=DIRECTION('',(0.,0.,-1.));
#2198=DIRECTION('center_axis',(0.,-1.,0.));
#2199=DIRECTION('ref_axis',(0.,0.,-1.));
#2200=DIRECTION('',(0.,0.,-1.));
#2201=DIRECTION('center_axis',(0.,0.,1.));
#2202=DIRECTION('ref_axis',(1.,0.,0.));
#2203=DIRECTION('',(0.,0.,-1.));
#2204=DIRECTION('center_axis',(1.,0.,0.));
#2205=DIRECTION('ref_axis',(0.,1.,0.));
#2206=DIRECTION('',(0.,0.,-1.));
#2207=DIRECTION('center_axis',(-1.,0.,0.));
#2208=DIRECTION('ref_axis',(0.,0.,1.));
#2209=DIRECTION('',(0.,0.,-1.));
#2210=DIRECTION('center_axis',(-0.992488174177562,0.,-0.122340606985946));
#2211=DIRECTION('ref_axis',(-0.122340606985946,0.,0.992488174177562));
#2212=DIRECTION('',(0.121437961208506,-0.121251133576375,-0.985165460308047));
#2213=DIRECTION('',(0.,1.,0.));
#2214=DIRECTION('',(-0.121435208241936,0.121435208241936,0.985143126859481));
#2215=DIRECTION('center_axis',(0.,0.,-1.));
#2216=DIRECTION('ref_axis',(1.,0.,0.));
#2217=DIRECTION('center_axis',(0.,0.,1.));
#2218=DIRECTION('ref_axis',(1.,0.,0.));
#2219=DIRECTION('',(-0.347661412411569,0.,0.937620148205014));
#2220=DIRECTION('center_axis',(0.,0.,1.));
#2221=DIRECTION('ref_axis',(1.,0.,0.));
#2222=DIRECTION('center_axis',(0.,0.,1.));
#2223=DIRECTION('ref_axis',(1.,0.,0.));
#2224=DIRECTION('',(-1.,0.,0.));
#2225=DIRECTION('',(0.707106781186547,-0.707106781186547,0.));
#2226=DIRECTION('center_axis',(-0.707106781186548,-0.707106781186548,0.));
#2227=DIRECTION('ref_axis',(-0.707106781186548,0.707106781186548,0.));
#2228=DIRECTION('',(-0.121435208241936,0.121435208241936,-0.985143126859481));
#2229=DIRECTION('center_axis',(0.,1.,0.));
#2230=DIRECTION('ref_axis',(1.,0.,0.));
#2231=DIRECTION('',(-0.347661412411569,0.,-0.937620148205014));
#2232=DIRECTION('',(1.,0.,0.));
#2233=DIRECTION('',(1.,0.,0.));
#2234=DIRECTION('center_axis',(0.,0.,-1.));
#2235=DIRECTION('ref_axis',(0.,-1.,0.));
#2236=DIRECTION('',(-1.,0.,0.));
#2237=DIRECTION('',(-0.701731235892735,0.712441767846646,0.));
#2238=DIRECTION('',(0.,1.,0.));
#2239=DIRECTION('center_axis',(0.,0.,1.));
#2240=DIRECTION('ref_axis',(1.,0.,0.));
#2241=DIRECTION('',(-0.701731235892746,-0.712441767846635,0.));
#2242=DIRECTION('center_axis',(-1.,0.,0.));
#2243=DIRECTION('ref_axis',(0.,0.,1.));
#2244=DIRECTION('',(0.,0.240913816834378,0.970546512465163));
#2245=DIRECTION('',(0.,1.,0.));
#2246=DIRECTION('',(0.,-0.176459246026059,0.984307946981997));
#2247=DIRECTION('center_axis',(0.992488174177562,0.,-0.122340606985946));
#2248=DIRECTION('ref_axis',(0.,-1.,0.));
#2249=DIRECTION('',(0.121437961208506,0.121251133576375,0.985165460308047));
#2250=DIRECTION('center_axis',(0.,-0.992488174177562,-0.122340606985946));
#2251=DIRECTION('ref_axis',(0.,0.122340606985946,-0.992488174177562));
#2252=DIRECTION('center_axis',(-8.09722686226611E-9,0.99248817406502,0.122340607898939));
#2253=DIRECTION('ref_axis',(-0.993462077041485,-0.0139667310683274,0.113305039180449));
#2254=DIRECTION('center_axis',(0.,0.,-1.));
#2255=DIRECTION('ref_axis',(1.,0.,0.));
#2256=DIRECTION('center_axis',(0.,0.992511010913631,-0.122155201343216));
#2257=DIRECTION('ref_axis',(0.,0.122155201343216,0.992511010913631));
#2258=DIRECTION('',(-0.121437961208506,-0.121251133576375,-0.985165460308047));
#2259=DIRECTION('',(-0.121437961208506,0.121251133576375,0.985165460308047));
#2260=DIRECTION('center_axis',(0.701873500560292,0.691321847225766,-0.171603300549833));
#2261=DIRECTION('ref_axis',(0.121437961208506,0.121251133576375,0.985165460308047));
#2262=DIRECTION('center_axis',(-0.701873500560281,0.691321847225777,-0.171603300549833));
#2263=DIRECTION('ref_axis',(0.121437961208506,-0.121251133576375,-0.985165460308047));
#2264=DIRECTION('center_axis',(0.,0.,-1.));
#2265=DIRECTION('ref_axis',(-1.,0.,0.));
#2266=DIRECTION('',(0.,0.,-1.));
#2267=DIRECTION('center_axis',(0.,1.,0.));
#2268=DIRECTION('ref_axis',(0.,0.,1.));
#2269=DIRECTION('',(0.,0.,-1.));
#2270=DIRECTION('center_axis',(0.,0.,-1.));
#2271=DIRECTION('ref_axis',(-1.,0.,0.));
#2272=DIRECTION('axis',(0.,0.,1.));
#2273=DIRECTION('refdir',(1.,0.,0.));
#2274=DIRECTION('center_axis',(0.,0.,1.));
#2275=DIRECTION('ref_axis',(1.,0.,0.));
#2276=DIRECTION('',(0.,-1.,0.));
#2277=DIRECTION('center_axis',(0.,0.,-1.));
#2278=DIRECTION('ref_axis',(1.,0.,0.));
#2279=DIRECTION('',(-1.,0.,0.));
#2280=DIRECTION('center_axis',(0.,0.,-1.));
#2281=DIRECTION('ref_axis',(1.,0.,0.));
#2282=DIRECTION('',(0.,1.,0.));
#2283=DIRECTION('center_axis',(0.,0.,1.));
#2284=DIRECTION('ref_axis',(1.,0.,0.));
#2285=DIRECTION('',(1.,0.,0.));
#2286=DIRECTION('center_axis',(0.,0.,1.));
#2287=DIRECTION('ref_axis',(1.,0.,0.));
#2288=DIRECTION('center_axis',(0.,0.,1.));
#2289=DIRECTION('ref_axis',(1.,0.,0.));
#2290=DIRECTION('',(0.,1.,0.));
#2291=DIRECTION('center_axis',(0.,0.,1.));
#2292=DIRECTION('ref_axis',(1.,0.,0.));
#2293=DIRECTION('',(1.,0.,0.));
#2294=DIRECTION('center_axis',(0.,0.,1.));
#2295=DIRECTION('ref_axis',(1.,0.,0.));
#2296=DIRECTION('',(0.,-1.,0.));
#2297=DIRECTION('center_axis',(0.,0.,1.));
#2298=DIRECTION('ref_axis',(1.,0.,0.));
#2299=DIRECTION('',(1.,0.,0.));
#2300=DIRECTION('center_axis',(0.,0.,1.));
#2301=DIRECTION('ref_axis',(1.,0.,0.));
#2302=DIRECTION('center_axis',(-1.,0.,0.));
#2303=DIRECTION('ref_axis',(0.,0.,1.));
#2304=DIRECTION('',(0.,0.,1.));
#2305=DIRECTION('',(0.,0.,-1.));
#2306=DIRECTION('center_axis',(1.,0.,0.));
#2307=DIRECTION('ref_axis',(0.,1.,0.));
#2308=DIRECTION('',(0.,0.,-1.));
#2309=DIRECTION('',(0.,0.,1.));
#2310=DIRECTION('center_axis',(0.,0.,1.));
#2311=DIRECTION('ref_axis',(1.,0.,0.));
#2312=DIRECTION('',(0.,0.,-1.));
#2313=DIRECTION('center_axis',(0.,-1.,0.));
#2314=DIRECTION('ref_axis',(0.,0.,-1.));
#2315=DIRECTION('',(0.,0.,-1.));
#2316=DIRECTION('center_axis',(0.,0.,1.));
#2317=DIRECTION('ref_axis',(1.,0.,0.));
#2318=DIRECTION('center_axis',(0.,0.,1.));
#2319=DIRECTION('ref_axis',(1.,0.,0.));
#2320=DIRECTION('',(0.,0.,1.));
#2321=DIRECTION('center_axis',(0.,-1.,0.));
#2322=DIRECTION('ref_axis',(0.,0.,-1.));
#2323=DIRECTION('',(0.,0.,1.));
#2324=DIRECTION('center_axis',(0.,0.,1.));
#2325=DIRECTION('ref_axis',(1.,0.,0.));
#2326=DIRECTION('axis',(0.,0.,1.));
#2327=DIRECTION('refdir',(1.,0.,0.));
#2328=DIRECTION('center_axis',(0.,0.,-1.));
#2329=DIRECTION('ref_axis',(1.,0.,0.));
#2330=DIRECTION('center_axis',(0.,0.,1.));
#2331=DIRECTION('ref_axis',(1.,0.,0.));
#2332=DIRECTION('',(0.,0.,1.));
#2333=DIRECTION('center_axis',(0.,0.,1.));
#2334=DIRECTION('ref_axis',(0.418057018014803,-0.908420788890573,0.));
#2335=DIRECTION('',(0.,0.,1.));
#2336=DIRECTION('center_axis',(0.,0.,-1.));
#2337=DIRECTION('ref_axis',(1.,0.,0.));
#2338=DIRECTION('center_axis',(0.,0.,1.));
#2339=DIRECTION('ref_axis',(1.,0.,0.));
#2340=DIRECTION('',(0.,0.,1.));
#2341=DIRECTION('center_axis',(0.,0.,-1.));
#2342=DIRECTION('ref_axis',(0.418057010749117,0.908420792234256,0.));
#2343=DIRECTION('',(0.,0.,1.));
#2344=DIRECTION('center_axis',(0.,0.,-1.));
#2345=DIRECTION('ref_axis',(1.,0.,0.));
#2346=DIRECTION('center_axis',(0.,0.,1.));
#2347=DIRECTION('ref_axis',(1.,0.,0.));
#2348=DIRECTION('',(0.,0.,-1.));
#2349=DIRECTION('center_axis',(0.,0.,1.));
#2350=DIRECTION('ref_axis',(1.,0.,0.));
#2351=DIRECTION('center_axis',(0.,0.,1.));
#2352=DIRECTION('ref_axis',(0.849785511847973,-0.527128621735984,0.));
#2353=DIRECTION('center_axis',(0.,0.,-1.));
#2354=DIRECTION('ref_axis',(0.849785511847974,-0.527128621735983,0.));
#2355=DIRECTION('center_axis',(0.,0.,-1.));
#2356=DIRECTION('ref_axis',(0.849785511847973,-0.527128621735984,0.));
#2357=DIRECTION('center_axis',(-0.899744809670678,0.436416403759844,0.));
#2358=DIRECTION('ref_axis',(-0.436416403759844,-0.899744809670678,0.));
#2359=DIRECTION('center_axis',(0.,0.,1.));
#2360=DIRECTION('ref_axis',(1.,0.,0.));
#2361=DIRECTION('center_axis',(0.,0.,1.));
#2362=DIRECTION('ref_axis',(1.,0.,0.));
#2363=DIRECTION('center_axis',(0.,-1.,0.));
#2364=DIRECTION('ref_axis',(-1.,0.,0.));
#2365=DIRECTION('center_axis',(0.,0.,1.));
#2366=DIRECTION('ref_axis',(0.418057010749118,0.908420792234255,0.));
#2367=DIRECTION('center_axis',(0.,0.,-1.));
#2368=DIRECTION('ref_axis',(0.418057010749118,0.908420792234255,0.));
#2369=DIRECTION('center_axis',(-0.947622290286273,-0.319393166728092,0.));
#2370=DIRECTION('ref_axis',(0.319393166728092,-0.947622290286273,0.));
#2371=DIRECTION('center_axis',(0.908420816157922,-0.418056958763964,0.));
#2372=DIRECTION('ref_axis',(-0.418056958763964,-0.908420816157922,0.));
#2373=DIRECTION('center_axis',(0.,1.,0.));
#2374=DIRECTION('ref_axis',(1.,0.,0.));
#2375=DIRECTION('',(0.,1.,0.));
#2376=DIRECTION('center_axis',(0.,1.,0.));
#2377=DIRECTION('ref_axis',(1.,0.,0.));
#2378=DIRECTION('',(0.,1.,0.));
#2379=DIRECTION('center_axis',(0.,-1.,0.));
#2380=DIRECTION('ref_axis',(0.,0.,-1.));
#2381=DIRECTION('center_axis',(0.,0.,-1.));
#2382=DIRECTION('ref_axis',(0.336708234536003,0.941609029691011,0.));
#2383=DIRECTION('center_axis',(0.,0.,1.));
#2384=DIRECTION('ref_axis',(0.336708234536005,0.941609029691011,0.));
#2385=DIRECTION('center_axis',(0.,0.,1.));
#2386=DIRECTION('ref_axis',(0.336708234536004,0.941609029691011,0.));
#2387=DIRECTION('center_axis',(-0.924937620391023,0.38011892663401,0.));
#2388=DIRECTION('ref_axis',(0.38011892663401,0.924937620391023,0.));
#2389=DIRECTION('center_axis',(0.,0.,-1.));
#2390=DIRECTION('ref_axis',(1.,1.16597220767289E-8,0.));
#2391=DIRECTION('center_axis',(0.,0.,1.));
#2392=DIRECTION('ref_axis',(1.,1.16597197753291E-8,0.));
#2393=DIRECTION('center_axis',(-0.947622249842013,0.319393286724004,0.));
#2394=DIRECTION('ref_axis',(0.319393286724004,0.947622249842013,0.));
#2395=DIRECTION('center_axis',(0.,0.,1.));
#2396=DIRECTION('ref_axis',(1.,1.16597226665349E-8,0.));
#2397=DIRECTION('center_axis',(-0.924937620391023,0.38011892663401,0.));
#2398=DIRECTION('ref_axis',(0.38011892663401,0.924937620391023,0.));
#2399=DIRECTION('',(-0.924937620391023,0.38011892663401,0.));
#2400=DIRECTION('',(-0.924937620391023,0.38011892663401,0.));
#2401=DIRECTION('center_axis',(0.,0.,1.));
#2402=DIRECTION('ref_axis',(-0.319393267287958,-0.947622256392875,0.));
#2403=DIRECTION('center_axis',(0.,0.,-1.));
#2404=DIRECTION('ref_axis',(-0.319393267287958,-0.947622256392875,0.));
#2405=DIRECTION('center_axis',(0.908420747435955,0.418057108093979,0.));
#2406=DIRECTION('ref_axis',(-0.418057108093979,0.908420747435955,0.));
#2407=DIRECTION('center_axis',(0.,0.,-1.));
#2408=DIRECTION('ref_axis',(-0.319393267287958,-0.947622256392875,0.));
#2409=DIRECTION('center_axis',(0.,0.,-1.));
#2410=DIRECTION('ref_axis',(0.418057018014803,-0.908420788890573,0.));
#2411=DIRECTION('center_axis',(0.,0.,1.));
#2412=DIRECTION('ref_axis',(0.418057018014804,-0.908420788890573,0.));
#2413=DIRECTION('center_axis',(-0.945395191273778,-0.325926268220923,0.));
#2414=DIRECTION('ref_axis',(-0.325926268220923,0.945395191273778,0.));
#2415=DIRECTION('center_axis',(-0.926347388669773,-0.376670300799907,0.));
#2416=DIRECTION('ref_axis',(-0.376670300799907,0.926347388669773,0.));
#2417=DIRECTION('',(-0.926347388669773,-0.376670300799907,0.));
#2418=DIRECTION('center_axis',(-0.926347388669773,-0.376670300799907,0.));
#2419=DIRECTION('ref_axis',(-0.376670300799907,0.926347388669773,0.));
#2420=DIRECTION('',(-0.926347388669773,-0.376670300799907,0.));
#2421=DIRECTION('center_axis',(0.,0.,1.));
#2422=DIRECTION('ref_axis',(0.417787621152084,-0.908544717453182,0.));
#2423=DIRECTION('center_axis',(0.,0.,-1.));
#2424=DIRECTION('ref_axis',(0.417787621152084,-0.908544717453182,0.));
#2425=DIRECTION('center_axis',(0.,0.,-1.));
#2426=DIRECTION('ref_axis',(0.417787621152084,-0.908544717453182,0.));
#2427=DIRECTION('center_axis',(0.,0.,-1.));
#2428=DIRECTION('ref_axis',(-0.319393155590101,0.947622294040298,0.));
#2429=DIRECTION('center_axis',(0.,0.,1.));
#2430=DIRECTION('ref_axis',(-0.3193931555901,0.947622294040299,0.));
#2431=DIRECTION('center_axis',(4.13307071899999E-8,-0.999999999999999,0.));
#2432=DIRECTION('ref_axis',(-0.999999999999999,-4.13307071899999E-8,0.));
#2433=DIRECTION('center_axis',(0.,0.,1.));
#2434=DIRECTION('ref_axis',(-0.3193931555901,0.947622294040299,0.));
#2435=DIRECTION('center_axis',(0.,0.,-1.));
#2436=DIRECTION('ref_axis',(-0.925908748940319,0.377747254967887,0.));
#2437=DIRECTION('center_axis',(0.,0.,1.));
#2438=DIRECTION('ref_axis',(1.,0.,0.));
#2439=DIRECTION('',(0.,0.,1.));
#2440=DIRECTION('center_axis',(0.38011892663401,0.924937620391023,0.));
#2441=DIRECTION('ref_axis',(0.,0.,-1.));
#2442=DIRECTION('',(0.924937620391023,-0.38011892663401,0.));
#2443=DIRECTION('',(0.,0.,1.));
#2444=DIRECTION('center_axis',(0.,0.,-1.));
#2445=DIRECTION('ref_axis',(1.,0.,0.));
#2446=DIRECTION('center_axis',(0.,0.,1.));
#2447=DIRECTION('ref_axis',(1.,0.,0.));
#2448=DIRECTION('',(0.,0.,1.));
#2449=DIRECTION('center_axis',(0.,0.,-1.));
#2450=DIRECTION('ref_axis',(1.,0.,0.));
#2451=DIRECTION('center_axis',(0.,0.,1.));
#2452=DIRECTION('ref_axis',(1.,0.,0.));
#2453=DIRECTION('',(0.,0.,1.));
#2454=DIRECTION('center_axis',(0.,0.,1.));
#2455=DIRECTION('ref_axis',(1.,0.,0.));
#2456=DIRECTION('center_axis',(0.,1.,0.));
#2457=DIRECTION('ref_axis',(1.,0.,0.));
#2458=DIRECTION('',(1.,0.,0.));
#2459=DIRECTION('',(0.,0.,1.));
#2460=DIRECTION('',(1.,0.,0.));
#2461=DIRECTION('center_axis',(0.,0.,-1.));
#2462=DIRECTION('ref_axis',(1.,0.,0.));
#2463=DIRECTION('center_axis',(0.,0.,1.));
#2464=DIRECTION('ref_axis',(1.,0.,0.));
#2465=DIRECTION('center_axis',(0.,0.,1.));
#2466=DIRECTION('ref_axis',(1.,0.,0.));
#2467=DIRECTION('',(0.,0.,1.));
#2468=DIRECTION('center_axis',(0.,0.,-1.));
#2469=DIRECTION('ref_axis',(1.,0.,0.));
#2470=DIRECTION('center_axis',(0.,0.,1.));
#2471=DIRECTION('ref_axis',(1.,0.,0.));
#2472=DIRECTION('',(0.,0.,1.));
#2473=DIRECTION('center_axis',(-0.376670300799907,0.926347388669773,0.));
#2474=DIRECTION('ref_axis',(0.,0.,1.));
#2475=DIRECTION('',(0.926347388669773,0.376670300799907,0.));
#2476=DIRECTION('center_axis',(0.,0.,-1.));
#2477=DIRECTION('ref_axis',(-0.99859009210658,-0.0530832171836942,0.));
#2478=DIRECTION('center_axis',(0.,0.,1.));
#2479=DIRECTION('ref_axis',(1.,0.,0.));
#2480=DIRECTION('',(0.,0.,1.));
#2481=DIRECTION('center_axis',(0.,0.,-1.));
#2482=DIRECTION('ref_axis',(1.,0.,0.));
#2483=DIRECTION('center_axis',(0.,0.,1.));
#2484=DIRECTION('ref_axis',(1.,0.,0.));
#2485=DIRECTION('',(0.,0.,1.));
#2486=DIRECTION('center_axis',(-1.,0.,0.));
#2487=DIRECTION('ref_axis',(0.,0.,1.));
#2488=DIRECTION('',(0.,0.,1.));
#2489=DIRECTION('',(0.,1.,0.));
#2490=DIRECTION('center_axis',(0.,0.,1.));
#2491=DIRECTION('ref_axis',(1.,0.,0.));
#2492=DIRECTION('center_axis',(0.,0.,-1.));
#2493=DIRECTION('ref_axis',(1.,1.35525271560688E-15,0.));
#2494=DIRECTION('',(0.,1.,0.));
#2495=DIRECTION('center_axis',(0.,0.,-1.));
#2496=DIRECTION('ref_axis',(1.,0.,0.));
#2497=DIRECTION('',(-1.,0.,0.));
#2498=DIRECTION('center_axis',(0.,0.,-1.));
#2499=DIRECTION('ref_axis',(-0.812217087592609,0.583355297072531,0.));
#2500=DIRECTION('',(0.,0.,1.));
#2501=DIRECTION('center_axis',(0.,0.,1.));
#2502=DIRECTION('ref_axis',(1.,0.,0.));
#2503=DIRECTION('center_axis',(0.,-1.,0.));
#2504=DIRECTION('ref_axis',(-1.,0.,0.));
#2505=DIRECTION('center_axis',(0.,1.,0.));
#2506=DIRECTION('ref_axis',(0.,0.,1.));
#2507=DIRECTION('',(0.,-1.,0.));
#2508=DIRECTION('center_axis',(0.,0.,1.));
#2509=DIRECTION('ref_axis',(1.,0.,0.));
#2510=DIRECTION('center_axis',(0.,0.,1.));
#2511=DIRECTION('ref_axis',(1.,0.,0.));
#2512=DIRECTION('',(0.,1.,0.));
#2513=DIRECTION('center_axis',(0.,0.,1.));
#2514=DIRECTION('ref_axis',(1.,0.,0.));
#2515=DIRECTION('',(1.,0.,0.));
#2516=DIRECTION('center_axis',(-1.,0.,0.));
#2517=DIRECTION('ref_axis',(0.,0.,1.));
#2518=DIRECTION('',(0.,0.,1.));
#2519=DIRECTION('center_axis',(0.,0.,1.));
#2520=DIRECTION('ref_axis',(1.,0.,0.));
#2521=DIRECTION('',(0.,0.,1.));
#2522=DIRECTION('center_axis',(0.,0.,1.));
#2523=DIRECTION('ref_axis',(1.,0.,0.));
#2524=DIRECTION('center_axis',(0.,-1.,0.));
#2525=DIRECTION('ref_axis',(0.,0.,-1.));
#2526=DIRECTION('',(0.,0.,1.));
#2527=DIRECTION('',(1.,0.,0.));
#2528=DIRECTION('center_axis',(0.,0.,1.));
#2529=DIRECTION('ref_axis',(1.,0.,0.));
#2530=DIRECTION('center_axis',(0.,0.,1.));
#2531=DIRECTION('ref_axis',(1.,0.,0.));
#2532=DIRECTION('center_axis',(0.,0.,1.));
#2533=DIRECTION('ref_axis',(1.,0.,0.));
#2534=DIRECTION('center_axis',(-1.,0.,0.));
#2535=DIRECTION('ref_axis',(0.,0.,1.));
#2536=DIRECTION('center_axis',(1.,0.,0.));
#2537=DIRECTION('ref_axis',(0.,0.,-1.));
#2538=DIRECTION('center_axis',(-1.,-8.13151629364126E-15,0.));
#2539=DIRECTION('ref_axis',(8.13151629364126E-15,-1.,0.));
#2540=DIRECTION('center_axis',(0.,0.,1.));
#2541=DIRECTION('ref_axis',(1.,0.,0.));
#2542=DIRECTION('axis',(0.,0.,1.));
#2543=DIRECTION('refdir',(1.,0.,0.));
#2544=DIRECTION('center_axis',(0.,0.,-1.));
#2545=DIRECTION('ref_axis',(1.,0.,0.));
#2546=DIRECTION('center_axis',(0.,0.,1.));
#2547=DIRECTION('ref_axis',(1.,0.,0.));
#2548=DIRECTION('',(0.,0.,1.));
#2549=DIRECTION('center_axis',(0.,0.,1.));
#2550=DIRECTION('ref_axis',(0.418056947531134,-0.908420821327291,0.));
#2551=DIRECTION('',(0.,0.,1.));
#2552=DIRECTION('center_axis',(0.,0.,-1.));
#2553=DIRECTION('ref_axis',(1.,0.,0.));
#2554=DIRECTION('center_axis',(0.,0.,1.));
#2555=DIRECTION('ref_axis',(1.,0.,0.));
#2556=DIRECTION('',(0.,0.,1.));
#2557=DIRECTION('center_axis',(0.,0.,-1.));
#2558=DIRECTION('ref_axis',(0.418056959804113,0.908420815679244,0.));
#2559=DIRECTION('',(0.,0.,1.));
#2560=DIRECTION('center_axis',(0.,0.,-1.));
#2561=DIRECTION('ref_axis',(1.,0.,0.));
#2562=DIRECTION('center_axis',(0.,0.,1.));
#2563=DIRECTION('ref_axis',(1.,0.,0.));
#2564=DIRECTION('',(0.,0.,-1.));
#2565=DIRECTION('center_axis',(0.,0.,1.));
#2566=DIRECTION('ref_axis',(1.,0.,0.));
#2567=DIRECTION('center_axis',(0.,0.,1.));
#2568=DIRECTION('ref_axis',(0.849785511847973,-0.527128621735984,0.));
#2569=DIRECTION('center_axis',(0.,0.,-1.));
#2570=DIRECTION('ref_axis',(0.849785511847974,-0.527128621735983,0.));
#2571=DIRECTION('center_axis',(0.,0.,-1.));
#2572=DIRECTION('ref_axis',(0.849785511847973,-0.527128621735984,0.));
#2573=DIRECTION('center_axis',(-0.899744809670678,0.436416403759844,0.));
#2574=DIRECTION('ref_axis',(-0.436416403759844,-0.899744809670678,0.));
#2575=DIRECTION('center_axis',(0.,0.,1.));
#2576=DIRECTION('ref_axis',(1.,0.,0.));
#2577=DIRECTION('center_axis',(0.,0.,1.));
#2578=DIRECTION('ref_axis',(1.,0.,0.));
#2579=DIRECTION('center_axis',(0.,-1.,0.));
#2580=DIRECTION('ref_axis',(-1.,0.,0.));
#2581=DIRECTION('center_axis',(0.,0.,1.));
#2582=DIRECTION('ref_axis',(0.418056959804112,0.908420815679244,0.));
#2583=DIRECTION('center_axis',(0.,0.,-1.));
#2584=DIRECTION('ref_axis',(0.418056959804113,0.908420815679244,0.));
#2585=DIRECTION('center_axis',(-0.947622288232305,-0.319393172822103,0.));
#2586=DIRECTION('ref_axis',(0.319393172822103,-0.947622288232305,0.));
#2587=DIRECTION('center_axis',(0.908420815078224,-0.418056961110104,0.));
#2588=DIRECTION('ref_axis',(-0.418056961110104,-0.908420815078224,0.));
#2589=DIRECTION('center_axis',(0.,1.,0.));
#2590=DIRECTION('ref_axis',(1.,0.,0.));
#2591=DIRECTION('',(0.,1.,0.));
#2592=DIRECTION('center_axis',(0.,1.,0.));
#2593=DIRECTION('ref_axis',(1.,0.,0.));
#2594=DIRECTION('',(0.,1.,0.));
#2595=DIRECTION('center_axis',(0.,-1.,0.));
#2596=DIRECTION('ref_axis',(0.,0.,-1.));
#2597=DIRECTION('center_axis',(0.,0.,-1.));
#2598=DIRECTION('ref_axis',(0.336708234542845,0.941609029688565,0.));
#2599=DIRECTION('center_axis',(0.,0.,1.));
#2600=DIRECTION('ref_axis',(0.336708234542844,0.941609029688565,0.));
#2601=DIRECTION('center_axis',(0.,0.,1.));
#2602=DIRECTION('ref_axis',(0.336708234542845,0.941609029688565,0.));
#2603=DIRECTION('center_axis',(-0.924937620390176,0.380118926636072,0.));
#2604=DIRECTION('ref_axis',(0.380118926636072,0.924937620390176,0.));
#2605=DIRECTION('center_axis',(0.,0.,-1.));
#2606=DIRECTION('ref_axis',(1.,2.61567967285714E-8,0.));
#2607=DIRECTION('center_axis',(0.,0.,1.));
#2608=DIRECTION('ref_axis',(1.,2.61567894080383E-8,0.));
#2609=DIRECTION('center_axis',(-0.947622287191182,0.319393175911061,0.));
#2610=DIRECTION('ref_axis',(0.319393175911061,0.947622287191181,0.));
#2611=DIRECTION('center_axis',(0.,0.,1.));
#2612=DIRECTION('ref_axis',(1.,2.6156793744847E-8,0.));
#2613=DIRECTION('center_axis',(-0.924937620390176,0.380118926636072,0.));
#2614=DIRECTION('ref_axis',(0.380118926636072,0.924937620390176,0.));
#2615=DIRECTION('',(-0.924937620390176,0.380118926636072,0.));
#2616=DIRECTION('',(-0.924937620390176,0.380118926636072,0.));
#2617=DIRECTION('center_axis',(0.,0.,1.));
#2618=DIRECTION('ref_axis',(-0.319393149565012,-0.947622296071036,0.));
#2619=DIRECTION('center_axis',(0.,0.,-1.));
#2620=DIRECTION('ref_axis',(-0.319393149565012,-0.947622296071036,0.));
#2621=DIRECTION('center_axis',(0.908420786856876,0.418057022433943,0.));
#2622=DIRECTION('ref_axis',(-0.418057022433943,0.908420786856876,0.));
#2623=DIRECTION('center_axis',(0.,0.,-1.));
#2624=DIRECTION('ref_axis',(-0.319393149565012,-0.947622296071036,0.));
#2625=DIRECTION('center_axis',(0.,0.,-1.));
#2626=DIRECTION('ref_axis',(0.418056947531134,-0.908420821327291,0.));
#2627=DIRECTION('center_axis',(0.,0.,1.));
#2628=DIRECTION('ref_axis',(0.418056947531134,-0.908420821327291,0.));
#2629=DIRECTION('center_axis',(-0.945395191273778,-0.325926268220923,0.));
#2630=DIRECTION('ref_axis',(-0.325926268220923,0.945395191273778,0.));
#2631=DIRECTION('center_axis',(-0.926347388669773,-0.376670300799907,0.));
#2632=DIRECTION('ref_axis',(-0.376670300799907,0.926347388669773,0.));
#2633=DIRECTION('',(-0.926347388669773,-0.376670300799907,0.));
#2634=DIRECTION('center_axis',(-0.926347388669773,-0.376670300799907,0.));
#2635=DIRECTION('ref_axis',(-0.376670300799907,0.926347388669773,0.));
#2636=DIRECTION('',(-0.926347388669773,-0.376670300799907,0.));
#2637=DIRECTION('center_axis',(0.,0.,1.));
#2638=DIRECTION('ref_axis',(0.417787621152084,-0.908544717453182,0.));
#2639=DIRECTION('center_axis',(0.,0.,-1.));
#2640=DIRECTION('ref_axis',(0.417787621152084,-0.908544717453182,0.));
#2641=DIRECTION('center_axis',(0.,0.,-1.));
#2642=DIRECTION('ref_axis',(0.417787621152084,-0.908544717453182,0.));
#2643=DIRECTION('center_axis',(0.,0.,-1.));
#2644=DIRECTION('ref_axis',(-0.319393069724058,0.947622322981177,0.));
#2645=DIRECTION('center_axis',(0.,0.,1.));
#2646=DIRECTION('ref_axis',(-0.31939306972406,0.947622322981177,0.));
#2647=DIRECTION('center_axis',(-4.38570666499999E-8,-0.999999999999999,
0.));
#2648=DIRECTION('ref_axis',(-0.999999999999999,4.38570666499999E-8,0.));
#2649=DIRECTION('center_axis',(0.,0.,1.));
#2650=DIRECTION('ref_axis',(-0.319393069724059,0.947622322981177,0.));
#2651=DIRECTION('center_axis',(0.,0.,-1.));
#2652=DIRECTION('ref_axis',(-0.925908748452347,0.377747256163971,0.));
#2653=DIRECTION('center_axis',(0.,0.,1.));
#2654=DIRECTION('ref_axis',(1.,0.,0.));
#2655=DIRECTION('',(0.,0.,1.));
#2656=DIRECTION('center_axis',(0.380118926636072,0.924937620390176,0.));
#2657=DIRECTION('ref_axis',(0.,0.,-1.));
#2658=DIRECTION('',(0.924937620390176,-0.380118926636072,0.));
#2659=DIRECTION('',(0.,0.,1.));
#2660=DIRECTION('center_axis',(0.,0.,-1.));
#2661=DIRECTION('ref_axis',(1.,0.,0.));
#2662=DIRECTION('center_axis',(0.,0.,1.));
#2663=DIRECTION('ref_axis',(1.,0.,0.));
#2664=DIRECTION('',(0.,0.,1.));
#2665=DIRECTION('center_axis',(0.,0.,-1.));
#2666=DIRECTION('ref_axis',(1.,0.,0.));
#2667=DIRECTION('center_axis',(0.,0.,1.));
#2668=DIRECTION('ref_axis',(1.,0.,0.));
#2669=DIRECTION('',(0.,0.,1.));
#2670=DIRECTION('center_axis',(0.,0.,1.));
#2671=DIRECTION('ref_axis',(1.,0.,0.));
#2672=DIRECTION('center_axis',(0.,1.,0.));
#2673=DIRECTION('ref_axis',(1.,0.,0.));
#2674=DIRECTION('',(1.,0.,0.));
#2675=DIRECTION('',(0.,0.,1.));
#2676=DIRECTION('',(1.,0.,0.));
#2677=DIRECTION('center_axis',(0.,0.,-1.));
#2678=DIRECTION('ref_axis',(1.,0.,0.));
#2679=DIRECTION('center_axis',(0.,0.,1.));
#2680=DIRECTION('ref_axis',(1.,0.,0.));
#2681=DIRECTION('center_axis',(0.,0.,1.));
#2682=DIRECTION('ref_axis',(1.,0.,0.));
#2683=DIRECTION('',(0.,0.,1.));
#2684=DIRECTION('center_axis',(0.,0.,-1.));
#2685=DIRECTION('ref_axis',(1.,0.,0.));
#2686=DIRECTION('center_axis',(0.,0.,1.));
#2687=DIRECTION('ref_axis',(1.,0.,0.));
#2688=DIRECTION('',(0.,0.,1.));
#2689=DIRECTION('center_axis',(-0.376670300799907,0.926347388669773,0.));
#2690=DIRECTION('ref_axis',(0.,0.,1.));
#2691=DIRECTION('',(0.926347388669773,0.376670300799907,0.));
#2692=DIRECTION('center_axis',(0.,0.,-1.));
#2693=DIRECTION('ref_axis',(-0.998590091311716,-0.0530832321365049,0.));
#2694=DIRECTION('center_axis',(0.,0.,1.));
#2695=DIRECTION('ref_axis',(1.,0.,0.));
#2696=DIRECTION('',(0.,0.,1.));
#2697=DIRECTION('center_axis',(0.,0.,-1.));
#2698=DIRECTION('ref_axis',(1.,0.,0.));
#2699=DIRECTION('center_axis',(0.,0.,1.));
#2700=DIRECTION('ref_axis',(1.,0.,0.));
#2701=DIRECTION('',(0.,0.,1.));
#2702=DIRECTION('center_axis',(-1.,0.,0.));
#2703=DIRECTION('ref_axis',(0.,0.,1.));
#2704=DIRECTION('',(0.,0.,1.));
#2705=DIRECTION('',(0.,1.,0.));
#2706=DIRECTION('center_axis',(0.,0.,1.));
#2707=DIRECTION('ref_axis',(1.,0.,0.));
#2708=DIRECTION('center_axis',(0.,0.,-1.));
#2709=DIRECTION('ref_axis',(1.,0.,0.));
#2710=DIRECTION('',(0.,1.,0.));
#2711=DIRECTION('center_axis',(0.,0.,-1.));
#2712=DIRECTION('ref_axis',(1.,0.,0.));
#2713=DIRECTION('',(-1.,0.,0.));
#2714=DIRECTION('center_axis',(0.,0.,-1.));
#2715=DIRECTION('ref_axis',(1.,0.,0.));
#2716=DIRECTION('',(0.,0.,1.));
#2717=DIRECTION('center_axis',(0.,0.,1.));
#2718=DIRECTION('ref_axis',(1.,0.,0.));
#2719=DIRECTION('center_axis',(0.,-1.,0.));
#2720=DIRECTION('ref_axis',(-1.,0.,0.));
#2721=DIRECTION('center_axis',(0.,1.,0.));
#2722=DIRECTION('ref_axis',(0.,0.,1.));
#2723=DIRECTION('',(0.,-1.,0.));
#2724=DIRECTION('center_axis',(0.,0.,1.));
#2725=DIRECTION('ref_axis',(1.,0.,0.));
#2726=DIRECTION('center_axis',(0.,0.,1.));
#2727=DIRECTION('ref_axis',(1.,0.,0.));
#2728=DIRECTION('',(0.,1.,0.));
#2729=DIRECTION('center_axis',(0.,0.,1.));
#2730=DIRECTION('ref_axis',(1.,0.,0.));
#2731=DIRECTION('',(1.,0.,0.));
#2732=DIRECTION('center_axis',(-1.,0.,0.));
#2733=DIRECTION('ref_axis',(0.,0.,1.));
#2734=DIRECTION('',(0.,0.,1.));
#2735=DIRECTION('center_axis',(0.,0.,1.));
#2736=DIRECTION('ref_axis',(1.,0.,0.));
#2737=DIRECTION('',(0.,0.,1.));
#2738=DIRECTION('center_axis',(0.,0.,1.));
#2739=DIRECTION('ref_axis',(1.,0.,0.));
#2740=DIRECTION('center_axis',(0.,-1.,0.));
#2741=DIRECTION('ref_axis',(0.,0.,-1.));
#2742=DIRECTION('',(0.,0.,1.));
#2743=DIRECTION('',(1.,0.,0.));
#2744=DIRECTION('center_axis',(0.,0.,1.));
#2745=DIRECTION('ref_axis',(1.,0.,0.));
#2746=DIRECTION('center_axis',(0.,0.,1.));
#2747=DIRECTION('ref_axis',(1.,0.,0.));
#2748=DIRECTION('center_axis',(0.,0.,1.));
#2749=DIRECTION('ref_axis',(1.,0.,0.));
#2750=DIRECTION('center_axis',(-1.,0.,0.));
#2751=DIRECTION('ref_axis',(0.,0.,1.));
#2752=DIRECTION('center_axis',(1.,0.,0.));
#2753=DIRECTION('ref_axis',(0.,0.,-1.));
#2754=DIRECTION('center_axis',(-1.,0.,0.));
#2755=DIRECTION('ref_axis',(0.,0.,1.));
#2756=DIRECTION('center_axis',(0.,0.,1.));
#2757=DIRECTION('ref_axis',(1.,0.,0.));
#2758=DIRECTION('',(0.,0.,1.));
#2759=DIRECTION('',(1.,0.,0.));
#2760=DIRECTION('',(1.09628492907443E-16,-4.76910441123384E-17,1.));
#2761=DIRECTION('',(1.,2.28124463763635E-11,-1.09628492906355E-16));
#2762=DIRECTION('',(-1.3137032957076E-33,-2.46519032881566E-32,1.));
#2763=DIRECTION('',(-1.,1.94289029309402E-16,-1.3137032957076E-33));
#2764=DIRECTION('',(0.,0.,1.));
#2765=DIRECTION('',(1.,0.,0.));
#2766=CARTESIAN_POINT('',(0.,0.,0.));
#2767=CARTESIAN_POINT('',(0.,0.,0.));
#2768=CARTESIAN_POINT('Origin',(0.,0.,0.7));
#2769=CARTESIAN_POINT('',(-0.62,-2.49954334051429,0.7));
#2770=CARTESIAN_POINT('',(-0.62,1.308550342937,0.7));
#2771=CARTESIAN_POINT('',(-0.62,-1.4,0.7));
#2772=CARTESIAN_POINT('',(-0.599850876814232,-2.52,0.699999999999999));
#2773=CARTESIAN_POINT('',(-0.61984332840307,-2.49970240339178,0.7));
#2774=CARTESIAN_POINT('',(0.599850876814232,-2.52,0.699999999999999));
#2775=CARTESIAN_POINT('',(-0.7,-2.52,0.699999999999999));
#2776=CARTESIAN_POINT('',(0.62,-2.49954334051429,0.7));
#2777=CARTESIAN_POINT('',(0.620121488199242,-2.49941999803943,0.7));
#2778=CARTESIAN_POINT('',(0.62,1.14065,0.7));
#2779=CARTESIAN_POINT('',(0.62,1.4,0.7));
#2780=CARTESIAN_POINT('',(0.44065,1.32,0.7));
#2781=CARTESIAN_POINT('',(0.338849,1.421801,0.7));
#2782=CARTESIAN_POINT('',(-0.595234407608,1.32,0.7));
#2783=CARTESIAN_POINT('',(-0.7,1.32,0.7));
#2784=CARTESIAN_POINT('Origin',(0.,0.,0.7));
#2785=CARTESIAN_POINT('',(-0.55,-2.2,0.700000000032267));
#2786=CARTESIAN_POINT('',(-0.299999999999998,-2.45,0.700000000032267));
#2787=CARTESIAN_POINT('Origin',(-0.3,-2.2,0.700000000032267));
#2788=CARTESIAN_POINT('',(-0.55,0.999999990714,0.7));
#2789=CARTESIAN_POINT('',(-0.55,-0.999999982106,0.7));
#2790=CARTESIAN_POINT('',(-0.300000007853,1.25,0.7));
#2791=CARTESIAN_POINT('Origin',(-0.3,1.,0.7));
#2792=CARTESIAN_POINT('',(0.299999994473,1.25,0.7));
#2793=CARTESIAN_POINT('',(-0.300000007853,1.25,0.7));
#2794=CARTESIAN_POINT('',(0.55,0.999999996076,0.7));
#2795=CARTESIAN_POINT('Origin',(0.3,1.,0.7));
#2796=CARTESIAN_POINT('',(0.55,-2.2,0.700000000032267));
#2797=CARTESIAN_POINT('',(0.55,0.999999996076,0.7));
#2798=CARTESIAN_POINT('',(0.299999999999998,-2.45,0.700000000032267));
#2799=CARTESIAN_POINT('Origin',(0.3,-2.2,0.700000000032267));
#2800=CARTESIAN_POINT('',(-0.299999999999998,-2.45,0.700000000032267));
#2801=CARTESIAN_POINT('Origin',(1.254663219E-8,-3.171224694E-8,0.5));
#2802=CARTESIAN_POINT('',(0.299999999999998,-2.45,0.5));
#2803=CARTESIAN_POINT('',(0.55,-2.2,0.5));
#2804=CARTESIAN_POINT('Origin',(0.3,-2.2,0.5));
#2805=CARTESIAN_POINT('',(0.55,0.999999996076,0.5));
#2806=CARTESIAN_POINT('',(0.55,0.999999996076,0.5));
#2807=CARTESIAN_POINT('',(0.299999994473,1.25,0.5));
#2808=CARTESIAN_POINT('Origin',(0.3,1.,0.5));
#2809=CARTESIAN_POINT('',(-0.300000007853,1.25,0.5));
#2810=CARTESIAN_POINT('',(-0.300000007853,1.25,0.5));
#2811=CARTESIAN_POINT('',(-0.55,0.999999990714,0.5));
#2812=CARTESIAN_POINT('Origin',(-0.3,1.,0.5));
#2813=CARTESIAN_POINT('',(-0.55,-2.2,0.5));
#2814=CARTESIAN_POINT('',(-0.55,-0.999999982106,0.5));
#2815=CARTESIAN_POINT('',(-0.299999999999998,-2.45,0.5));
#2816=CARTESIAN_POINT('Origin',(-0.3,-2.2,0.5));
#2817=CARTESIAN_POINT('',(-0.299999999999998,-2.45,0.5));
#2818=CARTESIAN_POINT('Origin',(0.7,1.4,0.05));
#2819=CARTESIAN_POINT('',(0.7,1.384993640996,0.051));
#2820=CARTESIAN_POINT('',(0.7,-2.57942026359121,0.051));
#2821=CARTESIAN_POINT('',(0.7,1.4,0.051));
#2822=CARTESIAN_POINT('',(0.7,-2.57966848849706,0.05));
#2823=CARTESIAN_POINT('',(0.7,-2.34869065002405,0.980518384260373));
#2824=CARTESIAN_POINT('',(0.7,1.385172913394,0.05));
#2825=CARTESIAN_POINT('',(0.7,1.4,0.05));
#2826=CARTESIAN_POINT('',(0.7,1.384993640996,0.051));
#2827=CARTESIAN_POINT('Origin',(0.3,1.,0.7));
#2828=CARTESIAN_POINT('',(0.299999994473,1.25,0.7));
#2829=CARTESIAN_POINT('',(0.55,0.999999996076,0.7));
#2830=CARTESIAN_POINT('Origin',(-0.300000007853,1.25,0.7));
#2831=CARTESIAN_POINT('',(-0.300000007853,1.25,0.7));
#2832=CARTESIAN_POINT('Origin',(-0.3,1.,0.7));
#2833=CARTESIAN_POINT('',(-0.55,0.999999990714,0.7));
#2834=CARTESIAN_POINT('Origin',(-0.55,-0.999999982106,0.7));
#2835=CARTESIAN_POINT('',(-0.55,-2.2,0.700000000032267));
#2836=CARTESIAN_POINT('Origin',(0.55,0.999999996076,0.7));
#2837=CARTESIAN_POINT('',(0.55,-2.2,0.700000000032267));
#2838=CARTESIAN_POINT('Origin',(0.66,1.4,0.3755));
#2839=CARTESIAN_POINT('',(0.601993137805132,-2.4815641811841,0.846080669557801));
#2840=CARTESIAN_POINT('',(0.644653312789,1.332224495462,0.5));
#2841=CARTESIAN_POINT('Ctrl Pts',(0.7,1.384993640996,0.051));
#2842=CARTESIAN_POINT('Ctrl Pts',(0.671789232215913,1.35822306134169,0.279859853589102));
#2843=CARTESIAN_POINT('Ctrl Pts',(0.644653312789,1.332224495462,0.5));
#2844=CARTESIAN_POINT('',(0.644653312789,1.115996687211,0.5));
#2845=CARTESIAN_POINT('',(0.644653312789,1.337862379911,0.5));
#2846=CARTESIAN_POINT('',(0.633646820169,1.127003179831,0.589290171382));
#2847=CARTESIAN_POINT('Origin',(0.,0.,0.));
#2848=CARTESIAN_POINT('',(0.669853715374,1.4,0.05));
#2849=CARTESIAN_POINT('Origin',(0.,0.,0.05));
#2850=CARTESIAN_POINT('',(0.669482924054,1.4,0.051));
#2851=CARTESIAN_POINT('',(0.669853715374,1.4,0.05));
#2852=CARTESIAN_POINT('',(0.618310171682,1.344653312789,0.5));
#2853=CARTESIAN_POINT('Ctrl Pts',(0.618310171682,1.344653312789,0.5));
#2854=CARTESIAN_POINT('Ctrl Pts',(0.643082080924359,1.37122700679246,0.284420907366087));
#2855=CARTESIAN_POINT('Ctrl Pts',(0.669482924054,1.4,0.051));
#2856=CARTESIAN_POINT('Origin',(0.,0.,0.5));
#2857=CARTESIAN_POINT('Origin',(0.605938759822,1.275724759822,0.5));
#2858=CARTESIAN_POINT('',(0.415996687211,1.344653312789,0.5));
#2859=CARTESIAN_POINT('',(-0.04703062008893,1.344653312789,0.5));
#2860=CARTESIAN_POINT('',(0.338849,1.421801,0.5));
#2861=CARTESIAN_POINT('Origin',(0.338849,1.421801,0.7));
#2862=CARTESIAN_POINT('',(0.41103341755,1.34961658245,0.459735474872));
#2863=CARTESIAN_POINT('Origin',(-0.7,1.4,0.05));
#2864=CARTESIAN_POINT('',(-0.669482924054,1.4,0.051));
#2865=CARTESIAN_POINT('',(-0.669853715374,1.4,0.05));
#2866=CARTESIAN_POINT('',(-0.669482924054,1.4,0.051));
#2867=CARTESIAN_POINT('',(-0.7,1.4,0.051));
#2868=CARTESIAN_POINT('',(-0.7,1.4,0.05));
#2869=CARTESIAN_POINT('Origin',(0.,0.,0.05));
#2870=CARTESIAN_POINT('',(0.679974143377848,-2.6,0.05));
#2871=CARTESIAN_POINT('',(-0.679974143377848,-2.6,0.05));
#2872=CARTESIAN_POINT('',(0.699999999999995,-2.6,0.05));
#2873=CARTESIAN_POINT('',(-0.7,-2.57966848849705,0.05));
#2874=CARTESIAN_POINT('',(-1.64498757107579,-1.62025756121541,0.05));
#2875=CARTESIAN_POINT('',(-0.7,1.385172913394,0.05));
#2876=CARTESIAN_POINT('',(-0.7,-1.4,0.05));
#2877=CARTESIAN_POINT('Origin',(0.,0.,0.05));
#2878=CARTESIAN_POINT('',(1.64498757107578,-1.62025756121545,0.05));
#2879=CARTESIAN_POINT('Origin',(-0.7,-1.4,0.05));
#2880=CARTESIAN_POINT('',(-0.7,-2.57942026359121,0.051));
#2881=CARTESIAN_POINT('',(-0.7,-2.51120115802082,0.325827803007211));
#2882=CARTESIAN_POINT('',(-0.7,1.384993640996,0.051));
#2883=CARTESIAN_POINT('',(-0.7,-1.4,0.051));
#2884=CARTESIAN_POINT('',(-0.7,1.385172913394,0.05));
#2885=CARTESIAN_POINT('Origin',(-0.66,-1.4,0.3755));
#2886=CARTESIAN_POINT('',(-0.64322171108119,-2.52272932588605,0.511613868854402));
#2887=CARTESIAN_POINT('Ctrl Pts',(-0.62,1.308550342937,0.7));
#2888=CARTESIAN_POINT('Ctrl Pts',(-0.658864792273696,1.34595842708211,0.384709372620775));
#2889=CARTESIAN_POINT('Ctrl Pts',(-0.7,1.384993640996,0.051));
#2890=CARTESIAN_POINT('Origin',(-0.7,1.36,0.3755));
#2891=CARTESIAN_POINT('Origin',(241.347400966379,4.72138572002057,-26.8937254314801));
#2892=CARTESIAN_POINT('Origin',(0.,0.,0.));
#2893=CARTESIAN_POINT('Origin',(-0.7,-2.52,0.699999999999999));
#2894=CARTESIAN_POINT('',(-0.601327793802708,-2.5214746448085,0.688018510930944));
#2895=CARTESIAN_POINT('',(0.580681744011238,-2.50086035817047,0.855509589864932));
#2896=CARTESIAN_POINT('Origin',(-0.64322171108119,-2.52272932588605,0.511613868854402));
#2897=CARTESIAN_POINT('Origin',(0.601993137805132,-2.4815641811841,0.846080669557801));
#2898=CARTESIAN_POINT('Origin',(-0.3,-2.2,0.700000000032267));
#2899=CARTESIAN_POINT('',(-0.299999999999998,-2.45,0.700000000032267));
#2900=CARTESIAN_POINT('Origin',(-0.299999999999998,-2.45,0.700000000032267));
#2901=CARTESIAN_POINT('',(0.299999999999998,-2.45,0.700000000032267));
#2902=CARTESIAN_POINT('Origin',(0.3,-2.2,0.700000000032267));
#2903=CARTESIAN_POINT('',(0.,0.,0.));
#2904=CARTESIAN_POINT('Origin',(-1.1759001E-10,-8.042279448E-8,0.49));
#2905=CARTESIAN_POINT('',(0.549999999927,0.999993951057,0.49));
#2906=CARTESIAN_POINT('',(0.549999999927,-2.2,0.49));
#2907=CARTESIAN_POINT('',(0.549999999927,0.999993951057,0.49));
#2908=CARTESIAN_POINT('',(0.299999999927,-2.45,0.49));
#2909=CARTESIAN_POINT('Origin',(0.299999999927,-2.2,0.49));
#2910=CARTESIAN_POINT('',(-0.3,-2.45,0.49));
#2911=CARTESIAN_POINT('',(-0.3,-2.45,0.49));
#2912=CARTESIAN_POINT('',(-0.55,-2.2,0.49));
#2913=CARTESIAN_POINT('Origin',(-0.3,-2.2,0.49));
#2914=CARTESIAN_POINT('',(-0.55,0.999999993755,0.49));
#2915=CARTESIAN_POINT('',(-0.55,-1.000000004665,0.49));
#2916=CARTESIAN_POINT('',(-0.300000021891,1.25,0.49));
#2917=CARTESIAN_POINT('Origin',(-0.3,1.,0.49));
#2918=CARTESIAN_POINT('',(0.299999990984,1.25,0.49));
#2919=CARTESIAN_POINT('',(-0.300000021891,1.25,0.49));
#2920=CARTESIAN_POINT('Origin',(0.3,1.,0.49));
#2921=CARTESIAN_POINT('Origin',(-1.1759001E-10,-8.042279448E-8,0.7));
#2922=CARTESIAN_POINT('',(-0.55,-2.2,0.7));
#2923=CARTESIAN_POINT('',(-0.55,0.999999993755,0.7));
#2924=CARTESIAN_POINT('',(-0.55,-1.000000004665,0.7));
#2925=CARTESIAN_POINT('',(-0.3,-2.45,0.7));
#2926=CARTESIAN_POINT('Origin',(-0.3,-2.2,0.7));
#2927=CARTESIAN_POINT('',(0.299999999927,-2.45,0.7));
#2928=CARTESIAN_POINT('',(-0.3,-2.45,0.7));
#2929=CARTESIAN_POINT('',(0.549999999927,-2.2,0.7));
#2930=CARTESIAN_POINT('Origin',(0.299999999927,-2.2,0.7));
#2931=CARTESIAN_POINT('',(0.549999999927,0.999993951057,0.7));
#2932=CARTESIAN_POINT('',(0.549999999927,0.999993951057,0.7));
#2933=CARTESIAN_POINT('',(0.299999990984,1.25,0.7));
#2934=CARTESIAN_POINT('Origin',(0.3,1.,0.7));
#2935=CARTESIAN_POINT('',(-0.300000021891,1.25,0.7));
#2936=CARTESIAN_POINT('',(-0.300000021891,1.25,0.7));
#2937=CARTESIAN_POINT('Origin',(-0.3,1.,0.7));
#2938=CARTESIAN_POINT('Origin',(0.549999999927,0.999993951057,0.7));
#2939=CARTESIAN_POINT('',(0.549999999927,-2.2,-1.33002746855944));
#2940=CARTESIAN_POINT('',(0.549999999927,0.999993951057,0.7));
#2941=CARTESIAN_POINT('Origin',(-0.55,-1.000000004665,0.7));
#2942=CARTESIAN_POINT('',(-0.55,0.999999993755,0.7));
#2943=CARTESIAN_POINT('',(-0.55,-2.2,-1.33002746855944));
#2944=CARTESIAN_POINT('Origin',(-0.3,1.,0.7));
#2945=CARTESIAN_POINT('',(-0.300000021891,1.25,0.7));
#2946=CARTESIAN_POINT('Origin',(-0.300000021891,1.25,0.7));
#2947=CARTESIAN_POINT('',(0.299999990984,1.25,0.7));
#2948=CARTESIAN_POINT('Origin',(0.3,1.,0.7));
#2949=CARTESIAN_POINT('Origin',(0.299999999927,-2.2,-1.33002746855944));
#2950=CARTESIAN_POINT('',(0.299999999927,-2.45,-1.33002746855944));
#2951=CARTESIAN_POINT('Origin',(-0.3,-2.45,-1.33002746855944));
#2952=CARTESIAN_POINT('',(-0.3,-2.45,-1.33002746855944));
#2953=CARTESIAN_POINT('Origin',(-0.3,-2.2,-1.33002746855944));
#2954=CARTESIAN_POINT('',(0.,0.,0.));
#2955=CARTESIAN_POINT('Origin',(0.31,1.36,0.));
#2956=CARTESIAN_POINT('',(0.358076557072,1.255531609278,0.1));
#2957=CARTESIAN_POINT('',(0.272518479155,1.468720446996,0.1));
#2958=CARTESIAN_POINT('Origin',(0.31,1.36,0.1));
#2959=CARTESIAN_POINT('',(0.358076557072,1.255531609278,0.02));
#2960=CARTESIAN_POINT('',(0.358076557072,1.255531609278,0.));
#2961=CARTESIAN_POINT('',(0.272518479155,1.468720446996,0.02));
#2962=CARTESIAN_POINT('Origin',(0.31,1.36,0.02));
#2963=CARTESIAN_POINT('',(0.272518479155,1.468720446996,0.));
#2964=CARTESIAN_POINT('Origin',(-0.391521111118,1.182857942763,0.));
#2965=CARTESIAN_POINT('',(-0.36596965778,1.10704815954,0.1));
#2966=CARTESIAN_POINT('',(-0.358076550258,1.255531606142,0.1));
#2967=CARTESIAN_POINT('Origin',(-0.391521111118,1.182857942763,0.1));
#2968=CARTESIAN_POINT('',(-0.358076550258,1.255531606142,0.02));
#2969=CARTESIAN_POINT('',(-0.358076550258,1.255531606142,0.));
#2970=CARTESIAN_POINT('',(-0.36596965778,1.10704815954,0.02));
#2971=CARTESIAN_POINT('Origin',(-0.391521111118,1.182857942763,0.02));
#2972=CARTESIAN_POINT('',(-0.36596965778,1.10704815954,0.));
#2973=CARTESIAN_POINT('Origin',(0.,1.3,0.));
#2974=CARTESIAN_POINT('',(-0.1,1.3,0.1));
#2975=CARTESIAN_POINT('Origin',(0.,1.3,0.1));
#2976=CARTESIAN_POINT('',(-0.1,1.3,0.02));
#2977=CARTESIAN_POINT('',(-0.1,1.3,0.));
#2978=CARTESIAN_POINT('Origin',(0.,1.3,0.02));
#2979=CARTESIAN_POINT('Origin',(-0.238678810233,1.496389501927,0.02));
#2980=CARTESIAN_POINT('',(-0.205996223451,1.476116236868,0.02));
#2981=CARTESIAN_POINT('',(-0.255463300895,1.461785490193,0.02));
#2982=CARTESIAN_POINT('Origin',(-0.238678810233,1.496389501927,0.02));
#2983=CARTESIAN_POINT('',(-0.180304869846,1.493222149918,0.));
#2984=CARTESIAN_POINT('Ctrl Pts',(-0.205996223451,1.476116236868,0.02));
#2985=CARTESIAN_POINT('Ctrl Pts',(-0.20599622327,1.476116237044,0.01938816663538));
#2986=CARTESIAN_POINT('Ctrl Pts',(-0.205932958558,1.476177649317,0.0187772756632));
#2987=CARTESIAN_POINT('Ctrl Pts',(-0.205806731871,1.476300183688,0.01817302441004));
#2988=CARTESIAN_POINT('Ctrl Pts',(-0.205625189522,1.476475691969,0.01757852003967));
#2989=CARTESIAN_POINT('Ctrl Pts',(-0.205400443699,1.476690999567,0.01699500713011));
#2990=CARTESIAN_POINT('Ctrl Pts',(-0.205140829725,1.47693715905,0.01642319198569));
#2991=CARTESIAN_POINT('Ctrl Pts',(-0.204853366271,1.477206600429,0.01586278792631));
#2992=CARTESIAN_POINT('Ctrl Pts',(-0.204349315206,1.477673268944,0.01497095493175));
#2993=CARTESIAN_POINT('Ctrl Pts',(-0.204147068605,1.477859242753,0.01463308785535));
#2994=CARTESIAN_POINT('Ctrl Pts',(-0.203936811969,1.478051163969,0.01429888941599));
#2995=CARTESIAN_POINT('Ctrl Pts',(-0.203719428466,1.478248051677,0.01396820809476));
#2996=CARTESIAN_POINT('Ctrl Pts',(-0.203495622948,1.478449116222,0.01364092923926));
#2997=CARTESIAN_POINT('Ctrl Pts',(-0.203265953445,1.478653724236,0.01331696427283));
#2998=CARTESIAN_POINT('Ctrl Pts',(-0.203030862655,1.478861363672,0.01299623990377));
#2999=CARTESIAN_POINT('Ctrl Pts',(-0.202085431341,1.479689053397,0.01174610408858));
#3000=CARTESIAN_POINT('Ctrl Pts',(-0.201336754629,1.480328741276,0.0108412369246));
#3001=CARTESIAN_POINT('Ctrl Pts',(-0.20055376618,1.480979947207,0.009962633224317));
#3002=CARTESIAN_POINT('Ctrl Pts',(-0.199740258301,1.48163763947,0.009111307828325));
#3003=CARTESIAN_POINT('Ctrl Pts',(-0.19889852766,1.482298394896,0.00828915361723));
#3004=CARTESIAN_POINT('Ctrl Pts',(-0.198030342803,1.482959387236,0.007498527312244));
#3005=CARTESIAN_POINT('Ctrl Pts',(-0.197136880811,1.483618510286,0.006742251104757));
#3006=CARTESIAN_POINT('Ctrl Pts',(-0.195389292156,1.484866535531,0.005372709539567));
#3007=CARTESIAN_POINT('Ctrl Pts',(-0.194539533105,1.485456135608,0.004752697826721));
#3008=CARTESIAN_POINT('Ctrl Pts',(-0.193671115636,1.486040991195,0.004165490428888));
#3009=CARTESIAN_POINT('Ctrl Pts',(-0.192785020618,1.486619684123,0.003613433831597));
#3010=CARTESIAN_POINT('Ctrl Pts',(-0.191882317373,1.487190861207,0.003098895811926));
#3011=CARTESIAN_POINT('Ctrl Pts',(-0.190964230351,1.4877532112,0.002624195087677));
#3012=CARTESIAN_POINT('Ctrl Pts',(-0.190032205814,1.488305441745,0.002191530966548));
#3013=CARTESIAN_POINT('Ctrl Pts',(-0.188024915486,1.489455135107,0.001365385515169));
#3014=CARTESIAN_POINT('Ctrl Pts',(-0.186946324651,1.490049585765,0.0009836628642929));
#3015=CARTESIAN_POINT('Ctrl Pts',(-0.185854593619,1.490627811637,0.0006606302281905));
#3016=CARTESIAN_POINT('Ctrl Pts',(-0.184752445939,1.491188121239,0.0003988237751592));
#3017=CARTESIAN_POINT('Ctrl Pts',(-0.18364292239,1.491728965793,0.0002003883784765));
#3018=CARTESIAN_POINT('Ctrl Pts',(-0.182529362266,1.492248976745,6.70353385906E-5));
#3019=CARTESIAN_POINT('Ctrl Pts',(-0.181415384678,1.492747003295,1.0531118E-10));
#3020=CARTESIAN_POINT('Ctrl Pts',(-0.180304869846,1.493222149918,0.));
#3021=CARTESIAN_POINT('',(-0.264198859196736,1.44377300175395,3.00303925534577E-9));
#3022=CARTESIAN_POINT('Origin',(-0.238678810233,1.496389501927,0.));
#3023=CARTESIAN_POINT('Origin',(-0.26419162897,1.443790594,0.02));
#3024=CARTESIAN_POINT('Origin',(0.,1.3,0.02));
#3025=CARTESIAN_POINT('',(-0.12,1.3,0.));
#3026=CARTESIAN_POINT('Origin',(0.,1.3,0.));
#3027=CARTESIAN_POINT('Origin',(-0.12,1.3,0.02));
#3028=CARTESIAN_POINT('Origin',(-0.391521111118,1.182857942763,0.02));
#3029=CARTESIAN_POINT('',(-0.349715411083,1.273700022465,0.));
#3030=CARTESIAN_POINT('',(-0.359581794445,1.088095713734,0.));
#3031=CARTESIAN_POINT('Origin',(-0.391521111118,1.182857942763,0.));
#3032=CARTESIAN_POINT('Origin',(-0.359581794445,1.088095713734,0.02));
#3033=CARTESIAN_POINT('Origin',(-0.349715411083,1.273700022465,0.02));
#3034=CARTESIAN_POINT('Origin',(0.38,0.700000004714,0.02));
#3035=CARTESIAN_POINT('',(0.38,0.5,0.));
#3036=CARTESIAN_POINT('',(0.38,1.059667057062,0.));
#3037=CARTESIAN_POINT('',(0.38,0.700000004714,0.));
#3038=CARTESIAN_POINT('',(0.4,1.059667057062,0.02));
#3039=CARTESIAN_POINT('Origin',(0.38,1.059667057062,0.02));
#3040=CARTESIAN_POINT('',(0.4,0.5,0.0199999999999998));
#3041=CARTESIAN_POINT('',(0.4,0.700000004714,0.02));
#3042=CARTESIAN_POINT('Origin',(0.38,0.5,0.02));
#3043=CARTESIAN_POINT('Origin',(-0.31,1.36,0.02));
#3044=CARTESIAN_POINT('',(-0.278885217058666,1.44977392127555,1.42248676668807E-9));
#3045=CARTESIAN_POINT('Origin',(-0.31,1.36,0.));
#3046=CARTESIAN_POINT('',(-0.271278553028,1.468285038414,0.02));
#3047=CARTESIAN_POINT('Origin',(-0.31,1.36,0.02));
#3048=CARTESIAN_POINT('Origin',(-0.278880931561,1.449786286007,0.02));
#3049=CARTESIAN_POINT('Origin',(0.35,1.059667056479,0.02));
#3050=CARTESIAN_POINT('',(0.359581798602,1.088095723974,0.));
#3051=CARTESIAN_POINT('Origin',(0.35,1.059667056479,0.));
#3052=CARTESIAN_POINT('',(0.365969664336,1.107048168971,0.02));
#3053=CARTESIAN_POINT('Origin',(0.359581798602,1.088095723974,0.02));
#3054=CARTESIAN_POINT('Origin',(0.35,1.059667056479,0.02));
#3055=CARTESIAN_POINT('Origin',(-0.263065679428,1.443286737785,0.02));
#3056=CARTESIAN_POINT('',(-0.263065679428,1.443286737785,0.));
#3057=CARTESIAN_POINT('',(-0.255463300895,1.461785490193,0.02));
#3058=CARTESIAN_POINT('Origin',(0.391521125719,1.182857949483,0.02));
#3059=CARTESIAN_POINT('',(0.34971541491,1.273700024226,0.));
#3060=CARTESIAN_POINT('Origin',(0.391521125719,1.182857949483,0.));
#3061=CARTESIAN_POINT('Origin',(0.34971541491,1.273700024226,0.02));
#3062=CARTESIAN_POINT('Origin',(0.391521125719,1.182857949483,0.02));
#3063=CARTESIAN_POINT('Origin',(0.31,1.36,0.02));
#3064=CARTESIAN_POINT('',(0.279042537399803,1.44979893643831,1.79256471645461E-9));
#3065=CARTESIAN_POINT('Origin',(0.31,1.36,0.));
#3066=CARTESIAN_POINT('Origin',(0.279037004519,1.449812543171,0.02));
#3067=CARTESIAN_POINT('Origin',(0.280051885171,1.450193499223,0.02));
#3068=CARTESIAN_POINT('',(0.262999396386594,1.44325245323953,3.68860711650691E-10));
#3069=CARTESIAN_POINT('',(0.280051885171,1.450193499223,0.));
#3070=CARTESIAN_POINT('',(0.255463300895,1.461785490193,0.02));
#3071=CARTESIAN_POINT('Origin',(0.262996706911,1.44325854242,0.02));
#3072=CARTESIAN_POINT('',(0.272518479155,1.468720446996,0.02));
#3073=CARTESIAN_POINT('Origin',(0.239015876928,1.497552993595,0.02));
#3074=CARTESIAN_POINT('',(0.179721868473,1.494591765437,0.));
#3075=CARTESIAN_POINT('Origin',(0.239015876928,1.497552993595,0.));
#3076=CARTESIAN_POINT('',(0.205996223451,1.476116236868,0.02));
#3077=CARTESIAN_POINT('Ctrl Pts',(0.205996223451,1.476116236868,0.02));
#3078=CARTESIAN_POINT('Ctrl Pts',(0.205996223279,1.476116237058,0.01959415676783));
#3079=CARTESIAN_POINT('Ctrl Pts',(0.20595636345,1.476160351379,0.01918920217797));
#3080=CARTESIAN_POINT('Ctrl Pts',(0.205876913692,1.476248284486,0.01878869601782));
#3081=CARTESIAN_POINT('Ctrl Pts',(0.205763159606,1.47637377025,0.01839435319718));
#3082=CARTESIAN_POINT('Ctrl Pts',(0.205623271187,1.476526973543,0.0180067126811));
#3083=CARTESIAN_POINT('Ctrl Pts',(0.205462613248,1.476701520513,0.01762606061086));
#3084=CARTESIAN_POINT('Ctrl Pts',(0.205285747548,1.47689197696,0.01725203177746));
#3085=CARTESIAN_POINT('Ctrl Pts',(0.204956213749,1.477243513707,0.01661409655082));
#3086=CARTESIAN_POINT('Ctrl Pts',(0.204809723661,1.477398829927,0.01634743680605));
#3087=CARTESIAN_POINT('Ctrl Pts',(0.204657121893,1.477559549367,0.01608338753148));
#3088=CARTESIAN_POINT('Ctrl Pts',(0.20449928225,1.477724612886,0.01582171841065));
#3089=CARTESIAN_POINT('Ctrl Pts',(0.204336869638,1.47789321158,0.01556225184106));
#3090=CARTESIAN_POINT('Ctrl Pts',(0.204170384907,1.47806473179,0.01530484437341));
#3091=CARTESIAN_POINT('Ctrl Pts',(0.204000209708,1.478238700096,0.01504936815078));
#3092=CARTESIAN_POINT('Ctrl Pts',(0.203580477878,1.478664405024,0.01443588110223));
#3093=CARTESIAN_POINT('Ctrl Pts',(0.203327536565,1.478918187851,0.01407976180182));
#3094=CARTESIAN_POINT('Ctrl Pts',(0.203068716241,1.479174964903,0.01372704864912));
#3095=CARTESIAN_POINT('Ctrl Pts',(0.202804621034,1.4794339662,0.01337758820546));
#3096=CARTESIAN_POINT('Ctrl Pts',(0.202535675868,1.479694636182,0.01303130786086));
#3097=CARTESIAN_POINT('Ctrl Pts',(0.20226219729,1.479956547818,0.01268818130493));
#3098=CARTESIAN_POINT('Ctrl Pts',(0.201984429579,1.48021935833,0.01234821099927));
#3099=CARTESIAN_POINT('Ctrl Pts',(0.201011311742,1.481128834102,0.01118556761755));
#3100=CARTESIAN_POINT('Ctrl Pts',(0.200295401158,1.481778625435,0.01037894036667));
#3101=CARTESIAN_POINT('Ctrl Pts',(0.199557517665,1.482428192273,0.009592113692124));
#3102=CARTESIAN_POINT('Ctrl Pts',(0.19879860608,1.483075628513,0.008826721522382));
#3103=CARTESIAN_POINT('Ctrl Pts',(0.198019226854,1.483719476617,0.008084790377853));
#3104=CARTESIAN_POINT('Ctrl Pts',(0.197219889651,1.484358372707,0.007368575702063));
#3105=CARTESIAN_POINT('Ctrl Pts',(0.196401024643,1.484991144348,0.006680561707557));
#3106=CARTESIAN_POINT('Ctrl Pts',(0.19484304591,1.486154187881,0.005458207269198));
#3107=CARTESIAN_POINT('Ctrl Pts',(0.194108832969,1.486686405965,0.004915827994547));
#3108=CARTESIAN_POINT('Ctrl Pts',(0.19336101054,1.487212417931,0.004397756678747));
#3109=CARTESIAN_POINT('Ctrl Pts',(0.192600025705,1.487731448849,0.003905631546764));
#3110=CARTESIAN_POINT('Ctrl Pts',(0.191826416838,1.48824271996,0.00344108266382));
#3111=CARTESIAN_POINT('Ctrl Pts',(0.191040837454,1.488745448399,0.003005701676157));
#3112=CARTESIAN_POINT('Ctrl Pts',(0.190244080073,1.48923884691,0.002601011551799));
#3113=CARTESIAN_POINT('Ctrl Pts',(0.188272897471,1.490419330341,0.001690934716073));
#3114=CARTESIAN_POINT('Ctrl Pts',(0.187087369725,1.491095508946,0.001220241172926));
#3115=CARTESIAN_POINT('Ctrl Pts',(0.185883321013,1.49174830698,0.0008206661591655));
#3116=CARTESIAN_POINT('Ctrl Pts',(0.184664133324,1.492375483853,0.0004959947299675));
#3117=CARTESIAN_POINT('Ctrl Pts',(0.183433730964,1.492974994427,0.0002494212330649));
#3118=CARTESIAN_POINT('Ctrl Pts',(0.18219654507,1.49354507267,8.348401342346E-5));
#3119=CARTESIAN_POINT('Ctrl Pts',(0.180957478126,1.494084315301,1.1791642E-10));
#3120=CARTESIAN_POINT('Ctrl Pts',(0.179721868473,1.494591765437,0.));
#3121=CARTESIAN_POINT('Origin',(0.239015876928,1.497552993595,0.02));
#3122=CARTESIAN_POINT('Origin',(-0.35,1.059667044838,0.02));
#3123=CARTESIAN_POINT('',(-0.38,1.059667043598,0.));
#3124=CARTESIAN_POINT('Origin',(-0.35,1.059667044838,0.));
#3125=CARTESIAN_POINT('',(-0.4,1.059667042772,0.02));
#3126=CARTESIAN_POINT('Origin',(-0.38,1.059667043598,0.02));
#3127=CARTESIAN_POINT('Origin',(-0.35,1.059667044838,0.02));
#3128=CARTESIAN_POINT('Origin',(-0.31,1.36,0.));
#3129=CARTESIAN_POINT('',(-0.271278553028,1.468285038414,0.1));
#3130=CARTESIAN_POINT('Origin',(-0.31,1.36,0.1));
#3131=CARTESIAN_POINT('',(-0.271278553028,1.468285038414,0.));
#3132=CARTESIAN_POINT('Origin',(-0.271278553028,1.468285038414,0.));
#3133=CARTESIAN_POINT('',(-0.255463300895,1.461785490193,0.1));
#3134=CARTESIAN_POINT('',(-0.271278553028,1.468285038414,0.1));
#3135=CARTESIAN_POINT('',(-0.255463300895,1.461785490193,0.));
#3136=CARTESIAN_POINT('Origin',(-0.238678810233,1.496389501927,0.));
#3137=CARTESIAN_POINT('',(-0.205996223451,1.476116236868,0.1));
#3138=CARTESIAN_POINT('Origin',(-0.238678810233,1.496389501927,0.1));
#3139=CARTESIAN_POINT('',(-0.205996223451,1.476116236868,0.));
#3140=CARTESIAN_POINT('Origin',(-0.146968728641,1.415308767372,0.));
#3141=CARTESIAN_POINT('',(-0.15,1.5,0.1));
#3142=CARTESIAN_POINT('Origin',(-0.146968728641,1.415308767372,0.1));
#3143=CARTESIAN_POINT('',(-0.15,1.5,0.));
#3144=CARTESIAN_POINT('',(-0.15,1.5,0.));
#3145=CARTESIAN_POINT('Origin',(-0.146968728641,1.415308767372,0.));
#3146=CARTESIAN_POINT('Origin',(-0.15,1.5,0.));
#3147=CARTESIAN_POINT('',(0.15,1.5,0.1));
#3148=CARTESIAN_POINT('',(-0.15,1.5,0.1));
#3149=CARTESIAN_POINT('',(0.15,1.5,0.));
#3150=CARTESIAN_POINT('',(0.15,1.5,0.));
#3151=CARTESIAN_POINT('',(-0.15,1.5,0.));
#3152=CARTESIAN_POINT('Origin',(0.152154959062,1.427468045453,0.));
#3153=CARTESIAN_POINT('Origin',(0.152154959062,1.427468045453,0.));
#3154=CARTESIAN_POINT('',(0.205996223451,1.476116236868,0.1));
#3155=CARTESIAN_POINT('Origin',(0.152154959062,1.427468045453,0.1));
#3156=CARTESIAN_POINT('',(0.205996223451,1.476116236868,0.));
#3157=CARTESIAN_POINT('Origin',(0.239015876928,1.497552993595,0.));
#3158=CARTESIAN_POINT('',(0.255463300895,1.461785490193,0.1));
#3159=CARTESIAN_POINT('Origin',(0.239015876928,1.497552993595,0.1));
#3160=CARTESIAN_POINT('',(0.255463300895,1.461785490193,0.));
#3161=CARTESIAN_POINT('Origin',(0.255463300895,1.461785490193,0.));
#3162=CARTESIAN_POINT('',(0.255463300895,1.461785490193,0.1));
#3163=CARTESIAN_POINT('Origin',(0.391521125719,1.182857949483,0.));
#3164=CARTESIAN_POINT('',(0.365969664336,1.107048168971,0.1));
#3165=CARTESIAN_POINT('Origin',(0.391521125719,1.182857949483,0.1));
#3166=CARTESIAN_POINT('',(0.365969664336,1.107048168971,0.));
#3167=CARTESIAN_POINT('Origin',(0.35,1.059667056479,0.));
#3168=CARTESIAN_POINT('',(0.4,1.059667057062,0.1));
#3169=CARTESIAN_POINT('Origin',(0.35,1.059667056479,0.1));
#3170=CARTESIAN_POINT('',(0.4,1.059667057062,0.));
#3171=CARTESIAN_POINT('Origin',(0.4,0.700000004714,0.));
#3172=CARTESIAN_POINT('',(0.4,0.5,0.1));
#3173=CARTESIAN_POINT('',(0.4,0.5,-0.854400376186949));
#3174=CARTESIAN_POINT('',(0.4,0.700000004714,0.1));
#3175=CARTESIAN_POINT('Origin',(3.399930321339E-5,1.052554727847,0.));
#3176=CARTESIAN_POINT('',(-0.299999999999999,0.42,0.));
#3177=CARTESIAN_POINT('',(-0.38,0.500000000000001,0.));
#3178=CARTESIAN_POINT('Origin',(-0.3,0.5,0.));
#3179=CARTESIAN_POINT('',(-0.38,0.699999990423,0.));
#3180=CARTESIAN_POINT('',(0.299999999999999,0.42,0.));
#3181=CARTESIAN_POINT('Origin',(0.3,0.5,0.));
#3182=CARTESIAN_POINT('',(-0.299999999999999,0.42,0.));
#3183=CARTESIAN_POINT('Origin',(-0.35,1.059667044838,0.));
#3184=CARTESIAN_POINT('',(-0.4,1.059667042772,0.1));
#3185=CARTESIAN_POINT('',(-0.4,1.059667042772,0.));
#3186=CARTESIAN_POINT('Origin',(-0.35,1.059667044838,0.1));
#3187=CARTESIAN_POINT('Origin',(-0.38,1.059667042772,0.02));
#3188=CARTESIAN_POINT('',(-0.4,0.500000000000001,0.0199999999999998));
#3189=CARTESIAN_POINT('Origin',(-0.38,0.500000000000001,0.02));
#3190=CARTESIAN_POINT('',(-0.4,1.059667042772,0.02));
#3191=CARTESIAN_POINT('Origin',(3.399930321339E-5,1.052554727847,0.1));
#3192=CARTESIAN_POINT('',(0.299999999999999,0.4,0.1));
#3193=CARTESIAN_POINT('Origin',(0.3,0.5,0.1));
#3194=CARTESIAN_POINT('',(-0.4,0.500000000000001,0.1));
#3195=CARTESIAN_POINT('',(-0.4,0.699999990423,0.1));
#3196=CARTESIAN_POINT('',(-0.299999999999999,0.4,0.1));
#3197=CARTESIAN_POINT('Origin',(-0.3,0.5,0.1));
#3198=CARTESIAN_POINT('',(-0.299999999999999,0.4,0.1));
#3199=CARTESIAN_POINT('Origin',(-0.4,0.699999990423,0.));
#3200=CARTESIAN_POINT('',(-0.4,0.500000000000001,-0.854400376186949));
#3201=CARTESIAN_POINT('Origin',(0.3,0.5,-0.854400376186949));
#3202=CARTESIAN_POINT('',(0.299999999999999,0.4,0.0199999999999998));
#3203=CARTESIAN_POINT('',(0.299999999999999,0.4,-0.854400376186949));
#3204=CARTESIAN_POINT('Origin',(0.3,0.5,0.0200000000000001));
#3205=CARTESIAN_POINT('Origin',(-0.299999999999999,0.4,-0.854400376186949));
#3206=CARTESIAN_POINT('',(-0.299999999999999,0.4,0.0199999999999998));
#3207=CARTESIAN_POINT('',(-0.299999999999999,0.4,-0.854400376186949));
#3208=CARTESIAN_POINT('',(0.299999999999999,0.4,0.02));
#3209=CARTESIAN_POINT('Origin',(-0.3,0.5,-0.854400376186949));
#3210=CARTESIAN_POINT('Origin',(-0.3,0.5,0.0200000000000001));
#3211=CARTESIAN_POINT('Origin',(0.3,0.5,0.0200000000000001));
#3212=CARTESIAN_POINT('Origin',(0.299999999999999,0.42,0.02));
#3213=CARTESIAN_POINT('Origin',(3.399930321339E-5,0.42,0.02));
#3214=CARTESIAN_POINT('Origin',(-0.299999999999999,0.42,0.02));
#3215=CARTESIAN_POINT('Origin',(-0.3,0.5,0.0200000000000001));
#3216=CARTESIAN_POINT('',(0.,0.,0.));
#3217=CARTESIAN_POINT('Origin',(0.31,1.36,0.));
#3218=CARTESIAN_POINT('',(0.358076548966,1.255531605547,0.1));
#3219=CARTESIAN_POINT('',(0.272518479155,1.468720446996,0.1));
#3220=CARTESIAN_POINT('Origin',(0.31,1.36,0.1));
#3221=CARTESIAN_POINT('',(0.358076548966,1.255531605547,0.02));
#3222=CARTESIAN_POINT('',(0.358076548966,1.255531605547,0.));
#3223=CARTESIAN_POINT('',(0.272518479155,1.468720446996,0.02));
#3224=CARTESIAN_POINT('Origin',(0.31,1.36,0.02));
#3225=CARTESIAN_POINT('',(0.272518479155,1.468720446996,0.));
#3226=CARTESIAN_POINT('Origin',(-0.391521107312,1.182857941012,0.));
#3227=CARTESIAN_POINT('',(-0.365969653486,1.107048157953,0.1));
#3228=CARTESIAN_POINT('',(-0.358076550528,1.255531606266,0.1));
#3229=CARTESIAN_POINT('Origin',(-0.391521107312,1.182857941012,0.1));
#3230=CARTESIAN_POINT('',(-0.358076550528,1.255531606266,0.02));
#3231=CARTESIAN_POINT('',(-0.358076550528,1.255531606266,0.));
#3232=CARTESIAN_POINT('',(-0.365969653486,1.107048157953,0.02));
#3233=CARTESIAN_POINT('Origin',(-0.391521107312,1.182857941012,0.02));
#3234=CARTESIAN_POINT('',(-0.365969653486,1.107048157953,0.));
#3235=CARTESIAN_POINT('Origin',(0.,1.3,0.));
#3236=CARTESIAN_POINT('',(-0.1,1.3,0.1));
#3237=CARTESIAN_POINT('Origin',(0.,1.3,0.1));
#3238=CARTESIAN_POINT('',(-0.1,1.3,0.02));
#3239=CARTESIAN_POINT('',(-0.1,1.3,0.));
#3240=CARTESIAN_POINT('Origin',(0.,1.3,0.02));
#3241=CARTESIAN_POINT('Origin',(-0.238678810233,1.496389501927,0.02));
#3242=CARTESIAN_POINT('',(-0.205996223451,1.476116236868,0.02));
#3243=CARTESIAN_POINT('',(-0.255463300895,1.461785490193,0.02));
#3244=CARTESIAN_POINT('Origin',(-0.238678810233,1.496389501927,0.02));
#3245=CARTESIAN_POINT('',(-0.180304869846,1.493222149918,0.));
#3246=CARTESIAN_POINT('Ctrl Pts',(-0.205996223451,1.476116236868,0.02));
#3247=CARTESIAN_POINT('Ctrl Pts',(-0.20599622327,1.476116237044,0.01938816663694));
#3248=CARTESIAN_POINT('Ctrl Pts',(-0.205932958559,1.476177649317,0.01877727566639));
#3249=CARTESIAN_POINT('Ctrl Pts',(-0.205806731871,1.476300183687,0.01817302441462));
#3250=CARTESIAN_POINT('Ctrl Pts',(-0.205625189524,1.476475691967,0.01757852004587));
#3251=CARTESIAN_POINT('Ctrl Pts',(-0.205400443702,1.476690999565,0.01699500713751));
#3252=CARTESIAN_POINT('Ctrl Pts',(-0.205140829729,1.476937159046,0.01642319199454));
#3253=CARTESIAN_POINT('Ctrl Pts',(-0.204853366276,1.477206600424,0.01586278793637));
#3254=CARTESIAN_POINT('Ctrl Pts',(-0.204349315213,1.477673268938,0.01497095494298));
#3255=CARTESIAN_POINT('Ctrl Pts',(-0.204147068612,1.477859242746,0.01463308786652));
#3256=CARTESIAN_POINT('Ctrl Pts',(-0.203936811977,1.478051163962,0.0142988894271));
#3257=CARTESIAN_POINT('Ctrl Pts',(-0.203719428474,1.47824805167,0.01396820810581));
#3258=CARTESIAN_POINT('Ctrl Pts',(-0.203495622956,1.478449116215,0.01364092925025));
#3259=CARTESIAN_POINT('Ctrl Pts',(-0.203265953453,1.478653724229,0.01331696428377));
#3260=CARTESIAN_POINT('Ctrl Pts',(-0.203030862663,1.478861363665,0.01299623991465));
#3261=CARTESIAN_POINT('Ctrl Pts',(-0.202085431349,1.479689053389,0.01174610409912));
#3262=CARTESIAN_POINT('Ctrl Pts',(-0.201336754638,1.480328741269,0.01084123693487));
#3263=CARTESIAN_POINT('Ctrl Pts',(-0.20055376619,1.480979947199,0.009962633234307));
#3264=CARTESIAN_POINT('Ctrl Pts',(-0.199740258311,1.481637639463,0.009111307838023));
#3265=CARTESIAN_POINT('Ctrl Pts',(-0.19889852767,1.482298394889,0.008289153626619));
#3266=CARTESIAN_POINT('Ctrl Pts',(-0.198030342813,1.482959387228,0.007498527321302));
#3267=CARTESIAN_POINT('Ctrl Pts',(-0.197136880821,1.483618510279,0.006742251113461));
#3268=CARTESIAN_POINT('Ctrl Pts',(-0.195389292167,1.484866535524,0.005372709547517));
#3269=CARTESIAN_POINT('Ctrl Pts',(-0.194539533116,1.485456135601,0.00475269783428));
#3270=CARTESIAN_POINT('Ctrl Pts',(-0.193671115647,1.486040991188,0.004165490436037));
#3271=CARTESIAN_POINT('Ctrl Pts',(-0.19278502063,1.486619684115,0.003613433838317));
#3272=CARTESIAN_POINT('Ctrl Pts',(-0.191882317384,1.487190861199,0.003098895818198));
#3273=CARTESIAN_POINT('Ctrl Pts',(-0.190964230363,1.487753211193,0.002624195093483));
#3274=CARTESIAN_POINT('Ctrl Pts',(-0.190032205826,1.488305441738,0.002191530971872));
#3275=CARTESIAN_POINT('Ctrl Pts',(-0.188024915496,1.489455135101,0.001365385518854));
#3276=CARTESIAN_POINT('Ctrl Pts',(-0.18694632466,1.49004958576,0.000983662866966));
#3277=CARTESIAN_POINT('Ctrl Pts',(-0.185854593626,1.490627811633,0.0006606302299959));
#3278=CARTESIAN_POINT('Ctrl Pts',(-0.184752445946,1.491188121236,0.0003988237762539));
#3279=CARTESIAN_POINT('Ctrl Pts',(-0.183642922394,1.491728965791,0.0002003883790282));
#3280=CARTESIAN_POINT('Ctrl Pts',(-0.182529362269,1.492248976744,6.703533877542E-5));
#3281=CARTESIAN_POINT('Ctrl Pts',(-0.18141538468,1.492747003294,1.0531116E-10));
#3282=CARTESIAN_POINT('Ctrl Pts',(-0.180304869846,1.493222149918,0.));
#3283=CARTESIAN_POINT('',(-0.264198859196735,1.44377300175395,3.00303925534577E-9));
#3284=CARTESIAN_POINT('Origin',(-0.238678810233,1.496389501927,0.));
#3285=CARTESIAN_POINT('Origin',(-0.26419162897,1.443790594,0.02));
#3286=CARTESIAN_POINT('Origin',(0.,1.3,0.02));
#3287=CARTESIAN_POINT('',(-0.12,1.3,0.));
#3288=CARTESIAN_POINT('Origin',(0.,1.3,0.));
#3289=CARTESIAN_POINT('Origin',(-0.12,1.3,0.02));
#3290=CARTESIAN_POINT('Origin',(-0.391521107312,1.182857941012,0.02));
#3291=CARTESIAN_POINT('',(-0.349715411305,1.273700022568,0.));
#3292=CARTESIAN_POINT('',(-0.35958179003,1.088095712188,0.));
#3293=CARTESIAN_POINT('Origin',(-0.391521107312,1.182857941012,0.));
#3294=CARTESIAN_POINT('Origin',(-0.35958179003,1.088095712188,0.02));
#3295=CARTESIAN_POINT('Origin',(-0.349715411305,1.273700022568,0.02));
#3296=CARTESIAN_POINT('Origin',(0.38,-0.100000000959,0.02));
#3297=CARTESIAN_POINT('',(0.38,-0.84,0.));
#3298=CARTESIAN_POINT('',(0.38,1.059667045861,0.));
#3299=CARTESIAN_POINT('',(0.38,-0.100000000959,0.));
#3300=CARTESIAN_POINT('',(0.4,1.059667045861,0.02));
#3301=CARTESIAN_POINT('Origin',(0.38,1.059667045861,0.02));
#3302=CARTESIAN_POINT('',(0.4,-0.84,0.0200000000000001));
#3303=CARTESIAN_POINT('',(0.4,-0.100000000959,0.02));
#3304=CARTESIAN_POINT('Origin',(0.38,-0.84,0.02));
#3305=CARTESIAN_POINT('Origin',(-0.31,1.36,0.02));
#3306=CARTESIAN_POINT('',(-0.278885217057439,1.4497739212751,1.42248669007111E-9));
#3307=CARTESIAN_POINT('Origin',(-0.31,1.36,0.));
#3308=CARTESIAN_POINT('',(-0.271278553028,1.468285038414,0.02));
#3309=CARTESIAN_POINT('Origin',(-0.31,1.36,0.02));
#3310=CARTESIAN_POINT('Origin',(-0.27888093156,1.449786286006,0.02));
#3311=CARTESIAN_POINT('Origin',(0.35,1.059667044554,0.02));
#3312=CARTESIAN_POINT('',(0.359581795277,1.088095713169,0.));
#3313=CARTESIAN_POINT('Origin',(0.35,1.059667044554,0.));
#3314=CARTESIAN_POINT('',(0.365969658796,1.107048158913,0.02));
#3315=CARTESIAN_POINT('Origin',(0.359581795277,1.088095713169,0.02));
#3316=CARTESIAN_POINT('Origin',(0.35,1.059667044554,0.02));
#3317=CARTESIAN_POINT('Origin',(-0.263065679428,1.443286737785,0.02));
#3318=CARTESIAN_POINT('',(-0.263065679428,1.443286737785,0.));
#3319=CARTESIAN_POINT('',(-0.255463300895,1.461785490193,0.02));
#3320=CARTESIAN_POINT('Origin',(0.391521110761,1.182857942599,0.02));
#3321=CARTESIAN_POINT('',(0.349715408517,1.273700021285,0.));
#3322=CARTESIAN_POINT('Origin',(0.391521110761,1.182857942599,0.));
#3323=CARTESIAN_POINT('Origin',(0.349715408517,1.273700021285,0.02));
#3324=CARTESIAN_POINT('Origin',(0.391521110761,1.182857942599,0.02));
#3325=CARTESIAN_POINT('Origin',(0.31,1.36,0.02));
#3326=CARTESIAN_POINT('',(0.279042537399803,1.44979893643831,1.79256471645461E-9));
#3327=CARTESIAN_POINT('Origin',(0.31,1.36,0.));
#3328=CARTESIAN_POINT('Origin',(0.279037004519,1.449812543171,0.02));
#3329=CARTESIAN_POINT('Origin',(0.280051885171,1.450193499223,0.02));
#3330=CARTESIAN_POINT('',(0.262999396386779,1.44325245323911,3.68860762246792E-10));
#3331=CARTESIAN_POINT('',(0.280051885171,1.450193499223,0.));
#3332=CARTESIAN_POINT('',(0.255463300895,1.461785490193,0.02));
#3333=CARTESIAN_POINT('Origin',(0.262996706911,1.44325854242,0.02));
#3334=CARTESIAN_POINT('',(0.272518479155,1.468720446996,0.02));
#3335=CARTESIAN_POINT('Origin',(0.239015876928,1.497552993594,0.02));
#3336=CARTESIAN_POINT('',(0.179721868473,1.494591765437,0.));
#3337=CARTESIAN_POINT('Origin',(0.239015876928,1.497552993594,0.));
#3338=CARTESIAN_POINT('',(0.205996223451,1.476116236868,0.02));
#3339=CARTESIAN_POINT('Ctrl Pts',(0.205996223451,1.476116236868,0.02));
#3340=CARTESIAN_POINT('Ctrl Pts',(0.205996223279,1.476116237058,0.01959415676965));
#3341=CARTESIAN_POINT('Ctrl Pts',(0.205956363451,1.476160351379,0.01918920218177));
#3342=CARTESIAN_POINT('Ctrl Pts',(0.205876913692,1.476248284486,0.01878869602316));
#3343=CARTESIAN_POINT('Ctrl Pts',(0.205763159609,1.476373770247,0.01839435320454));
#3344=CARTESIAN_POINT('Ctrl Pts',(0.20562327119,1.476526973539,0.0180067126898));
#3345=CARTESIAN_POINT('Ctrl Pts',(0.205462613252,1.476701520509,0.01762606062135));
#3346=CARTESIAN_POINT('Ctrl Pts',(0.205285747554,1.476891976954,0.01725203178939));
#3347=CARTESIAN_POINT('Ctrl Pts',(0.204956213756,1.4772435137,0.01661409656423));
#3348=CARTESIAN_POINT('Ctrl Pts',(0.204809723669,1.477398829919,0.0163474368194));
#3349=CARTESIAN_POINT('Ctrl Pts',(0.204657121901,1.477559549359,0.01608338754479));
#3350=CARTESIAN_POINT('Ctrl Pts',(0.204499282259,1.477724612878,0.01582171842392));
#3351=CARTESIAN_POINT('Ctrl Pts',(0.204336869646,1.477893211572,0.0155622518543));
#3352=CARTESIAN_POINT('Ctrl Pts',(0.204170384915,1.478064731781,0.01530484438662));
#3353=CARTESIAN_POINT('Ctrl Pts',(0.204000209717,1.478238700087,0.01504936816397));
#3354=CARTESIAN_POINT('Ctrl Pts',(0.203580477888,1.478664405014,0.0144358811153));
#3355=CARTESIAN_POINT('Ctrl Pts',(0.203327536574,1.478918187842,0.01407976181481));
#3356=CARTESIAN_POINT('Ctrl Pts',(0.203068716251,1.479174964894,0.01372704866202));
#3357=CARTESIAN_POINT('Ctrl Pts',(0.202804621044,1.47943396619,0.01337758821829));
#3358=CARTESIAN_POINT('Ctrl Pts',(0.202535675878,1.479694636172,0.0130313078736));
#3359=CARTESIAN_POINT('Ctrl Pts',(0.2022621973,1.479956547809,0.0126881813176));
#3360=CARTESIAN_POINT('Ctrl Pts',(0.201984429589,1.48021935832,0.01234821101186));
#3361=CARTESIAN_POINT('Ctrl Pts',(0.201011311753,1.481128834093,0.01118556762977));
#3362=CARTESIAN_POINT('Ctrl Pts',(0.200295401169,1.481778625425,0.0103789403786));
#3363=CARTESIAN_POINT('Ctrl Pts',(0.199557517676,1.482428192264,0.009592113703745));
#3364=CARTESIAN_POINT('Ctrl Pts',(0.198798606091,1.483075628503,0.008826721533677));
#3365=CARTESIAN_POINT('Ctrl Pts',(0.198019226866,1.483719476608,0.008084790388801));
#3366=CARTESIAN_POINT('Ctrl Pts',(0.197219889663,1.484358372698,0.007368575712639));
#3367=CARTESIAN_POINT('Ctrl Pts',(0.196401024656,1.484991144338,0.006680561717735));
#3368=CARTESIAN_POINT('Ctrl Pts',(0.194843045923,1.486154187872,0.005458207278577));
#3369=CARTESIAN_POINT('Ctrl Pts',(0.194108832981,1.486686405955,0.004915828003531));
#3370=CARTESIAN_POINT('Ctrl Pts',(0.193361010553,1.487212417922,0.004397756687319));
#3371=CARTESIAN_POINT('Ctrl Pts',(0.192600025718,1.48773144884,0.003905631554905));
#3372=CARTESIAN_POINT('Ctrl Pts',(0.191826416851,1.488242719951,0.003441082671514));
#3373=CARTESIAN_POINT('Ctrl Pts',(0.191040837468,1.488745448391,0.003005701683386));
#3374=CARTESIAN_POINT('Ctrl Pts',(0.190244080086,1.489238846902,0.002601011558548));
#3375=CARTESIAN_POINT('Ctrl Pts',(0.188272897483,1.490419330334,0.001690934720866));
#3376=CARTESIAN_POINT('Ctrl Pts',(0.187087369736,1.491095508941,0.001220241176414));
#3377=CARTESIAN_POINT('Ctrl Pts',(0.185883321022,1.491748306976,0.0008206661615273));
#3378=CARTESIAN_POINT('Ctrl Pts',(0.184664133331,1.492375483849,0.0004959947314025));
#3379=CARTESIAN_POINT('Ctrl Pts',(0.183433730969,1.492974994424,0.0002494212337891));
#3380=CARTESIAN_POINT('Ctrl Pts',(0.182196545074,1.493545072669,8.348401366628E-5));
#3381=CARTESIAN_POINT('Ctrl Pts',(0.180957478128,1.494084315301,1.179164E-10));
#3382=CARTESIAN_POINT('Ctrl Pts',(0.179721868473,1.494591765437,0.));
#3383=CARTESIAN_POINT('Origin',(0.239015876928,1.497552993594,0.02));
#3384=CARTESIAN_POINT('Origin',(-0.35,1.059667041804,0.02));
#3385=CARTESIAN_POINT('',(-0.38,1.05966704312,0.));
#3386=CARTESIAN_POINT('Origin',(-0.35,1.059667041804,0.));
#3387=CARTESIAN_POINT('',(-0.4,1.059667043997,0.02));
#3388=CARTESIAN_POINT('Origin',(-0.38,1.05966704312,0.02));
#3389=CARTESIAN_POINT('Origin',(-0.35,1.059667041804,0.02));
#3390=CARTESIAN_POINT('Origin',(-0.31,1.36,0.));
#3391=CARTESIAN_POINT('',(-0.271278553028,1.468285038414,0.1));
#3392=CARTESIAN_POINT('Origin',(-0.31,1.36,0.1));
#3393=CARTESIAN_POINT('',(-0.271278553028,1.468285038414,0.));
#3394=CARTESIAN_POINT('Origin',(-0.271278553028,1.468285038414,0.));
#3395=CARTESIAN_POINT('',(-0.255463300895,1.461785490193,0.1));
#3396=CARTESIAN_POINT('',(-0.271278553028,1.468285038414,0.1));
#3397=CARTESIAN_POINT('',(-0.255463300895,1.461785490193,0.));
#3398=CARTESIAN_POINT('Origin',(-0.238678810233,1.496389501927,0.));
#3399=CARTESIAN_POINT('',(-0.205996223451,1.476116236868,0.1));
#3400=CARTESIAN_POINT('Origin',(-0.238678810233,1.496389501927,0.1));
#3401=CARTESIAN_POINT('',(-0.205996223451,1.476116236868,0.));
#3402=CARTESIAN_POINT('Origin',(-0.146968728641,1.415308767372,0.));
#3403=CARTESIAN_POINT('',(-0.15,1.5,0.1));
#3404=CARTESIAN_POINT('Origin',(-0.146968728641,1.415308767372,0.1));
#3405=CARTESIAN_POINT('',(-0.15,1.5,0.));
#3406=CARTESIAN_POINT('',(-0.15,1.5,0.));
#3407=CARTESIAN_POINT('Origin',(-0.146968728641,1.415308767372,0.));
#3408=CARTESIAN_POINT('Origin',(-0.15,1.5,0.));
#3409=CARTESIAN_POINT('',(0.15,1.5,0.1));
#3410=CARTESIAN_POINT('',(-0.15,1.5,0.1));
#3411=CARTESIAN_POINT('',(0.15,1.5,0.));
#3412=CARTESIAN_POINT('',(0.15,1.5,0.));
#3413=CARTESIAN_POINT('',(-0.15,1.5,0.));
#3414=CARTESIAN_POINT('Origin',(0.152154959062,1.427468045453,0.));
#3415=CARTESIAN_POINT('Origin',(0.152154959062,1.427468045453,0.));
#3416=CARTESIAN_POINT('',(0.205996223451,1.476116236868,0.1));
#3417=CARTESIAN_POINT('Origin',(0.152154959062,1.427468045453,0.1));
#3418=CARTESIAN_POINT('',(0.205996223451,1.476116236868,0.));
#3419=CARTESIAN_POINT('Origin',(0.239015876928,1.497552993594,0.));
#3420=CARTESIAN_POINT('',(0.255463300895,1.461785490193,0.1));
#3421=CARTESIAN_POINT('Origin',(0.239015876928,1.497552993594,0.1));
#3422=CARTESIAN_POINT('',(0.255463300895,1.461785490193,0.));
#3423=CARTESIAN_POINT('Origin',(0.255463300895,1.461785490193,0.));
#3424=CARTESIAN_POINT('',(0.255463300895,1.461785490193,0.1));
#3425=CARTESIAN_POINT('Origin',(0.391521110761,1.182857942599,0.));
#3426=CARTESIAN_POINT('',(0.365969658796,1.107048158913,0.1));
#3427=CARTESIAN_POINT('Origin',(0.391521110761,1.182857942599,0.1));
#3428=CARTESIAN_POINT('',(0.365969658796,1.107048158913,0.));
#3429=CARTESIAN_POINT('Origin',(0.35,1.059667044554,0.));
#3430=CARTESIAN_POINT('',(0.4,1.059667045861,0.1));
#3431=CARTESIAN_POINT('Origin',(0.35,1.059667044554,0.1));
#3432=CARTESIAN_POINT('',(0.4,1.059667045861,0.));
#3433=CARTESIAN_POINT('Origin',(0.4,-0.100000000959,0.));
#3434=CARTESIAN_POINT('',(0.4,-0.84,0.1));
#3435=CARTESIAN_POINT('',(0.4,-0.84,-1.15999999930555));
#3436=CARTESIAN_POINT('',(0.4,-0.100000000959,0.1));
#3437=CARTESIAN_POINT('Origin',(2.305044119132E-5,0.663572375328,0.));
#3438=CARTESIAN_POINT('',(-0.3,-0.92,0.));
#3439=CARTESIAN_POINT('',(-0.38,-0.84,0.));
#3440=CARTESIAN_POINT('Origin',(-0.3,-0.84,0.));
#3441=CARTESIAN_POINT('',(-0.38,-0.100000002824,0.));
#3442=CARTESIAN_POINT('',(0.3,-0.92,0.));
#3443=CARTESIAN_POINT('Origin',(0.3,-0.84,0.));
#3444=CARTESIAN_POINT('',(-0.3,-0.92,0.));
#3445=CARTESIAN_POINT('Origin',(-0.35,1.059667041804,0.));
#3446=CARTESIAN_POINT('',(-0.4,1.059667043997,0.1));
#3447=CARTESIAN_POINT('',(-0.4,1.059667043997,0.));
#3448=CARTESIAN_POINT('Origin',(-0.35,1.059667041804,0.1));
#3449=CARTESIAN_POINT('Origin',(-0.38,1.059667043997,0.02));
#3450=CARTESIAN_POINT('',(-0.4,-0.84,0.0200000000000001));
#3451=CARTESIAN_POINT('Origin',(-0.38,-0.84,0.02));
#3452=CARTESIAN_POINT('',(-0.4,1.059667043997,0.02));
#3453=CARTESIAN_POINT('Origin',(2.305044119132E-5,0.663572375328,0.1));
#3454=CARTESIAN_POINT('',(0.3,-0.94,0.1));
#3455=CARTESIAN_POINT('Origin',(0.3,-0.84,0.1));
#3456=CARTESIAN_POINT('',(-0.4,-0.84,0.1));
#3457=CARTESIAN_POINT('',(-0.4,-0.100000002824,0.1));
#3458=CARTESIAN_POINT('',(-0.3,-0.94,0.1));
#3459=CARTESIAN_POINT('Origin',(-0.3,-0.84,0.1));
#3460=CARTESIAN_POINT('',(-0.3,-0.94,0.1));
#3461=CARTESIAN_POINT('Origin',(-0.4,-0.100000002824,0.));
#3462=CARTESIAN_POINT('',(-0.4,-0.84,-1.15999999930555));
#3463=CARTESIAN_POINT('Origin',(0.3,-0.84,-1.15999999930555));
#3464=CARTESIAN_POINT('',(0.3,-0.94,0.0200000000000001));
#3465=CARTESIAN_POINT('',(0.3,-0.94,-1.15999999930555));
#3466=CARTESIAN_POINT('Origin',(0.3,-0.84,0.0200000000000001));
#3467=CARTESIAN_POINT('Origin',(-0.3,-0.94,-1.15999999930555));
#3468=CARTESIAN_POINT('',(-0.3,-0.94,0.0200000000000001));
#3469=CARTESIAN_POINT('',(-0.3,-0.94,-1.15999999930555));
#3470=CARTESIAN_POINT('',(0.3,-0.94,0.02));
#3471=CARTESIAN_POINT('Origin',(-0.3,-0.84,-1.15999999930555));
#3472=CARTESIAN_POINT('Origin',(-0.3,-0.84,0.0200000000000001));
#3473=CARTESIAN_POINT('Origin',(0.3,-0.84,0.0200000000000001));
#3474=CARTESIAN_POINT('Origin',(0.3,-0.92,0.02));
#3475=CARTESIAN_POINT('Origin',(2.305044119132E-5,-0.92,0.02));
#3476=CARTESIAN_POINT('Origin',(-0.3,-0.92,0.02));
#3477=CARTESIAN_POINT('Origin',(-0.3,-0.84,0.0200000000000001));
#3478=CARTESIAN_POINT('',(-3.64364571500686E-11,0.597213311297607,0.0500000000000001));
#3479=CARTESIAN_POINT('',(-1.36238676590184E-11,0.597213311290763,0.0599999999999999));
#3480=CARTESIAN_POINT('',(-3.64365655702859E-11,-0.502786688702386,7.4823032598858E-17));
#3481=CARTESIAN_POINT('',(-3.64361318894169E-11,0.507213311297614,2.92842771622678E-18));
#3482=UNCERTAINTY_MEASURE_WITH_UNIT(LENGTH_MEASURE(0.01),#3494,
'DISTANCE_ACCURACY_VALUE',
'Maximum model space distance between geometric entities at asserted c
onnectivities');
#3483=UNCERTAINTY_MEASURE_WITH_UNIT(LENGTH_MEASURE(0.01),#3494,
'DISTANCE_ACCURACY_VALUE',
'Maximum model space distance between geometric entities at asserted c
onnectivities');
#3484=UNCERTAINTY_MEASURE_WITH_UNIT(LENGTH_MEASURE(0.01),#3494,
'DISTANCE_ACCURACY_VALUE',
'Maximum model space distance between geometric entities at asserted c
onnectivities');
#3485=UNCERTAINTY_MEASURE_WITH_UNIT(LENGTH_MEASURE(0.01),#3494,
'DISTANCE_ACCURACY_VALUE',
'Maximum model space distance between geometric entities at asserted c
onnectivities');
#3486=UNCERTAINTY_MEASURE_WITH_UNIT(LENGTH_MEASURE(0.01),#3494,
'DISTANCE_ACCURACY_VALUE',
'Maximum model space distance between geometric entities at asserted c
onnectivities');
#3487=UNCERTAINTY_MEASURE_WITH_UNIT(LENGTH_MEASURE(0.01),#3494,
'DISTANCE_ACCURACY_VALUE',
'Maximum model space distance between geometric entities at asserted c
onnectivities');
#3488=(
GEOMETRIC_REPRESENTATION_CONTEXT(3)
GLOBAL_UNCERTAINTY_ASSIGNED_CONTEXT((#3482))
GLOBAL_UNIT_ASSIGNED_CONTEXT((#3494,#3496,#3497))
REPRESENTATION_CONTEXT('','3D')
);
#3489=(
GEOMETRIC_REPRESENTATION_CONTEXT(3)
GLOBAL_UNCERTAINTY_ASSIGNED_CONTEXT((#3483))
GLOBAL_UNIT_ASSIGNED_CONTEXT((#3494,#3496,#3497))
REPRESENTATION_CONTEXT('','3D')
);
#3490=(
GEOMETRIC_REPRESENTATION_CONTEXT(3)
GLOBAL_UNCERTAINTY_ASSIGNED_CONTEXT((#3484))
GLOBAL_UNIT_ASSIGNED_CONTEXT((#3494,#3496,#3497))
REPRESENTATION_CONTEXT('','3D')
);
#3491=(
GEOMETRIC_REPRESENTATION_CONTEXT(3)
GLOBAL_UNCERTAINTY_ASSIGNED_CONTEXT((#3485))
GLOBAL_UNIT_ASSIGNED_CONTEXT((#3494,#3496,#3497))
REPRESENTATION_CONTEXT('','3D')
);
#3492=(
GEOMETRIC_REPRESENTATION_CONTEXT(3)
GLOBAL_UNCERTAINTY_ASSIGNED_CONTEXT((#3486))
GLOBAL_UNIT_ASSIGNED_CONTEXT((#3494,#3496,#3497))
REPRESENTATION_CONTEXT('','3D')
);
#3493=(
GEOMETRIC_REPRESENTATION_CONTEXT(3)
GLOBAL_UNCERTAINTY_ASSIGNED_CONTEXT((#3487))
GLOBAL_UNIT_ASSIGNED_CONTEXT((#3494,#3496,#3497))
REPRESENTATION_CONTEXT('','3D')
);
#3494=(
LENGTH_UNIT()
NAMED_UNIT(*)
SI_UNIT(.MILLI.,.METRE.)
);
#3495=(
LENGTH_UNIT()
NAMED_UNIT(*)
SI_UNIT($,.METRE.)
);
#3496=(
NAMED_UNIT(*)
PLANE_ANGLE_UNIT()
SI_UNIT($,.RADIAN.)
);
#3497=(
NAMED_UNIT(*)
SI_UNIT($,.STERADIAN.)
SOLID_ANGLE_UNIT()
);
#3498=SHAPE_DEFINITION_REPRESENTATION(#3503,#3512);
#3499=SHAPE_DEFINITION_REPRESENTATION(#3504,#3513);
#3500=SHAPE_DEFINITION_REPRESENTATION(#3505,#3514);
#3501=SHAPE_DEFINITION_REPRESENTATION(#3506,#3515);
#3502=SHAPE_DEFINITION_REPRESENTATION(#3507,#3516);
#3503=PRODUCT_DEFINITION_SHAPE('',$,#3518);
#3504=PRODUCT_DEFINITION_SHAPE('',$,#3519);
#3505=PRODUCT_DEFINITION_SHAPE('',$,#3520);
#3506=PRODUCT_DEFINITION_SHAPE('',$,#3521);
#3507=PRODUCT_DEFINITION_SHAPE('',$,#3522);
#3508=PRODUCT_DEFINITION_SHAPE($,$,#23);
#3509=PRODUCT_DEFINITION_SHAPE($,$,#24);
#3510=PRODUCT_DEFINITION_SHAPE($,$,#25);
#3511=PRODUCT_DEFINITION_SHAPE($,$,#26);
#3512=SHAPE_REPRESENTATION('',(#1905,#2143,#2144,#2145,#2146),#3488);
#3513=SHAPE_REPRESENTATION('',(#1906),#3489);
#3514=SHAPE_REPRESENTATION('',(#1944),#3490);
#3515=SHAPE_REPRESENTATION('',(#1963),#3491);
#3516=SHAPE_REPRESENTATION('',(#2053),#3492);
#3517=PRODUCT_DEFINITION_CONTEXT('part definition',#3534,'design');
#3518=PRODUCT_DEFINITION('LED 4014','(Unsaved)',#3523,#3517);
#3519=PRODUCT_DEFINITION('Copy of Body001^3014','Copy of Body001^3014',
#3524,#3517);
#3520=PRODUCT_DEFINITION('Copy of Body002^3014','Copy of Body002^3014',
#3525,#3517);
#3521=PRODUCT_DEFINITION('Copy of Pin001^3014','Copy of Pin001^3014',#3526,
#3517);
#3522=PRODUCT_DEFINITION('Copy (2) of Pin^3014','Copy (2) of Pin^3014',
#3527,#3517);
#3523=PRODUCT_DEFINITION_FORMATION('',$,#3536);
#3524=PRODUCT_DEFINITION_FORMATION('',$,#3537);
#3525=PRODUCT_DEFINITION_FORMATION('',$,#3538);
#3526=PRODUCT_DEFINITION_FORMATION('',$,#3539);
#3527=PRODUCT_DEFINITION_FORMATION('',$,#3540);
#3528=PRODUCT_RELATED_PRODUCT_CATEGORY('(Unsaved)','(Unsaved)',(#3536));
#3529=PRODUCT_RELATED_PRODUCT_CATEGORY('Copy of Body001^3014',
'Copy of Body001^3014',(#3537));
#3530=PRODUCT_RELATED_PRODUCT_CATEGORY('Copy of Body002^3014',
'Copy of Body002^3014',(#3538));
#3531=PRODUCT_RELATED_PRODUCT_CATEGORY('Copy of Pin001^3014',
'Copy of Pin001^3014',(#3539));
#3532=PRODUCT_RELATED_PRODUCT_CATEGORY('Copy (2) of Pin^3014',
'Copy (2) of Pin^3014',(#3540));
#3533=APPLICATION_PROTOCOL_DEFINITION('international standard',
'ap242_managed_model_based_3d_engineering',2011,#3534);
#3534=APPLICATION_CONTEXT('Managed model based 3d engineering');
#3535=PRODUCT_CONTEXT('part definition',#3534,'mechanical');
#3536=PRODUCT('LED 4014','(Unsaved)','STEP AP214',(#3535));
#3537=PRODUCT('Copy of Body001^3014','Copy of Body001^3014',$,(#3535));
#3538=PRODUCT('Copy of Body002^3014','Copy of Body002^3014',$,(#3535));
#3539=PRODUCT('Copy of Pin001^3014','Copy of Pin001^3014',$,(#3535));
#3540=PRODUCT('Copy (2) of Pin^3014','Copy (2) of Pin^3014',$,(#3535));
#3541=PRESENTATION_STYLE_ASSIGNMENT((#3545));
#3542=PRESENTATION_STYLE_ASSIGNMENT((#3546));
#3543=PRESENTATION_STYLE_ASSIGNMENT((#3547));
#3544=PRESENTATION_STYLE_ASSIGNMENT((#3548));
#3545=SURFACE_STYLE_USAGE(.BOTH.,#3549);
#3546=SURFACE_STYLE_USAGE(.BOTH.,#3550);
#3547=SURFACE_STYLE_USAGE(.BOTH.,#3551);
#3548=SURFACE_STYLE_USAGE(.BOTH.,#3552);
#3549=SURFACE_SIDE_STYLE('',(#3553));
#3550=SURFACE_SIDE_STYLE('',(#3554));
#3551=SURFACE_SIDE_STYLE('',(#3555));
#3552=SURFACE_SIDE_STYLE('',(#3556));
#3553=SURFACE_STYLE_FILL_AREA(#3557);
#3554=SURFACE_STYLE_FILL_AREA(#3558);
#3555=SURFACE_STYLE_FILL_AREA(#3559);
#3556=SURFACE_STYLE_FILL_AREA(#3560);
#3557=FILL_AREA_STYLE('Steel - Satin',(#3561));
#3558=FILL_AREA_STYLE('Opaque(255,255,255)',(#3562));
#3559=FILL_AREA_STYLE('Pink LED',(#3563));
#3560=FILL_AREA_STYLE('Opaque(201,201,201)',(#3564));
#3561=FILL_AREA_STYLE_COLOUR('Steel - Satin',#3565);
#3562=FILL_AREA_STYLE_COLOUR('Opaque(255,255,255)',#3566);
#3563=FILL_AREA_STYLE_COLOUR('Pink LED',#3567);
#3564=FILL_AREA_STYLE_COLOUR('Opaque(201,201,201)',#3568);
#3565=COLOUR_RGB('Steel - Satin',0.627450980392157,0.627450980392157,0.627450980392157);
#3566=COLOUR_RGB('Opaque(255,255,255)',1.,1.,1.);
#3567=COLOUR_RGB('Pink LED',1.,0.372549019607843,0.745098039215686);
#3568=COLOUR_RGB('Opaque(201,201,201)',0.788235294117647,0.788235294117647,
0.788235294117647);
ENDSEC;
END-ISO-10303-21;
