ISO-10303-21;
HEADER;
/* Generated by software containing ST-Developer
 * from STEP Tools, Inc. (www.steptools.com) 
 */

FILE_DESCRIPTION(
/* description */ ('',
'CAx-IF Rec.Pracs.---Representation and Presentation of Product Manufa
cturing Information (PMI)---4.0---2014-10-13'),
/* implementation_level */ '2;1');

FILE_NAME(
/* name */ 'needle.step',
/* time_stamp */ '2024-11-23T11:40:37-08:00',
/* author */ (''),
/* organization */ (''),
/* preprocessor_version */ 'ST-DEVELOPER v20',
/* originating_system */ 'Autodesk Translation Framework v13.20.0.188',

/* authorisation */ '');

FILE_SCHEMA (('AP242_MANAGED_MODEL_BASED_3D_ENGINEERING_MIM_LF { 1 0 10303 442 1 1 4 }'));
ENDSEC;

DATA;
#10=MECHANICAL_DESIGN_GEOMETRIC_PRESENTATION_REPRESENTATION('',(#13),#6609);
#11=SHAPE_REPRESENTATION_RELATIONSHIP('SRR','None',#6616,#12);
#12=ADVANCED_BREP_SHAPE_REPRESENTATION('',(#14),#6608);
#13=STYLED_ITEM('',(#6626),#14);
#14=MANIFOLD_SOLID_BREP('MeshBody1',#4061);
#15=FACE_OUTER_BOUND('',#352,.T.);
#16=FACE_OUTER_BOUND('',#353,.T.);
#17=FACE_OUTER_BOUND('',#354,.T.);
#18=FACE_OUTER_BOUND('',#355,.T.);
#19=FACE_OUTER_BOUND('',#356,.T.);
#20=FACE_OUTER_BOUND('',#357,.T.);
#21=FACE_OUTER_BOUND('',#358,.T.);
#22=FACE_OUTER_BOUND('',#359,.T.);
#23=FACE_OUTER_BOUND('',#360,.T.);
#24=FACE_OUTER_BOUND('',#361,.T.);
#25=FACE_OUTER_BOUND('',#362,.T.);
#26=FACE_OUTER_BOUND('',#363,.T.);
#27=FACE_OUTER_BOUND('',#364,.T.);
#28=FACE_OUTER_BOUND('',#365,.T.);
#29=FACE_OUTER_BOUND('',#366,.T.);
#30=FACE_OUTER_BOUND('',#367,.T.);
#31=FACE_OUTER_BOUND('',#368,.T.);
#32=FACE_OUTER_BOUND('',#369,.T.);
#33=FACE_OUTER_BOUND('',#370,.T.);
#34=FACE_OUTER_BOUND('',#371,.T.);
#35=FACE_OUTER_BOUND('',#372,.T.);
#36=FACE_OUTER_BOUND('',#373,.T.);
#37=FACE_OUTER_BOUND('',#374,.T.);
#38=FACE_OUTER_BOUND('',#375,.T.);
#39=FACE_OUTER_BOUND('',#376,.T.);
#40=FACE_OUTER_BOUND('',#377,.T.);
#41=FACE_OUTER_BOUND('',#378,.T.);
#42=FACE_OUTER_BOUND('',#379,.T.);
#43=FACE_OUTER_BOUND('',#380,.T.);
#44=FACE_OUTER_BOUND('',#381,.T.);
#45=FACE_OUTER_BOUND('',#382,.T.);
#46=FACE_OUTER_BOUND('',#383,.T.);
#47=FACE_OUTER_BOUND('',#384,.T.);
#48=FACE_OUTER_BOUND('',#385,.T.);
#49=FACE_OUTER_BOUND('',#386,.T.);
#50=FACE_OUTER_BOUND('',#387,.T.);
#51=FACE_OUTER_BOUND('',#388,.T.);
#52=FACE_OUTER_BOUND('',#389,.T.);
#53=FACE_OUTER_BOUND('',#390,.T.);
#54=FACE_OUTER_BOUND('',#391,.T.);
#55=FACE_OUTER_BOUND('',#392,.T.);
#56=FACE_OUTER_BOUND('',#393,.T.);
#57=FACE_OUTER_BOUND('',#394,.T.);
#58=FACE_OUTER_BOUND('',#395,.T.);
#59=FACE_OUTER_BOUND('',#396,.T.);
#60=FACE_OUTER_BOUND('',#397,.T.);
#61=FACE_OUTER_BOUND('',#398,.T.);
#62=FACE_OUTER_BOUND('',#399,.T.);
#63=FACE_OUTER_BOUND('',#400,.T.);
#64=FACE_OUTER_BOUND('',#401,.T.);
#65=FACE_OUTER_BOUND('',#402,.T.);
#66=FACE_OUTER_BOUND('',#403,.T.);
#67=FACE_OUTER_BOUND('',#404,.T.);
#68=FACE_OUTER_BOUND('',#405,.T.);
#69=FACE_OUTER_BOUND('',#406,.T.);
#70=FACE_OUTER_BOUND('',#407,.T.);
#71=FACE_OUTER_BOUND('',#408,.T.);
#72=FACE_OUTER_BOUND('',#409,.T.);
#73=FACE_OUTER_BOUND('',#410,.T.);
#74=FACE_OUTER_BOUND('',#411,.T.);
#75=FACE_OUTER_BOUND('',#412,.T.);
#76=FACE_OUTER_BOUND('',#413,.T.);
#77=FACE_OUTER_BOUND('',#414,.T.);
#78=FACE_OUTER_BOUND('',#415,.T.);
#79=FACE_OUTER_BOUND('',#416,.T.);
#80=FACE_OUTER_BOUND('',#417,.T.);
#81=FACE_OUTER_BOUND('',#418,.T.);
#82=FACE_OUTER_BOUND('',#419,.T.);
#83=FACE_OUTER_BOUND('',#420,.T.);
#84=FACE_OUTER_BOUND('',#421,.T.);
#85=FACE_OUTER_BOUND('',#422,.T.);
#86=FACE_OUTER_BOUND('',#423,.T.);
#87=FACE_OUTER_BOUND('',#424,.T.);
#88=FACE_OUTER_BOUND('',#425,.T.);
#89=FACE_OUTER_BOUND('',#426,.T.);
#90=FACE_OUTER_BOUND('',#427,.T.);
#91=FACE_OUTER_BOUND('',#428,.T.);
#92=FACE_OUTER_BOUND('',#429,.T.);
#93=FACE_OUTER_BOUND('',#430,.T.);
#94=FACE_OUTER_BOUND('',#431,.T.);
#95=FACE_OUTER_BOUND('',#432,.T.);
#96=FACE_OUTER_BOUND('',#433,.T.);
#97=FACE_OUTER_BOUND('',#434,.T.);
#98=FACE_OUTER_BOUND('',#435,.T.);
#99=FACE_OUTER_BOUND('',#436,.T.);
#100=FACE_OUTER_BOUND('',#437,.T.);
#101=FACE_OUTER_BOUND('',#438,.T.);
#102=FACE_OUTER_BOUND('',#439,.T.);
#103=FACE_OUTER_BOUND('',#440,.T.);
#104=FACE_OUTER_BOUND('',#441,.T.);
#105=FACE_OUTER_BOUND('',#442,.T.);
#106=FACE_OUTER_BOUND('',#443,.T.);
#107=FACE_OUTER_BOUND('',#444,.T.);
#108=FACE_OUTER_BOUND('',#445,.T.);
#109=FACE_OUTER_BOUND('',#446,.T.);
#110=FACE_OUTER_BOUND('',#447,.T.);
#111=FACE_OUTER_BOUND('',#448,.T.);
#112=FACE_OUTER_BOUND('',#449,.T.);
#113=FACE_OUTER_BOUND('',#450,.T.);
#114=FACE_OUTER_BOUND('',#451,.T.);
#115=FACE_OUTER_BOUND('',#452,.T.);
#116=FACE_OUTER_BOUND('',#453,.T.);
#117=FACE_OUTER_BOUND('',#454,.T.);
#118=FACE_OUTER_BOUND('',#455,.T.);
#119=FACE_OUTER_BOUND('',#456,.T.);
#120=FACE_OUTER_BOUND('',#457,.T.);
#121=FACE_OUTER_BOUND('',#458,.T.);
#122=FACE_OUTER_BOUND('',#459,.T.);
#123=FACE_OUTER_BOUND('',#460,.T.);
#124=FACE_OUTER_BOUND('',#461,.T.);
#125=FACE_OUTER_BOUND('',#462,.T.);
#126=FACE_OUTER_BOUND('',#463,.T.);
#127=FACE_OUTER_BOUND('',#464,.T.);
#128=FACE_OUTER_BOUND('',#465,.T.);
#129=FACE_OUTER_BOUND('',#466,.T.);
#130=FACE_OUTER_BOUND('',#467,.T.);
#131=FACE_OUTER_BOUND('',#468,.T.);
#132=FACE_OUTER_BOUND('',#469,.T.);
#133=FACE_OUTER_BOUND('',#470,.T.);
#134=FACE_OUTER_BOUND('',#471,.T.);
#135=FACE_OUTER_BOUND('',#472,.T.);
#136=FACE_OUTER_BOUND('',#473,.T.);
#137=FACE_OUTER_BOUND('',#474,.T.);
#138=FACE_OUTER_BOUND('',#475,.T.);
#139=FACE_OUTER_BOUND('',#476,.T.);
#140=FACE_OUTER_BOUND('',#477,.T.);
#141=FACE_OUTER_BOUND('',#478,.T.);
#142=FACE_OUTER_BOUND('',#479,.T.);
#143=FACE_OUTER_BOUND('',#480,.T.);
#144=FACE_OUTER_BOUND('',#481,.T.);
#145=FACE_OUTER_BOUND('',#482,.T.);
#146=FACE_OUTER_BOUND('',#483,.T.);
#147=FACE_OUTER_BOUND('',#484,.T.);
#148=FACE_OUTER_BOUND('',#485,.T.);
#149=FACE_OUTER_BOUND('',#486,.T.);
#150=FACE_OUTER_BOUND('',#487,.T.);
#151=FACE_OUTER_BOUND('',#488,.T.);
#152=FACE_OUTER_BOUND('',#489,.T.);
#153=FACE_OUTER_BOUND('',#490,.T.);
#154=FACE_OUTER_BOUND('',#491,.T.);
#155=FACE_OUTER_BOUND('',#492,.T.);
#156=FACE_OUTER_BOUND('',#493,.T.);
#157=FACE_OUTER_BOUND('',#494,.T.);
#158=FACE_OUTER_BOUND('',#495,.T.);
#159=FACE_OUTER_BOUND('',#496,.T.);
#160=FACE_OUTER_BOUND('',#497,.T.);
#161=FACE_OUTER_BOUND('',#498,.T.);
#162=FACE_OUTER_BOUND('',#499,.T.);
#163=FACE_OUTER_BOUND('',#500,.T.);
#164=FACE_OUTER_BOUND('',#501,.T.);
#165=FACE_OUTER_BOUND('',#502,.T.);
#166=FACE_OUTER_BOUND('',#503,.T.);
#167=FACE_OUTER_BOUND('',#504,.T.);
#168=FACE_OUTER_BOUND('',#505,.T.);
#169=FACE_OUTER_BOUND('',#506,.T.);
#170=FACE_OUTER_BOUND('',#507,.T.);
#171=FACE_OUTER_BOUND('',#508,.T.);
#172=FACE_OUTER_BOUND('',#509,.T.);
#173=FACE_OUTER_BOUND('',#510,.T.);
#174=FACE_OUTER_BOUND('',#511,.T.);
#175=FACE_OUTER_BOUND('',#512,.T.);
#176=FACE_OUTER_BOUND('',#513,.T.);
#177=FACE_OUTER_BOUND('',#514,.T.);
#178=FACE_OUTER_BOUND('',#515,.T.);
#179=FACE_OUTER_BOUND('',#516,.T.);
#180=FACE_OUTER_BOUND('',#517,.T.);
#181=FACE_OUTER_BOUND('',#518,.T.);
#182=FACE_OUTER_BOUND('',#519,.T.);
#183=FACE_OUTER_BOUND('',#520,.T.);
#184=FACE_OUTER_BOUND('',#521,.T.);
#185=FACE_OUTER_BOUND('',#522,.T.);
#186=FACE_OUTER_BOUND('',#523,.T.);
#187=FACE_OUTER_BOUND('',#524,.T.);
#188=FACE_OUTER_BOUND('',#525,.T.);
#189=FACE_OUTER_BOUND('',#526,.T.);
#190=FACE_OUTER_BOUND('',#527,.T.);
#191=FACE_OUTER_BOUND('',#528,.T.);
#192=FACE_OUTER_BOUND('',#529,.T.);
#193=FACE_OUTER_BOUND('',#530,.T.);
#194=FACE_OUTER_BOUND('',#531,.T.);
#195=FACE_OUTER_BOUND('',#532,.T.);
#196=FACE_OUTER_BOUND('',#533,.T.);
#197=FACE_OUTER_BOUND('',#534,.T.);
#198=FACE_OUTER_BOUND('',#535,.T.);
#199=FACE_OUTER_BOUND('',#536,.T.);
#200=FACE_OUTER_BOUND('',#537,.T.);
#201=FACE_OUTER_BOUND('',#538,.T.);
#202=FACE_OUTER_BOUND('',#539,.T.);
#203=FACE_OUTER_BOUND('',#540,.T.);
#204=FACE_OUTER_BOUND('',#541,.T.);
#205=FACE_OUTER_BOUND('',#542,.T.);
#206=FACE_OUTER_BOUND('',#543,.T.);
#207=FACE_OUTER_BOUND('',#544,.T.);
#208=FACE_OUTER_BOUND('',#545,.T.);
#209=FACE_OUTER_BOUND('',#546,.T.);
#210=FACE_OUTER_BOUND('',#547,.T.);
#211=FACE_OUTER_BOUND('',#548,.T.);
#212=FACE_OUTER_BOUND('',#549,.T.);
#213=FACE_OUTER_BOUND('',#550,.T.);
#214=FACE_OUTER_BOUND('',#551,.T.);
#215=FACE_OUTER_BOUND('',#552,.T.);
#216=FACE_OUTER_BOUND('',#553,.T.);
#217=FACE_OUTER_BOUND('',#554,.T.);
#218=FACE_OUTER_BOUND('',#555,.T.);
#219=FACE_OUTER_BOUND('',#556,.T.);
#220=FACE_OUTER_BOUND('',#557,.T.);
#221=FACE_OUTER_BOUND('',#558,.T.);
#222=FACE_OUTER_BOUND('',#559,.T.);
#223=FACE_OUTER_BOUND('',#560,.T.);
#224=FACE_OUTER_BOUND('',#561,.T.);
#225=FACE_OUTER_BOUND('',#562,.T.);
#226=FACE_OUTER_BOUND('',#563,.T.);
#227=FACE_OUTER_BOUND('',#564,.T.);
#228=FACE_OUTER_BOUND('',#565,.T.);
#229=FACE_OUTER_BOUND('',#566,.T.);
#230=FACE_OUTER_BOUND('',#567,.T.);
#231=FACE_OUTER_BOUND('',#568,.T.);
#232=FACE_OUTER_BOUND('',#569,.T.);
#233=FACE_OUTER_BOUND('',#570,.T.);
#234=FACE_OUTER_BOUND('',#571,.T.);
#235=FACE_OUTER_BOUND('',#572,.T.);
#236=FACE_OUTER_BOUND('',#573,.T.);
#237=FACE_OUTER_BOUND('',#574,.T.);
#238=FACE_OUTER_BOUND('',#575,.T.);
#239=FACE_OUTER_BOUND('',#576,.T.);
#240=FACE_OUTER_BOUND('',#577,.T.);
#241=FACE_OUTER_BOUND('',#578,.T.);
#242=FACE_OUTER_BOUND('',#579,.T.);
#243=FACE_OUTER_BOUND('',#580,.T.);
#244=FACE_OUTER_BOUND('',#581,.T.);
#245=FACE_OUTER_BOUND('',#582,.T.);
#246=FACE_OUTER_BOUND('',#583,.T.);
#247=FACE_OUTER_BOUND('',#584,.T.);
#248=FACE_OUTER_BOUND('',#585,.T.);
#249=FACE_OUTER_BOUND('',#586,.T.);
#250=FACE_OUTER_BOUND('',#587,.T.);
#251=FACE_OUTER_BOUND('',#588,.T.);
#252=FACE_OUTER_BOUND('',#589,.T.);
#253=FACE_OUTER_BOUND('',#590,.T.);
#254=FACE_OUTER_BOUND('',#591,.T.);
#255=FACE_OUTER_BOUND('',#592,.T.);
#256=FACE_OUTER_BOUND('',#593,.T.);
#257=FACE_OUTER_BOUND('',#594,.T.);
#258=FACE_OUTER_BOUND('',#595,.T.);
#259=FACE_OUTER_BOUND('',#596,.T.);
#260=FACE_OUTER_BOUND('',#597,.T.);
#261=FACE_OUTER_BOUND('',#598,.T.);
#262=FACE_OUTER_BOUND('',#599,.T.);
#263=FACE_OUTER_BOUND('',#600,.T.);
#264=FACE_OUTER_BOUND('',#601,.T.);
#265=FACE_OUTER_BOUND('',#602,.T.);
#266=FACE_OUTER_BOUND('',#603,.T.);
#267=FACE_OUTER_BOUND('',#604,.T.);
#268=FACE_OUTER_BOUND('',#605,.T.);
#269=FACE_OUTER_BOUND('',#606,.T.);
#270=FACE_OUTER_BOUND('',#607,.T.);
#271=FACE_OUTER_BOUND('',#608,.T.);
#272=FACE_OUTER_BOUND('',#609,.T.);
#273=FACE_OUTER_BOUND('',#610,.T.);
#274=FACE_OUTER_BOUND('',#611,.T.);
#275=FACE_OUTER_BOUND('',#612,.T.);
#276=FACE_OUTER_BOUND('',#613,.T.);
#277=FACE_OUTER_BOUND('',#614,.T.);
#278=FACE_OUTER_BOUND('',#615,.T.);
#279=FACE_OUTER_BOUND('',#616,.T.);
#280=FACE_OUTER_BOUND('',#617,.T.);
#281=FACE_OUTER_BOUND('',#618,.T.);
#282=FACE_OUTER_BOUND('',#619,.T.);
#283=FACE_OUTER_BOUND('',#620,.T.);
#284=FACE_OUTER_BOUND('',#621,.T.);
#285=FACE_OUTER_BOUND('',#622,.T.);
#286=FACE_OUTER_BOUND('',#623,.T.);
#287=FACE_OUTER_BOUND('',#624,.T.);
#288=FACE_OUTER_BOUND('',#625,.T.);
#289=FACE_OUTER_BOUND('',#626,.T.);
#290=FACE_OUTER_BOUND('',#627,.T.);
#291=FACE_OUTER_BOUND('',#628,.T.);
#292=FACE_OUTER_BOUND('',#629,.T.);
#293=FACE_OUTER_BOUND('',#630,.T.);
#294=FACE_OUTER_BOUND('',#631,.T.);
#295=FACE_OUTER_BOUND('',#632,.T.);
#296=FACE_OUTER_BOUND('',#633,.T.);
#297=FACE_OUTER_BOUND('',#634,.T.);
#298=FACE_OUTER_BOUND('',#635,.T.);
#299=FACE_OUTER_BOUND('',#636,.T.);
#300=FACE_OUTER_BOUND('',#637,.T.);
#301=FACE_OUTER_BOUND('',#638,.T.);
#302=FACE_OUTER_BOUND('',#639,.T.);
#303=FACE_OUTER_BOUND('',#640,.T.);
#304=FACE_OUTER_BOUND('',#641,.T.);
#305=FACE_OUTER_BOUND('',#642,.T.);
#306=FACE_OUTER_BOUND('',#643,.T.);
#307=FACE_OUTER_BOUND('',#644,.T.);
#308=FACE_OUTER_BOUND('',#645,.T.);
#309=FACE_OUTER_BOUND('',#646,.T.);
#310=FACE_OUTER_BOUND('',#647,.T.);
#311=FACE_OUTER_BOUND('',#648,.T.);
#312=FACE_OUTER_BOUND('',#649,.T.);
#313=FACE_OUTER_BOUND('',#650,.T.);
#314=FACE_OUTER_BOUND('',#651,.T.);
#315=FACE_OUTER_BOUND('',#652,.T.);
#316=FACE_OUTER_BOUND('',#653,.T.);
#317=FACE_OUTER_BOUND('',#654,.T.);
#318=FACE_OUTER_BOUND('',#655,.T.);
#319=FACE_OUTER_BOUND('',#656,.T.);
#320=FACE_OUTER_BOUND('',#657,.T.);
#321=FACE_OUTER_BOUND('',#658,.T.);
#322=FACE_OUTER_BOUND('',#659,.T.);
#323=FACE_OUTER_BOUND('',#660,.T.);
#324=FACE_OUTER_BOUND('',#661,.T.);
#325=FACE_OUTER_BOUND('',#662,.T.);
#326=FACE_OUTER_BOUND('',#663,.T.);
#327=FACE_OUTER_BOUND('',#664,.T.);
#328=FACE_OUTER_BOUND('',#665,.T.);
#329=FACE_OUTER_BOUND('',#666,.T.);
#330=FACE_OUTER_BOUND('',#667,.T.);
#331=FACE_OUTER_BOUND('',#668,.T.);
#332=FACE_OUTER_BOUND('',#669,.T.);
#333=FACE_OUTER_BOUND('',#670,.T.);
#334=FACE_OUTER_BOUND('',#671,.T.);
#335=FACE_OUTER_BOUND('',#672,.T.);
#336=FACE_OUTER_BOUND('',#673,.T.);
#337=FACE_OUTER_BOUND('',#674,.T.);
#338=FACE_OUTER_BOUND('',#675,.T.);
#339=FACE_OUTER_BOUND('',#676,.T.);
#340=FACE_OUTER_BOUND('',#677,.T.);
#341=FACE_OUTER_BOUND('',#678,.T.);
#342=FACE_OUTER_BOUND('',#679,.T.);
#343=FACE_OUTER_BOUND('',#680,.T.);
#344=FACE_OUTER_BOUND('',#681,.T.);
#345=FACE_OUTER_BOUND('',#682,.T.);
#346=FACE_OUTER_BOUND('',#683,.T.);
#347=FACE_OUTER_BOUND('',#684,.T.);
#348=FACE_OUTER_BOUND('',#685,.T.);
#349=FACE_OUTER_BOUND('',#686,.T.);
#350=FACE_OUTER_BOUND('',#687,.T.);
#351=FACE_OUTER_BOUND('',#688,.T.);
#352=EDGE_LOOP('',(#2375,#2376,#2377));
#353=EDGE_LOOP('',(#2378,#2379,#2380));
#354=EDGE_LOOP('',(#2381,#2382,#2383));
#355=EDGE_LOOP('',(#2384,#2385,#2386));
#356=EDGE_LOOP('',(#2387,#2388,#2389));
#357=EDGE_LOOP('',(#2390,#2391,#2392));
#358=EDGE_LOOP('',(#2393,#2394,#2395));
#359=EDGE_LOOP('',(#2396,#2397,#2398));
#360=EDGE_LOOP('',(#2399,#2400,#2401));
#361=EDGE_LOOP('',(#2402,#2403,#2404));
#362=EDGE_LOOP('',(#2405,#2406,#2407));
#363=EDGE_LOOP('',(#2408,#2409,#2410));
#364=EDGE_LOOP('',(#2411,#2412,#2413));
#365=EDGE_LOOP('',(#2414,#2415,#2416));
#366=EDGE_LOOP('',(#2417,#2418,#2419));
#367=EDGE_LOOP('',(#2420,#2421,#2422));
#368=EDGE_LOOP('',(#2423,#2424,#2425));
#369=EDGE_LOOP('',(#2426,#2427,#2428));
#370=EDGE_LOOP('',(#2429,#2430,#2431));
#371=EDGE_LOOP('',(#2432,#2433,#2434));
#372=EDGE_LOOP('',(#2435,#2436,#2437));
#373=EDGE_LOOP('',(#2438,#2439,#2440));
#374=EDGE_LOOP('',(#2441,#2442,#2443));
#375=EDGE_LOOP('',(#2444,#2445,#2446));
#376=EDGE_LOOP('',(#2447,#2448,#2449));
#377=EDGE_LOOP('',(#2450,#2451,#2452));
#378=EDGE_LOOP('',(#2453,#2454,#2455));
#379=EDGE_LOOP('',(#2456,#2457,#2458));
#380=EDGE_LOOP('',(#2459,#2460,#2461));
#381=EDGE_LOOP('',(#2462,#2463,#2464));
#382=EDGE_LOOP('',(#2465,#2466,#2467));
#383=EDGE_LOOP('',(#2468,#2469,#2470));
#384=EDGE_LOOP('',(#2471,#2472,#2473));
#385=EDGE_LOOP('',(#2474,#2475,#2476));
#386=EDGE_LOOP('',(#2477,#2478,#2479));
#387=EDGE_LOOP('',(#2480,#2481,#2482));
#388=EDGE_LOOP('',(#2483,#2484,#2485));
#389=EDGE_LOOP('',(#2486,#2487,#2488));
#390=EDGE_LOOP('',(#2489,#2490,#2491));
#391=EDGE_LOOP('',(#2492,#2493,#2494));
#392=EDGE_LOOP('',(#2495,#2496,#2497));
#393=EDGE_LOOP('',(#2498,#2499,#2500));
#394=EDGE_LOOP('',(#2501,#2502,#2503));
#395=EDGE_LOOP('',(#2504,#2505,#2506));
#396=EDGE_LOOP('',(#2507,#2508,#2509));
#397=EDGE_LOOP('',(#2510,#2511,#2512));
#398=EDGE_LOOP('',(#2513,#2514,#2515));
#399=EDGE_LOOP('',(#2516,#2517,#2518));
#400=EDGE_LOOP('',(#2519,#2520,#2521));
#401=EDGE_LOOP('',(#2522,#2523,#2524));
#402=EDGE_LOOP('',(#2525,#2526,#2527));
#403=EDGE_LOOP('',(#2528,#2529,#2530));
#404=EDGE_LOOP('',(#2531,#2532,#2533));
#405=EDGE_LOOP('',(#2534,#2535,#2536));
#406=EDGE_LOOP('',(#2537,#2538,#2539));
#407=EDGE_LOOP('',(#2540,#2541,#2542));
#408=EDGE_LOOP('',(#2543,#2544,#2545));
#409=EDGE_LOOP('',(#2546,#2547,#2548));
#410=EDGE_LOOP('',(#2549,#2550,#2551));
#411=EDGE_LOOP('',(#2552,#2553,#2554));
#412=EDGE_LOOP('',(#2555,#2556,#2557));
#413=EDGE_LOOP('',(#2558,#2559,#2560));
#414=EDGE_LOOP('',(#2561,#2562,#2563));
#415=EDGE_LOOP('',(#2564,#2565,#2566));
#416=EDGE_LOOP('',(#2567,#2568,#2569));
#417=EDGE_LOOP('',(#2570,#2571,#2572));
#418=EDGE_LOOP('',(#2573,#2574,#2575));
#419=EDGE_LOOP('',(#2576,#2577,#2578));
#420=EDGE_LOOP('',(#2579,#2580,#2581));
#421=EDGE_LOOP('',(#2582,#2583,#2584));
#422=EDGE_LOOP('',(#2585,#2586,#2587));
#423=EDGE_LOOP('',(#2588,#2589,#2590));
#424=EDGE_LOOP('',(#2591,#2592,#2593));
#425=EDGE_LOOP('',(#2594,#2595,#2596));
#426=EDGE_LOOP('',(#2597,#2598,#2599));
#427=EDGE_LOOP('',(#2600,#2601,#2602));
#428=EDGE_LOOP('',(#2603,#2604,#2605));
#429=EDGE_LOOP('',(#2606,#2607,#2608));
#430=EDGE_LOOP('',(#2609,#2610,#2611));
#431=EDGE_LOOP('',(#2612,#2613,#2614));
#432=EDGE_LOOP('',(#2615,#2616,#2617));
#433=EDGE_LOOP('',(#2618,#2619,#2620));
#434=EDGE_LOOP('',(#2621,#2622,#2623));
#435=EDGE_LOOP('',(#2624,#2625,#2626));
#436=EDGE_LOOP('',(#2627,#2628,#2629));
#437=EDGE_LOOP('',(#2630,#2631,#2632));
#438=EDGE_LOOP('',(#2633,#2634,#2635));
#439=EDGE_LOOP('',(#2636,#2637,#2638));
#440=EDGE_LOOP('',(#2639,#2640,#2641));
#441=EDGE_LOOP('',(#2642,#2643,#2644));
#442=EDGE_LOOP('',(#2645,#2646,#2647));
#443=EDGE_LOOP('',(#2648,#2649,#2650));
#444=EDGE_LOOP('',(#2651,#2652,#2653));
#445=EDGE_LOOP('',(#2654,#2655,#2656));
#446=EDGE_LOOP('',(#2657,#2658,#2659));
#447=EDGE_LOOP('',(#2660,#2661,#2662));
#448=EDGE_LOOP('',(#2663,#2664,#2665));
#449=EDGE_LOOP('',(#2666,#2667,#2668));
#450=EDGE_LOOP('',(#2669,#2670,#2671));
#451=EDGE_LOOP('',(#2672,#2673,#2674));
#452=EDGE_LOOP('',(#2675,#2676,#2677));
#453=EDGE_LOOP('',(#2678,#2679,#2680));
#454=EDGE_LOOP('',(#2681,#2682,#2683));
#455=EDGE_LOOP('',(#2684,#2685,#2686));
#456=EDGE_LOOP('',(#2687,#2688,#2689));
#457=EDGE_LOOP('',(#2690,#2691,#2692));
#458=EDGE_LOOP('',(#2693,#2694,#2695));
#459=EDGE_LOOP('',(#2696,#2697,#2698));
#460=EDGE_LOOP('',(#2699,#2700,#2701));
#461=EDGE_LOOP('',(#2702,#2703,#2704));
#462=EDGE_LOOP('',(#2705,#2706,#2707));
#463=EDGE_LOOP('',(#2708,#2709,#2710));
#464=EDGE_LOOP('',(#2711,#2712,#2713));
#465=EDGE_LOOP('',(#2714,#2715,#2716));
#466=EDGE_LOOP('',(#2717,#2718,#2719));
#467=EDGE_LOOP('',(#2720,#2721,#2722));
#468=EDGE_LOOP('',(#2723,#2724,#2725));
#469=EDGE_LOOP('',(#2726,#2727,#2728));
#470=EDGE_LOOP('',(#2729,#2730,#2731));
#471=EDGE_LOOP('',(#2732,#2733,#2734));
#472=EDGE_LOOP('',(#2735,#2736,#2737));
#473=EDGE_LOOP('',(#2738,#2739,#2740));
#474=EDGE_LOOP('',(#2741,#2742,#2743));
#475=EDGE_LOOP('',(#2744,#2745,#2746));
#476=EDGE_LOOP('',(#2747,#2748,#2749));
#477=EDGE_LOOP('',(#2750,#2751,#2752));
#478=EDGE_LOOP('',(#2753,#2754,#2755));
#479=EDGE_LOOP('',(#2756,#2757,#2758));
#480=EDGE_LOOP('',(#2759,#2760,#2761));
#481=EDGE_LOOP('',(#2762,#2763,#2764));
#482=EDGE_LOOP('',(#2765,#2766,#2767));
#483=EDGE_LOOP('',(#2768,#2769,#2770));
#484=EDGE_LOOP('',(#2771,#2772,#2773));
#485=EDGE_LOOP('',(#2774,#2775,#2776));
#486=EDGE_LOOP('',(#2777,#2778,#2779));
#487=EDGE_LOOP('',(#2780,#2781,#2782));
#488=EDGE_LOOP('',(#2783,#2784,#2785));
#489=EDGE_LOOP('',(#2786,#2787,#2788));
#490=EDGE_LOOP('',(#2789,#2790,#2791));
#491=EDGE_LOOP('',(#2792,#2793,#2794));
#492=EDGE_LOOP('',(#2795,#2796,#2797));
#493=EDGE_LOOP('',(#2798,#2799,#2800));
#494=EDGE_LOOP('',(#2801,#2802,#2803));
#495=EDGE_LOOP('',(#2804,#2805,#2806));
#496=EDGE_LOOP('',(#2807,#2808,#2809));
#497=EDGE_LOOP('',(#2810,#2811,#2812));
#498=EDGE_LOOP('',(#2813,#2814,#2815));
#499=EDGE_LOOP('',(#2816,#2817,#2818));
#500=EDGE_LOOP('',(#2819,#2820,#2821));
#501=EDGE_LOOP('',(#2822,#2823,#2824));
#502=EDGE_LOOP('',(#2825,#2826,#2827));
#503=EDGE_LOOP('',(#2828,#2829,#2830));
#504=EDGE_LOOP('',(#2831,#2832,#2833));
#505=EDGE_LOOP('',(#2834,#2835,#2836));
#506=EDGE_LOOP('',(#2837,#2838,#2839));
#507=EDGE_LOOP('',(#2840,#2841,#2842));
#508=EDGE_LOOP('',(#2843,#2844,#2845));
#509=EDGE_LOOP('',(#2846,#2847,#2848));
#510=EDGE_LOOP('',(#2849,#2850,#2851));
#511=EDGE_LOOP('',(#2852,#2853,#2854));
#512=EDGE_LOOP('',(#2855,#2856,#2857));
#513=EDGE_LOOP('',(#2858,#2859,#2860));
#514=EDGE_LOOP('',(#2861,#2862,#2863));
#515=EDGE_LOOP('',(#2864,#2865,#2866));
#516=EDGE_LOOP('',(#2867,#2868,#2869));
#517=EDGE_LOOP('',(#2870,#2871,#2872));
#518=EDGE_LOOP('',(#2873,#2874,#2875));
#519=EDGE_LOOP('',(#2876,#2877,#2878));
#520=EDGE_LOOP('',(#2879,#2880,#2881));
#521=EDGE_LOOP('',(#2882,#2883,#2884));
#522=EDGE_LOOP('',(#2885,#2886,#2887));
#523=EDGE_LOOP('',(#2888,#2889,#2890));
#524=EDGE_LOOP('',(#2891,#2892,#2893));
#525=EDGE_LOOP('',(#2894,#2895,#2896));
#526=EDGE_LOOP('',(#2897,#2898,#2899));
#527=EDGE_LOOP('',(#2900,#2901,#2902));
#528=EDGE_LOOP('',(#2903,#2904,#2905));
#529=EDGE_LOOP('',(#2906,#2907,#2908,#2909));
#530=EDGE_LOOP('',(#2910,#2911,#2912));
#531=EDGE_LOOP('',(#2913,#2914,#2915));
#532=EDGE_LOOP('',(#2916,#2917,#2918));
#533=EDGE_LOOP('',(#2919,#2920,#2921));
#534=EDGE_LOOP('',(#2922,#2923,#2924));
#535=EDGE_LOOP('',(#2925,#2926,#2927));
#536=EDGE_LOOP('',(#2928,#2929,#2930));
#537=EDGE_LOOP('',(#2931,#2932,#2933));
#538=EDGE_LOOP('',(#2934,#2935,#2936));
#539=EDGE_LOOP('',(#2937,#2938,#2939));
#540=EDGE_LOOP('',(#2940,#2941,#2942));
#541=EDGE_LOOP('',(#2943,#2944,#2945));
#542=EDGE_LOOP('',(#2946,#2947,#2948));
#543=EDGE_LOOP('',(#2949,#2950,#2951));
#544=EDGE_LOOP('',(#2952,#2953,#2954));
#545=EDGE_LOOP('',(#2955,#2956,#2957));
#546=EDGE_LOOP('',(#2958,#2959,#2960));
#547=EDGE_LOOP('',(#2961,#2962,#2963));
#548=EDGE_LOOP('',(#2964,#2965,#2966));
#549=EDGE_LOOP('',(#2967,#2968,#2969));
#550=EDGE_LOOP('',(#2970,#2971,#2972));
#551=EDGE_LOOP('',(#2973,#2974,#2975));
#552=EDGE_LOOP('',(#2976,#2977,#2978));
#553=EDGE_LOOP('',(#2979,#2980,#2981));
#554=EDGE_LOOP('',(#2982,#2983,#2984));
#555=EDGE_LOOP('',(#2985,#2986,#2987));
#556=EDGE_LOOP('',(#2988,#2989,#2990));
#557=EDGE_LOOP('',(#2991,#2992,#2993));
#558=EDGE_LOOP('',(#2994,#2995,#2996));
#559=EDGE_LOOP('',(#2997,#2998,#2999));
#560=EDGE_LOOP('',(#3000,#3001,#3002));
#561=EDGE_LOOP('',(#3003,#3004,#3005));
#562=EDGE_LOOP('',(#3006,#3007,#3008));
#563=EDGE_LOOP('',(#3009,#3010,#3011));
#564=EDGE_LOOP('',(#3012,#3013,#3014));
#565=EDGE_LOOP('',(#3015,#3016,#3017));
#566=EDGE_LOOP('',(#3018,#3019,#3020));
#567=EDGE_LOOP('',(#3021,#3022,#3023));
#568=EDGE_LOOP('',(#3024,#3025,#3026));
#569=EDGE_LOOP('',(#3027,#3028,#3029));
#570=EDGE_LOOP('',(#3030,#3031,#3032));
#571=EDGE_LOOP('',(#3033,#3034,#3035));
#572=EDGE_LOOP('',(#3036,#3037,#3038));
#573=EDGE_LOOP('',(#3039,#3040,#3041));
#574=EDGE_LOOP('',(#3042,#3043,#3044));
#575=EDGE_LOOP('',(#3045,#3046,#3047));
#576=EDGE_LOOP('',(#3048,#3049,#3050));
#577=EDGE_LOOP('',(#3051,#3052,#3053));
#578=EDGE_LOOP('',(#3054,#3055,#3056));
#579=EDGE_LOOP('',(#3057,#3058,#3059));
#580=EDGE_LOOP('',(#3060,#3061,#3062));
#581=EDGE_LOOP('',(#3063,#3064,#3065));
#582=EDGE_LOOP('',(#3066,#3067,#3068));
#583=EDGE_LOOP('',(#3069,#3070,#3071));
#584=EDGE_LOOP('',(#3072,#3073,#3074));
#585=EDGE_LOOP('',(#3075,#3076,#3077));
#586=EDGE_LOOP('',(#3078,#3079,#3080));
#587=EDGE_LOOP('',(#3081,#3082,#3083));
#588=EDGE_LOOP('',(#3084,#3085,#3086));
#589=EDGE_LOOP('',(#3087,#3088,#3089));
#590=EDGE_LOOP('',(#3090,#3091,#3092));
#591=EDGE_LOOP('',(#3093,#3094,#3095));
#592=EDGE_LOOP('',(#3096,#3097,#3098));
#593=EDGE_LOOP('',(#3099,#3100,#3101));
#594=EDGE_LOOP('',(#3102,#3103,#3104));
#595=EDGE_LOOP('',(#3105,#3106,#3107));
#596=EDGE_LOOP('',(#3108,#3109,#3110));
#597=EDGE_LOOP('',(#3111,#3112,#3113));
#598=EDGE_LOOP('',(#3114,#3115,#3116));
#599=EDGE_LOOP('',(#3117,#3118,#3119));
#600=EDGE_LOOP('',(#3120,#3121,#3122));
#601=EDGE_LOOP('',(#3123,#3124,#3125));
#602=EDGE_LOOP('',(#3126,#3127,#3128));
#603=EDGE_LOOP('',(#3129,#3130,#3131));
#604=EDGE_LOOP('',(#3132,#3133,#3134));
#605=EDGE_LOOP('',(#3135,#3136,#3137));
#606=EDGE_LOOP('',(#3138,#3139,#3140));
#607=EDGE_LOOP('',(#3141,#3142,#3143));
#608=EDGE_LOOP('',(#3144,#3145,#3146));
#609=EDGE_LOOP('',(#3147,#3148,#3149));
#610=EDGE_LOOP('',(#3150,#3151,#3152));
#611=EDGE_LOOP('',(#3153,#3154,#3155));
#612=EDGE_LOOP('',(#3156,#3157,#3158));
#613=EDGE_LOOP('',(#3159,#3160,#3161));
#614=EDGE_LOOP('',(#3162,#3163,#3164));
#615=EDGE_LOOP('',(#3165,#3166,#3167));
#616=EDGE_LOOP('',(#3168,#3169,#3170));
#617=EDGE_LOOP('',(#3171,#3172,#3173));
#618=EDGE_LOOP('',(#3174,#3175,#3176));
#619=EDGE_LOOP('',(#3177,#3178,#3179));
#620=EDGE_LOOP('',(#3180,#3181,#3182));
#621=EDGE_LOOP('',(#3183,#3184,#3185));
#622=EDGE_LOOP('',(#3186,#3187,#3188));
#623=EDGE_LOOP('',(#3189,#3190,#3191));
#624=EDGE_LOOP('',(#3192,#3193,#3194));
#625=EDGE_LOOP('',(#3195,#3196,#3197));
#626=EDGE_LOOP('',(#3198,#3199,#3200));
#627=EDGE_LOOP('',(#3201,#3202,#3203));
#628=EDGE_LOOP('',(#3204,#3205,#3206));
#629=EDGE_LOOP('',(#3207,#3208,#3209));
#630=EDGE_LOOP('',(#3210,#3211,#3212));
#631=EDGE_LOOP('',(#3213,#3214,#3215));
#632=EDGE_LOOP('',(#3216,#3217,#3218));
#633=EDGE_LOOP('',(#3219,#3220,#3221));
#634=EDGE_LOOP('',(#3222,#3223,#3224));
#635=EDGE_LOOP('',(#3225,#3226,#3227));
#636=EDGE_LOOP('',(#3228,#3229,#3230));
#637=EDGE_LOOP('',(#3231,#3232,#3233));
#638=EDGE_LOOP('',(#3234,#3235,#3236));
#639=EDGE_LOOP('',(#3237,#3238,#3239));
#640=EDGE_LOOP('',(#3240,#3241,#3242));
#641=EDGE_LOOP('',(#3243,#3244,#3245));
#642=EDGE_LOOP('',(#3246,#3247,#3248));
#643=EDGE_LOOP('',(#3249,#3250,#3251));
#644=EDGE_LOOP('',(#3252,#3253,#3254));
#645=EDGE_LOOP('',(#3255,#3256,#3257));
#646=EDGE_LOOP('',(#3258,#3259,#3260));
#647=EDGE_LOOP('',(#3261,#3262,#3263));
#648=EDGE_LOOP('',(#3264,#3265,#3266));
#649=EDGE_LOOP('',(#3267,#3268,#3269));
#650=EDGE_LOOP('',(#3270,#3271,#3272));
#651=EDGE_LOOP('',(#3273,#3274,#3275));
#652=EDGE_LOOP('',(#3276,#3277,#3278));
#653=EDGE_LOOP('',(#3279,#3280,#3281));
#654=EDGE_LOOP('',(#3282,#3283,#3284));
#655=EDGE_LOOP('',(#3285,#3286,#3287));
#656=EDGE_LOOP('',(#3288,#3289,#3290));
#657=EDGE_LOOP('',(#3291,#3292,#3293));
#658=EDGE_LOOP('',(#3294,#3295,#3296));
#659=EDGE_LOOP('',(#3297,#3298,#3299));
#660=EDGE_LOOP('',(#3300,#3301,#3302));
#661=EDGE_LOOP('',(#3303,#3304,#3305));
#662=EDGE_LOOP('',(#3306,#3307,#3308));
#663=EDGE_LOOP('',(#3309,#3310,#3311));
#664=EDGE_LOOP('',(#3312,#3313,#3314));
#665=EDGE_LOOP('',(#3315,#3316,#3317));
#666=EDGE_LOOP('',(#3318,#3319,#3320));
#667=EDGE_LOOP('',(#3321,#3322,#3323));
#668=EDGE_LOOP('',(#3324,#3325,#3326));
#669=EDGE_LOOP('',(#3327,#3328,#3329));
#670=EDGE_LOOP('',(#3330,#3331,#3332));
#671=EDGE_LOOP('',(#3333,#3334,#3335));
#672=EDGE_LOOP('',(#3336,#3337,#3338));
#673=EDGE_LOOP('',(#3339,#3340,#3341));
#674=EDGE_LOOP('',(#3342,#3343,#3344));
#675=EDGE_LOOP('',(#3345,#3346,#3347));
#676=EDGE_LOOP('',(#3348,#3349,#3350));
#677=EDGE_LOOP('',(#3351,#3352,#3353));
#678=EDGE_LOOP('',(#3354,#3355,#3356));
#679=EDGE_LOOP('',(#3357,#3358,#3359));
#680=EDGE_LOOP('',(#3360,#3361,#3362));
#681=EDGE_LOOP('',(#3363,#3364,#3365));
#682=EDGE_LOOP('',(#3366,#3367,#3368));
#683=EDGE_LOOP('',(#3369,#3370,#3371));
#684=EDGE_LOOP('',(#3372,#3373,#3374));
#685=EDGE_LOOP('',(#3375,#3376,#3377));
#686=EDGE_LOOP('',(#3378,#3379,#3380));
#687=EDGE_LOOP('',(#3381,#3382,#3383));
#688=EDGE_LOOP('',(#3384,#3385,#3386));
#689=LINE('',#5598,#1195);
#690=LINE('',#5600,#1196);
#691=LINE('',#5601,#1197);
#692=LINE('',#5604,#1198);
#693=LINE('',#5605,#1199);
#694=LINE('',#5606,#1200);
#695=LINE('',#5608,#1201);
#696=LINE('',#5610,#1202);
#697=LINE('',#5611,#1203);
#698=LINE('',#5615,#1204);
#699=LINE('',#5617,#1205);
#700=LINE('',#5618,#1206);
#701=LINE('',#5622,#1207);
#702=LINE('',#5624,#1208);
#703=LINE('',#5625,#1209);
#704=LINE('',#5629,#1210);
#705=LINE('',#5631,#1211);
#706=LINE('',#5632,#1212);
#707=LINE('',#5636,#1213);
#708=LINE('',#5637,#1214);
#709=LINE('',#5638,#1215);
#710=LINE('',#5642,#1216);
#711=LINE('',#5643,#1217);
#712=LINE('',#5644,#1218);
#713=LINE('',#5648,#1219);
#714=LINE('',#5650,#1220);
#715=LINE('',#5651,#1221);
#716=LINE('',#5655,#1222);
#717=LINE('',#5657,#1223);
#718=LINE('',#5658,#1224);
#719=LINE('',#5661,#1225);
#720=LINE('',#5663,#1226);
#721=LINE('',#5664,#1227);
#722=LINE('',#5666,#1228);
#723=LINE('',#5669,#1229);
#724=LINE('',#5670,#1230);
#725=LINE('',#5674,#1231);
#726=LINE('',#5675,#1232);
#727=LINE('',#5676,#1233);
#728=LINE('',#5680,#1234);
#729=LINE('',#5682,#1235);
#730=LINE('',#5683,#1236);
#731=LINE('',#5686,#1237);
#732=LINE('',#5687,#1238);
#733=LINE('',#5690,#1239);
#734=LINE('',#5691,#1240);
#735=LINE('',#5694,#1241);
#736=LINE('',#5695,#1242);
#737=LINE('',#5698,#1243);
#738=LINE('',#5699,#1244);
#739=LINE('',#5702,#1245);
#740=LINE('',#5703,#1246);
#741=LINE('',#5706,#1247);
#742=LINE('',#5708,#1248);
#743=LINE('',#5709,#1249);
#744=LINE('',#5713,#1250);
#745=LINE('',#5714,#1251);
#746=LINE('',#5715,#1252);
#747=LINE('',#5718,#1253);
#748=LINE('',#5719,#1254);
#749=LINE('',#5721,#1255);
#750=LINE('',#5725,#1256);
#751=LINE('',#5727,#1257);
#752=LINE('',#5728,#1258);
#753=LINE('',#5731,#1259);
#754=LINE('',#5732,#1260);
#755=LINE('',#5735,#1261);
#756=LINE('',#5736,#1262);
#757=LINE('',#5739,#1263);
#758=LINE('',#5740,#1264);
#759=LINE('',#5743,#1265);
#760=LINE('',#5744,#1266);
#761=LINE('',#5748,#1267);
#762=LINE('',#5750,#1268);
#763=LINE('',#5751,#1269);
#764=LINE('',#5754,#1270);
#765=LINE('',#5755,#1271);
#766=LINE('',#5758,#1272);
#767=LINE('',#5759,#1273);
#768=LINE('',#5762,#1274);
#769=LINE('',#5763,#1275);
#770=LINE('',#5765,#1276);
#771=LINE('',#5768,#1277);
#772=LINE('',#5770,#1278);
#773=LINE('',#5771,#1279);
#774=LINE('',#5774,#1280);
#775=LINE('',#5775,#1281);
#776=LINE('',#5778,#1282);
#777=LINE('',#5779,#1283);
#778=LINE('',#5781,#1284);
#779=LINE('',#5782,#1285);
#780=LINE('',#5786,#1286);
#781=LINE('',#5788,#1287);
#782=LINE('',#5789,#1288);
#783=LINE('',#5792,#1289);
#784=LINE('',#5793,#1290);
#785=LINE('',#5796,#1291);
#786=LINE('',#5798,#1292);
#787=LINE('',#5799,#1293);
#788=LINE('',#5801,#1294);
#789=LINE('',#5803,#1295);
#790=LINE('',#5807,#1296);
#791=LINE('',#5809,#1297);
#792=LINE('',#5810,#1298);
#793=LINE('',#5812,#1299);
#794=LINE('',#5813,#1300);
#795=LINE('',#5815,#1301);
#796=LINE('',#5817,#1302);
#797=LINE('',#5818,#1303);
#798=LINE('',#5821,#1304);
#799=LINE('',#5822,#1305);
#800=LINE('',#5824,#1306);
#801=LINE('',#5825,#1307);
#802=LINE('',#5829,#1308);
#803=LINE('',#5831,#1309);
#804=LINE('',#5832,#1310);
#805=LINE('',#5835,#1311);
#806=LINE('',#5836,#1312);
#807=LINE('',#5839,#1313);
#808=LINE('',#5840,#1314);
#809=LINE('',#5844,#1315);
#810=LINE('',#5845,#1316);
#811=LINE('',#5846,#1317);
#812=LINE('',#5849,#1318);
#813=LINE('',#5850,#1319);
#814=LINE('',#5853,#1320);
#815=LINE('',#5854,#1321);
#816=LINE('',#5857,#1322);
#817=LINE('',#5858,#1323);
#818=LINE('',#5862,#1324);
#819=LINE('',#5864,#1325);
#820=LINE('',#5865,#1326);
#821=LINE('',#5868,#1327);
#822=LINE('',#5870,#1328);
#823=LINE('',#5871,#1329);
#824=LINE('',#5873,#1330);
#825=LINE('',#5875,#1331);
#826=LINE('',#5876,#1332);
#827=LINE('',#5879,#1333);
#828=LINE('',#5880,#1334);
#829=LINE('',#5882,#1335);
#830=LINE('',#5883,#1336);
#831=LINE('',#5887,#1337);
#832=LINE('',#5888,#1338);
#833=LINE('',#5889,#1339);
#834=LINE('',#5891,#1340);
#835=LINE('',#5892,#1341);
#836=LINE('',#5896,#1342);
#837=LINE('',#5898,#1343);
#838=LINE('',#5899,#1344);
#839=LINE('',#5901,#1345);
#840=LINE('',#5904,#1346);
#841=LINE('',#5905,#1347);
#842=LINE('',#5906,#1348);
#843=LINE('',#5908,#1349);
#844=LINE('',#5911,#1350);
#845=LINE('',#5913,#1351);
#846=LINE('',#5914,#1352);
#847=LINE('',#5916,#1353);
#848=LINE('',#5917,#1354);
#849=LINE('',#5920,#1355);
#850=LINE('',#5921,#1356);
#851=LINE('',#5925,#1357);
#852=LINE('',#5927,#1358);
#853=LINE('',#5928,#1359);
#854=LINE('',#5932,#1360);
#855=LINE('',#5933,#1361);
#856=LINE('',#5934,#1362);
#857=LINE('',#5937,#1363);
#858=LINE('',#5939,#1364);
#859=LINE('',#5940,#1365);
#860=LINE('',#5943,#1366);
#861=LINE('',#5944,#1367);
#862=LINE('',#5946,#1368);
#863=LINE('',#5948,#1369);
#864=LINE('',#5949,#1370);
#865=LINE('',#5951,#1371);
#866=LINE('',#5953,#1372);
#867=LINE('',#5954,#1373);
#868=LINE('',#5958,#1374);
#869=LINE('',#5959,#1375);
#870=LINE('',#5960,#1376);
#871=LINE('',#5962,#1377);
#872=LINE('',#5964,#1378);
#873=LINE('',#5966,#1379);
#874=LINE('',#5968,#1380);
#875=LINE('',#5969,#1381);
#876=LINE('',#5973,#1382);
#877=LINE('',#5974,#1383);
#878=LINE('',#5975,#1384);
#879=LINE('',#5978,#1385);
#880=LINE('',#5979,#1386);
#881=LINE('',#5982,#1387);
#882=LINE('',#5983,#1388);
#883=LINE('',#5986,#1389);
#884=LINE('',#5987,#1390);
#885=LINE('',#5991,#1391);
#886=LINE('',#5992,#1392);
#887=LINE('',#5993,#1393);
#888=LINE('',#5995,#1394);
#889=LINE('',#5997,#1395);
#890=LINE('',#5998,#1396);
#891=LINE('',#6001,#1397);
#892=LINE('',#6002,#1398);
#893=LINE('',#6004,#1399);
#894=LINE('',#6005,#1400);
#895=LINE('',#6007,#1401);
#896=LINE('',#6008,#1402);
#897=LINE('',#6010,#1403);
#898=LINE('',#6012,#1404);
#899=LINE('',#6013,#1405);
#900=LINE('',#6015,#1406);
#901=LINE('',#6018,#1407);
#902=LINE('',#6020,#1408);
#903=LINE('',#6021,#1409);
#904=LINE('',#6023,#1410);
#905=LINE('',#6024,#1411);
#906=LINE('',#6026,#1412);
#907=LINE('',#6027,#1413);
#908=LINE('',#6029,#1414);
#909=LINE('',#6031,#1415);
#910=LINE('',#6034,#1416);
#911=LINE('',#6036,#1417);
#912=LINE('',#6037,#1418);
#913=LINE('',#6040,#1419);
#914=LINE('',#6042,#1420);
#915=LINE('',#6043,#1421);
#916=LINE('',#6045,#1422);
#917=LINE('',#6047,#1423);
#918=LINE('',#6051,#1424);
#919=LINE('',#6052,#1425);
#920=LINE('',#6053,#1426);
#921=LINE('',#6055,#1427);
#922=LINE('',#6056,#1428);
#923=LINE('',#6058,#1429);
#924=LINE('',#6059,#1430);
#925=LINE('',#6061,#1431);
#926=LINE('',#6063,#1432);
#927=LINE('',#6064,#1433);
#928=LINE('',#6066,#1434);
#929=LINE('',#6067,#1435);
#930=LINE('',#6070,#1436);
#931=LINE('',#6071,#1437);
#932=LINE('',#6073,#1438);
#933=LINE('',#6075,#1439);
#934=LINE('',#6078,#1440);
#935=LINE('',#6079,#1441);
#936=LINE('',#6081,#1442);
#937=LINE('',#6084,#1443);
#938=LINE('',#6085,#1444);
#939=LINE('',#6086,#1445);
#940=LINE('',#6089,#1446);
#941=LINE('',#6090,#1447);
#942=LINE('',#6094,#1448);
#943=LINE('',#6095,#1449);
#944=LINE('',#6096,#1450);
#945=LINE('',#6099,#1451);
#946=LINE('',#6100,#1452);
#947=LINE('',#6101,#1453);
#948=LINE('',#6103,#1454);
#949=LINE('',#6104,#1455);
#950=LINE('',#6106,#1456);
#951=LINE('',#6110,#1457);
#952=LINE('',#6111,#1458);
#953=LINE('',#6113,#1459);
#954=LINE('',#6116,#1460);
#955=LINE('',#6118,#1461);
#956=LINE('',#6119,#1462);
#957=LINE('',#6122,#1463);
#958=LINE('',#6123,#1464);
#959=LINE('',#6125,#1465);
#960=LINE('',#6127,#1466);
#961=LINE('',#6128,#1467);
#962=LINE('',#6131,#1468);
#963=LINE('',#6132,#1469);
#964=LINE('',#6135,#1470);
#965=LINE('',#6136,#1471);
#966=LINE('',#6138,#1472);
#967=LINE('',#6140,#1473);
#968=LINE('',#6143,#1474);
#969=LINE('',#6144,#1475);
#970=LINE('',#6146,#1476);
#971=LINE('',#6147,#1477);
#972=LINE('',#6149,#1478);
#973=LINE('',#6152,#1479);
#974=LINE('',#6153,#1480);
#975=LINE('',#6155,#1481);
#976=LINE('',#6157,#1482);
#977=LINE('',#6159,#1483);
#978=LINE('',#6160,#1484);
#979=LINE('',#6163,#1485);
#980=LINE('',#6164,#1486);
#981=LINE('',#6165,#1487);
#982=LINE('',#6167,#1488);
#983=LINE('',#6168,#1489);
#984=LINE('',#6171,#1490);
#985=LINE('',#6172,#1491);
#986=LINE('',#6174,#1492);
#987=LINE('',#6175,#1493);
#988=LINE('',#6177,#1494);
#989=LINE('',#6178,#1495);
#990=LINE('',#6180,#1496);
#991=LINE('',#6181,#1497);
#992=LINE('',#6183,#1498);
#993=LINE('',#6184,#1499);
#994=LINE('',#6186,#1500);
#995=LINE('',#6188,#1501);
#996=LINE('',#6190,#1502);
#997=LINE('',#6191,#1503);
#998=LINE('',#6194,#1504);
#999=LINE('',#6196,#1505);
#1000=LINE('',#6198,#1506);
#1001=LINE('',#6200,#1507);
#1002=LINE('',#6202,#1508);
#1003=LINE('',#6204,#1509);
#1004=LINE('',#6206,#1510);
#1005=LINE('',#6207,#1511);
#1006=LINE('',#6209,#1512);
#1007=LINE('',#6212,#1513);
#1008=LINE('',#6213,#1514);
#1009=LINE('',#6215,#1515);
#1010=LINE('',#6217,#1516);
#1011=LINE('',#6219,#1517);
#1012=LINE('',#6223,#1518);
#1013=LINE('',#6224,#1519);
#1014=LINE('',#6225,#1520);
#1015=LINE('',#6227,#1521);
#1016=LINE('',#6229,#1522);
#1017=LINE('',#6232,#1523);
#1018=LINE('',#6233,#1524);
#1019=LINE('',#6236,#1525);
#1020=LINE('',#6237,#1526);
#1021=LINE('',#6239,#1527);
#1022=LINE('',#6242,#1528);
#1023=LINE('',#6243,#1529);
#1024=LINE('',#6244,#1530);
#1025=LINE('',#6246,#1531);
#1026=LINE('',#6249,#1532);
#1027=LINE('',#6250,#1533);
#1028=LINE('',#6252,#1534);
#1029=LINE('',#6253,#1535);
#1030=LINE('',#6255,#1536);
#1031=LINE('',#6256,#1537);
#1032=LINE('',#6259,#1538);
#1033=LINE('',#6262,#1539);
#1034=LINE('',#6264,#1540);
#1035=LINE('',#6266,#1541);
#1036=LINE('',#6268,#1542);
#1037=LINE('',#6270,#1543);
#1038=LINE('',#6273,#1544);
#1039=LINE('',#6276,#1545);
#1040=LINE('',#6277,#1546);
#1041=LINE('',#6279,#1547);
#1042=LINE('',#6282,#1548);
#1043=LINE('',#6283,#1549);
#1044=LINE('',#6286,#1550);
#1045=LINE('',#6287,#1551);
#1046=LINE('',#6289,#1552);
#1047=LINE('',#6293,#1553);
#1048=LINE('',#6295,#1554);
#1049=LINE('',#6296,#1555);
#1050=LINE('',#6299,#1556);
#1051=LINE('',#6300,#1557);
#1052=LINE('',#6302,#1558);
#1053=LINE('',#6303,#1559);
#1054=LINE('',#6304,#1560);
#1055=LINE('',#6306,#1561);
#1056=LINE('',#6308,#1562);
#1057=LINE('',#6309,#1563);
#1058=LINE('',#6314,#1564);
#1059=LINE('',#6315,#1565);
#1060=LINE('',#6317,#1566);
#1061=LINE('',#6320,#1567);
#1062=LINE('',#6321,#1568);
#1063=LINE('',#6324,#1569);
#1064=LINE('',#6326,#1570);
#1065=LINE('',#6328,#1571);
#1066=LINE('',#6330,#1572);
#1067=LINE('',#6331,#1573);
#1068=LINE('',#6333,#1574);
#1069=LINE('',#6335,#1575);
#1070=LINE('',#6338,#1576);
#1071=LINE('',#6339,#1577);
#1072=LINE('',#6342,#1578);
#1073=LINE('',#6343,#1579);
#1074=LINE('',#6344,#1580);
#1075=LINE('',#6346,#1581);
#1076=LINE('',#6347,#1582);
#1077=LINE('',#6349,#1583);
#1078=LINE('',#6350,#1584);
#1079=LINE('',#6353,#1585);
#1080=LINE('',#6354,#1586);
#1081=LINE('',#6357,#1587);
#1082=LINE('',#6358,#1588);
#1083=LINE('',#6360,#1589);
#1084=LINE('',#6362,#1590);
#1085=LINE('',#6365,#1591);
#1086=LINE('',#6366,#1592);
#1087=LINE('',#6368,#1593);
#1088=LINE('',#6370,#1594);
#1089=LINE('',#6373,#1595);
#1090=LINE('',#6374,#1596);
#1091=LINE('',#6378,#1597);
#1092=LINE('',#6379,#1598);
#1093=LINE('',#6381,#1599);
#1094=LINE('',#6383,#1600);
#1095=LINE('',#6386,#1601);
#1096=LINE('',#6387,#1602);
#1097=LINE('',#6389,#1603);
#1098=LINE('',#6391,#1604);
#1099=LINE('',#6392,#1605);
#1100=LINE('',#6394,#1606);
#1101=LINE('',#6396,#1607);
#1102=LINE('',#6399,#1608);
#1103=LINE('',#6400,#1609);
#1104=LINE('',#6402,#1610);
#1105=LINE('',#6405,#1611);
#1106=LINE('',#6406,#1612);
#1107=LINE('',#6408,#1613);
#1108=LINE('',#6410,#1614);
#1109=LINE('',#6412,#1615);
#1110=LINE('',#6413,#1616);
#1111=LINE('',#6415,#1617);
#1112=LINE('',#6417,#1618);
#1113=LINE('',#6420,#1619);
#1114=LINE('',#6422,#1620);
#1115=LINE('',#6424,#1621);
#1116=LINE('',#6426,#1622);
#1117=LINE('',#6427,#1623);
#1118=LINE('',#6428,#1624);
#1119=LINE('',#6430,#1625);
#1120=LINE('',#6432,#1626);
#1121=LINE('',#6434,#1627);
#1122=LINE('',#6437,#1628);
#1123=LINE('',#6438,#1629);
#1124=LINE('',#6441,#1630);
#1125=LINE('',#6442,#1631);
#1126=LINE('',#6445,#1632);
#1127=LINE('',#6446,#1633);
#1128=LINE('',#6449,#1634);
#1129=LINE('',#6451,#1635);
#1130=LINE('',#6453,#1636);
#1131=LINE('',#6455,#1637);
#1132=LINE('',#6457,#1638);
#1133=LINE('',#6459,#1639);
#1134=LINE('',#6461,#1640);
#1135=LINE('',#6462,#1641);
#1136=LINE('',#6464,#1642);
#1137=LINE('',#6468,#1643);
#1138=LINE('',#6470,#1644);
#1139=LINE('',#6473,#1645);
#1140=LINE('',#6474,#1646);
#1141=LINE('',#6477,#1647);
#1142=LINE('',#6478,#1648);
#1143=LINE('',#6482,#1649);
#1144=LINE('',#6483,#1650);
#1145=LINE('',#6485,#1651);
#1146=LINE('',#6486,#1652);
#1147=LINE('',#6488,#1653);
#1148=LINE('',#6490,#1654);
#1149=LINE('',#6492,#1655);
#1150=LINE('',#6495,#1656);
#1151=LINE('',#6497,#1657);
#1152=LINE('',#6499,#1658);
#1153=LINE('',#6501,#1659);
#1154=LINE('',#6503,#1660);
#1155=LINE('',#6506,#1661);
#1156=LINE('',#6508,#1662);
#1157=LINE('',#6510,#1663);
#1158=LINE('',#6515,#1664);
#1159=LINE('',#6516,#1665);
#1160=LINE('',#6518,#1666);
#1161=LINE('',#6520,#1667);
#1162=LINE('',#6524,#1668);
#1163=LINE('',#6529,#1669);
#1164=LINE('',#6535,#1670);
#1165=LINE('',#6537,#1671);
#1166=LINE('',#6539,#1672);
#1167=LINE('',#6540,#1673);
#1168=LINE('',#6542,#1674);
#1169=LINE('',#6544,#1675);
#1170=LINE('',#6545,#1676);
#1171=LINE('',#6549,#1677);
#1172=LINE('',#6550,#1678);
#1173=LINE('',#6552,#1679);
#1174=LINE('',#6553,#1680);
#1175=LINE('',#6555,#1681);
#1176=LINE('',#6557,#1682);
#1177=LINE('',#6561,#1683);
#1178=LINE('',#6562,#1684);
#1179=LINE('',#6565,#1685);
#1180=LINE('',#6569,#1686);
#1181=LINE('',#6570,#1687);
#1182=LINE('',#6573,#1688);
#1183=LINE('',#6575,#1689);
#1184=LINE('',#6577,#1690);
#1185=LINE('',#6580,#1691);
#1186=LINE('',#6582,#1692);
#1187=LINE('',#6583,#1693);
#1188=LINE('',#6586,#1694);
#1189=LINE('',#6589,#1695);
#1190=LINE('',#6590,#1696);
#1191=LINE('',#6593,#1697);
#1192=LINE('',#6597,#1698);
#1193=LINE('',#6600,#1699);
#1194=LINE('',#6604,#1700);
#1195=VECTOR('',#4416,10.);
#1196=VECTOR('',#4417,10.);
#1197=VECTOR('',#4418,10.);
#1198=VECTOR('',#4421,10.);
#1199=VECTOR('',#4422,10.);
#1200=VECTOR('',#4423,10.);
#1201=VECTOR('',#4426,10.);
#1202=VECTOR('',#4427,10.);
#1203=VECTOR('',#4428,10.);
#1204=VECTOR('',#4431,10.);
#1205=VECTOR('',#4432,10.);
#1206=VECTOR('',#4433,10.);
#1207=VECTOR('',#4436,10.);
#1208=VECTOR('',#4437,10.);
#1209=VECTOR('',#4438,10.);
#1210=VECTOR('',#4441,10.);
#1211=VECTOR('',#4442,10.);
#1212=VECTOR('',#4443,10.);
#1213=VECTOR('',#4446,10.);
#1214=VECTOR('',#4447,10.);
#1215=VECTOR('',#4448,10.);
#1216=VECTOR('',#4451,10.);
#1217=VECTOR('',#4452,10.);
#1218=VECTOR('',#4453,10.);
#1219=VECTOR('',#4456,10.);
#1220=VECTOR('',#4457,10.);
#1221=VECTOR('',#4458,10.);
#1222=VECTOR('',#4461,10.);
#1223=VECTOR('',#4462,10.);
#1224=VECTOR('',#4463,10.);
#1225=VECTOR('',#4466,10.);
#1226=VECTOR('',#4467,10.);
#1227=VECTOR('',#4468,10.);
#1228=VECTOR('',#4471,10.);
#1229=VECTOR('',#4474,10.);
#1230=VECTOR('',#4475,10.);
#1231=VECTOR('',#4478,10.);
#1232=VECTOR('',#4479,10.);
#1233=VECTOR('',#4480,10.);
#1234=VECTOR('',#4483,10.);
#1235=VECTOR('',#4484,10.);
#1236=VECTOR('',#4485,10.);
#1237=VECTOR('',#4488,10.);
#1238=VECTOR('',#4489,10.);
#1239=VECTOR('',#4492,10.);
#1240=VECTOR('',#4493,10.);
#1241=VECTOR('',#4496,10.);
#1242=VECTOR('',#4497,10.);
#1243=VECTOR('',#4500,10.);
#1244=VECTOR('',#4501,10.);
#1245=VECTOR('',#4504,10.);
#1246=VECTOR('',#4505,10.);
#1247=VECTOR('',#4508,10.);
#1248=VECTOR('',#4509,10.);
#1249=VECTOR('',#4510,10.);
#1250=VECTOR('',#4513,10.);
#1251=VECTOR('',#4514,10.);
#1252=VECTOR('',#4515,10.);
#1253=VECTOR('',#4518,10.);
#1254=VECTOR('',#4519,10.);
#1255=VECTOR('',#4522,10.);
#1256=VECTOR('',#4525,10.);
#1257=VECTOR('',#4526,10.);
#1258=VECTOR('',#4527,10.);
#1259=VECTOR('',#4530,10.);
#1260=VECTOR('',#4531,10.);
#1261=VECTOR('',#4534,10.);
#1262=VECTOR('',#4535,10.);
#1263=VECTOR('',#4538,10.);
#1264=VECTOR('',#4539,10.);
#1265=VECTOR('',#4542,10.);
#1266=VECTOR('',#4543,10.);
#1267=VECTOR('',#4546,10.);
#1268=VECTOR('',#4547,10.);
#1269=VECTOR('',#4548,10.);
#1270=VECTOR('',#4551,10.);
#1271=VECTOR('',#4552,10.);
#1272=VECTOR('',#4555,10.);
#1273=VECTOR('',#4556,10.);
#1274=VECTOR('',#4559,10.);
#1275=VECTOR('',#4560,10.);
#1276=VECTOR('',#4563,10.);
#1277=VECTOR('',#4566,10.);
#1278=VECTOR('',#4567,10.);
#1279=VECTOR('',#4568,10.);
#1280=VECTOR('',#4571,10.);
#1281=VECTOR('',#4572,10.);
#1282=VECTOR('',#4575,10.);
#1283=VECTOR('',#4576,10.);
#1284=VECTOR('',#4579,10.);
#1285=VECTOR('',#4580,10.);
#1286=VECTOR('',#4583,10.);
#1287=VECTOR('',#4584,10.);
#1288=VECTOR('',#4585,10.);
#1289=VECTOR('',#4588,10.);
#1290=VECTOR('',#4589,10.);
#1291=VECTOR('',#4592,10.);
#1292=VECTOR('',#4593,10.);
#1293=VECTOR('',#4594,10.);
#1294=VECTOR('',#4597,10.);
#1295=VECTOR('',#4600,10.);
#1296=VECTOR('',#4603,10.);
#1297=VECTOR('',#4604,10.);
#1298=VECTOR('',#4605,10.);
#1299=VECTOR('',#4608,10.);
#1300=VECTOR('',#4609,10.);
#1301=VECTOR('',#4612,10.);
#1302=VECTOR('',#4613,10.);
#1303=VECTOR('',#4614,10.);
#1304=VECTOR('',#4617,10.);
#1305=VECTOR('',#4618,10.);
#1306=VECTOR('',#4621,10.);
#1307=VECTOR('',#4622,10.);
#1308=VECTOR('',#4627,10.);
#1309=VECTOR('',#4628,10.);
#1310=VECTOR('',#4629,10.);
#1311=VECTOR('',#4632,10.);
#1312=VECTOR('',#4633,10.);
#1313=VECTOR('',#4636,10.);
#1314=VECTOR('',#4637,10.);
#1315=VECTOR('',#4640,10.);
#1316=VECTOR('',#4641,10.);
#1317=VECTOR('',#4642,10.);
#1318=VECTOR('',#4645,10.);
#1319=VECTOR('',#4646,10.);
#1320=VECTOR('',#4649,10.);
#1321=VECTOR('',#4650,10.);
#1322=VECTOR('',#4653,10.);
#1323=VECTOR('',#4654,10.);
#1324=VECTOR('',#4657,10.);
#1325=VECTOR('',#4658,10.);
#1326=VECTOR('',#4659,10.);
#1327=VECTOR('',#4662,10.);
#1328=VECTOR('',#4663,10.);
#1329=VECTOR('',#4664,10.);
#1330=VECTOR('',#4667,10.);
#1331=VECTOR('',#4668,10.);
#1332=VECTOR('',#4669,10.);
#1333=VECTOR('',#4672,10.);
#1334=VECTOR('',#4673,10.);
#1335=VECTOR('',#4676,10.);
#1336=VECTOR('',#4677,10.);
#1337=VECTOR('',#4680,10.);
#1338=VECTOR('',#4681,10.);
#1339=VECTOR('',#4682,10.);
#1340=VECTOR('',#4685,10.);
#1341=VECTOR('',#4686,10.);
#1342=VECTOR('',#4689,10.);
#1343=VECTOR('',#4690,10.);
#1344=VECTOR('',#4691,10.);
#1345=VECTOR('',#4694,10.);
#1346=VECTOR('',#4697,10.);
#1347=VECTOR('',#4698,10.);
#1348=VECTOR('',#4699,10.);
#1349=VECTOR('',#4702,10.);
#1350=VECTOR('',#4705,10.);
#1351=VECTOR('',#4706,10.);
#1352=VECTOR('',#4707,10.);
#1353=VECTOR('',#4710,10.);
#1354=VECTOR('',#4711,10.);
#1355=VECTOR('',#4714,10.);
#1356=VECTOR('',#4715,10.);
#1357=VECTOR('',#4718,10.);
#1358=VECTOR('',#4719,10.);
#1359=VECTOR('',#4720,10.);
#1360=VECTOR('',#4723,10.);
#1361=VECTOR('',#4724,10.);
#1362=VECTOR('',#4725,10.);
#1363=VECTOR('',#4728,10.);
#1364=VECTOR('',#4729,10.);
#1365=VECTOR('',#4730,10.);
#1366=VECTOR('',#4733,10.);
#1367=VECTOR('',#4734,10.);
#1368=VECTOR('',#4737,10.);
#1369=VECTOR('',#4738,10.);
#1370=VECTOR('',#4739,10.);
#1371=VECTOR('',#4742,10.);
#1372=VECTOR('',#4745,10.);
#1373=VECTOR('',#4746,10.);
#1374=VECTOR('',#4749,10.);
#1375=VECTOR('',#4750,10.);
#1376=VECTOR('',#4751,10.);
#1377=VECTOR('',#4754,10.);
#1378=VECTOR('',#4757,10.);
#1379=VECTOR('',#4760,10.);
#1380=VECTOR('',#4761,10.);
#1381=VECTOR('',#4762,10.);
#1382=VECTOR('',#4765,10.);
#1383=VECTOR('',#4766,10.);
#1384=VECTOR('',#4767,10.);
#1385=VECTOR('',#4770,10.);
#1386=VECTOR('',#4771,10.);
#1387=VECTOR('',#4774,10.);
#1388=VECTOR('',#4775,10.);
#1389=VECTOR('',#4778,10.);
#1390=VECTOR('',#4779,10.);
#1391=VECTOR('',#4782,10.);
#1392=VECTOR('',#4783,10.);
#1393=VECTOR('',#4784,10.);
#1394=VECTOR('',#4787,10.);
#1395=VECTOR('',#4788,10.);
#1396=VECTOR('',#4789,10.);
#1397=VECTOR('',#4792,10.);
#1398=VECTOR('',#4793,10.);
#1399=VECTOR('',#4796,10.);
#1400=VECTOR('',#4797,10.);
#1401=VECTOR('',#4800,10.);
#1402=VECTOR('',#4801,10.);
#1403=VECTOR('',#4804,10.);
#1404=VECTOR('',#4805,10.);
#1405=VECTOR('',#4806,10.);
#1406=VECTOR('',#4809,10.);
#1407=VECTOR('',#4814,10.);
#1408=VECTOR('',#4815,10.);
#1409=VECTOR('',#4816,10.);
#1410=VECTOR('',#4819,10.);
#1411=VECTOR('',#4820,10.);
#1412=VECTOR('',#4823,10.);
#1413=VECTOR('',#4824,10.);
#1414=VECTOR('',#4827,10.);
#1415=VECTOR('',#4830,10.);
#1416=VECTOR('',#4833,10.);
#1417=VECTOR('',#4834,10.);
#1418=VECTOR('',#4835,10.);
#1419=VECTOR('',#4838,10.);
#1420=VECTOR('',#4839,10.);
#1421=VECTOR('',#4840,10.);
#1422=VECTOR('',#4843,10.);
#1423=VECTOR('',#4846,10.);
#1424=VECTOR('',#4849,10.);
#1425=VECTOR('',#4850,10.);
#1426=VECTOR('',#4851,10.);
#1427=VECTOR('',#4854,10.);
#1428=VECTOR('',#4855,10.);
#1429=VECTOR('',#4858,10.);
#1430=VECTOR('',#4859,10.);
#1431=VECTOR('',#4862,10.);
#1432=VECTOR('',#4863,10.);
#1433=VECTOR('',#4864,10.);
#1434=VECTOR('',#4867,10.);
#1435=VECTOR('',#4868,10.);
#1436=VECTOR('',#4871,10.);
#1437=VECTOR('',#4872,10.);
#1438=VECTOR('',#4875,10.);
#1439=VECTOR('',#4878,10.);
#1440=VECTOR('',#4881,10.);
#1441=VECTOR('',#4882,10.);
#1442=VECTOR('',#4885,10.);
#1443=VECTOR('',#4888,10.);
#1444=VECTOR('',#4889,10.);
#1445=VECTOR('',#4890,10.);
#1446=VECTOR('',#4893,10.);
#1447=VECTOR('',#4894,10.);
#1448=VECTOR('',#4897,10.);
#1449=VECTOR('',#4898,10.);
#1450=VECTOR('',#4899,10.);
#1451=VECTOR('',#4902,10.);
#1452=VECTOR('',#4903,10.);
#1453=VECTOR('',#4904,10.);
#1454=VECTOR('',#4907,10.);
#1455=VECTOR('',#4908,10.);
#1456=VECTOR('',#4911,10.);
#1457=VECTOR('',#4916,10.);
#1458=VECTOR('',#4917,10.);
#1459=VECTOR('',#4920,10.);
#1460=VECTOR('',#4923,10.);
#1461=VECTOR('',#4924,10.);
#1462=VECTOR('',#4925,10.);
#1463=VECTOR('',#4928,10.);
#1464=VECTOR('',#4929,10.);
#1465=VECTOR('',#4932,10.);
#1466=VECTOR('',#4935,10.);
#1467=VECTOR('',#4936,10.);
#1468=VECTOR('',#4941,10.);
#1469=VECTOR('',#4942,10.);
#1470=VECTOR('',#4945,10.);
#1471=VECTOR('',#4946,10.);
#1472=VECTOR('',#4949,10.);
#1473=VECTOR('',#4952,10.);
#1474=VECTOR('',#4955,10.);
#1475=VECTOR('',#4956,10.);
#1476=VECTOR('',#4959,10.);
#1477=VECTOR('',#4960,10.);
#1478=VECTOR('',#4963,10.);
#1479=VECTOR('',#4966,10.);
#1480=VECTOR('',#4967,10.);
#1481=VECTOR('',#4970,10.);
#1482=VECTOR('',#4973,10.);
#1483=VECTOR('',#4976,10.);
#1484=VECTOR('',#4977,10.);
#1485=VECTOR('',#4980,10.);
#1486=VECTOR('',#4981,10.);
#1487=VECTOR('',#4982,10.);
#1488=VECTOR('',#4985,10.);
#1489=VECTOR('',#4986,10.);
#1490=VECTOR('',#4989,10.);
#1491=VECTOR('',#4990,10.);
#1492=VECTOR('',#4993,10.);
#1493=VECTOR('',#4994,10.);
#1494=VECTOR('',#4997,10.);
#1495=VECTOR('',#4998,10.);
#1496=VECTOR('',#5001,10.);
#1497=VECTOR('',#5002,10.);
#1498=VECTOR('',#5005,10.);
#1499=VECTOR('',#5006,10.);
#1500=VECTOR('',#5009,10.);
#1501=VECTOR('',#5012,10.);
#1502=VECTOR('',#5015,10.);
#1503=VECTOR('',#5016,10.);
#1504=VECTOR('',#5021,10.);
#1505=VECTOR('',#5024,10.);
#1506=VECTOR('',#5027,10.);
#1507=VECTOR('',#5030,10.);
#1508=VECTOR('',#5033,10.);
#1509=VECTOR('',#5036,10.);
#1510=VECTOR('',#5039,10.);
#1511=VECTOR('',#5040,10.);
#1512=VECTOR('',#5043,10.);
#1513=VECTOR('',#5046,10.);
#1514=VECTOR('',#5047,10.);
#1515=VECTOR('',#5050,10.);
#1516=VECTOR('',#5053,10.);
#1517=VECTOR('',#5056,10.);
#1518=VECTOR('',#5059,10.);
#1519=VECTOR('',#5060,10.);
#1520=VECTOR('',#5061,10.);
#1521=VECTOR('',#5064,10.);
#1522=VECTOR('',#5067,10.);
#1523=VECTOR('',#5070,10.);
#1524=VECTOR('',#5071,10.);
#1525=VECTOR('',#5074,10.);
#1526=VECTOR('',#5075,10.);
#1527=VECTOR('',#5078,10.);
#1528=VECTOR('',#5081,10.);
#1529=VECTOR('',#5082,10.);
#1530=VECTOR('',#5083,10.);
#1531=VECTOR('',#5086,10.);
#1532=VECTOR('',#5089,10.);
#1533=VECTOR('',#5090,10.);
#1534=VECTOR('',#5093,10.);
#1535=VECTOR('',#5094,10.);
#1536=VECTOR('',#5097,10.);
#1537=VECTOR('',#5098,10.);
#1538=VECTOR('',#5103,10.);
#1539=VECTOR('',#5108,10.);
#1540=VECTOR('',#5111,10.);
#1541=VECTOR('',#5114,10.);
#1542=VECTOR('',#5117,10.);
#1543=VECTOR('',#5120,10.);
#1544=VECTOR('',#5125,10.);
#1545=VECTOR('',#5130,10.);
#1546=VECTOR('',#5131,10.);
#1547=VECTOR('',#5134,10.);
#1548=VECTOR('',#5137,10.);
#1549=VECTOR('',#5138,10.);
#1550=VECTOR('',#5141,10.);
#1551=VECTOR('',#5142,10.);
#1552=VECTOR('',#5145,10.);
#1553=VECTOR('',#5148,10.);
#1554=VECTOR('',#5149,10.);
#1555=VECTOR('',#5150,10.);
#1556=VECTOR('',#5153,10.);
#1557=VECTOR('',#5154,10.);
#1558=VECTOR('',#5157,10.);
#1559=VECTOR('',#5158,10.);
#1560=VECTOR('',#5159,10.);
#1561=VECTOR('',#5162,10.);
#1562=VECTOR('',#5165,10.);
#1563=VECTOR('',#5166,10.);
#1564=VECTOR('',#5173,10.);
#1565=VECTOR('',#5174,10.);
#1566=VECTOR('',#5177,10.);
#1567=VECTOR('',#5180,10.);
#1568=VECTOR('',#5181,10.);
#1569=VECTOR('',#5186,10.);
#1570=VECTOR('',#5189,10.);
#1571=VECTOR('',#5192,10.);
#1572=VECTOR('',#5195,10.);
#1573=VECTOR('',#5196,10.);
#1574=VECTOR('',#5199,10.);
#1575=VECTOR('',#5202,10.);
#1576=VECTOR('',#5205,10.);
#1577=VECTOR('',#5206,10.);
#1578=VECTOR('',#5209,10.);
#1579=VECTOR('',#5210,10.);
#1580=VECTOR('',#5211,10.);
#1581=VECTOR('',#5214,10.);
#1582=VECTOR('',#5215,10.);
#1583=VECTOR('',#5218,10.);
#1584=VECTOR('',#5219,10.);
#1585=VECTOR('',#5222,10.);
#1586=VECTOR('',#5223,10.);
#1587=VECTOR('',#5226,10.);
#1588=VECTOR('',#5227,10.);
#1589=VECTOR('',#5230,10.);
#1590=VECTOR('',#5233,10.);
#1591=VECTOR('',#5236,10.);
#1592=VECTOR('',#5237,10.);
#1593=VECTOR('',#5240,10.);
#1594=VECTOR('',#5243,10.);
#1595=VECTOR('',#5248,10.);
#1596=VECTOR('',#5249,10.);
#1597=VECTOR('',#5254,10.);
#1598=VECTOR('',#5255,10.);
#1599=VECTOR('',#5258,10.);
#1600=VECTOR('',#5261,10.);
#1601=VECTOR('',#5264,10.);
#1602=VECTOR('',#5265,10.);
#1603=VECTOR('',#5268,10.);
#1604=VECTOR('',#5271,10.);
#1605=VECTOR('',#5272,10.);
#1606=VECTOR('',#5275,10.);
#1607=VECTOR('',#5278,10.);
#1608=VECTOR('',#5281,10.);
#1609=VECTOR('',#5282,10.);
#1610=VECTOR('',#5285,10.);
#1611=VECTOR('',#5288,10.);
#1612=VECTOR('',#5289,10.);
#1613=VECTOR('',#5292,10.);
#1614=VECTOR('',#5295,10.);
#1615=VECTOR('',#5298,10.);
#1616=VECTOR('',#5299,10.);
#1617=VECTOR('',#5302,10.);
#1618=VECTOR('',#5305,10.);
#1619=VECTOR('',#5310,10.);
#1620=VECTOR('',#5313,10.);
#1621=VECTOR('',#5316,10.);
#1622=VECTOR('',#5319,10.);
#1623=VECTOR('',#5320,10.);
#1624=VECTOR('',#5321,10.);
#1625=VECTOR('',#5324,10.);
#1626=VECTOR('',#5327,10.);
#1627=VECTOR('',#5330,10.);
#1628=VECTOR('',#5335,10.);
#1629=VECTOR('',#5336,10.);
#1630=VECTOR('',#5339,10.);
#1631=VECTOR('',#5340,10.);
#1632=VECTOR('',#5343,10.);
#1633=VECTOR('',#5344,10.);
#1634=VECTOR('',#5349,10.);
#1635=VECTOR('',#5352,10.);
#1636=VECTOR('',#5355,10.);
#1637=VECTOR('',#5358,10.);
#1638=VECTOR('',#5361,10.);
#1639=VECTOR('',#5364,10.);
#1640=VECTOR('',#5367,10.);
#1641=VECTOR('',#5368,10.);
#1642=VECTOR('',#5371,10.);
#1643=VECTOR('',#5378,10.);
#1644=VECTOR('',#5381,10.);
#1645=VECTOR('',#5386,10.);
#1646=VECTOR('',#5387,10.);
#1647=VECTOR('',#5392,10.);
#1648=VECTOR('',#5393,10.);
#1649=VECTOR('',#5398,10.);
#1650=VECTOR('',#5399,10.);
#1651=VECTOR('',#5402,10.);
#1652=VECTOR('',#5403,10.);
#1653=VECTOR('',#5406,10.);
#1654=VECTOR('',#5409,10.);
#1655=VECTOR('',#5412,10.);
#1656=VECTOR('',#5417,10.);
#1657=VECTOR('',#5420,10.);
#1658=VECTOR('',#5423,10.);
#1659=VECTOR('',#5426,10.);
#1660=VECTOR('',#5429,10.);
#1661=VECTOR('',#5434,10.);
#1662=VECTOR('',#5437,10.);
#1663=VECTOR('',#5440,10.);
#1664=VECTOR('',#5449,10.);
#1665=VECTOR('',#5450,10.);
#1666=VECTOR('',#5453,10.);
#1667=VECTOR('',#5456,10.);
#1668=VECTOR('',#5463,10.);
#1669=VECTOR('',#5472,10.);
#1670=VECTOR('',#5483,10.);
#1671=VECTOR('',#5486,10.);
#1672=VECTOR('',#5489,10.);
#1673=VECTOR('',#5490,10.);
#1674=VECTOR('',#5493,10.);
#1675=VECTOR('',#5496,10.);
#1676=VECTOR('',#5497,10.);
#1677=VECTOR('',#5504,10.);
#1678=VECTOR('',#5505,10.);
#1679=VECTOR('',#5508,10.);
#1680=VECTOR('',#5509,10.);
#1681=VECTOR('',#5512,10.);
#1682=VECTOR('',#5515,10.);
#1683=VECTOR('',#5522,10.);
#1684=VECTOR('',#5523,10.);
#1685=VECTOR('',#5528,10.);
#1686=VECTOR('',#5535,10.);
#1687=VECTOR('',#5536,10.);
#1688=VECTOR('',#5541,10.);
#1689=VECTOR('',#5544,10.);
#1690=VECTOR('',#5547,10.);
#1691=VECTOR('',#5552,10.);
#1692=VECTOR('',#5555,10.);
#1693=VECTOR('',#5556,10.);
#1694=VECTOR('',#5561,10.);
#1695=VECTOR('',#5566,10.);
#1696=VECTOR('',#5567,10.);
#1697=VECTOR('',#5572,10.);
#1698=VECTOR('',#5579,10.);
#1699=VECTOR('',#5584,10.);
#1700=VECTOR('',#5591,10.);
#1701=VERTEX_POINT('',#5596);
#1702=VERTEX_POINT('',#5597);
#1703=VERTEX_POINT('',#5599);
#1704=VERTEX_POINT('',#5603);
#1705=VERTEX_POINT('',#5609);
#1706=VERTEX_POINT('',#5613);
#1707=VERTEX_POINT('',#5614);
#1708=VERTEX_POINT('',#5616);
#1709=VERTEX_POINT('',#5620);
#1710=VERTEX_POINT('',#5621);
#1711=VERTEX_POINT('',#5623);
#1712=VERTEX_POINT('',#5627);
#1713=VERTEX_POINT('',#5628);
#1714=VERTEX_POINT('',#5630);
#1715=VERTEX_POINT('',#5634);
#1716=VERTEX_POINT('',#5635);
#1717=VERTEX_POINT('',#5640);
#1718=VERTEX_POINT('',#5641);
#1719=VERTEX_POINT('',#5646);
#1720=VERTEX_POINT('',#5647);
#1721=VERTEX_POINT('',#5649);
#1722=VERTEX_POINT('',#5653);
#1723=VERTEX_POINT('',#5654);
#1724=VERTEX_POINT('',#5656);
#1725=VERTEX_POINT('',#5660);
#1726=VERTEX_POINT('',#5662);
#1727=VERTEX_POINT('',#5668);
#1728=VERTEX_POINT('',#5672);
#1729=VERTEX_POINT('',#5673);
#1730=VERTEX_POINT('',#5678);
#1731=VERTEX_POINT('',#5679);
#1732=VERTEX_POINT('',#5681);
#1733=VERTEX_POINT('',#5685);
#1734=VERTEX_POINT('',#5689);
#1735=VERTEX_POINT('',#5693);
#1736=VERTEX_POINT('',#5697);
#1737=VERTEX_POINT('',#5701);
#1738=VERTEX_POINT('',#5705);
#1739=VERTEX_POINT('',#5707);
#1740=VERTEX_POINT('',#5711);
#1741=VERTEX_POINT('',#5712);
#1742=VERTEX_POINT('',#5717);
#1743=VERTEX_POINT('',#5723);
#1744=VERTEX_POINT('',#5724);
#1745=VERTEX_POINT('',#5726);
#1746=VERTEX_POINT('',#5730);
#1747=VERTEX_POINT('',#5734);
#1748=VERTEX_POINT('',#5738);
#1749=VERTEX_POINT('',#5742);
#1750=VERTEX_POINT('',#5746);
#1751=VERTEX_POINT('',#5747);
#1752=VERTEX_POINT('',#5749);
#1753=VERTEX_POINT('',#5753);
#1754=VERTEX_POINT('',#5757);
#1755=VERTEX_POINT('',#5761);
#1756=VERTEX_POINT('',#5767);
#1757=VERTEX_POINT('',#5769);
#1758=VERTEX_POINT('',#5773);
#1759=VERTEX_POINT('',#5777);
#1760=VERTEX_POINT('',#5784);
#1761=VERTEX_POINT('',#5785);
#1762=VERTEX_POINT('',#5787);
#1763=VERTEX_POINT('',#5791);
#1764=VERTEX_POINT('',#5795);
#1765=VERTEX_POINT('',#5797);
#1766=VERTEX_POINT('',#5805);
#1767=VERTEX_POINT('',#5806);
#1768=VERTEX_POINT('',#5808);
#1769=VERTEX_POINT('',#5816);
#1770=VERTEX_POINT('',#5820);
#1771=VERTEX_POINT('',#5828);
#1772=VERTEX_POINT('',#5830);
#1773=VERTEX_POINT('',#5834);
#1774=VERTEX_POINT('',#5838);
#1775=VERTEX_POINT('',#5842);
#1776=VERTEX_POINT('',#5843);
#1777=VERTEX_POINT('',#5848);
#1778=VERTEX_POINT('',#5852);
#1779=VERTEX_POINT('',#5856);
#1780=VERTEX_POINT('',#5860);
#1781=VERTEX_POINT('',#5861);
#1782=VERTEX_POINT('',#5863);
#1783=VERTEX_POINT('',#5867);
#1784=VERTEX_POINT('',#5869);
#1785=VERTEX_POINT('',#5874);
#1786=VERTEX_POINT('',#5878);
#1787=VERTEX_POINT('',#5885);
#1788=VERTEX_POINT('',#5886);
#1789=VERTEX_POINT('',#5894);
#1790=VERTEX_POINT('',#5895);
#1791=VERTEX_POINT('',#5897);
#1792=VERTEX_POINT('',#5903);
#1793=VERTEX_POINT('',#5910);
#1794=VERTEX_POINT('',#5912);
#1795=VERTEX_POINT('',#5919);
#1796=VERTEX_POINT('',#5923);
#1797=VERTEX_POINT('',#5924);
#1798=VERTEX_POINT('',#5926);
#1799=VERTEX_POINT('',#5930);
#1800=VERTEX_POINT('',#5931);
#1801=VERTEX_POINT('',#5936);
#1802=VERTEX_POINT('',#5938);
#1803=VERTEX_POINT('',#5942);
#1804=VERTEX_POINT('',#5947);
#1805=VERTEX_POINT('',#5956);
#1806=VERTEX_POINT('',#5957);
#1807=VERTEX_POINT('',#5967);
#1808=VERTEX_POINT('',#5971);
#1809=VERTEX_POINT('',#5972);
#1810=VERTEX_POINT('',#5977);
#1811=VERTEX_POINT('',#5981);
#1812=VERTEX_POINT('',#5985);
#1813=VERTEX_POINT('',#5989);
#1814=VERTEX_POINT('',#5990);
#1815=VERTEX_POINT('',#5996);
#1816=VERTEX_POINT('',#6000);
#1817=VERTEX_POINT('',#6011);
#1818=VERTEX_POINT('',#6019);
#1819=VERTEX_POINT('',#6033);
#1820=VERTEX_POINT('',#6035);
#1821=VERTEX_POINT('',#6039);
#1822=VERTEX_POINT('',#6041);
#1823=VERTEX_POINT('',#6049);
#1824=VERTEX_POINT('',#6050);
#1825=VERTEX_POINT('',#6062);
#1826=VERTEX_POINT('',#6069);
#1827=VERTEX_POINT('',#6077);
#1828=VERTEX_POINT('',#6083);
#1829=VERTEX_POINT('',#6088);
#1830=VERTEX_POINT('',#6092);
#1831=VERTEX_POINT('',#6093);
#1832=VERTEX_POINT('',#6098);
#1833=VERTEX_POINT('',#6109);
#1834=VERTEX_POINT('',#6115);
#1835=VERTEX_POINT('',#6117);
#1836=VERTEX_POINT('',#6121);
#1837=VERTEX_POINT('',#6134);
#1838=VERTEX_POINT('',#6142);
#1839=VERTEX_POINT('',#6151);
#1840=VERTEX_POINT('',#6162);
#1841=VERTEX_POINT('',#6170);
#1842=VERTEX_POINT('',#6211);
#1843=VERTEX_POINT('',#6221);
#1844=VERTEX_POINT('',#6222);
#1845=VERTEX_POINT('',#6231);
#1846=VERTEX_POINT('',#6235);
#1847=VERTEX_POINT('',#6241);
#1848=VERTEX_POINT('',#6248);
#1849=VERTEX_POINT('',#6281);
#1850=VERTEX_POINT('',#6285);
#1851=VERTEX_POINT('',#6291);
#1852=VERTEX_POINT('',#6292);
#1853=VERTEX_POINT('',#6294);
#1854=VERTEX_POINT('',#6298);
#1855=VERTEX_POINT('',#6313);
#1856=VERTEX_POINT('',#6319);
#1857=VERTEX_POINT('',#6337);
#1858=VERTEX_POINT('',#6341);
#1859=VERTEX_POINT('',#6352);
#1860=VERTEX_POINT('',#6356);
#1861=VERTEX_POINT('',#6364);
#1862=VERTEX_POINT('',#6377);
#1863=VERTEX_POINT('',#6385);
#1864=VERTEX_POINT('',#6398);
#1865=VERTEX_POINT('',#6404);
#1866=VERTEX_POINT('',#6440);
#1867=VERTEX_POINT('',#6444);
#1868=VERTEX_POINT('',#6481);
#1869=EDGE_CURVE('',#1701,#1702,#689,.T.);
#1870=EDGE_CURVE('',#1701,#1703,#690,.T.);
#1871=EDGE_CURVE('',#1703,#1702,#691,.T.);
#1872=EDGE_CURVE('',#1702,#1704,#692,.T.);
#1873=EDGE_CURVE('',#1701,#1702,#693,.T.);
#1874=EDGE_CURVE('',#1701,#1704,#694,.T.);
#1875=EDGE_CURVE('',#1702,#1704,#695,.T.);
#1876=EDGE_CURVE('',#1702,#1705,#696,.T.);
#1877=EDGE_CURVE('',#1705,#1704,#697,.T.);
#1878=EDGE_CURVE('',#1706,#1707,#698,.T.);
#1879=EDGE_CURVE('',#1708,#1707,#699,.T.);
#1880=EDGE_CURVE('',#1708,#1706,#700,.T.);
#1881=EDGE_CURVE('',#1709,#1710,#701,.T.);
#1882=EDGE_CURVE('',#1711,#1710,#702,.T.);
#1883=EDGE_CURVE('',#1711,#1709,#703,.T.);
#1884=EDGE_CURVE('',#1712,#1713,#704,.T.);
#1885=EDGE_CURVE('',#1712,#1714,#705,.T.);
#1886=EDGE_CURVE('',#1713,#1714,#706,.T.);
#1887=EDGE_CURVE('',#1715,#1716,#707,.T.);
#1888=EDGE_CURVE('',#1712,#1716,#708,.T.);
#1889=EDGE_CURVE('',#1712,#1715,#709,.T.);
#1890=EDGE_CURVE('',#1717,#1718,#710,.T.);
#1891=EDGE_CURVE('',#1718,#1706,#711,.T.);
#1892=EDGE_CURVE('',#1717,#1706,#712,.T.);
#1893=EDGE_CURVE('',#1719,#1720,#713,.T.);
#1894=EDGE_CURVE('',#1720,#1721,#714,.T.);
#1895=EDGE_CURVE('',#1719,#1721,#715,.T.);
#1896=EDGE_CURVE('',#1722,#1723,#716,.T.);
#1897=EDGE_CURVE('',#1724,#1723,#717,.T.);
#1898=EDGE_CURVE('',#1722,#1724,#718,.T.);
#1899=EDGE_CURVE('',#1724,#1725,#719,.T.);
#1900=EDGE_CURVE('',#1726,#1724,#720,.T.);
#1901=EDGE_CURVE('',#1726,#1725,#721,.T.);
#1902=EDGE_CURVE('',#1726,#1723,#722,.T.);
#1903=EDGE_CURVE('',#1727,#1721,#723,.T.);
#1904=EDGE_CURVE('',#1727,#1720,#724,.T.);
#1905=EDGE_CURVE('',#1728,#1729,#725,.T.);
#1906=EDGE_CURVE('',#1714,#1728,#726,.T.);
#1907=EDGE_CURVE('',#1714,#1729,#727,.T.);
#1908=EDGE_CURVE('',#1730,#1731,#728,.T.);
#1909=EDGE_CURVE('',#1732,#1730,#729,.T.);
#1910=EDGE_CURVE('',#1732,#1731,#730,.T.);
#1911=EDGE_CURVE('',#1727,#1733,#731,.T.);
#1912=EDGE_CURVE('',#1720,#1733,#732,.T.);
#1913=EDGE_CURVE('',#1723,#1734,#733,.T.);
#1914=EDGE_CURVE('',#1722,#1734,#734,.T.);
#1915=EDGE_CURVE('',#1735,#1727,#735,.T.);
#1916=EDGE_CURVE('',#1735,#1733,#736,.T.);
#1917=EDGE_CURVE('',#1736,#1735,#737,.T.);
#1918=EDGE_CURVE('',#1736,#1733,#738,.T.);
#1919=EDGE_CURVE('',#1734,#1737,#739,.T.);
#1920=EDGE_CURVE('',#1722,#1737,#740,.T.);
#1921=EDGE_CURVE('',#1710,#1738,#741,.T.);
#1922=EDGE_CURVE('',#1739,#1738,#742,.T.);
#1923=EDGE_CURVE('',#1710,#1739,#743,.T.);
#1924=EDGE_CURVE('',#1740,#1741,#744,.T.);
#1925=EDGE_CURVE('',#1740,#1717,#745,.T.);
#1926=EDGE_CURVE('',#1717,#1741,#746,.T.);
#1927=EDGE_CURVE('',#1710,#1742,#747,.T.);
#1928=EDGE_CURVE('',#1738,#1742,#748,.T.);
#1929=EDGE_CURVE('',#1709,#1742,#749,.T.);
#1930=EDGE_CURVE('',#1743,#1744,#750,.T.);
#1931=EDGE_CURVE('',#1745,#1744,#751,.T.);
#1932=EDGE_CURVE('',#1745,#1743,#752,.T.);
#1933=EDGE_CURVE('',#1746,#1742,#753,.T.);
#1934=EDGE_CURVE('',#1746,#1738,#754,.T.);
#1935=EDGE_CURVE('',#1746,#1747,#755,.T.);
#1936=EDGE_CURVE('',#1738,#1747,#756,.T.);
#1937=EDGE_CURVE('',#1748,#1747,#757,.T.);
#1938=EDGE_CURVE('',#1748,#1738,#758,.T.);
#1939=EDGE_CURVE('',#1748,#1749,#759,.T.);
#1940=EDGE_CURVE('',#1749,#1738,#760,.T.);
#1941=EDGE_CURVE('',#1750,#1751,#761,.T.);
#1942=EDGE_CURVE('',#1750,#1752,#762,.T.);
#1943=EDGE_CURVE('',#1752,#1751,#763,.T.);
#1944=EDGE_CURVE('',#1746,#1753,#764,.T.);
#1945=EDGE_CURVE('',#1753,#1747,#765,.T.);
#1946=EDGE_CURVE('',#1754,#1747,#766,.T.);
#1947=EDGE_CURVE('',#1754,#1753,#767,.T.);
#1948=EDGE_CURVE('',#1754,#1755,#768,.T.);
#1949=EDGE_CURVE('',#1755,#1747,#769,.T.);
#1950=EDGE_CURVE('',#1748,#1755,#770,.T.);
#1951=EDGE_CURVE('',#1719,#1756,#771,.T.);
#1952=EDGE_CURVE('',#1757,#1756,#772,.T.);
#1953=EDGE_CURVE('',#1719,#1757,#773,.T.);
#1954=EDGE_CURVE('',#1750,#1758,#774,.T.);
#1955=EDGE_CURVE('',#1758,#1751,#775,.T.);
#1956=EDGE_CURVE('',#1759,#1758,#776,.T.);
#1957=EDGE_CURVE('',#1750,#1759,#777,.T.);
#1958=EDGE_CURVE('',#1752,#1704,#778,.T.);
#1959=EDGE_CURVE('',#1751,#1704,#779,.T.);
#1960=EDGE_CURVE('',#1760,#1761,#780,.T.);
#1961=EDGE_CURVE('',#1760,#1762,#781,.T.);
#1962=EDGE_CURVE('',#1762,#1761,#782,.T.);
#1963=EDGE_CURVE('',#1758,#1763,#783,.T.);
#1964=EDGE_CURVE('',#1759,#1763,#784,.T.);
#1965=EDGE_CURVE('',#1726,#1764,#785,.T.);
#1966=EDGE_CURVE('',#1726,#1765,#786,.T.);
#1967=EDGE_CURVE('',#1764,#1765,#787,.T.);
#1968=EDGE_CURVE('',#1725,#1764,#788,.T.);
#1969=EDGE_CURVE('',#1705,#1751,#789,.T.);
#1970=EDGE_CURVE('',#1766,#1767,#790,.T.);
#1971=EDGE_CURVE('',#1766,#1768,#791,.T.);
#1972=EDGE_CURVE('',#1767,#1768,#792,.T.);
#1973=EDGE_CURVE('',#1760,#1753,#793,.T.);
#1974=EDGE_CURVE('',#1762,#1753,#794,.T.);
#1975=EDGE_CURVE('',#1749,#1739,#795,.T.);
#1976=EDGE_CURVE('',#1749,#1769,#796,.T.);
#1977=EDGE_CURVE('',#1739,#1769,#797,.T.);
#1978=EDGE_CURVE('',#1760,#1770,#798,.T.);
#1979=EDGE_CURVE('',#1770,#1753,#799,.T.);
#1980=EDGE_CURVE('',#1763,#1768,#800,.T.);
#1981=EDGE_CURVE('',#1766,#1763,#801,.T.);
#1982=EDGE_CURVE('',#1761,#1771,#802,.T.);
#1983=EDGE_CURVE('',#1772,#1771,#803,.T.);
#1984=EDGE_CURVE('',#1761,#1772,#804,.T.);
#1985=EDGE_CURVE('',#1773,#1751,#805,.T.);
#1986=EDGE_CURVE('',#1705,#1773,#806,.T.);
#1987=EDGE_CURVE('',#1773,#1774,#807,.T.);
#1988=EDGE_CURVE('',#1751,#1774,#808,.T.);
#1989=EDGE_CURVE('',#1775,#1776,#809,.T.);
#1990=EDGE_CURVE('',#1775,#1720,#810,.T.);
#1991=EDGE_CURVE('',#1720,#1776,#811,.T.);
#1992=EDGE_CURVE('',#1760,#1777,#812,.T.);
#1993=EDGE_CURVE('',#1770,#1777,#813,.T.);
#1994=EDGE_CURVE('',#1759,#1778,#814,.T.);
#1995=EDGE_CURVE('',#1763,#1778,#815,.T.);
#1996=EDGE_CURVE('',#1712,#1779,#816,.T.);
#1997=EDGE_CURVE('',#1715,#1779,#817,.T.);
#1998=EDGE_CURVE('',#1780,#1781,#818,.T.);
#1999=EDGE_CURVE('',#1782,#1781,#819,.T.);
#2000=EDGE_CURVE('',#1782,#1780,#820,.T.);
#2001=EDGE_CURVE('',#1750,#1783,#821,.T.);
#2002=EDGE_CURVE('',#1750,#1784,#822,.T.);
#2003=EDGE_CURVE('',#1784,#1783,#823,.T.);
#2004=EDGE_CURVE('',#1735,#1744,#824,.T.);
#2005=EDGE_CURVE('',#1785,#1744,#825,.T.);
#2006=EDGE_CURVE('',#1735,#1785,#826,.T.);
#2007=EDGE_CURVE('',#1722,#1786,#827,.T.);
#2008=EDGE_CURVE('',#1724,#1786,#828,.T.);
#2009=EDGE_CURVE('',#1744,#1707,#829,.T.);
#2010=EDGE_CURVE('',#1785,#1707,#830,.T.);
#2011=EDGE_CURVE('',#1787,#1788,#831,.T.);
#2012=EDGE_CURVE('',#1788,#1767,#832,.T.);
#2013=EDGE_CURVE('',#1787,#1767,#833,.T.);
#2014=EDGE_CURVE('',#1737,#1778,#834,.T.);
#2015=EDGE_CURVE('',#1759,#1737,#835,.T.);
#2016=EDGE_CURVE('',#1789,#1790,#836,.T.);
#2017=EDGE_CURVE('',#1791,#1790,#837,.T.);
#2018=EDGE_CURVE('',#1791,#1789,#838,.T.);
#2019=EDGE_CURVE('',#1758,#1774,#839,.T.);
#2020=EDGE_CURVE('',#1776,#1792,#840,.T.);
#2021=EDGE_CURVE('',#1757,#1776,#841,.T.);
#2022=EDGE_CURVE('',#1757,#1792,#842,.T.);
#2023=EDGE_CURVE('',#1719,#1776,#843,.T.);
#2024=EDGE_CURVE('',#1722,#1793,#844,.T.);
#2025=EDGE_CURVE('',#1794,#1793,#845,.T.);
#2026=EDGE_CURVE('',#1722,#1794,#846,.T.);
#2027=EDGE_CURVE('',#1773,#1731,#847,.T.);
#2028=EDGE_CURVE('',#1773,#1730,#848,.T.);
#2029=EDGE_CURVE('',#1730,#1795,#849,.T.);
#2030=EDGE_CURVE('',#1773,#1795,#850,.T.);
#2031=EDGE_CURVE('',#1796,#1797,#851,.T.);
#2032=EDGE_CURVE('',#1798,#1797,#852,.T.);
#2033=EDGE_CURVE('',#1798,#1796,#853,.T.);
#2034=EDGE_CURVE('',#1799,#1800,#854,.T.);
#2035=EDGE_CURVE('',#1799,#1756,#855,.T.);
#2036=EDGE_CURVE('',#1800,#1756,#856,.T.);
#2037=EDGE_CURVE('',#1801,#1780,#857,.T.);
#2038=EDGE_CURVE('',#1802,#1801,#858,.T.);
#2039=EDGE_CURVE('',#1802,#1780,#859,.T.);
#2040=EDGE_CURVE('',#1803,#1769,#860,.T.);
#2041=EDGE_CURVE('',#1803,#1739,#861,.T.);
#2042=EDGE_CURVE('',#1718,#1707,#862,.T.);
#2043=EDGE_CURVE('',#1718,#1804,#863,.T.);
#2044=EDGE_CURVE('',#1804,#1707,#864,.T.);
#2045=EDGE_CURVE('',#1803,#1710,#865,.T.);
#2046=EDGE_CURVE('',#1705,#1703,#866,.T.);
#2047=EDGE_CURVE('',#1703,#1773,#867,.T.);
#2048=EDGE_CURVE('',#1805,#1806,#868,.T.);
#2049=EDGE_CURVE('',#1773,#1806,#869,.T.);
#2050=EDGE_CURVE('',#1773,#1805,#870,.T.);
#2051=EDGE_CURVE('',#1806,#1795,#871,.T.);
#2052=EDGE_CURVE('',#1703,#1805,#872,.T.);
#2053=EDGE_CURVE('',#1788,#1786,#873,.T.);
#2054=EDGE_CURVE('',#1807,#1788,#874,.T.);
#2055=EDGE_CURVE('',#1807,#1786,#875,.T.);
#2056=EDGE_CURVE('',#1808,#1809,#876,.T.);
#2057=EDGE_CURVE('',#1798,#1809,#877,.T.);
#2058=EDGE_CURVE('',#1808,#1798,#878,.T.);
#2059=EDGE_CURVE('',#1810,#1804,#879,.T.);
#2060=EDGE_CURVE('',#1810,#1718,#880,.T.);
#2061=EDGE_CURVE('',#1721,#1811,#881,.T.);
#2062=EDGE_CURVE('',#1727,#1811,#882,.T.);
#2063=EDGE_CURVE('',#1812,#1769,#883,.T.);
#2064=EDGE_CURVE('',#1803,#1812,#884,.T.);
#2065=EDGE_CURVE('',#1813,#1814,#885,.T.);
#2066=EDGE_CURVE('',#1789,#1814,#886,.T.);
#2067=EDGE_CURVE('',#1813,#1789,#887,.T.);
#2068=EDGE_CURVE('',#1810,#1777,#888,.T.);
#2069=EDGE_CURVE('',#1810,#1815,#889,.T.);
#2070=EDGE_CURVE('',#1815,#1777,#890,.T.);
#2071=EDGE_CURVE('',#1791,#1816,#891,.T.);
#2072=EDGE_CURVE('',#1789,#1816,#892,.T.);
#2073=EDGE_CURVE('',#1810,#1759,#893,.T.);
#2074=EDGE_CURVE('',#1815,#1759,#894,.T.);
#2075=EDGE_CURVE('',#1736,#1737,#895,.T.);
#2076=EDGE_CURVE('',#1736,#1759,#896,.T.);
#2077=EDGE_CURVE('',#1784,#1759,#897,.T.);
#2078=EDGE_CURVE('',#1759,#1817,#898,.T.);
#2079=EDGE_CURVE('',#1784,#1817,#899,.T.);
#2080=EDGE_CURVE('',#1810,#1817,#900,.T.);
#2081=EDGE_CURVE('',#1711,#1725,#901,.T.);
#2082=EDGE_CURVE('',#1818,#1725,#902,.T.);
#2083=EDGE_CURVE('',#1818,#1711,#903,.T.);
#2084=EDGE_CURVE('',#1818,#1800,#904,.T.);
#2085=EDGE_CURVE('',#1711,#1800,#905,.T.);
#2086=EDGE_CURVE('',#1791,#1781,#906,.T.);
#2087=EDGE_CURVE('',#1781,#1816,#907,.T.);
#2088=EDGE_CURVE('',#1711,#1756,#908,.T.);
#2089=EDGE_CURVE('',#1774,#1731,#909,.T.);
#2090=EDGE_CURVE('',#1819,#1796,#910,.T.);
#2091=EDGE_CURVE('',#1796,#1820,#911,.T.);
#2092=EDGE_CURVE('',#1819,#1820,#912,.T.);
#2093=EDGE_CURVE('',#1821,#1819,#913,.T.);
#2094=EDGE_CURVE('',#1822,#1819,#914,.T.);
#2095=EDGE_CURVE('',#1821,#1822,#915,.T.);
#2096=EDGE_CURVE('',#1822,#1820,#916,.T.);
#2097=EDGE_CURVE('',#1798,#1820,#917,.T.);
#2098=EDGE_CURVE('',#1823,#1824,#918,.T.);
#2099=EDGE_CURVE('',#1812,#1823,#919,.T.);
#2100=EDGE_CURVE('',#1812,#1824,#920,.T.);
#2101=EDGE_CURVE('',#1802,#1822,#921,.T.);
#2102=EDGE_CURVE('',#1802,#1821,#922,.T.);
#2103=EDGE_CURVE('',#1724,#1823,#923,.T.);
#2104=EDGE_CURVE('',#1724,#1812,#924,.T.);
#2105=EDGE_CURVE('',#1740,#1817,#925,.T.);
#2106=EDGE_CURVE('',#1825,#1740,#926,.T.);
#2107=EDGE_CURVE('',#1825,#1817,#927,.T.);
#2108=EDGE_CURVE('',#1743,#1708,#928,.T.);
#2109=EDGE_CURVE('',#1745,#1708,#929,.T.);
#2110=EDGE_CURVE('',#1713,#1826,#930,.T.);
#2111=EDGE_CURVE('',#1714,#1826,#931,.T.);
#2112=EDGE_CURVE('',#1825,#1784,#932,.T.);
#2113=EDGE_CURVE('',#1769,#1824,#933,.T.);
#2114=EDGE_CURVE('',#1780,#1827,#934,.T.);
#2115=EDGE_CURVE('',#1781,#1827,#935,.T.);
#2116=EDGE_CURVE('',#1802,#1827,#936,.T.);
#2117=EDGE_CURVE('',#1828,#1779,#937,.T.);
#2118=EDGE_CURVE('',#1713,#1828,#938,.T.);
#2119=EDGE_CURVE('',#1713,#1779,#939,.T.);
#2120=EDGE_CURVE('',#1829,#1730,#940,.T.);
#2121=EDGE_CURVE('',#1732,#1829,#941,.T.);
#2122=EDGE_CURVE('',#1830,#1831,#942,.T.);
#2123=EDGE_CURVE('',#1728,#1830,#943,.T.);
#2124=EDGE_CURVE('',#1728,#1831,#944,.T.);
#2125=EDGE_CURVE('',#1832,#1809,#945,.T.);
#2126=EDGE_CURVE('',#1814,#1809,#946,.T.);
#2127=EDGE_CURVE('',#1832,#1814,#947,.T.);
#2128=EDGE_CURVE('',#1732,#1831,#948,.T.);
#2129=EDGE_CURVE('',#1830,#1732,#949,.T.);
#2130=EDGE_CURVE('',#1714,#1830,#950,.T.);
#2131=EDGE_CURVE('',#1833,#1809,#951,.T.);
#2132=EDGE_CURVE('',#1798,#1833,#952,.T.);
#2133=EDGE_CURVE('',#1833,#1832,#953,.T.);
#2134=EDGE_CURVE('',#1741,#1834,#954,.T.);
#2135=EDGE_CURVE('',#1835,#1834,#955,.T.);
#2136=EDGE_CURVE('',#1741,#1835,#956,.T.);
#2137=EDGE_CURVE('',#1836,#1835,#957,.T.);
#2138=EDGE_CURVE('',#1836,#1834,#958,.T.);
#2139=EDGE_CURVE('',#1717,#1834,#959,.T.);
#2140=EDGE_CURVE('',#1825,#1834,#960,.T.);
#2141=EDGE_CURVE('',#1825,#1836,#961,.T.);
#2142=EDGE_CURVE('',#1771,#1811,#962,.T.);
#2143=EDGE_CURVE('',#1761,#1811,#963,.T.);
#2144=EDGE_CURVE('',#1833,#1837,#964,.T.);
#2145=EDGE_CURVE('',#1798,#1837,#965,.T.);
#2146=EDGE_CURVE('',#1763,#1774,#966,.T.);
#2147=EDGE_CURVE('',#1813,#1832,#967,.T.);
#2148=EDGE_CURVE('',#1838,#1783,#968,.T.);
#2149=EDGE_CURVE('',#1838,#1784,#969,.T.);
#2150=EDGE_CURVE('',#1784,#1752,#970,.T.);
#2151=EDGE_CURVE('',#1838,#1752,#971,.T.);
#2152=EDGE_CURVE('',#1813,#1816,#972,.T.);
#2153=EDGE_CURVE('',#1839,#1806,#973,.T.);
#2154=EDGE_CURVE('',#1839,#1795,#974,.T.);
#2155=EDGE_CURVE('',#1839,#1805,#975,.T.);
#2156=EDGE_CURVE('',#1839,#1703,#976,.T.);
#2157=EDGE_CURVE('',#1839,#1829,#977,.T.);
#2158=EDGE_CURVE('',#1829,#1795,#978,.T.);
#2159=EDGE_CURVE('',#1840,#1814,#979,.T.);
#2160=EDGE_CURVE('',#1715,#1840,#980,.T.);
#2161=EDGE_CURVE('',#1715,#1814,#981,.T.);
#2162=EDGE_CURVE('',#1745,#1840,#982,.T.);
#2163=EDGE_CURVE('',#1745,#1715,#983,.T.);
#2164=EDGE_CURVE('',#1841,#1816,#984,.T.);
#2165=EDGE_CURVE('',#1813,#1841,#985,.T.);
#2166=EDGE_CURVE('',#1708,#1797,#986,.T.);
#2167=EDGE_CURVE('',#1745,#1797,#987,.T.);
#2168=EDGE_CURVE('',#1796,#1706,#988,.T.);
#2169=EDGE_CURVE('',#1796,#1708,#989,.T.);
#2170=EDGE_CURVE('',#1782,#1732,#990,.T.);
#2171=EDGE_CURVE('',#1782,#1829,#991,.T.);
#2172=EDGE_CURVE('',#1791,#1732,#992,.T.);
#2173=EDGE_CURVE('',#1791,#1830,#993,.T.);
#2174=EDGE_CURVE('',#1791,#1782,#994,.T.);
#2175=EDGE_CURVE('',#1791,#1714,#995,.T.);
#2176=EDGE_CURVE('',#1826,#1790,#996,.T.);
#2177=EDGE_CURVE('',#1714,#1790,#997,.T.);
#2178=EDGE_CURVE('',#1713,#1790,#998,.T.);
#2179=EDGE_CURVE('',#1790,#1779,#999,.T.);
#2180=EDGE_CURVE('',#1827,#1816,#1000,.T.);
#2181=EDGE_CURVE('',#1715,#1790,#1001,.T.);
#2182=EDGE_CURVE('',#1814,#1790,#1002,.T.);
#2183=EDGE_CURVE('',#1706,#1834,#1003,.T.);
#2184=EDGE_CURVE('',#1825,#1821,#1004,.T.);
#2185=EDGE_CURVE('',#1784,#1821,#1005,.T.);
#2186=EDGE_CURVE('',#1821,#1834,#1006,.T.);
#2187=EDGE_CURVE('',#1842,#1771,#1007,.T.);
#2188=EDGE_CURVE('',#1842,#1772,#1008,.T.);
#2189=EDGE_CURVE('',#1818,#1799,#1009,.T.);
#2190=EDGE_CURVE('',#1723,#1765,#1010,.T.);
#2191=EDGE_CURVE('',#1820,#1837,#1011,.T.);
#2192=EDGE_CURVE('',#1843,#1844,#1012,.T.);
#2193=EDGE_CURVE('',#1843,#1715,#1013,.T.);
#2194=EDGE_CURVE('',#1844,#1715,#1014,.T.);
#2195=EDGE_CURVE('',#1787,#1807,#1015,.T.);
#2196=EDGE_CURVE('',#1843,#1716,#1016,.T.);
#2197=EDGE_CURVE('',#1845,#1765,#1017,.T.);
#2198=EDGE_CURVE('',#1723,#1845,#1018,.T.);
#2199=EDGE_CURVE('',#1843,#1846,#1019,.T.);
#2200=EDGE_CURVE('',#1716,#1846,#1020,.T.);
#2201=EDGE_CURVE('',#1844,#1846,#1021,.T.);
#2202=EDGE_CURVE('',#1847,#1786,#1022,.T.);
#2203=EDGE_CURVE('',#1823,#1786,#1023,.T.);
#2204=EDGE_CURVE('',#1823,#1847,#1024,.T.);
#2205=EDGE_CURVE('',#1807,#1722,#1025,.T.);
#2206=EDGE_CURVE('',#1848,#1766,#1026,.T.);
#2207=EDGE_CURVE('',#1848,#1763,#1027,.T.);
#2208=EDGE_CURVE('',#1775,#1815,#1028,.T.);
#2209=EDGE_CURVE('',#1815,#1720,#1029,.T.);
#2210=EDGE_CURVE('',#1784,#1801,#1030,.T.);
#2211=EDGE_CURVE('',#1821,#1801,#1031,.T.);
#2212=EDGE_CURVE('',#1703,#1702,#1032,.T.);
#2213=EDGE_CURVE('',#1752,#1801,#1033,.T.);
#2214=EDGE_CURVE('',#1801,#1704,#1034,.T.);
#2215=EDGE_CURVE('',#1780,#1704,#1035,.T.);
#2216=EDGE_CURVE('',#1703,#1780,#1036,.T.);
#2217=EDGE_CURVE('',#1782,#1703,#1037,.T.);
#2218=EDGE_CURVE('',#1703,#1829,#1038,.T.);
#2219=EDGE_CURVE('',#1808,#1797,#1039,.T.);
#2220=EDGE_CURVE('',#1745,#1808,#1040,.T.);
#2221=EDGE_CURVE('',#1840,#1808,#1041,.T.);
#2222=EDGE_CURVE('',#1849,#1824,#1042,.T.);
#2223=EDGE_CURVE('',#1849,#1823,#1043,.T.);
#2224=EDGE_CURVE('',#1847,#1850,#1044,.T.);
#2225=EDGE_CURVE('',#1823,#1850,#1045,.T.);
#2226=EDGE_CURVE('',#1815,#1733,#1046,.T.);
#2227=EDGE_CURVE('',#1851,#1852,#1047,.T.);
#2228=EDGE_CURVE('',#1853,#1852,#1048,.T.);
#2229=EDGE_CURVE('',#1853,#1851,#1049,.T.);
#2230=EDGE_CURVE('',#1854,#1811,#1050,.T.);
#2231=EDGE_CURVE('',#1854,#1771,#1051,.T.);
#2232=EDGE_CURVE('',#1799,#1757,#1052,.T.);
#2233=EDGE_CURVE('',#1799,#1851,#1053,.T.);
#2234=EDGE_CURVE('',#1757,#1851,#1054,.T.);
#2235=EDGE_CURVE('',#1851,#1792,#1055,.T.);
#2236=EDGE_CURVE('',#1818,#1852,#1056,.T.);
#2237=EDGE_CURVE('',#1799,#1852,#1057,.T.);
#2238=EDGE_CURVE('',#1749,#1855,#1058,.T.);
#2239=EDGE_CURVE('',#1748,#1855,#1059,.T.);
#2240=EDGE_CURVE('',#1769,#1855,#1060,.T.);
#2241=EDGE_CURVE('',#1856,#1855,#1061,.T.);
#2242=EDGE_CURVE('',#1769,#1856,#1062,.T.);
#2243=EDGE_CURVE('',#1824,#1856,#1063,.T.);
#2244=EDGE_CURVE('',#1745,#1844,#1064,.T.);
#2245=EDGE_CURVE('',#1849,#1850,#1065,.T.);
#2246=EDGE_CURVE('',#1744,#1846,#1066,.T.);
#2247=EDGE_CURVE('',#1844,#1744,#1067,.T.);
#2248=EDGE_CURVE('',#1708,#1744,#1068,.T.);
#2249=EDGE_CURVE('',#1854,#1842,#1069,.T.);
#2250=EDGE_CURVE('',#1822,#1857,#1070,.T.);
#2251=EDGE_CURVE('',#1802,#1857,#1071,.T.);
#2252=EDGE_CURVE('',#1858,#1850,#1072,.T.);
#2253=EDGE_CURVE('',#1848,#1858,#1073,.T.);
#2254=EDGE_CURVE('',#1848,#1850,#1074,.T.);
#2255=EDGE_CURVE('',#1767,#1850,#1075,.T.);
#2256=EDGE_CURVE('',#1767,#1847,#1076,.T.);
#2257=EDGE_CURVE('',#1760,#1842,#1077,.T.);
#2258=EDGE_CURVE('',#1842,#1777,#1078,.T.);
#2259=EDGE_CURVE('',#1833,#1859,#1079,.T.);
#2260=EDGE_CURVE('',#1859,#1837,#1080,.T.);
#2261=EDGE_CURVE('',#1860,#1764,#1081,.T.);
#2262=EDGE_CURVE('',#1860,#1725,#1082,.T.);
#2263=EDGE_CURVE('',#1818,#1860,#1083,.T.);
#2264=EDGE_CURVE('',#1854,#1777,#1084,.T.);
#2265=EDGE_CURVE('',#1813,#1861,#1085,.T.);
#2266=EDGE_CURVE('',#1861,#1841,#1086,.T.);
#2267=EDGE_CURVE('',#1832,#1861,#1087,.T.);
#2268=EDGE_CURVE('',#1833,#1861,#1088,.T.);
#2269=EDGE_CURVE('',#1787,#1768,#1089,.T.);
#2270=EDGE_CURVE('',#1807,#1768,#1090,.T.);
#2271=EDGE_CURVE('',#1748,#1862,#1091,.T.);
#2272=EDGE_CURVE('',#1862,#1855,#1092,.T.);
#2273=EDGE_CURVE('',#1735,#1846,#1093,.T.);
#2274=EDGE_CURVE('',#1734,#1845,#1094,.T.);
#2275=EDGE_CURVE('',#1807,#1863,#1095,.T.);
#2276=EDGE_CURVE('',#1722,#1863,#1096,.T.);
#2277=EDGE_CURVE('',#1863,#1768,#1097,.T.);
#2278=EDGE_CURVE('',#1734,#1778,#1098,.T.);
#2279=EDGE_CURVE('',#1778,#1845,#1099,.T.);
#2280=EDGE_CURVE('',#1859,#1861,#1100,.T.);
#2281=EDGE_CURVE('',#1755,#1862,#1101,.T.);
#2282=EDGE_CURVE('',#1864,#1827,#1102,.T.);
#2283=EDGE_CURVE('',#1864,#1816,#1103,.T.);
#2284=EDGE_CURVE('',#1864,#1841,#1104,.T.);
#2285=EDGE_CURVE('',#1865,#1855,#1105,.T.);
#2286=EDGE_CURVE('',#1865,#1862,#1106,.T.);
#2287=EDGE_CURVE('',#1865,#1856,#1107,.T.);
#2288=EDGE_CURVE('',#1865,#1755,#1108,.T.);
#2289=EDGE_CURVE('',#1819,#1834,#1109,.T.);
#2290=EDGE_CURVE('',#1796,#1834,#1110,.T.);
#2291=EDGE_CURVE('',#1860,#1852,#1111,.T.);
#2292=EDGE_CURVE('',#1860,#1853,#1112,.T.);
#2293=EDGE_CURVE('',#1727,#1785,#1113,.T.);
#2294=EDGE_CURVE('',#1785,#1811,#1114,.T.);
#2295=EDGE_CURVE('',#1712,#1729,#1115,.T.);
#2296=EDGE_CURVE('',#1793,#1731,#1116,.T.);
#2297=EDGE_CURVE('',#1729,#1731,#1117,.T.);
#2298=EDGE_CURVE('',#1729,#1793,#1118,.T.);
#2299=EDGE_CURVE('',#1854,#1785,#1119,.T.);
#2300=EDGE_CURVE('',#1864,#1861,#1120,.T.);
#2301=EDGE_CURVE('',#1766,#1850,#1121,.T.);
#2302=EDGE_CURVE('',#1854,#1804,#1122,.T.);
#2303=EDGE_CURVE('',#1804,#1777,#1123,.T.);
#2304=EDGE_CURVE('',#1866,#1861,#1124,.T.);
#2305=EDGE_CURVE('',#1866,#1859,#1125,.T.);
#2306=EDGE_CURVE('',#1859,#1867,#1126,.T.);
#2307=EDGE_CURVE('',#1866,#1867,#1127,.T.);
#2308=EDGE_CURVE('',#1864,#1866,#1128,.T.);
#2309=EDGE_CURVE('',#1712,#1793,#1129,.T.);
#2310=EDGE_CURVE('',#1759,#1733,#1130,.T.);
#2311=EDGE_CURVE('',#1785,#1804,#1131,.T.);
#2312=EDGE_CURVE('',#1849,#1856,#1132,.T.);
#2313=EDGE_CURVE('',#1712,#1794,#1133,.T.);
#2314=EDGE_CURVE('',#1858,#1849,#1134,.T.);
#2315=EDGE_CURVE('',#1858,#1856,#1135,.T.);
#2316=EDGE_CURVE('',#1858,#1865,#1136,.T.);
#2317=EDGE_CURVE('',#1732,#1729,#1137,.T.);
#2318=EDGE_CURVE('',#1740,#1718,#1138,.T.);
#2319=EDGE_CURVE('',#1863,#1731,#1139,.T.);
#2320=EDGE_CURVE('',#1793,#1863,#1140,.T.);
#2321=EDGE_CURVE('',#1761,#1721,#1141,.T.);
#2322=EDGE_CURVE('',#1762,#1721,#1142,.T.);
#2323=EDGE_CURVE('',#1837,#1868,#1143,.T.);
#2324=EDGE_CURVE('',#1820,#1868,#1144,.T.);
#2325=EDGE_CURVE('',#1768,#1774,#1145,.T.);
#2326=EDGE_CURVE('',#1863,#1774,#1146,.T.);
#2327=EDGE_CURVE('',#1822,#1868,#1147,.T.);
#2328=EDGE_CURVE('',#1857,#1868,#1148,.T.);
#2329=EDGE_CURVE('',#1859,#1868,#1149,.T.);
#2330=EDGE_CURVE('',#1867,#1868,#1150,.T.);
#2331=EDGE_CURVE('',#1857,#1867,#1151,.T.);
#2332=EDGE_CURVE('',#1857,#1827,#1152,.T.);
#2333=EDGE_CURVE('',#1740,#1835,#1153,.T.);
#2334=EDGE_CURVE('',#1864,#1857,#1154,.T.);
#2335=EDGE_CURVE('',#1760,#1772,#1155,.T.);
#2336=EDGE_CURVE('',#1810,#1740,#1156,.T.);
#2337=EDGE_CURVE('',#1840,#1809,#1157,.T.);
#2338=EDGE_CURVE('',#1762,#1746,#1158,.T.);
#2339=EDGE_CURVE('',#1762,#1742,#1159,.T.);
#2340=EDGE_CURVE('',#1762,#1709,#1160,.T.);
#2341=EDGE_CURVE('',#1709,#1721,#1161,.T.);
#2342=EDGE_CURVE('',#1864,#1867,#1162,.T.);
#2343=EDGE_CURVE('',#1711,#1719,#1163,.T.);
#2344=EDGE_CURVE('',#1788,#1847,#1164,.T.);
#2345=EDGE_CURVE('',#1754,#1770,#1165,.T.);
#2346=EDGE_CURVE('',#1712,#1846,#1166,.T.);
#2347=EDGE_CURVE('',#1794,#1846,#1167,.T.);
#2348=EDGE_CURVE('',#1736,#1846,#1168,.T.);
#2349=EDGE_CURVE('',#1794,#1737,#1169,.T.);
#2350=EDGE_CURVE('',#1736,#1794,#1170,.T.);
#2351=EDGE_CURVE('',#1851,#1865,#1171,.T.);
#2352=EDGE_CURVE('',#1851,#1858,#1172,.T.);
#2353=EDGE_CURVE('',#1770,#1792,#1173,.T.);
#2354=EDGE_CURVE('',#1776,#1770,#1174,.T.);
#2355=EDGE_CURVE('',#1754,#1792,#1175,.T.);
#2356=EDGE_CURVE('',#1851,#1755,#1176,.T.);
#2357=EDGE_CURVE('',#1853,#1848,#1177,.T.);
#2358=EDGE_CURVE('',#1848,#1851,#1178,.T.);
#2359=EDGE_CURVE('',#1754,#1851,#1179,.T.);
#2360=EDGE_CURVE('',#1848,#1764,#1180,.T.);
#2361=EDGE_CURVE('',#1860,#1848,#1181,.T.);
#2362=EDGE_CURVE('',#1711,#1803,#1182,.T.);
#2363=EDGE_CURVE('',#1711,#1812,#1183,.T.);
#2364=EDGE_CURVE('',#1719,#1709,#1184,.T.);
#2365=EDGE_CURVE('',#1848,#1765,#1185,.T.);
#2366=EDGE_CURVE('',#1775,#1777,#1186,.T.);
#2367=EDGE_CURVE('',#1775,#1770,#1187,.T.);
#2368=EDGE_CURVE('',#1712,#1828,#1188,.T.);
#2369=EDGE_CURVE('',#1763,#1845,#1189,.T.);
#2370=EDGE_CURVE('',#1763,#1765,#1190,.T.);
#2371=EDGE_CURVE('',#1729,#1831,#1191,.T.);
#2372=EDGE_CURVE('',#1740,#1836,#1192,.T.);
#2373=EDGE_CURVE('',#1838,#1750,#1193,.T.);
#2374=EDGE_CURVE('',#1711,#1724,#1194,.T.);
#2375=ORIENTED_EDGE('',*,*,#1869,.F.);
#2376=ORIENTED_EDGE('',*,*,#1870,.T.);
#2377=ORIENTED_EDGE('',*,*,#1871,.T.);
#2378=ORIENTED_EDGE('',*,*,#1872,.F.);
#2379=ORIENTED_EDGE('',*,*,#1873,.F.);
#2380=ORIENTED_EDGE('',*,*,#1874,.T.);
#2381=ORIENTED_EDGE('',*,*,#1875,.F.);
#2382=ORIENTED_EDGE('',*,*,#1876,.T.);
#2383=ORIENTED_EDGE('',*,*,#1877,.T.);
#2384=ORIENTED_EDGE('',*,*,#1878,.T.);
#2385=ORIENTED_EDGE('',*,*,#1879,.F.);
#2386=ORIENTED_EDGE('',*,*,#1880,.T.);
#2387=ORIENTED_EDGE('',*,*,#1881,.T.);
#2388=ORIENTED_EDGE('',*,*,#1882,.F.);
#2389=ORIENTED_EDGE('',*,*,#1883,.T.);
#2390=ORIENTED_EDGE('',*,*,#1884,.F.);
#2391=ORIENTED_EDGE('',*,*,#1885,.T.);
#2392=ORIENTED_EDGE('',*,*,#1886,.F.);
#2393=ORIENTED_EDGE('',*,*,#1887,.T.);
#2394=ORIENTED_EDGE('',*,*,#1888,.F.);
#2395=ORIENTED_EDGE('',*,*,#1889,.T.);
#2396=ORIENTED_EDGE('',*,*,#1890,.T.);
#2397=ORIENTED_EDGE('',*,*,#1891,.T.);
#2398=ORIENTED_EDGE('',*,*,#1892,.F.);
#2399=ORIENTED_EDGE('',*,*,#1893,.T.);
#2400=ORIENTED_EDGE('',*,*,#1894,.T.);
#2401=ORIENTED_EDGE('',*,*,#1895,.F.);
#2402=ORIENTED_EDGE('',*,*,#1896,.T.);
#2403=ORIENTED_EDGE('',*,*,#1897,.F.);
#2404=ORIENTED_EDGE('',*,*,#1898,.F.);
#2405=ORIENTED_EDGE('',*,*,#1899,.F.);
#2406=ORIENTED_EDGE('',*,*,#1900,.F.);
#2407=ORIENTED_EDGE('',*,*,#1901,.T.);
#2408=ORIENTED_EDGE('',*,*,#1900,.T.);
#2409=ORIENTED_EDGE('',*,*,#1897,.T.);
#2410=ORIENTED_EDGE('',*,*,#1902,.F.);
#2411=ORIENTED_EDGE('',*,*,#1903,.T.);
#2412=ORIENTED_EDGE('',*,*,#1894,.F.);
#2413=ORIENTED_EDGE('',*,*,#1904,.F.);
#2414=ORIENTED_EDGE('',*,*,#1905,.F.);
#2415=ORIENTED_EDGE('',*,*,#1906,.F.);
#2416=ORIENTED_EDGE('',*,*,#1907,.T.);
#2417=ORIENTED_EDGE('',*,*,#1908,.F.);
#2418=ORIENTED_EDGE('',*,*,#1909,.F.);
#2419=ORIENTED_EDGE('',*,*,#1910,.T.);
#2420=ORIENTED_EDGE('',*,*,#1911,.F.);
#2421=ORIENTED_EDGE('',*,*,#1904,.T.);
#2422=ORIENTED_EDGE('',*,*,#1912,.T.);
#2423=ORIENTED_EDGE('',*,*,#1913,.F.);
#2424=ORIENTED_EDGE('',*,*,#1896,.F.);
#2425=ORIENTED_EDGE('',*,*,#1914,.T.);
#2426=ORIENTED_EDGE('',*,*,#1915,.T.);
#2427=ORIENTED_EDGE('',*,*,#1911,.T.);
#2428=ORIENTED_EDGE('',*,*,#1916,.F.);
#2429=ORIENTED_EDGE('',*,*,#1917,.T.);
#2430=ORIENTED_EDGE('',*,*,#1916,.T.);
#2431=ORIENTED_EDGE('',*,*,#1918,.F.);
#2432=ORIENTED_EDGE('',*,*,#1919,.F.);
#2433=ORIENTED_EDGE('',*,*,#1914,.F.);
#2434=ORIENTED_EDGE('',*,*,#1920,.T.);
#2435=ORIENTED_EDGE('',*,*,#1921,.T.);
#2436=ORIENTED_EDGE('',*,*,#1922,.F.);
#2437=ORIENTED_EDGE('',*,*,#1923,.F.);
#2438=ORIENTED_EDGE('',*,*,#1924,.F.);
#2439=ORIENTED_EDGE('',*,*,#1925,.T.);
#2440=ORIENTED_EDGE('',*,*,#1926,.T.);
#2441=ORIENTED_EDGE('',*,*,#1927,.T.);
#2442=ORIENTED_EDGE('',*,*,#1928,.F.);
#2443=ORIENTED_EDGE('',*,*,#1921,.F.);
#2444=ORIENTED_EDGE('',*,*,#1881,.F.);
#2445=ORIENTED_EDGE('',*,*,#1929,.T.);
#2446=ORIENTED_EDGE('',*,*,#1927,.F.);
#2447=ORIENTED_EDGE('',*,*,#1930,.T.);
#2448=ORIENTED_EDGE('',*,*,#1931,.F.);
#2449=ORIENTED_EDGE('',*,*,#1932,.T.);
#2450=ORIENTED_EDGE('',*,*,#1933,.F.);
#2451=ORIENTED_EDGE('',*,*,#1934,.T.);
#2452=ORIENTED_EDGE('',*,*,#1928,.T.);
#2453=ORIENTED_EDGE('',*,*,#1935,.T.);
#2454=ORIENTED_EDGE('',*,*,#1936,.F.);
#2455=ORIENTED_EDGE('',*,*,#1934,.F.);
#2456=ORIENTED_EDGE('',*,*,#1937,.F.);
#2457=ORIENTED_EDGE('',*,*,#1938,.T.);
#2458=ORIENTED_EDGE('',*,*,#1936,.T.);
#2459=ORIENTED_EDGE('',*,*,#1939,.T.);
#2460=ORIENTED_EDGE('',*,*,#1940,.T.);
#2461=ORIENTED_EDGE('',*,*,#1938,.F.);
#2462=ORIENTED_EDGE('',*,*,#1941,.F.);
#2463=ORIENTED_EDGE('',*,*,#1942,.T.);
#2464=ORIENTED_EDGE('',*,*,#1943,.T.);
#2465=ORIENTED_EDGE('',*,*,#1944,.T.);
#2466=ORIENTED_EDGE('',*,*,#1945,.T.);
#2467=ORIENTED_EDGE('',*,*,#1935,.F.);
#2468=ORIENTED_EDGE('',*,*,#1946,.T.);
#2469=ORIENTED_EDGE('',*,*,#1945,.F.);
#2470=ORIENTED_EDGE('',*,*,#1947,.F.);
#2471=ORIENTED_EDGE('',*,*,#1946,.F.);
#2472=ORIENTED_EDGE('',*,*,#1948,.T.);
#2473=ORIENTED_EDGE('',*,*,#1949,.T.);
#2474=ORIENTED_EDGE('',*,*,#1937,.T.);
#2475=ORIENTED_EDGE('',*,*,#1949,.F.);
#2476=ORIENTED_EDGE('',*,*,#1950,.F.);
#2477=ORIENTED_EDGE('',*,*,#1951,.T.);
#2478=ORIENTED_EDGE('',*,*,#1952,.F.);
#2479=ORIENTED_EDGE('',*,*,#1953,.F.);
#2480=ORIENTED_EDGE('',*,*,#1954,.F.);
#2481=ORIENTED_EDGE('',*,*,#1941,.T.);
#2482=ORIENTED_EDGE('',*,*,#1955,.F.);
#2483=ORIENTED_EDGE('',*,*,#1954,.T.);
#2484=ORIENTED_EDGE('',*,*,#1956,.F.);
#2485=ORIENTED_EDGE('',*,*,#1957,.F.);
#2486=ORIENTED_EDGE('',*,*,#1958,.T.);
#2487=ORIENTED_EDGE('',*,*,#1959,.F.);
#2488=ORIENTED_EDGE('',*,*,#1943,.F.);
#2489=ORIENTED_EDGE('',*,*,#1960,.F.);
#2490=ORIENTED_EDGE('',*,*,#1961,.T.);
#2491=ORIENTED_EDGE('',*,*,#1962,.T.);
#2492=ORIENTED_EDGE('',*,*,#1963,.T.);
#2493=ORIENTED_EDGE('',*,*,#1964,.F.);
#2494=ORIENTED_EDGE('',*,*,#1956,.T.);
#2495=ORIENTED_EDGE('',*,*,#1965,.F.);
#2496=ORIENTED_EDGE('',*,*,#1966,.T.);
#2497=ORIENTED_EDGE('',*,*,#1967,.F.);
#2498=ORIENTED_EDGE('',*,*,#1968,.F.);
#2499=ORIENTED_EDGE('',*,*,#1901,.F.);
#2500=ORIENTED_EDGE('',*,*,#1965,.T.);
#2501=ORIENTED_EDGE('',*,*,#1877,.F.);
#2502=ORIENTED_EDGE('',*,*,#1969,.T.);
#2503=ORIENTED_EDGE('',*,*,#1959,.T.);
#2504=ORIENTED_EDGE('',*,*,#1970,.F.);
#2505=ORIENTED_EDGE('',*,*,#1971,.T.);
#2506=ORIENTED_EDGE('',*,*,#1972,.F.);
#2507=ORIENTED_EDGE('',*,*,#1973,.T.);
#2508=ORIENTED_EDGE('',*,*,#1974,.F.);
#2509=ORIENTED_EDGE('',*,*,#1961,.F.);
#2510=ORIENTED_EDGE('',*,*,#1975,.F.);
#2511=ORIENTED_EDGE('',*,*,#1976,.T.);
#2512=ORIENTED_EDGE('',*,*,#1977,.F.);
#2513=ORIENTED_EDGE('',*,*,#1973,.F.);
#2514=ORIENTED_EDGE('',*,*,#1978,.T.);
#2515=ORIENTED_EDGE('',*,*,#1979,.T.);
#2516=ORIENTED_EDGE('',*,*,#1980,.T.);
#2517=ORIENTED_EDGE('',*,*,#1971,.F.);
#2518=ORIENTED_EDGE('',*,*,#1981,.T.);
#2519=ORIENTED_EDGE('',*,*,#1940,.F.);
#2520=ORIENTED_EDGE('',*,*,#1975,.T.);
#2521=ORIENTED_EDGE('',*,*,#1922,.T.);
#2522=ORIENTED_EDGE('',*,*,#1982,.T.);
#2523=ORIENTED_EDGE('',*,*,#1983,.F.);
#2524=ORIENTED_EDGE('',*,*,#1984,.F.);
#2525=ORIENTED_EDGE('',*,*,#1985,.T.);
#2526=ORIENTED_EDGE('',*,*,#1969,.F.);
#2527=ORIENTED_EDGE('',*,*,#1986,.T.);
#2528=ORIENTED_EDGE('',*,*,#1985,.F.);
#2529=ORIENTED_EDGE('',*,*,#1987,.T.);
#2530=ORIENTED_EDGE('',*,*,#1988,.F.);
#2531=ORIENTED_EDGE('',*,*,#1989,.F.);
#2532=ORIENTED_EDGE('',*,*,#1990,.T.);
#2533=ORIENTED_EDGE('',*,*,#1991,.T.);
#2534=ORIENTED_EDGE('',*,*,#1978,.F.);
#2535=ORIENTED_EDGE('',*,*,#1992,.T.);
#2536=ORIENTED_EDGE('',*,*,#1993,.F.);
#2537=ORIENTED_EDGE('',*,*,#1994,.F.);
#2538=ORIENTED_EDGE('',*,*,#1964,.T.);
#2539=ORIENTED_EDGE('',*,*,#1995,.T.);
#2540=ORIENTED_EDGE('',*,*,#1996,.T.);
#2541=ORIENTED_EDGE('',*,*,#1997,.F.);
#2542=ORIENTED_EDGE('',*,*,#1889,.F.);
#2543=ORIENTED_EDGE('',*,*,#1998,.T.);
#2544=ORIENTED_EDGE('',*,*,#1999,.F.);
#2545=ORIENTED_EDGE('',*,*,#2000,.T.);
#2546=ORIENTED_EDGE('',*,*,#2001,.F.);
#2547=ORIENTED_EDGE('',*,*,#2002,.T.);
#2548=ORIENTED_EDGE('',*,*,#2003,.T.);
#2549=ORIENTED_EDGE('',*,*,#2004,.T.);
#2550=ORIENTED_EDGE('',*,*,#2005,.F.);
#2551=ORIENTED_EDGE('',*,*,#2006,.F.);
#2552=ORIENTED_EDGE('',*,*,#2007,.F.);
#2553=ORIENTED_EDGE('',*,*,#1898,.T.);
#2554=ORIENTED_EDGE('',*,*,#2008,.T.);
#2555=ORIENTED_EDGE('',*,*,#2005,.T.);
#2556=ORIENTED_EDGE('',*,*,#2009,.T.);
#2557=ORIENTED_EDGE('',*,*,#2010,.F.);
#2558=ORIENTED_EDGE('',*,*,#2011,.T.);
#2559=ORIENTED_EDGE('',*,*,#2012,.T.);
#2560=ORIENTED_EDGE('',*,*,#2013,.F.);
#2561=ORIENTED_EDGE('',*,*,#2014,.F.);
#2562=ORIENTED_EDGE('',*,*,#2015,.F.);
#2563=ORIENTED_EDGE('',*,*,#1994,.T.);
#2564=ORIENTED_EDGE('',*,*,#2016,.T.);
#2565=ORIENTED_EDGE('',*,*,#2017,.F.);
#2566=ORIENTED_EDGE('',*,*,#2018,.T.);
#2567=ORIENTED_EDGE('',*,*,#1988,.T.);
#2568=ORIENTED_EDGE('',*,*,#2019,.F.);
#2569=ORIENTED_EDGE('',*,*,#1955,.T.);
#2570=ORIENTED_EDGE('',*,*,#2020,.F.);
#2571=ORIENTED_EDGE('',*,*,#2021,.F.);
#2572=ORIENTED_EDGE('',*,*,#2022,.T.);
#2573=ORIENTED_EDGE('',*,*,#1953,.T.);
#2574=ORIENTED_EDGE('',*,*,#2021,.T.);
#2575=ORIENTED_EDGE('',*,*,#2023,.F.);
#2576=ORIENTED_EDGE('',*,*,#2024,.T.);
#2577=ORIENTED_EDGE('',*,*,#2025,.F.);
#2578=ORIENTED_EDGE('',*,*,#2026,.F.);
#2579=ORIENTED_EDGE('',*,*,#2027,.F.);
#2580=ORIENTED_EDGE('',*,*,#2028,.T.);
#2581=ORIENTED_EDGE('',*,*,#1908,.T.);
#2582=ORIENTED_EDGE('',*,*,#2029,.F.);
#2583=ORIENTED_EDGE('',*,*,#2028,.F.);
#2584=ORIENTED_EDGE('',*,*,#2030,.T.);
#2585=ORIENTED_EDGE('',*,*,#2031,.T.);
#2586=ORIENTED_EDGE('',*,*,#2032,.F.);
#2587=ORIENTED_EDGE('',*,*,#2033,.T.);
#2588=ORIENTED_EDGE('',*,*,#2034,.F.);
#2589=ORIENTED_EDGE('',*,*,#2035,.T.);
#2590=ORIENTED_EDGE('',*,*,#2036,.F.);
#2591=ORIENTED_EDGE('',*,*,#2037,.F.);
#2592=ORIENTED_EDGE('',*,*,#2038,.F.);
#2593=ORIENTED_EDGE('',*,*,#2039,.T.);
#2594=ORIENTED_EDGE('',*,*,#1977,.T.);
#2595=ORIENTED_EDGE('',*,*,#2040,.F.);
#2596=ORIENTED_EDGE('',*,*,#2041,.T.);
#2597=ORIENTED_EDGE('',*,*,#2042,.F.);
#2598=ORIENTED_EDGE('',*,*,#2043,.T.);
#2599=ORIENTED_EDGE('',*,*,#2044,.T.);
#2600=ORIENTED_EDGE('',*,*,#1923,.T.);
#2601=ORIENTED_EDGE('',*,*,#2041,.F.);
#2602=ORIENTED_EDGE('',*,*,#2045,.T.);
#2603=ORIENTED_EDGE('',*,*,#2046,.T.);
#2604=ORIENTED_EDGE('',*,*,#2047,.T.);
#2605=ORIENTED_EDGE('',*,*,#1986,.F.);
#2606=ORIENTED_EDGE('',*,*,#2048,.T.);
#2607=ORIENTED_EDGE('',*,*,#2049,.F.);
#2608=ORIENTED_EDGE('',*,*,#2050,.T.);
#2609=ORIENTED_EDGE('',*,*,#2030,.F.);
#2610=ORIENTED_EDGE('',*,*,#2049,.T.);
#2611=ORIENTED_EDGE('',*,*,#2051,.T.);
#2612=ORIENTED_EDGE('',*,*,#2050,.F.);
#2613=ORIENTED_EDGE('',*,*,#2047,.F.);
#2614=ORIENTED_EDGE('',*,*,#2052,.T.);
#2615=ORIENTED_EDGE('',*,*,#2053,.F.);
#2616=ORIENTED_EDGE('',*,*,#2054,.F.);
#2617=ORIENTED_EDGE('',*,*,#2055,.T.);
#2618=ORIENTED_EDGE('',*,*,#2056,.T.);
#2619=ORIENTED_EDGE('',*,*,#2057,.F.);
#2620=ORIENTED_EDGE('',*,*,#2058,.F.);
#2621=ORIENTED_EDGE('',*,*,#2059,.T.);
#2622=ORIENTED_EDGE('',*,*,#2043,.F.);
#2623=ORIENTED_EDGE('',*,*,#2060,.F.);
#2624=ORIENTED_EDGE('',*,*,#2061,.F.);
#2625=ORIENTED_EDGE('',*,*,#1903,.F.);
#2626=ORIENTED_EDGE('',*,*,#2062,.T.);
#2627=ORIENTED_EDGE('',*,*,#2063,.F.);
#2628=ORIENTED_EDGE('',*,*,#2064,.F.);
#2629=ORIENTED_EDGE('',*,*,#2040,.T.);
#2630=ORIENTED_EDGE('',*,*,#2065,.T.);
#2631=ORIENTED_EDGE('',*,*,#2066,.F.);
#2632=ORIENTED_EDGE('',*,*,#2067,.F.);
#2633=ORIENTED_EDGE('',*,*,#2068,.F.);
#2634=ORIENTED_EDGE('',*,*,#2069,.T.);
#2635=ORIENTED_EDGE('',*,*,#2070,.T.);
#2636=ORIENTED_EDGE('',*,*,#2018,.F.);
#2637=ORIENTED_EDGE('',*,*,#2071,.T.);
#2638=ORIENTED_EDGE('',*,*,#2072,.F.);
#2639=ORIENTED_EDGE('',*,*,#2069,.F.);
#2640=ORIENTED_EDGE('',*,*,#2073,.T.);
#2641=ORIENTED_EDGE('',*,*,#2074,.F.);
#2642=ORIENTED_EDGE('',*,*,#2075,.F.);
#2643=ORIENTED_EDGE('',*,*,#2076,.T.);
#2644=ORIENTED_EDGE('',*,*,#2015,.T.);
#2645=ORIENTED_EDGE('',*,*,#2077,.T.);
#2646=ORIENTED_EDGE('',*,*,#2078,.T.);
#2647=ORIENTED_EDGE('',*,*,#2079,.F.);
#2648=ORIENTED_EDGE('',*,*,#2080,.T.);
#2649=ORIENTED_EDGE('',*,*,#2078,.F.);
#2650=ORIENTED_EDGE('',*,*,#2073,.F.);
#2651=ORIENTED_EDGE('',*,*,#2002,.F.);
#2652=ORIENTED_EDGE('',*,*,#1957,.T.);
#2653=ORIENTED_EDGE('',*,*,#2077,.F.);
#2654=ORIENTED_EDGE('',*,*,#2081,.T.);
#2655=ORIENTED_EDGE('',*,*,#2082,.F.);
#2656=ORIENTED_EDGE('',*,*,#2083,.T.);
#2657=ORIENTED_EDGE('',*,*,#2084,.T.);
#2658=ORIENTED_EDGE('',*,*,#2085,.F.);
#2659=ORIENTED_EDGE('',*,*,#2083,.F.);
#2660=ORIENTED_EDGE('',*,*,#2071,.F.);
#2661=ORIENTED_EDGE('',*,*,#2086,.T.);
#2662=ORIENTED_EDGE('',*,*,#2087,.T.);
#2663=ORIENTED_EDGE('',*,*,#2088,.F.);
#2664=ORIENTED_EDGE('',*,*,#2085,.T.);
#2665=ORIENTED_EDGE('',*,*,#2036,.T.);
#2666=ORIENTED_EDGE('',*,*,#2089,.F.);
#2667=ORIENTED_EDGE('',*,*,#1987,.F.);
#2668=ORIENTED_EDGE('',*,*,#2027,.T.);
#2669=ORIENTED_EDGE('',*,*,#2090,.T.);
#2670=ORIENTED_EDGE('',*,*,#2091,.T.);
#2671=ORIENTED_EDGE('',*,*,#2092,.F.);
#2672=ORIENTED_EDGE('',*,*,#2093,.T.);
#2673=ORIENTED_EDGE('',*,*,#2094,.F.);
#2674=ORIENTED_EDGE('',*,*,#2095,.F.);
#2675=ORIENTED_EDGE('',*,*,#2096,.F.);
#2676=ORIENTED_EDGE('',*,*,#2094,.T.);
#2677=ORIENTED_EDGE('',*,*,#2092,.T.);
#2678=ORIENTED_EDGE('',*,*,#2091,.F.);
#2679=ORIENTED_EDGE('',*,*,#2033,.F.);
#2680=ORIENTED_EDGE('',*,*,#2097,.T.);
#2681=ORIENTED_EDGE('',*,*,#2098,.F.);
#2682=ORIENTED_EDGE('',*,*,#2099,.F.);
#2683=ORIENTED_EDGE('',*,*,#2100,.T.);
#2684=ORIENTED_EDGE('',*,*,#2095,.T.);
#2685=ORIENTED_EDGE('',*,*,#2101,.F.);
#2686=ORIENTED_EDGE('',*,*,#2102,.T.);
#2687=ORIENTED_EDGE('',*,*,#2099,.T.);
#2688=ORIENTED_EDGE('',*,*,#2103,.F.);
#2689=ORIENTED_EDGE('',*,*,#2104,.T.);
#2690=ORIENTED_EDGE('',*,*,#2105,.F.);
#2691=ORIENTED_EDGE('',*,*,#2106,.F.);
#2692=ORIENTED_EDGE('',*,*,#2107,.T.);
#2693=ORIENTED_EDGE('',*,*,#2108,.F.);
#2694=ORIENTED_EDGE('',*,*,#1932,.F.);
#2695=ORIENTED_EDGE('',*,*,#2109,.T.);
#2696=ORIENTED_EDGE('',*,*,#2110,.F.);
#2697=ORIENTED_EDGE('',*,*,#1886,.T.);
#2698=ORIENTED_EDGE('',*,*,#2111,.T.);
#2699=ORIENTED_EDGE('',*,*,#2079,.T.);
#2700=ORIENTED_EDGE('',*,*,#2107,.F.);
#2701=ORIENTED_EDGE('',*,*,#2112,.T.);
#2702=ORIENTED_EDGE('',*,*,#2113,.T.);
#2703=ORIENTED_EDGE('',*,*,#2100,.F.);
#2704=ORIENTED_EDGE('',*,*,#2063,.T.);
#2705=ORIENTED_EDGE('',*,*,#1998,.F.);
#2706=ORIENTED_EDGE('',*,*,#2114,.T.);
#2707=ORIENTED_EDGE('',*,*,#2115,.F.);
#2708=ORIENTED_EDGE('',*,*,#2039,.F.);
#2709=ORIENTED_EDGE('',*,*,#2116,.T.);
#2710=ORIENTED_EDGE('',*,*,#2114,.F.);
#2711=ORIENTED_EDGE('',*,*,#2117,.F.);
#2712=ORIENTED_EDGE('',*,*,#2118,.F.);
#2713=ORIENTED_EDGE('',*,*,#2119,.T.);
#2714=ORIENTED_EDGE('',*,*,#1909,.T.);
#2715=ORIENTED_EDGE('',*,*,#2120,.F.);
#2716=ORIENTED_EDGE('',*,*,#2121,.F.);
#2717=ORIENTED_EDGE('',*,*,#2122,.F.);
#2718=ORIENTED_EDGE('',*,*,#2123,.F.);
#2719=ORIENTED_EDGE('',*,*,#2124,.T.);
#2720=ORIENTED_EDGE('',*,*,#2125,.T.);
#2721=ORIENTED_EDGE('',*,*,#2126,.F.);
#2722=ORIENTED_EDGE('',*,*,#2127,.F.);
#2723=ORIENTED_EDGE('',*,*,#2128,.F.);
#2724=ORIENTED_EDGE('',*,*,#2129,.F.);
#2725=ORIENTED_EDGE('',*,*,#2122,.T.);
#2726=ORIENTED_EDGE('',*,*,#2130,.F.);
#2727=ORIENTED_EDGE('',*,*,#1906,.T.);
#2728=ORIENTED_EDGE('',*,*,#2123,.T.);
#2729=ORIENTED_EDGE('',*,*,#1878,.F.);
#2730=ORIENTED_EDGE('',*,*,#1891,.F.);
#2731=ORIENTED_EDGE('',*,*,#2042,.T.);
#2732=ORIENTED_EDGE('',*,*,#2057,.T.);
#2733=ORIENTED_EDGE('',*,*,#2131,.F.);
#2734=ORIENTED_EDGE('',*,*,#2132,.F.);
#2735=ORIENTED_EDGE('',*,*,#2133,.F.);
#2736=ORIENTED_EDGE('',*,*,#2131,.T.);
#2737=ORIENTED_EDGE('',*,*,#2125,.F.);
#2738=ORIENTED_EDGE('',*,*,#2134,.T.);
#2739=ORIENTED_EDGE('',*,*,#2135,.F.);
#2740=ORIENTED_EDGE('',*,*,#2136,.F.);
#2741=ORIENTED_EDGE('',*,*,#2137,.T.);
#2742=ORIENTED_EDGE('',*,*,#2135,.T.);
#2743=ORIENTED_EDGE('',*,*,#2138,.F.);
#2744=ORIENTED_EDGE('',*,*,#2134,.F.);
#2745=ORIENTED_EDGE('',*,*,#1926,.F.);
#2746=ORIENTED_EDGE('',*,*,#2139,.T.);
#2747=ORIENTED_EDGE('',*,*,#2140,.F.);
#2748=ORIENTED_EDGE('',*,*,#2141,.T.);
#2749=ORIENTED_EDGE('',*,*,#2138,.T.);
#2750=ORIENTED_EDGE('',*,*,#1875,.T.);
#2751=ORIENTED_EDGE('',*,*,#1874,.F.);
#2752=ORIENTED_EDGE('',*,*,#1869,.T.);
#2753=ORIENTED_EDGE('',*,*,#2142,.F.);
#2754=ORIENTED_EDGE('',*,*,#1982,.F.);
#2755=ORIENTED_EDGE('',*,*,#2143,.T.);
#2756=ORIENTED_EDGE('',*,*,#2132,.T.);
#2757=ORIENTED_EDGE('',*,*,#2144,.T.);
#2758=ORIENTED_EDGE('',*,*,#2145,.F.);
#2759=ORIENTED_EDGE('',*,*,#2146,.F.);
#2760=ORIENTED_EDGE('',*,*,#1963,.F.);
#2761=ORIENTED_EDGE('',*,*,#2019,.T.);
#2762=ORIENTED_EDGE('',*,*,#2127,.T.);
#2763=ORIENTED_EDGE('',*,*,#2065,.F.);
#2764=ORIENTED_EDGE('',*,*,#2147,.T.);
#2765=ORIENTED_EDGE('',*,*,#2148,.T.);
#2766=ORIENTED_EDGE('',*,*,#2003,.F.);
#2767=ORIENTED_EDGE('',*,*,#2149,.F.);
#2768=ORIENTED_EDGE('',*,*,#2150,.T.);
#2769=ORIENTED_EDGE('',*,*,#2151,.F.);
#2770=ORIENTED_EDGE('',*,*,#2149,.T.);
#2771=ORIENTED_EDGE('',*,*,#2067,.T.);
#2772=ORIENTED_EDGE('',*,*,#2072,.T.);
#2773=ORIENTED_EDGE('',*,*,#2152,.F.);
#2774=ORIENTED_EDGE('',*,*,#2153,.F.);
#2775=ORIENTED_EDGE('',*,*,#2154,.T.);
#2776=ORIENTED_EDGE('',*,*,#2051,.F.);
#2777=ORIENTED_EDGE('',*,*,#2155,.F.);
#2778=ORIENTED_EDGE('',*,*,#2153,.T.);
#2779=ORIENTED_EDGE('',*,*,#2048,.F.);
#2780=ORIENTED_EDGE('',*,*,#2155,.T.);
#2781=ORIENTED_EDGE('',*,*,#2052,.F.);
#2782=ORIENTED_EDGE('',*,*,#2156,.F.);
#2783=ORIENTED_EDGE('',*,*,#2157,.T.);
#2784=ORIENTED_EDGE('',*,*,#2158,.T.);
#2785=ORIENTED_EDGE('',*,*,#2154,.F.);
#2786=ORIENTED_EDGE('',*,*,#2159,.F.);
#2787=ORIENTED_EDGE('',*,*,#2160,.F.);
#2788=ORIENTED_EDGE('',*,*,#2161,.T.);
#2789=ORIENTED_EDGE('',*,*,#2162,.F.);
#2790=ORIENTED_EDGE('',*,*,#2163,.T.);
#2791=ORIENTED_EDGE('',*,*,#2160,.T.);
#2792=ORIENTED_EDGE('',*,*,#2152,.T.);
#2793=ORIENTED_EDGE('',*,*,#2164,.F.);
#2794=ORIENTED_EDGE('',*,*,#2165,.F.);
#2795=ORIENTED_EDGE('',*,*,#2166,.F.);
#2796=ORIENTED_EDGE('',*,*,#2109,.F.);
#2797=ORIENTED_EDGE('',*,*,#2167,.T.);
#2798=ORIENTED_EDGE('',*,*,#2168,.T.);
#2799=ORIENTED_EDGE('',*,*,#1880,.F.);
#2800=ORIENTED_EDGE('',*,*,#2169,.F.);
#2801=ORIENTED_EDGE('',*,*,#2170,.T.);
#2802=ORIENTED_EDGE('',*,*,#2121,.T.);
#2803=ORIENTED_EDGE('',*,*,#2171,.F.);
#2804=ORIENTED_EDGE('',*,*,#2129,.T.);
#2805=ORIENTED_EDGE('',*,*,#2172,.F.);
#2806=ORIENTED_EDGE('',*,*,#2173,.T.);
#2807=ORIENTED_EDGE('',*,*,#2174,.F.);
#2808=ORIENTED_EDGE('',*,*,#2172,.T.);
#2809=ORIENTED_EDGE('',*,*,#2170,.F.);
#2810=ORIENTED_EDGE('',*,*,#2130,.T.);
#2811=ORIENTED_EDGE('',*,*,#2173,.F.);
#2812=ORIENTED_EDGE('',*,*,#2175,.T.);
#2813=ORIENTED_EDGE('',*,*,#2176,.F.);
#2814=ORIENTED_EDGE('',*,*,#2111,.F.);
#2815=ORIENTED_EDGE('',*,*,#2177,.T.);
#2816=ORIENTED_EDGE('',*,*,#2175,.F.);
#2817=ORIENTED_EDGE('',*,*,#2017,.T.);
#2818=ORIENTED_EDGE('',*,*,#2177,.F.);
#2819=ORIENTED_EDGE('',*,*,#2178,.F.);
#2820=ORIENTED_EDGE('',*,*,#2110,.T.);
#2821=ORIENTED_EDGE('',*,*,#2176,.T.);
#2822=ORIENTED_EDGE('',*,*,#2179,.T.);
#2823=ORIENTED_EDGE('',*,*,#2119,.F.);
#2824=ORIENTED_EDGE('',*,*,#2178,.T.);
#2825=ORIENTED_EDGE('',*,*,#2115,.T.);
#2826=ORIENTED_EDGE('',*,*,#2180,.T.);
#2827=ORIENTED_EDGE('',*,*,#2087,.F.);
#2828=ORIENTED_EDGE('',*,*,#1997,.T.);
#2829=ORIENTED_EDGE('',*,*,#2179,.F.);
#2830=ORIENTED_EDGE('',*,*,#2181,.F.);
#2831=ORIENTED_EDGE('',*,*,#2182,.F.);
#2832=ORIENTED_EDGE('',*,*,#2161,.F.);
#2833=ORIENTED_EDGE('',*,*,#2181,.T.);
#2834=ORIENTED_EDGE('',*,*,#1892,.T.);
#2835=ORIENTED_EDGE('',*,*,#2183,.T.);
#2836=ORIENTED_EDGE('',*,*,#2139,.F.);
#2837=ORIENTED_EDGE('',*,*,#2112,.F.);
#2838=ORIENTED_EDGE('',*,*,#2184,.T.);
#2839=ORIENTED_EDGE('',*,*,#2185,.F.);
#2840=ORIENTED_EDGE('',*,*,#2186,.F.);
#2841=ORIENTED_EDGE('',*,*,#2184,.F.);
#2842=ORIENTED_EDGE('',*,*,#2140,.T.);
#2843=ORIENTED_EDGE('',*,*,#1983,.T.);
#2844=ORIENTED_EDGE('',*,*,#2187,.F.);
#2845=ORIENTED_EDGE('',*,*,#2188,.T.);
#2846=ORIENTED_EDGE('',*,*,#2034,.T.);
#2847=ORIENTED_EDGE('',*,*,#2084,.F.);
#2848=ORIENTED_EDGE('',*,*,#2189,.T.);
#2849=ORIENTED_EDGE('',*,*,#1966,.F.);
#2850=ORIENTED_EDGE('',*,*,#1902,.T.);
#2851=ORIENTED_EDGE('',*,*,#2190,.T.);
#2852=ORIENTED_EDGE('',*,*,#2097,.F.);
#2853=ORIENTED_EDGE('',*,*,#2145,.T.);
#2854=ORIENTED_EDGE('',*,*,#2191,.F.);
#2855=ORIENTED_EDGE('',*,*,#2192,.F.);
#2856=ORIENTED_EDGE('',*,*,#2193,.T.);
#2857=ORIENTED_EDGE('',*,*,#2194,.F.);
#2858=ORIENTED_EDGE('',*,*,#2011,.F.);
#2859=ORIENTED_EDGE('',*,*,#2195,.T.);
#2860=ORIENTED_EDGE('',*,*,#2054,.T.);
#2861=ORIENTED_EDGE('',*,*,#2196,.T.);
#2862=ORIENTED_EDGE('',*,*,#1887,.F.);
#2863=ORIENTED_EDGE('',*,*,#2193,.F.);
#2864=ORIENTED_EDGE('',*,*,#2197,.T.);
#2865=ORIENTED_EDGE('',*,*,#2190,.F.);
#2866=ORIENTED_EDGE('',*,*,#2198,.T.);
#2867=ORIENTED_EDGE('',*,*,#2196,.F.);
#2868=ORIENTED_EDGE('',*,*,#2199,.T.);
#2869=ORIENTED_EDGE('',*,*,#2200,.F.);
#2870=ORIENTED_EDGE('',*,*,#2201,.T.);
#2871=ORIENTED_EDGE('',*,*,#2199,.F.);
#2872=ORIENTED_EDGE('',*,*,#2192,.T.);
#2873=ORIENTED_EDGE('',*,*,#2202,.T.);
#2874=ORIENTED_EDGE('',*,*,#2203,.F.);
#2875=ORIENTED_EDGE('',*,*,#2204,.T.);
#2876=ORIENTED_EDGE('',*,*,#2205,.T.);
#2877=ORIENTED_EDGE('',*,*,#2007,.T.);
#2878=ORIENTED_EDGE('',*,*,#2055,.F.);
#2879=ORIENTED_EDGE('',*,*,#2206,.F.);
#2880=ORIENTED_EDGE('',*,*,#2207,.T.);
#2881=ORIENTED_EDGE('',*,*,#1981,.F.);
#2882=ORIENTED_EDGE('',*,*,#2208,.T.);
#2883=ORIENTED_EDGE('',*,*,#2209,.T.);
#2884=ORIENTED_EDGE('',*,*,#1990,.F.);
#2885=ORIENTED_EDGE('',*,*,#2210,.F.);
#2886=ORIENTED_EDGE('',*,*,#2185,.T.);
#2887=ORIENTED_EDGE('',*,*,#2211,.T.);
#2888=ORIENTED_EDGE('',*,*,#1871,.F.);
#2889=ORIENTED_EDGE('',*,*,#2046,.F.);
#2890=ORIENTED_EDGE('',*,*,#1876,.F.);
#2891=ORIENTED_EDGE('',*,*,#1873,.T.);
#2892=ORIENTED_EDGE('',*,*,#2212,.F.);
#2893=ORIENTED_EDGE('',*,*,#1870,.F.);
#2894=ORIENTED_EDGE('',*,*,#2103,.T.);
#2895=ORIENTED_EDGE('',*,*,#2203,.T.);
#2896=ORIENTED_EDGE('',*,*,#2008,.F.);
#2897=ORIENTED_EDGE('',*,*,#2210,.T.);
#2898=ORIENTED_EDGE('',*,*,#2213,.F.);
#2899=ORIENTED_EDGE('',*,*,#2150,.F.);
#2900=ORIENTED_EDGE('',*,*,#1958,.F.);
#2901=ORIENTED_EDGE('',*,*,#2213,.T.);
#2902=ORIENTED_EDGE('',*,*,#2214,.T.);
#2903=ORIENTED_EDGE('',*,*,#2214,.F.);
#2904=ORIENTED_EDGE('',*,*,#2037,.T.);
#2905=ORIENTED_EDGE('',*,*,#2215,.T.);
#2906=ORIENTED_EDGE('',*,*,#2215,.F.);
#2907=ORIENTED_EDGE('',*,*,#2216,.F.);
#2908=ORIENTED_EDGE('',*,*,#2212,.T.);
#2909=ORIENTED_EDGE('',*,*,#1872,.T.);
#2910=ORIENTED_EDGE('',*,*,#2217,.T.);
#2911=ORIENTED_EDGE('',*,*,#2216,.T.);
#2912=ORIENTED_EDGE('',*,*,#2000,.F.);
#2913=ORIENTED_EDGE('',*,*,#2029,.T.);
#2914=ORIENTED_EDGE('',*,*,#2158,.F.);
#2915=ORIENTED_EDGE('',*,*,#2120,.T.);
#2916=ORIENTED_EDGE('',*,*,#2156,.T.);
#2917=ORIENTED_EDGE('',*,*,#2218,.T.);
#2918=ORIENTED_EDGE('',*,*,#2157,.F.);
#2919=ORIENTED_EDGE('',*,*,#2217,.F.);
#2920=ORIENTED_EDGE('',*,*,#2171,.T.);
#2921=ORIENTED_EDGE('',*,*,#2218,.F.);
#2922=ORIENTED_EDGE('',*,*,#2219,.T.);
#2923=ORIENTED_EDGE('',*,*,#2167,.F.);
#2924=ORIENTED_EDGE('',*,*,#2220,.T.);
#2925=ORIENTED_EDGE('',*,*,#2162,.T.);
#2926=ORIENTED_EDGE('',*,*,#2221,.T.);
#2927=ORIENTED_EDGE('',*,*,#2220,.F.);
#2928=ORIENTED_EDGE('',*,*,#2222,.F.);
#2929=ORIENTED_EDGE('',*,*,#2223,.T.);
#2930=ORIENTED_EDGE('',*,*,#2098,.T.);
#2931=ORIENTED_EDGE('',*,*,#2224,.F.);
#2932=ORIENTED_EDGE('',*,*,#2204,.F.);
#2933=ORIENTED_EDGE('',*,*,#2225,.T.);
#2934=ORIENTED_EDGE('',*,*,#2226,.T.);
#2935=ORIENTED_EDGE('',*,*,#1912,.F.);
#2936=ORIENTED_EDGE('',*,*,#2209,.F.);
#2937=ORIENTED_EDGE('',*,*,#2227,.T.);
#2938=ORIENTED_EDGE('',*,*,#2228,.F.);
#2939=ORIENTED_EDGE('',*,*,#2229,.T.);
#2940=ORIENTED_EDGE('',*,*,#2230,.F.);
#2941=ORIENTED_EDGE('',*,*,#2231,.T.);
#2942=ORIENTED_EDGE('',*,*,#2142,.T.);
#2943=ORIENTED_EDGE('',*,*,#2232,.F.);
#2944=ORIENTED_EDGE('',*,*,#2233,.T.);
#2945=ORIENTED_EDGE('',*,*,#2234,.F.);
#2946=ORIENTED_EDGE('',*,*,#2235,.T.);
#2947=ORIENTED_EDGE('',*,*,#2022,.F.);
#2948=ORIENTED_EDGE('',*,*,#2234,.T.);
#2949=ORIENTED_EDGE('',*,*,#2189,.F.);
#2950=ORIENTED_EDGE('',*,*,#2236,.T.);
#2951=ORIENTED_EDGE('',*,*,#2237,.F.);
#2952=ORIENTED_EDGE('',*,*,#2227,.F.);
#2953=ORIENTED_EDGE('',*,*,#2233,.F.);
#2954=ORIENTED_EDGE('',*,*,#2237,.T.);
#2955=ORIENTED_EDGE('',*,*,#1952,.T.);
#2956=ORIENTED_EDGE('',*,*,#2035,.F.);
#2957=ORIENTED_EDGE('',*,*,#2232,.T.);
#2958=ORIENTED_EDGE('',*,*,#2238,.F.);
#2959=ORIENTED_EDGE('',*,*,#1939,.F.);
#2960=ORIENTED_EDGE('',*,*,#2239,.T.);
#2961=ORIENTED_EDGE('',*,*,#1976,.F.);
#2962=ORIENTED_EDGE('',*,*,#2238,.T.);
#2963=ORIENTED_EDGE('',*,*,#2240,.F.);
#2964=ORIENTED_EDGE('',*,*,#2240,.T.);
#2965=ORIENTED_EDGE('',*,*,#2241,.F.);
#2966=ORIENTED_EDGE('',*,*,#2242,.F.);
#2967=ORIENTED_EDGE('',*,*,#2031,.F.);
#2968=ORIENTED_EDGE('',*,*,#2169,.T.);
#2969=ORIENTED_EDGE('',*,*,#2166,.T.);
#2970=ORIENTED_EDGE('',*,*,#2113,.F.);
#2971=ORIENTED_EDGE('',*,*,#2242,.T.);
#2972=ORIENTED_EDGE('',*,*,#2243,.F.);
#2973=ORIENTED_EDGE('',*,*,#2163,.F.);
#2974=ORIENTED_EDGE('',*,*,#2244,.T.);
#2975=ORIENTED_EDGE('',*,*,#2194,.T.);
#2976=ORIENTED_EDGE('',*,*,#2225,.F.);
#2977=ORIENTED_EDGE('',*,*,#2223,.F.);
#2978=ORIENTED_EDGE('',*,*,#2245,.T.);
#2979=ORIENTED_EDGE('',*,*,#2246,.T.);
#2980=ORIENTED_EDGE('',*,*,#2201,.F.);
#2981=ORIENTED_EDGE('',*,*,#2247,.T.);
#2982=ORIENTED_EDGE('',*,*,#2009,.F.);
#2983=ORIENTED_EDGE('',*,*,#2248,.F.);
#2984=ORIENTED_EDGE('',*,*,#1879,.T.);
#2985=ORIENTED_EDGE('',*,*,#2187,.T.);
#2986=ORIENTED_EDGE('',*,*,#2231,.F.);
#2987=ORIENTED_EDGE('',*,*,#2249,.T.);
#2988=ORIENTED_EDGE('',*,*,#2101,.T.);
#2989=ORIENTED_EDGE('',*,*,#2250,.T.);
#2990=ORIENTED_EDGE('',*,*,#2251,.F.);
#2991=ORIENTED_EDGE('',*,*,#2252,.F.);
#2992=ORIENTED_EDGE('',*,*,#2253,.F.);
#2993=ORIENTED_EDGE('',*,*,#2254,.T.);
#2994=ORIENTED_EDGE('',*,*,#2224,.T.);
#2995=ORIENTED_EDGE('',*,*,#2255,.F.);
#2996=ORIENTED_EDGE('',*,*,#2256,.T.);
#2997=ORIENTED_EDGE('',*,*,#1992,.F.);
#2998=ORIENTED_EDGE('',*,*,#2257,.T.);
#2999=ORIENTED_EDGE('',*,*,#2258,.T.);
#3000=ORIENTED_EDGE('',*,*,#2144,.F.);
#3001=ORIENTED_EDGE('',*,*,#2259,.T.);
#3002=ORIENTED_EDGE('',*,*,#2260,.T.);
#3003=ORIENTED_EDGE('',*,*,#1968,.T.);
#3004=ORIENTED_EDGE('',*,*,#2261,.F.);
#3005=ORIENTED_EDGE('',*,*,#2262,.T.);
#3006=ORIENTED_EDGE('',*,*,#2263,.F.);
#3007=ORIENTED_EDGE('',*,*,#2082,.T.);
#3008=ORIENTED_EDGE('',*,*,#2262,.F.);
#3009=ORIENTED_EDGE('',*,*,#2264,.T.);
#3010=ORIENTED_EDGE('',*,*,#2258,.F.);
#3011=ORIENTED_EDGE('',*,*,#2249,.F.);
#3012=ORIENTED_EDGE('',*,*,#2265,.F.);
#3013=ORIENTED_EDGE('',*,*,#2165,.T.);
#3014=ORIENTED_EDGE('',*,*,#2266,.F.);
#3015=ORIENTED_EDGE('',*,*,#2265,.T.);
#3016=ORIENTED_EDGE('',*,*,#2267,.F.);
#3017=ORIENTED_EDGE('',*,*,#2147,.F.);
#3018=ORIENTED_EDGE('',*,*,#2267,.T.);
#3019=ORIENTED_EDGE('',*,*,#2268,.F.);
#3020=ORIENTED_EDGE('',*,*,#2133,.T.);
#3021=ORIENTED_EDGE('',*,*,#2247,.F.);
#3022=ORIENTED_EDGE('',*,*,#2244,.F.);
#3023=ORIENTED_EDGE('',*,*,#1931,.T.);
#3024=ORIENTED_EDGE('',*,*,#2195,.F.);
#3025=ORIENTED_EDGE('',*,*,#2269,.T.);
#3026=ORIENTED_EDGE('',*,*,#2270,.F.);
#3027=ORIENTED_EDGE('',*,*,#2269,.F.);
#3028=ORIENTED_EDGE('',*,*,#2013,.T.);
#3029=ORIENTED_EDGE('',*,*,#1972,.T.);
#3030=ORIENTED_EDGE('',*,*,#2239,.F.);
#3031=ORIENTED_EDGE('',*,*,#2271,.T.);
#3032=ORIENTED_EDGE('',*,*,#2272,.T.);
#3033=ORIENTED_EDGE('',*,*,#2246,.F.);
#3034=ORIENTED_EDGE('',*,*,#2004,.F.);
#3035=ORIENTED_EDGE('',*,*,#2273,.T.);
#3036=ORIENTED_EDGE('',*,*,#2274,.T.);
#3037=ORIENTED_EDGE('',*,*,#2198,.F.);
#3038=ORIENTED_EDGE('',*,*,#1913,.T.);
#3039=ORIENTED_EDGE('',*,*,#2205,.F.);
#3040=ORIENTED_EDGE('',*,*,#2275,.T.);
#3041=ORIENTED_EDGE('',*,*,#2276,.F.);
#3042=ORIENTED_EDGE('',*,*,#2275,.F.);
#3043=ORIENTED_EDGE('',*,*,#2270,.T.);
#3044=ORIENTED_EDGE('',*,*,#2277,.F.);
#3045=ORIENTED_EDGE('',*,*,#2278,.T.);
#3046=ORIENTED_EDGE('',*,*,#2279,.T.);
#3047=ORIENTED_EDGE('',*,*,#2274,.F.);
#3048=ORIENTED_EDGE('',*,*,#2268,.T.);
#3049=ORIENTED_EDGE('',*,*,#2280,.F.);
#3050=ORIENTED_EDGE('',*,*,#2259,.F.);
#3051=ORIENTED_EDGE('',*,*,#2271,.F.);
#3052=ORIENTED_EDGE('',*,*,#1950,.T.);
#3053=ORIENTED_EDGE('',*,*,#2281,.T.);
#3054=ORIENTED_EDGE('',*,*,#2282,.F.);
#3055=ORIENTED_EDGE('',*,*,#2283,.T.);
#3056=ORIENTED_EDGE('',*,*,#2180,.F.);
#3057=ORIENTED_EDGE('',*,*,#2164,.T.);
#3058=ORIENTED_EDGE('',*,*,#2283,.F.);
#3059=ORIENTED_EDGE('',*,*,#2284,.T.);
#3060=ORIENTED_EDGE('',*,*,#2285,.T.);
#3061=ORIENTED_EDGE('',*,*,#2272,.F.);
#3062=ORIENTED_EDGE('',*,*,#2286,.F.);
#3063=ORIENTED_EDGE('',*,*,#2241,.T.);
#3064=ORIENTED_EDGE('',*,*,#2285,.F.);
#3065=ORIENTED_EDGE('',*,*,#2287,.T.);
#3066=ORIENTED_EDGE('',*,*,#2288,.F.);
#3067=ORIENTED_EDGE('',*,*,#2286,.T.);
#3068=ORIENTED_EDGE('',*,*,#2281,.F.);
#3069=ORIENTED_EDGE('',*,*,#2289,.T.);
#3070=ORIENTED_EDGE('',*,*,#2290,.F.);
#3071=ORIENTED_EDGE('',*,*,#2090,.F.);
#3072=ORIENTED_EDGE('',*,*,#2291,.T.);
#3073=ORIENTED_EDGE('',*,*,#2236,.F.);
#3074=ORIENTED_EDGE('',*,*,#2263,.T.);
#3075=ORIENTED_EDGE('',*,*,#2228,.T.);
#3076=ORIENTED_EDGE('',*,*,#2291,.F.);
#3077=ORIENTED_EDGE('',*,*,#2292,.T.);
#3078=ORIENTED_EDGE('',*,*,#2183,.F.);
#3079=ORIENTED_EDGE('',*,*,#2168,.F.);
#3080=ORIENTED_EDGE('',*,*,#2290,.T.);
#3081=ORIENTED_EDGE('',*,*,#2006,.T.);
#3082=ORIENTED_EDGE('',*,*,#2293,.F.);
#3083=ORIENTED_EDGE('',*,*,#1915,.F.);
#3084=ORIENTED_EDGE('',*,*,#2294,.T.);
#3085=ORIENTED_EDGE('',*,*,#2062,.F.);
#3086=ORIENTED_EDGE('',*,*,#2293,.T.);
#3087=ORIENTED_EDGE('',*,*,#1907,.F.);
#3088=ORIENTED_EDGE('',*,*,#1885,.F.);
#3089=ORIENTED_EDGE('',*,*,#2295,.T.);
#3090=ORIENTED_EDGE('',*,*,#2296,.T.);
#3091=ORIENTED_EDGE('',*,*,#2297,.F.);
#3092=ORIENTED_EDGE('',*,*,#2298,.T.);
#3093=ORIENTED_EDGE('',*,*,#2294,.F.);
#3094=ORIENTED_EDGE('',*,*,#2299,.F.);
#3095=ORIENTED_EDGE('',*,*,#2230,.T.);
#3096=ORIENTED_EDGE('',*,*,#2284,.F.);
#3097=ORIENTED_EDGE('',*,*,#2300,.T.);
#3098=ORIENTED_EDGE('',*,*,#2266,.T.);
#3099=ORIENTED_EDGE('',*,*,#2301,.F.);
#3100=ORIENTED_EDGE('',*,*,#1970,.T.);
#3101=ORIENTED_EDGE('',*,*,#2255,.T.);
#3102=ORIENTED_EDGE('',*,*,#2301,.T.);
#3103=ORIENTED_EDGE('',*,*,#2254,.F.);
#3104=ORIENTED_EDGE('',*,*,#2206,.T.);
#3105=ORIENTED_EDGE('',*,*,#2302,.T.);
#3106=ORIENTED_EDGE('',*,*,#2303,.T.);
#3107=ORIENTED_EDGE('',*,*,#2264,.F.);
#3108=ORIENTED_EDGE('',*,*,#2280,.T.);
#3109=ORIENTED_EDGE('',*,*,#2304,.F.);
#3110=ORIENTED_EDGE('',*,*,#2305,.T.);
#3111=ORIENTED_EDGE('',*,*,#2306,.F.);
#3112=ORIENTED_EDGE('',*,*,#2305,.F.);
#3113=ORIENTED_EDGE('',*,*,#2307,.T.);
#3114=ORIENTED_EDGE('',*,*,#2303,.F.);
#3115=ORIENTED_EDGE('',*,*,#2059,.F.);
#3116=ORIENTED_EDGE('',*,*,#2068,.T.);
#3117=ORIENTED_EDGE('',*,*,#2304,.T.);
#3118=ORIENTED_EDGE('',*,*,#2300,.F.);
#3119=ORIENTED_EDGE('',*,*,#2308,.T.);
#3120=ORIENTED_EDGE('',*,*,#2309,.T.);
#3121=ORIENTED_EDGE('',*,*,#2298,.F.);
#3122=ORIENTED_EDGE('',*,*,#2295,.F.);
#3123=ORIENTED_EDGE('',*,*,#2310,.F.);
#3124=ORIENTED_EDGE('',*,*,#2076,.F.);
#3125=ORIENTED_EDGE('',*,*,#1918,.T.);
#3126=ORIENTED_EDGE('',*,*,#2302,.F.);
#3127=ORIENTED_EDGE('',*,*,#2299,.T.);
#3128=ORIENTED_EDGE('',*,*,#2311,.T.);
#3129=ORIENTED_EDGE('',*,*,#2243,.T.);
#3130=ORIENTED_EDGE('',*,*,#2312,.F.);
#3131=ORIENTED_EDGE('',*,*,#2222,.T.);
#3132=ORIENTED_EDGE('',*,*,#2313,.T.);
#3133=ORIENTED_EDGE('',*,*,#2025,.T.);
#3134=ORIENTED_EDGE('',*,*,#2309,.F.);
#3135=ORIENTED_EDGE('',*,*,#2314,.T.);
#3136=ORIENTED_EDGE('',*,*,#2312,.T.);
#3137=ORIENTED_EDGE('',*,*,#2315,.F.);
#3138=ORIENTED_EDGE('',*,*,#2287,.F.);
#3139=ORIENTED_EDGE('',*,*,#2316,.F.);
#3140=ORIENTED_EDGE('',*,*,#2315,.T.);
#3141=ORIENTED_EDGE('',*,*,#2226,.F.);
#3142=ORIENTED_EDGE('',*,*,#2074,.T.);
#3143=ORIENTED_EDGE('',*,*,#2310,.T.);
#3144=ORIENTED_EDGE('',*,*,#1919,.T.);
#3145=ORIENTED_EDGE('',*,*,#2014,.T.);
#3146=ORIENTED_EDGE('',*,*,#2278,.F.);
#3147=ORIENTED_EDGE('',*,*,#1910,.F.);
#3148=ORIENTED_EDGE('',*,*,#2317,.T.);
#3149=ORIENTED_EDGE('',*,*,#2297,.T.);
#3150=ORIENTED_EDGE('',*,*,#2318,.T.);
#3151=ORIENTED_EDGE('',*,*,#1890,.F.);
#3152=ORIENTED_EDGE('',*,*,#1925,.F.);
#3153=ORIENTED_EDGE('',*,*,#2186,.T.);
#3154=ORIENTED_EDGE('',*,*,#2289,.F.);
#3155=ORIENTED_EDGE('',*,*,#2093,.F.);
#3156=ORIENTED_EDGE('',*,*,#2319,.T.);
#3157=ORIENTED_EDGE('',*,*,#2296,.F.);
#3158=ORIENTED_EDGE('',*,*,#2320,.T.);
#3159=ORIENTED_EDGE('',*,*,#2276,.T.);
#3160=ORIENTED_EDGE('',*,*,#2320,.F.);
#3161=ORIENTED_EDGE('',*,*,#2024,.F.);
#3162=ORIENTED_EDGE('',*,*,#2321,.F.);
#3163=ORIENTED_EDGE('',*,*,#1962,.F.);
#3164=ORIENTED_EDGE('',*,*,#2322,.T.);
#3165=ORIENTED_EDGE('',*,*,#2061,.T.);
#3166=ORIENTED_EDGE('',*,*,#2143,.F.);
#3167=ORIENTED_EDGE('',*,*,#2321,.T.);
#3168=ORIENTED_EDGE('',*,*,#2323,.T.);
#3169=ORIENTED_EDGE('',*,*,#2324,.F.);
#3170=ORIENTED_EDGE('',*,*,#2191,.T.);
#3171=ORIENTED_EDGE('',*,*,#2325,.T.);
#3172=ORIENTED_EDGE('',*,*,#2326,.F.);
#3173=ORIENTED_EDGE('',*,*,#2277,.T.);
#3174=ORIENTED_EDGE('',*,*,#2327,.F.);
#3175=ORIENTED_EDGE('',*,*,#2096,.T.);
#3176=ORIENTED_EDGE('',*,*,#2324,.T.);
#3177=ORIENTED_EDGE('',*,*,#2328,.F.);
#3178=ORIENTED_EDGE('',*,*,#2250,.F.);
#3179=ORIENTED_EDGE('',*,*,#2327,.T.);
#3180=ORIENTED_EDGE('',*,*,#2329,.T.);
#3181=ORIENTED_EDGE('',*,*,#2323,.F.);
#3182=ORIENTED_EDGE('',*,*,#2260,.F.);
#3183=ORIENTED_EDGE('',*,*,#2146,.T.);
#3184=ORIENTED_EDGE('',*,*,#2325,.F.);
#3185=ORIENTED_EDGE('',*,*,#1980,.F.);
#3186=ORIENTED_EDGE('',*,*,#2329,.F.);
#3187=ORIENTED_EDGE('',*,*,#2306,.T.);
#3188=ORIENTED_EDGE('',*,*,#2330,.T.);
#3189=ORIENTED_EDGE('',*,*,#2331,.F.);
#3190=ORIENTED_EDGE('',*,*,#2328,.T.);
#3191=ORIENTED_EDGE('',*,*,#2330,.F.);
#3192=ORIENTED_EDGE('',*,*,#2251,.T.);
#3193=ORIENTED_EDGE('',*,*,#2332,.T.);
#3194=ORIENTED_EDGE('',*,*,#2116,.F.);
#3195=ORIENTED_EDGE('',*,*,#2136,.T.);
#3196=ORIENTED_EDGE('',*,*,#2333,.F.);
#3197=ORIENTED_EDGE('',*,*,#1924,.T.);
#3198=ORIENTED_EDGE('',*,*,#2282,.T.);
#3199=ORIENTED_EDGE('',*,*,#2332,.F.);
#3200=ORIENTED_EDGE('',*,*,#2334,.F.);
#3201=ORIENTED_EDGE('',*,*,#2252,.T.);
#3202=ORIENTED_EDGE('',*,*,#2245,.F.);
#3203=ORIENTED_EDGE('',*,*,#2314,.F.);
#3204=ORIENTED_EDGE('',*,*,#1984,.T.);
#3205=ORIENTED_EDGE('',*,*,#2335,.F.);
#3206=ORIENTED_EDGE('',*,*,#1960,.T.);
#3207=ORIENTED_EDGE('',*,*,#2060,.T.);
#3208=ORIENTED_EDGE('',*,*,#2318,.F.);
#3209=ORIENTED_EDGE('',*,*,#2336,.F.);
#3210=ORIENTED_EDGE('',*,*,#2337,.F.);
#3211=ORIENTED_EDGE('',*,*,#2159,.T.);
#3212=ORIENTED_EDGE('',*,*,#2126,.T.);
#3213=ORIENTED_EDGE('',*,*,#2221,.F.);
#3214=ORIENTED_EDGE('',*,*,#2337,.T.);
#3215=ORIENTED_EDGE('',*,*,#2056,.F.);
#3216=ORIENTED_EDGE('',*,*,#2080,.F.);
#3217=ORIENTED_EDGE('',*,*,#2336,.T.);
#3218=ORIENTED_EDGE('',*,*,#2105,.T.);
#3219=ORIENTED_EDGE('',*,*,#1991,.F.);
#3220=ORIENTED_EDGE('',*,*,#1893,.F.);
#3221=ORIENTED_EDGE('',*,*,#2023,.T.);
#3222=ORIENTED_EDGE('',*,*,#2338,.T.);
#3223=ORIENTED_EDGE('',*,*,#1933,.T.);
#3224=ORIENTED_EDGE('',*,*,#2339,.F.);
#3225=ORIENTED_EDGE('',*,*,#1929,.F.);
#3226=ORIENTED_EDGE('',*,*,#2340,.F.);
#3227=ORIENTED_EDGE('',*,*,#2339,.T.);
#3228=ORIENTED_EDGE('',*,*,#2322,.F.);
#3229=ORIENTED_EDGE('',*,*,#2340,.T.);
#3230=ORIENTED_EDGE('',*,*,#2341,.T.);
#3231=ORIENTED_EDGE('',*,*,#2219,.F.);
#3232=ORIENTED_EDGE('',*,*,#2058,.T.);
#3233=ORIENTED_EDGE('',*,*,#2032,.T.);
#3234=ORIENTED_EDGE('',*,*,#2182,.T.);
#3235=ORIENTED_EDGE('',*,*,#2016,.F.);
#3236=ORIENTED_EDGE('',*,*,#2066,.T.);
#3237=ORIENTED_EDGE('',*,*,#2334,.T.);
#3238=ORIENTED_EDGE('',*,*,#2331,.T.);
#3239=ORIENTED_EDGE('',*,*,#2342,.F.);
#3240=ORIENTED_EDGE('',*,*,#2308,.F.);
#3241=ORIENTED_EDGE('',*,*,#2342,.T.);
#3242=ORIENTED_EDGE('',*,*,#2307,.F.);
#3243=ORIENTED_EDGE('',*,*,#2174,.T.);
#3244=ORIENTED_EDGE('',*,*,#1999,.T.);
#3245=ORIENTED_EDGE('',*,*,#2086,.F.);
#3246=ORIENTED_EDGE('',*,*,#2335,.T.);
#3247=ORIENTED_EDGE('',*,*,#2188,.F.);
#3248=ORIENTED_EDGE('',*,*,#2257,.F.);
#3249=ORIENTED_EDGE('',*,*,#2088,.T.);
#3250=ORIENTED_EDGE('',*,*,#1951,.F.);
#3251=ORIENTED_EDGE('',*,*,#2343,.F.);
#3252=ORIENTED_EDGE('',*,*,#1944,.F.);
#3253=ORIENTED_EDGE('',*,*,#2338,.F.);
#3254=ORIENTED_EDGE('',*,*,#1974,.T.);
#3255=ORIENTED_EDGE('',*,*,#2038,.T.);
#3256=ORIENTED_EDGE('',*,*,#2211,.F.);
#3257=ORIENTED_EDGE('',*,*,#2102,.F.);
#3258=ORIENTED_EDGE('',*,*,#2108,.T.);
#3259=ORIENTED_EDGE('',*,*,#2248,.T.);
#3260=ORIENTED_EDGE('',*,*,#1930,.F.);
#3261=ORIENTED_EDGE('',*,*,#2326,.T.);
#3262=ORIENTED_EDGE('',*,*,#2089,.T.);
#3263=ORIENTED_EDGE('',*,*,#2319,.F.);
#3264=ORIENTED_EDGE('',*,*,#2344,.F.);
#3265=ORIENTED_EDGE('',*,*,#2053,.T.);
#3266=ORIENTED_EDGE('',*,*,#2202,.F.);
#3267=ORIENTED_EDGE('',*,*,#1947,.T.);
#3268=ORIENTED_EDGE('',*,*,#1979,.F.);
#3269=ORIENTED_EDGE('',*,*,#2345,.F.);
#3270=ORIENTED_EDGE('',*,*,#2313,.F.);
#3271=ORIENTED_EDGE('',*,*,#2346,.T.);
#3272=ORIENTED_EDGE('',*,*,#2347,.F.);
#3273=ORIENTED_EDGE('',*,*,#2273,.F.);
#3274=ORIENTED_EDGE('',*,*,#1917,.F.);
#3275=ORIENTED_EDGE('',*,*,#2348,.T.);
#3276=ORIENTED_EDGE('',*,*,#2349,.F.);
#3277=ORIENTED_EDGE('',*,*,#2350,.F.);
#3278=ORIENTED_EDGE('',*,*,#2075,.T.);
#3279=ORIENTED_EDGE('',*,*,#2026,.T.);
#3280=ORIENTED_EDGE('',*,*,#2349,.T.);
#3281=ORIENTED_EDGE('',*,*,#1920,.F.);
#3282=ORIENTED_EDGE('',*,*,#2350,.T.);
#3283=ORIENTED_EDGE('',*,*,#2347,.T.);
#3284=ORIENTED_EDGE('',*,*,#2348,.F.);
#3285=ORIENTED_EDGE('',*,*,#2316,.T.);
#3286=ORIENTED_EDGE('',*,*,#2351,.F.);
#3287=ORIENTED_EDGE('',*,*,#2352,.T.);
#3288=ORIENTED_EDGE('',*,*,#2020,.T.);
#3289=ORIENTED_EDGE('',*,*,#2353,.F.);
#3290=ORIENTED_EDGE('',*,*,#2354,.F.);
#3291=ORIENTED_EDGE('',*,*,#2345,.T.);
#3292=ORIENTED_EDGE('',*,*,#2353,.T.);
#3293=ORIENTED_EDGE('',*,*,#2355,.F.);
#3294=ORIENTED_EDGE('',*,*,#2288,.T.);
#3295=ORIENTED_EDGE('',*,*,#2356,.F.);
#3296=ORIENTED_EDGE('',*,*,#2351,.T.);
#3297=ORIENTED_EDGE('',*,*,#2200,.T.);
#3298=ORIENTED_EDGE('',*,*,#2346,.F.);
#3299=ORIENTED_EDGE('',*,*,#1888,.T.);
#3300=ORIENTED_EDGE('',*,*,#2311,.F.);
#3301=ORIENTED_EDGE('',*,*,#2010,.T.);
#3302=ORIENTED_EDGE('',*,*,#2044,.F.);
#3303=ORIENTED_EDGE('',*,*,#2357,.T.);
#3304=ORIENTED_EDGE('',*,*,#2358,.T.);
#3305=ORIENTED_EDGE('',*,*,#2229,.F.);
#3306=ORIENTED_EDGE('',*,*,#2344,.T.);
#3307=ORIENTED_EDGE('',*,*,#2256,.F.);
#3308=ORIENTED_EDGE('',*,*,#2012,.F.);
#3309=ORIENTED_EDGE('',*,*,#1948,.F.);
#3310=ORIENTED_EDGE('',*,*,#2359,.T.);
#3311=ORIENTED_EDGE('',*,*,#2356,.T.);
#3312=ORIENTED_EDGE('',*,*,#2359,.F.);
#3313=ORIENTED_EDGE('',*,*,#2355,.T.);
#3314=ORIENTED_EDGE('',*,*,#2235,.F.);
#3315=ORIENTED_EDGE('',*,*,#2352,.F.);
#3316=ORIENTED_EDGE('',*,*,#2358,.F.);
#3317=ORIENTED_EDGE('',*,*,#2253,.T.);
#3318=ORIENTED_EDGE('',*,*,#2360,.F.);
#3319=ORIENTED_EDGE('',*,*,#2361,.F.);
#3320=ORIENTED_EDGE('',*,*,#2261,.T.);
#3321=ORIENTED_EDGE('',*,*,#2292,.F.);
#3322=ORIENTED_EDGE('',*,*,#2361,.T.);
#3323=ORIENTED_EDGE('',*,*,#2357,.F.);
#3324=ORIENTED_EDGE('',*,*,#2045,.F.);
#3325=ORIENTED_EDGE('',*,*,#2362,.F.);
#3326=ORIENTED_EDGE('',*,*,#1882,.T.);
#3327=ORIENTED_EDGE('',*,*,#2064,.T.);
#3328=ORIENTED_EDGE('',*,*,#2363,.F.);
#3329=ORIENTED_EDGE('',*,*,#2362,.T.);
#3330=ORIENTED_EDGE('',*,*,#2364,.F.);
#3331=ORIENTED_EDGE('',*,*,#1895,.T.);
#3332=ORIENTED_EDGE('',*,*,#2341,.F.);
#3333=ORIENTED_EDGE('',*,*,#2364,.T.);
#3334=ORIENTED_EDGE('',*,*,#1883,.F.);
#3335=ORIENTED_EDGE('',*,*,#2343,.T.);
#3336=ORIENTED_EDGE('',*,*,#1967,.T.);
#3337=ORIENTED_EDGE('',*,*,#2365,.F.);
#3338=ORIENTED_EDGE('',*,*,#2360,.T.);
#3339=ORIENTED_EDGE('',*,*,#2366,.F.);
#3340=ORIENTED_EDGE('',*,*,#2367,.T.);
#3341=ORIENTED_EDGE('',*,*,#1993,.T.);
#3342=ORIENTED_EDGE('',*,*,#2354,.T.);
#3343=ORIENTED_EDGE('',*,*,#2367,.F.);
#3344=ORIENTED_EDGE('',*,*,#1989,.T.);
#3345=ORIENTED_EDGE('',*,*,#1996,.F.);
#3346=ORIENTED_EDGE('',*,*,#2368,.T.);
#3347=ORIENTED_EDGE('',*,*,#2117,.T.);
#3348=ORIENTED_EDGE('',*,*,#2368,.F.);
#3349=ORIENTED_EDGE('',*,*,#1884,.T.);
#3350=ORIENTED_EDGE('',*,*,#2118,.T.);
#3351=ORIENTED_EDGE('',*,*,#2369,.F.);
#3352=ORIENTED_EDGE('',*,*,#2370,.T.);
#3353=ORIENTED_EDGE('',*,*,#2197,.F.);
#3354=ORIENTED_EDGE('',*,*,#2365,.T.);
#3355=ORIENTED_EDGE('',*,*,#2370,.F.);
#3356=ORIENTED_EDGE('',*,*,#2207,.F.);
#3357=ORIENTED_EDGE('',*,*,#1905,.T.);
#3358=ORIENTED_EDGE('',*,*,#2371,.T.);
#3359=ORIENTED_EDGE('',*,*,#2124,.F.);
#3360=ORIENTED_EDGE('',*,*,#2371,.F.);
#3361=ORIENTED_EDGE('',*,*,#2317,.F.);
#3362=ORIENTED_EDGE('',*,*,#2128,.T.);
#3363=ORIENTED_EDGE('',*,*,#2366,.T.);
#3364=ORIENTED_EDGE('',*,*,#2070,.F.);
#3365=ORIENTED_EDGE('',*,*,#2208,.F.);
#3366=ORIENTED_EDGE('',*,*,#2141,.F.);
#3367=ORIENTED_EDGE('',*,*,#2106,.T.);
#3368=ORIENTED_EDGE('',*,*,#2372,.T.);
#3369=ORIENTED_EDGE('',*,*,#2137,.F.);
#3370=ORIENTED_EDGE('',*,*,#2372,.F.);
#3371=ORIENTED_EDGE('',*,*,#2333,.T.);
#3372=ORIENTED_EDGE('',*,*,#1942,.F.);
#3373=ORIENTED_EDGE('',*,*,#2373,.F.);
#3374=ORIENTED_EDGE('',*,*,#2151,.T.);
#3375=ORIENTED_EDGE('',*,*,#2373,.T.);
#3376=ORIENTED_EDGE('',*,*,#2001,.T.);
#3377=ORIENTED_EDGE('',*,*,#2148,.F.);
#3378=ORIENTED_EDGE('',*,*,#2279,.F.);
#3379=ORIENTED_EDGE('',*,*,#1995,.F.);
#3380=ORIENTED_EDGE('',*,*,#2369,.T.);
#3381=ORIENTED_EDGE('',*,*,#2104,.F.);
#3382=ORIENTED_EDGE('',*,*,#2374,.F.);
#3383=ORIENTED_EDGE('',*,*,#2363,.T.);
#3384=ORIENTED_EDGE('',*,*,#2374,.T.);
#3385=ORIENTED_EDGE('',*,*,#1899,.T.);
#3386=ORIENTED_EDGE('',*,*,#2081,.F.);
#3387=PLANE('',#4075);
#3388=PLANE('',#4076);
#3389=PLANE('',#4077);
#3390=PLANE('',#4078);
#3391=PLANE('',#4079);
#3392=PLANE('',#4080);
#3393=PLANE('',#4081);
#3394=PLANE('',#4082);
#3395=PLANE('',#4083);
#3396=PLANE('',#4084);
#3397=PLANE('',#4085);
#3398=PLANE('',#4086);
#3399=PLANE('',#4087);
#3400=PLANE('',#4088);
#3401=PLANE('',#4089);
#3402=PLANE('',#4090);
#3403=PLANE('',#4091);
#3404=PLANE('',#4092);
#3405=PLANE('',#4093);
#3406=PLANE('',#4094);
#3407=PLANE('',#4095);
#3408=PLANE('',#4096);
#3409=PLANE('',#4097);
#3410=PLANE('',#4098);
#3411=PLANE('',#4099);
#3412=PLANE('',#4100);
#3413=PLANE('',#4101);
#3414=PLANE('',#4102);
#3415=PLANE('',#4103);
#3416=PLANE('',#4104);
#3417=PLANE('',#4105);
#3418=PLANE('',#4106);
#3419=PLANE('',#4107);
#3420=PLANE('',#4108);
#3421=PLANE('',#4109);
#3422=PLANE('',#4110);
#3423=PLANE('',#4111);
#3424=PLANE('',#4112);
#3425=PLANE('',#4113);
#3426=PLANE('',#4114);
#3427=PLANE('',#4115);
#3428=PLANE('',#4116);
#3429=PLANE('',#4117);
#3430=PLANE('',#4118);
#3431=PLANE('',#4119);
#3432=PLANE('',#4120);
#3433=PLANE('',#4121);
#3434=PLANE('',#4122);
#3435=PLANE('',#4123);
#3436=PLANE('',#4124);
#3437=PLANE('',#4125);
#3438=PLANE('',#4126);
#3439=PLANE('',#4127);
#3440=PLANE('',#4128);
#3441=PLANE('',#4129);
#3442=PLANE('',#4130);
#3443=PLANE('',#4131);
#3444=PLANE('',#4132);
#3445=PLANE('',#4133);
#3446=PLANE('',#4134);
#3447=PLANE('',#4135);
#3448=PLANE('',#4136);
#3449=PLANE('',#4137);
#3450=PLANE('',#4138);
#3451=PLANE('',#4139);
#3452=PLANE('',#4140);
#3453=PLANE('',#4141);
#3454=PLANE('',#4142);
#3455=PLANE('',#4143);
#3456=PLANE('',#4144);
#3457=PLANE('',#4145);
#3458=PLANE('',#4146);
#3459=PLANE('',#4147);
#3460=PLANE('',#4148);
#3461=PLANE('',#4149);
#3462=PLANE('',#4150);
#3463=PLANE('',#4151);
#3464=PLANE('',#4152);
#3465=PLANE('',#4153);
#3466=PLANE('',#4154);
#3467=PLANE('',#4155);
#3468=PLANE('',#4156);
#3469=PLANE('',#4157);
#3470=PLANE('',#4158);
#3471=PLANE('',#4159);
#3472=PLANE('',#4160);
#3473=PLANE('',#4161);
#3474=PLANE('',#4162);
#3475=PLANE('',#4163);
#3476=PLANE('',#4164);
#3477=PLANE('',#4165);
#3478=PLANE('',#4166);
#3479=PLANE('',#4167);
#3480=PLANE('',#4168);
#3481=PLANE('',#4169);
#3482=PLANE('',#4170);
#3483=PLANE('',#4171);
#3484=PLANE('',#4172);
#3485=PLANE('',#4173);
#3486=PLANE('',#4174);
#3487=PLANE('',#4175);
#3488=PLANE('',#4176);
#3489=PLANE('',#4177);
#3490=PLANE('',#4178);
#3491=PLANE('',#4179);
#3492=PLANE('',#4180);
#3493=PLANE('',#4181);
#3494=PLANE('',#4182);
#3495=PLANE('',#4183);
#3496=PLANE('',#4184);
#3497=PLANE('',#4185);
#3498=PLANE('',#4186);
#3499=PLANE('',#4187);
#3500=PLANE('',#4188);
#3501=PLANE('',#4189);
#3502=PLANE('',#4190);
#3503=PLANE('',#4191);
#3504=PLANE('',#4192);
#3505=PLANE('',#4193);
#3506=PLANE('',#4194);
#3507=PLANE('',#4195);
#3508=PLANE('',#4196);
#3509=PLANE('',#4197);
#3510=PLANE('',#4198);
#3511=PLANE('',#4199);
#3512=PLANE('',#4200);
#3513=PLANE('',#4201);
#3514=PLANE('',#4202);
#3515=PLANE('',#4203);
#3516=PLANE('',#4204);
#3517=PLANE('',#4205);
#3518=PLANE('',#4206);
#3519=PLANE('',#4207);
#3520=PLANE('',#4208);
#3521=PLANE('',#4209);
#3522=PLANE('',#4210);
#3523=PLANE('',#4211);
#3524=PLANE('',#4212);
#3525=PLANE('',#4213);
#3526=PLANE('',#4214);
#3527=PLANE('',#4215);
#3528=PLANE('',#4216);
#3529=PLANE('',#4217);
#3530=PLANE('',#4218);
#3531=PLANE('',#4219);
#3532=PLANE('',#4220);
#3533=PLANE('',#4221);
#3534=PLANE('',#4222);
#3535=PLANE('',#4223);
#3536=PLANE('',#4224);
#3537=PLANE('',#4225);
#3538=PLANE('',#4226);
#3539=PLANE('',#4227);
#3540=PLANE('',#4228);
#3541=PLANE('',#4229);
#3542=PLANE('',#4230);
#3543=PLANE('',#4231);
#3544=PLANE('',#4232);
#3545=PLANE('',#4233);
#3546=PLANE('',#4234);
#3547=PLANE('',#4235);
#3548=PLANE('',#4236);
#3549=PLANE('',#4237);
#3550=PLANE('',#4238);
#3551=PLANE('',#4239);
#3552=PLANE('',#4240);
#3553=PLANE('',#4241);
#3554=PLANE('',#4242);
#3555=PLANE('',#4243);
#3556=PLANE('',#4244);
#3557=PLANE('',#4245);
#3558=PLANE('',#4246);
#3559=PLANE('',#4247);
#3560=PLANE('',#4248);
#3561=PLANE('',#4249);
#3562=PLANE('',#4250);
#3563=PLANE('',#4251);
#3564=PLANE('',#4252);
#3565=PLANE('',#4253);
#3566=PLANE('',#4254);
#3567=PLANE('',#4255);
#3568=PLANE('',#4256);
#3569=PLANE('',#4257);
#3570=PLANE('',#4258);
#3571=PLANE('',#4259);
#3572=PLANE('',#4260);
#3573=PLANE('',#4261);
#3574=PLANE('',#4262);
#3575=PLANE('',#4263);
#3576=PLANE('',#4264);
#3577=PLANE('',#4265);
#3578=PLANE('',#4266);
#3579=PLANE('',#4267);
#3580=PLANE('',#4268);
#3581=PLANE('',#4269);
#3582=PLANE('',#4270);
#3583=PLANE('',#4271);
#3584=PLANE('',#4272);
#3585=PLANE('',#4273);
#3586=PLANE('',#4274);
#3587=PLANE('',#4275);
#3588=PLANE('',#4276);
#3589=PLANE('',#4277);
#3590=PLANE('',#4278);
#3591=PLANE('',#4279);
#3592=PLANE('',#4280);
#3593=PLANE('',#4281);
#3594=PLANE('',#4282);
#3595=PLANE('',#4283);
#3596=PLANE('',#4284);
#3597=PLANE('',#4285);
#3598=PLANE('',#4286);
#3599=PLANE('',#4287);
#3600=PLANE('',#4288);
#3601=PLANE('',#4289);
#3602=PLANE('',#4290);
#3603=PLANE('',#4291);
#3604=PLANE('',#4292);
#3605=PLANE('',#4293);
#3606=PLANE('',#4294);
#3607=PLANE('',#4295);
#3608=PLANE('',#4296);
#3609=PLANE('',#4297);
#3610=PLANE('',#4298);
#3611=PLANE('',#4299);
#3612=PLANE('',#4300);
#3613=PLANE('',#4301);
#3614=PLANE('',#4302);
#3615=PLANE('',#4303);
#3616=PLANE('',#4304);
#3617=PLANE('',#4305);
#3618=PLANE('',#4306);
#3619=PLANE('',#4307);
#3620=PLANE('',#4308);
#3621=PLANE('',#4309);
#3622=PLANE('',#4310);
#3623=PLANE('',#4311);
#3624=PLANE('',#4312);
#3625=PLANE('',#4313);
#3626=PLANE('',#4314);
#3627=PLANE('',#4315);
#3628=PLANE('',#4316);
#3629=PLANE('',#4317);
#3630=PLANE('',#4318);
#3631=PLANE('',#4319);
#3632=PLANE('',#4320);
#3633=PLANE('',#4321);
#3634=PLANE('',#4322);
#3635=PLANE('',#4323);
#3636=PLANE('',#4324);
#3637=PLANE('',#4325);
#3638=PLANE('',#4326);
#3639=PLANE('',#4327);
#3640=PLANE('',#4328);
#3641=PLANE('',#4329);
#3642=PLANE('',#4330);
#3643=PLANE('',#4331);
#3644=PLANE('',#4332);
#3645=PLANE('',#4333);
#3646=PLANE('',#4334);
#3647=PLANE('',#4335);
#3648=PLANE('',#4336);
#3649=PLANE('',#4337);
#3650=PLANE('',#4338);
#3651=PLANE('',#4339);
#3652=PLANE('',#4340);
#3653=PLANE('',#4341);
#3654=PLANE('',#4342);
#3655=PLANE('',#4343);
#3656=PLANE('',#4344);
#3657=PLANE('',#4345);
#3658=PLANE('',#4346);
#3659=PLANE('',#4347);
#3660=PLANE('',#4348);
#3661=PLANE('',#4349);
#3662=PLANE('',#4350);
#3663=PLANE('',#4351);
#3664=PLANE('',#4352);
#3665=PLANE('',#4353);
#3666=PLANE('',#4354);
#3667=PLANE('',#4355);
#3668=PLANE('',#4356);
#3669=PLANE('',#4357);
#3670=PLANE('',#4358);
#3671=PLANE('',#4359);
#3672=PLANE('',#4360);
#3673=PLANE('',#4361);
#3674=PLANE('',#4362);
#3675=PLANE('',#4363);
#3676=PLANE('',#4364);
#3677=PLANE('',#4365);
#3678=PLANE('',#4366);
#3679=PLANE('',#4367);
#3680=PLANE('',#4368);
#3681=PLANE('',#4369);
#3682=PLANE('',#4370);
#3683=PLANE('',#4371);
#3684=PLANE('',#4372);
#3685=PLANE('',#4373);
#3686=PLANE('',#4374);
#3687=PLANE('',#4375);
#3688=PLANE('',#4376);
#3689=PLANE('',#4377);
#3690=PLANE('',#4378);
#3691=PLANE('',#4379);
#3692=PLANE('',#4380);
#3693=PLANE('',#4381);
#3694=PLANE('',#4382);
#3695=PLANE('',#4383);
#3696=PLANE('',#4384);
#3697=PLANE('',#4385);
#3698=PLANE('',#4386);
#3699=PLANE('',#4387);
#3700=PLANE('',#4388);
#3701=PLANE('',#4389);
#3702=PLANE('',#4390);
#3703=PLANE('',#4391);
#3704=PLANE('',#4392);
#3705=PLANE('',#4393);
#3706=PLANE('',#4394);
#3707=PLANE('',#4395);
#3708=PLANE('',#4396);
#3709=PLANE('',#4397);
#3710=PLANE('',#4398);
#3711=PLANE('',#4399);
#3712=PLANE('',#4400);
#3713=PLANE('',#4401);
#3714=PLANE('',#4402);
#3715=PLANE('',#4403);
#3716=PLANE('',#4404);
#3717=PLANE('',#4405);
#3718=PLANE('',#4406);
#3719=PLANE('',#4407);
#3720=PLANE('',#4408);
#3721=PLANE('',#4409);
#3722=PLANE('',#4410);
#3723=PLANE('',#4411);
#3724=ADVANCED_FACE('',(#15),#3387,.F.);
#3725=ADVANCED_FACE('',(#16),#3388,.F.);
#3726=ADVANCED_FACE('',(#17),#3389,.T.);
#3727=ADVANCED_FACE('',(#18),#3390,.T.);
#3728=ADVANCED_FACE('',(#19),#3391,.T.);
#3729=ADVANCED_FACE('',(#20),#3392,.T.);
#3730=ADVANCED_FACE('',(#21),#3393,.T.);
#3731=ADVANCED_FACE('',(#22),#3394,.T.);
#3732=ADVANCED_FACE('',(#23),#3395,.T.);
#3733=ADVANCED_FACE('',(#24),#3396,.T.);
#3734=ADVANCED_FACE('',(#25),#3397,.T.);
#3735=ADVANCED_FACE('',(#26),#3398,.T.);
#3736=ADVANCED_FACE('',(#27),#3399,.T.);
#3737=ADVANCED_FACE('',(#28),#3400,.T.);
#3738=ADVANCED_FACE('',(#29),#3401,.T.);
#3739=ADVANCED_FACE('',(#30),#3402,.T.);
#3740=ADVANCED_FACE('',(#31),#3403,.T.);
#3741=ADVANCED_FACE('',(#32),#3404,.T.);
#3742=ADVANCED_FACE('',(#33),#3405,.T.);
#3743=ADVANCED_FACE('',(#34),#3406,.T.);
#3744=ADVANCED_FACE('',(#35),#3407,.T.);
#3745=ADVANCED_FACE('',(#36),#3408,.T.);
#3746=ADVANCED_FACE('',(#37),#3409,.T.);
#3747=ADVANCED_FACE('',(#38),#3410,.T.);
#3748=ADVANCED_FACE('',(#39),#3411,.T.);
#3749=ADVANCED_FACE('',(#40),#3412,.T.);
#3750=ADVANCED_FACE('',(#41),#3413,.T.);
#3751=ADVANCED_FACE('',(#42),#3414,.T.);
#3752=ADVANCED_FACE('',(#43),#3415,.T.);
#3753=ADVANCED_FACE('',(#44),#3416,.T.);
#3754=ADVANCED_FACE('',(#45),#3417,.T.);
#3755=ADVANCED_FACE('',(#46),#3418,.T.);
#3756=ADVANCED_FACE('',(#47),#3419,.T.);
#3757=ADVANCED_FACE('',(#48),#3420,.T.);
#3758=ADVANCED_FACE('',(#49),#3421,.T.);
#3759=ADVANCED_FACE('',(#50),#3422,.T.);
#3760=ADVANCED_FACE('',(#51),#3423,.T.);
#3761=ADVANCED_FACE('',(#52),#3424,.T.);
#3762=ADVANCED_FACE('',(#53),#3425,.T.);
#3763=ADVANCED_FACE('',(#54),#3426,.T.);
#3764=ADVANCED_FACE('',(#55),#3427,.T.);
#3765=ADVANCED_FACE('',(#56),#3428,.T.);
#3766=ADVANCED_FACE('',(#57),#3429,.T.);
#3767=ADVANCED_FACE('',(#58),#3430,.T.);
#3768=ADVANCED_FACE('',(#59),#3431,.T.);
#3769=ADVANCED_FACE('',(#60),#3432,.T.);
#3770=ADVANCED_FACE('',(#61),#3433,.T.);
#3771=ADVANCED_FACE('',(#62),#3434,.T.);
#3772=ADVANCED_FACE('',(#63),#3435,.T.);
#3773=ADVANCED_FACE('',(#64),#3436,.T.);
#3774=ADVANCED_FACE('',(#65),#3437,.T.);
#3775=ADVANCED_FACE('',(#66),#3438,.T.);
#3776=ADVANCED_FACE('',(#67),#3439,.T.);
#3777=ADVANCED_FACE('',(#68),#3440,.T.);
#3778=ADVANCED_FACE('',(#69),#3441,.T.);
#3779=ADVANCED_FACE('',(#70),#3442,.T.);
#3780=ADVANCED_FACE('',(#71),#3443,.T.);
#3781=ADVANCED_FACE('',(#72),#3444,.T.);
#3782=ADVANCED_FACE('',(#73),#3445,.T.);
#3783=ADVANCED_FACE('',(#74),#3446,.T.);
#3784=ADVANCED_FACE('',(#75),#3447,.T.);
#3785=ADVANCED_FACE('',(#76),#3448,.T.);
#3786=ADVANCED_FACE('',(#77),#3449,.T.);
#3787=ADVANCED_FACE('',(#78),#3450,.T.);
#3788=ADVANCED_FACE('',(#79),#3451,.T.);
#3789=ADVANCED_FACE('',(#80),#3452,.T.);
#3790=ADVANCED_FACE('',(#81),#3453,.T.);
#3791=ADVANCED_FACE('',(#82),#3454,.T.);
#3792=ADVANCED_FACE('',(#83),#3455,.T.);
#3793=ADVANCED_FACE('',(#84),#3456,.T.);
#3794=ADVANCED_FACE('',(#85),#3457,.T.);
#3795=ADVANCED_FACE('',(#86),#3458,.T.);
#3796=ADVANCED_FACE('',(#87),#3459,.T.);
#3797=ADVANCED_FACE('',(#88),#3460,.T.);
#3798=ADVANCED_FACE('',(#89),#3461,.T.);
#3799=ADVANCED_FACE('',(#90),#3462,.T.);
#3800=ADVANCED_FACE('',(#91),#3463,.T.);
#3801=ADVANCED_FACE('',(#92),#3464,.T.);
#3802=ADVANCED_FACE('',(#93),#3465,.T.);
#3803=ADVANCED_FACE('',(#94),#3466,.T.);
#3804=ADVANCED_FACE('',(#95),#3467,.T.);
#3805=ADVANCED_FACE('',(#96),#3468,.T.);
#3806=ADVANCED_FACE('',(#97),#3469,.T.);
#3807=ADVANCED_FACE('',(#98),#3470,.T.);
#3808=ADVANCED_FACE('',(#99),#3471,.T.);
#3809=ADVANCED_FACE('',(#100),#3472,.T.);
#3810=ADVANCED_FACE('',(#101),#3473,.T.);
#3811=ADVANCED_FACE('',(#102),#3474,.T.);
#3812=ADVANCED_FACE('',(#103),#3475,.T.);
#3813=ADVANCED_FACE('',(#104),#3476,.T.);
#3814=ADVANCED_FACE('',(#105),#3477,.T.);
#3815=ADVANCED_FACE('',(#106),#3478,.T.);
#3816=ADVANCED_FACE('',(#107),#3479,.T.);
#3817=ADVANCED_FACE('',(#108),#3480,.T.);
#3818=ADVANCED_FACE('',(#109),#3481,.T.);
#3819=ADVANCED_FACE('',(#110),#3482,.T.);
#3820=ADVANCED_FACE('',(#111),#3483,.T.);
#3821=ADVANCED_FACE('',(#112),#3484,.T.);
#3822=ADVANCED_FACE('',(#113),#3485,.T.);
#3823=ADVANCED_FACE('',(#114),#3486,.T.);
#3824=ADVANCED_FACE('',(#115),#3487,.T.);
#3825=ADVANCED_FACE('',(#116),#3488,.T.);
#3826=ADVANCED_FACE('',(#117),#3489,.T.);
#3827=ADVANCED_FACE('',(#118),#3490,.T.);
#3828=ADVANCED_FACE('',(#119),#3491,.T.);
#3829=ADVANCED_FACE('',(#120),#3492,.T.);
#3830=ADVANCED_FACE('',(#121),#3493,.T.);
#3831=ADVANCED_FACE('',(#122),#3494,.T.);
#3832=ADVANCED_FACE('',(#123),#3495,.T.);
#3833=ADVANCED_FACE('',(#124),#3496,.T.);
#3834=ADVANCED_FACE('',(#125),#3497,.T.);
#3835=ADVANCED_FACE('',(#126),#3498,.T.);
#3836=ADVANCED_FACE('',(#127),#3499,.T.);
#3837=ADVANCED_FACE('',(#128),#3500,.T.);
#3838=ADVANCED_FACE('',(#129),#3501,.T.);
#3839=ADVANCED_FACE('',(#130),#3502,.T.);
#3840=ADVANCED_FACE('',(#131),#3503,.T.);
#3841=ADVANCED_FACE('',(#132),#3504,.T.);
#3842=ADVANCED_FACE('',(#133),#3505,.T.);
#3843=ADVANCED_FACE('',(#134),#3506,.T.);
#3844=ADVANCED_FACE('',(#135),#3507,.T.);
#3845=ADVANCED_FACE('',(#136),#3508,.T.);
#3846=ADVANCED_FACE('',(#137),#3509,.T.);
#3847=ADVANCED_FACE('',(#138),#3510,.T.);
#3848=ADVANCED_FACE('',(#139),#3511,.T.);
#3849=ADVANCED_FACE('',(#140),#3512,.T.);
#3850=ADVANCED_FACE('',(#141),#3513,.T.);
#3851=ADVANCED_FACE('',(#142),#3514,.T.);
#3852=ADVANCED_FACE('',(#143),#3515,.T.);
#3853=ADVANCED_FACE('',(#144),#3516,.T.);
#3854=ADVANCED_FACE('',(#145),#3517,.T.);
#3855=ADVANCED_FACE('',(#146),#3518,.T.);
#3856=ADVANCED_FACE('',(#147),#3519,.T.);
#3857=ADVANCED_FACE('',(#148),#3520,.T.);
#3858=ADVANCED_FACE('',(#149),#3521,.T.);
#3859=ADVANCED_FACE('',(#150),#3522,.T.);
#3860=ADVANCED_FACE('',(#151),#3523,.T.);
#3861=ADVANCED_FACE('',(#152),#3524,.T.);
#3862=ADVANCED_FACE('',(#153),#3525,.T.);
#3863=ADVANCED_FACE('',(#154),#3526,.T.);
#3864=ADVANCED_FACE('',(#155),#3527,.T.);
#3865=ADVANCED_FACE('',(#156),#3528,.T.);
#3866=ADVANCED_FACE('',(#157),#3529,.T.);
#3867=ADVANCED_FACE('',(#158),#3530,.T.);
#3868=ADVANCED_FACE('',(#159),#3531,.T.);
#3869=ADVANCED_FACE('',(#160),#3532,.T.);
#3870=ADVANCED_FACE('',(#161),#3533,.T.);
#3871=ADVANCED_FACE('',(#162),#3534,.T.);
#3872=ADVANCED_FACE('',(#163),#3535,.T.);
#3873=ADVANCED_FACE('',(#164),#3536,.T.);
#3874=ADVANCED_FACE('',(#165),#3537,.T.);
#3875=ADVANCED_FACE('',(#166),#3538,.T.);
#3876=ADVANCED_FACE('',(#167),#3539,.T.);
#3877=ADVANCED_FACE('',(#168),#3540,.T.);
#3878=ADVANCED_FACE('',(#169),#3541,.T.);
#3879=ADVANCED_FACE('',(#170),#3542,.T.);
#3880=ADVANCED_FACE('',(#171),#3543,.T.);
#3881=ADVANCED_FACE('',(#172),#3544,.T.);
#3882=ADVANCED_FACE('',(#173),#3545,.T.);
#3883=ADVANCED_FACE('',(#174),#3546,.T.);
#3884=ADVANCED_FACE('',(#175),#3547,.T.);
#3885=ADVANCED_FACE('',(#176),#3548,.T.);
#3886=ADVANCED_FACE('',(#177),#3549,.T.);
#3887=ADVANCED_FACE('',(#178),#3550,.T.);
#3888=ADVANCED_FACE('',(#179),#3551,.T.);
#3889=ADVANCED_FACE('',(#180),#3552,.T.);
#3890=ADVANCED_FACE('',(#181),#3553,.T.);
#3891=ADVANCED_FACE('',(#182),#3554,.T.);
#3892=ADVANCED_FACE('',(#183),#3555,.T.);
#3893=ADVANCED_FACE('',(#184),#3556,.T.);
#3894=ADVANCED_FACE('',(#185),#3557,.T.);
#3895=ADVANCED_FACE('',(#186),#3558,.T.);
#3896=ADVANCED_FACE('',(#187),#3559,.T.);
#3897=ADVANCED_FACE('',(#188),#3560,.T.);
#3898=ADVANCED_FACE('',(#189),#3561,.T.);
#3899=ADVANCED_FACE('',(#190),#3562,.T.);
#3900=ADVANCED_FACE('',(#191),#3563,.T.);
#3901=ADVANCED_FACE('',(#192),#3564,.T.);
#3902=ADVANCED_FACE('',(#193),#3565,.T.);
#3903=ADVANCED_FACE('',(#194),#3566,.T.);
#3904=ADVANCED_FACE('',(#195),#3567,.T.);
#3905=ADVANCED_FACE('',(#196),#3568,.T.);
#3906=ADVANCED_FACE('',(#197),#3569,.T.);
#3907=ADVANCED_FACE('',(#198),#3570,.T.);
#3908=ADVANCED_FACE('',(#199),#3571,.T.);
#3909=ADVANCED_FACE('',(#200),#3572,.T.);
#3910=ADVANCED_FACE('',(#201),#3573,.T.);
#3911=ADVANCED_FACE('',(#202),#3574,.T.);
#3912=ADVANCED_FACE('',(#203),#3575,.T.);
#3913=ADVANCED_FACE('',(#204),#3576,.T.);
#3914=ADVANCED_FACE('',(#205),#3577,.T.);
#3915=ADVANCED_FACE('',(#206),#3578,.T.);
#3916=ADVANCED_FACE('',(#207),#3579,.T.);
#3917=ADVANCED_FACE('',(#208),#3580,.T.);
#3918=ADVANCED_FACE('',(#209),#3581,.T.);
#3919=ADVANCED_FACE('',(#210),#3582,.T.);
#3920=ADVANCED_FACE('',(#211),#3583,.T.);
#3921=ADVANCED_FACE('',(#212),#3584,.T.);
#3922=ADVANCED_FACE('',(#213),#3585,.T.);
#3923=ADVANCED_FACE('',(#214),#3586,.T.);
#3924=ADVANCED_FACE('',(#215),#3587,.T.);
#3925=ADVANCED_FACE('',(#216),#3588,.T.);
#3926=ADVANCED_FACE('',(#217),#3589,.T.);
#3927=ADVANCED_FACE('',(#218),#3590,.T.);
#3928=ADVANCED_FACE('',(#219),#3591,.T.);
#3929=ADVANCED_FACE('',(#220),#3592,.T.);
#3930=ADVANCED_FACE('',(#221),#3593,.T.);
#3931=ADVANCED_FACE('',(#222),#3594,.T.);
#3932=ADVANCED_FACE('',(#223),#3595,.T.);
#3933=ADVANCED_FACE('',(#224),#3596,.T.);
#3934=ADVANCED_FACE('',(#225),#3597,.T.);
#3935=ADVANCED_FACE('',(#226),#3598,.T.);
#3936=ADVANCED_FACE('',(#227),#3599,.T.);
#3937=ADVANCED_FACE('',(#228),#3600,.T.);
#3938=ADVANCED_FACE('',(#229),#3601,.T.);
#3939=ADVANCED_FACE('',(#230),#3602,.T.);
#3940=ADVANCED_FACE('',(#231),#3603,.T.);
#3941=ADVANCED_FACE('',(#232),#3604,.T.);
#3942=ADVANCED_FACE('',(#233),#3605,.T.);
#3943=ADVANCED_FACE('',(#234),#3606,.T.);
#3944=ADVANCED_FACE('',(#235),#3607,.T.);
#3945=ADVANCED_FACE('',(#236),#3608,.T.);
#3946=ADVANCED_FACE('',(#237),#3609,.T.);
#3947=ADVANCED_FACE('',(#238),#3610,.T.);
#3948=ADVANCED_FACE('',(#239),#3611,.T.);
#3949=ADVANCED_FACE('',(#240),#3612,.T.);
#3950=ADVANCED_FACE('',(#241),#3613,.T.);
#3951=ADVANCED_FACE('',(#242),#3614,.T.);
#3952=ADVANCED_FACE('',(#243),#3615,.T.);
#3953=ADVANCED_FACE('',(#244),#3616,.T.);
#3954=ADVANCED_FACE('',(#245),#3617,.T.);
#3955=ADVANCED_FACE('',(#246),#3618,.T.);
#3956=ADVANCED_FACE('',(#247),#3619,.T.);
#3957=ADVANCED_FACE('',(#248),#3620,.T.);
#3958=ADVANCED_FACE('',(#249),#3621,.T.);
#3959=ADVANCED_FACE('',(#250),#3622,.T.);
#3960=ADVANCED_FACE('',(#251),#3623,.T.);
#3961=ADVANCED_FACE('',(#252),#3624,.T.);
#3962=ADVANCED_FACE('',(#253),#3625,.T.);
#3963=ADVANCED_FACE('',(#254),#3626,.T.);
#3964=ADVANCED_FACE('',(#255),#3627,.T.);
#3965=ADVANCED_FACE('',(#256),#3628,.T.);
#3966=ADVANCED_FACE('',(#257),#3629,.T.);
#3967=ADVANCED_FACE('',(#258),#3630,.T.);
#3968=ADVANCED_FACE('',(#259),#3631,.T.);
#3969=ADVANCED_FACE('',(#260),#3632,.T.);
#3970=ADVANCED_FACE('',(#261),#3633,.T.);
#3971=ADVANCED_FACE('',(#262),#3634,.T.);
#3972=ADVANCED_FACE('',(#263),#3635,.T.);
#3973=ADVANCED_FACE('',(#264),#3636,.T.);
#3974=ADVANCED_FACE('',(#265),#3637,.T.);
#3975=ADVANCED_FACE('',(#266),#3638,.T.);
#3976=ADVANCED_FACE('',(#267),#3639,.T.);
#3977=ADVANCED_FACE('',(#268),#3640,.T.);
#3978=ADVANCED_FACE('',(#269),#3641,.T.);
#3979=ADVANCED_FACE('',(#270),#3642,.T.);
#3980=ADVANCED_FACE('',(#271),#3643,.T.);
#3981=ADVANCED_FACE('',(#272),#3644,.T.);
#3982=ADVANCED_FACE('',(#273),#3645,.T.);
#3983=ADVANCED_FACE('',(#274),#3646,.T.);
#3984=ADVANCED_FACE('',(#275),#3647,.T.);
#3985=ADVANCED_FACE('',(#276),#3648,.T.);
#3986=ADVANCED_FACE('',(#277),#3649,.T.);
#3987=ADVANCED_FACE('',(#278),#3650,.T.);
#3988=ADVANCED_FACE('',(#279),#3651,.T.);
#3989=ADVANCED_FACE('',(#280),#3652,.T.);
#3990=ADVANCED_FACE('',(#281),#3653,.T.);
#3991=ADVANCED_FACE('',(#282),#3654,.T.);
#3992=ADVANCED_FACE('',(#283),#3655,.T.);
#3993=ADVANCED_FACE('',(#284),#3656,.T.);
#3994=ADVANCED_FACE('',(#285),#3657,.T.);
#3995=ADVANCED_FACE('',(#286),#3658,.T.);
#3996=ADVANCED_FACE('',(#287),#3659,.T.);
#3997=ADVANCED_FACE('',(#288),#3660,.T.);
#3998=ADVANCED_FACE('',(#289),#3661,.T.);
#3999=ADVANCED_FACE('',(#290),#3662,.T.);
#4000=ADVANCED_FACE('',(#291),#3663,.T.);
#4001=ADVANCED_FACE('',(#292),#3664,.T.);
#4002=ADVANCED_FACE('',(#293),#3665,.T.);
#4003=ADVANCED_FACE('',(#294),#3666,.T.);
#4004=ADVANCED_FACE('',(#295),#3667,.T.);
#4005=ADVANCED_FACE('',(#296),#3668,.T.);
#4006=ADVANCED_FACE('',(#297),#3669,.T.);
#4007=ADVANCED_FACE('',(#298),#3670,.T.);
#4008=ADVANCED_FACE('',(#299),#3671,.T.);
#4009=ADVANCED_FACE('',(#300),#3672,.T.);
#4010=ADVANCED_FACE('',(#301),#3673,.T.);
#4011=ADVANCED_FACE('',(#302),#3674,.T.);
#4012=ADVANCED_FACE('',(#303),#3675,.T.);
#4013=ADVANCED_FACE('',(#304),#3676,.T.);
#4014=ADVANCED_FACE('',(#305),#3677,.T.);
#4015=ADVANCED_FACE('',(#306),#3678,.T.);
#4016=ADVANCED_FACE('',(#307),#3679,.T.);
#4017=ADVANCED_FACE('',(#308),#3680,.T.);
#4018=ADVANCED_FACE('',(#309),#3681,.T.);
#4019=ADVANCED_FACE('',(#310),#3682,.T.);
#4020=ADVANCED_FACE('',(#311),#3683,.T.);
#4021=ADVANCED_FACE('',(#312),#3684,.T.);
#4022=ADVANCED_FACE('',(#313),#3685,.T.);
#4023=ADVANCED_FACE('',(#314),#3686,.T.);
#4024=ADVANCED_FACE('',(#315),#3687,.T.);
#4025=ADVANCED_FACE('',(#316),#3688,.T.);
#4026=ADVANCED_FACE('',(#317),#3689,.T.);
#4027=ADVANCED_FACE('',(#318),#3690,.T.);
#4028=ADVANCED_FACE('',(#319),#3691,.T.);
#4029=ADVANCED_FACE('',(#320),#3692,.T.);
#4030=ADVANCED_FACE('',(#321),#3693,.T.);
#4031=ADVANCED_FACE('',(#322),#3694,.T.);
#4032=ADVANCED_FACE('',(#323),#3695,.T.);
#4033=ADVANCED_FACE('',(#324),#3696,.T.);
#4034=ADVANCED_FACE('',(#325),#3697,.T.);
#4035=ADVANCED_FACE('',(#326),#3698,.T.);
#4036=ADVANCED_FACE('',(#327),#3699,.T.);
#4037=ADVANCED_FACE('',(#328),#3700,.T.);
#4038=ADVANCED_FACE('',(#329),#3701,.T.);
#4039=ADVANCED_FACE('',(#330),#3702,.T.);
#4040=ADVANCED_FACE('',(#331),#3703,.T.);
#4041=ADVANCED_FACE('',(#332),#3704,.T.);
#4042=ADVANCED_FACE('',(#333),#3705,.T.);
#4043=ADVANCED_FACE('',(#334),#3706,.T.);
#4044=ADVANCED_FACE('',(#335),#3707,.T.);
#4045=ADVANCED_FACE('',(#336),#3708,.T.);
#4046=ADVANCED_FACE('',(#337),#3709,.T.);
#4047=ADVANCED_FACE('',(#338),#3710,.T.);
#4048=ADVANCED_FACE('',(#339),#3711,.T.);
#4049=ADVANCED_FACE('',(#340),#3712,.T.);
#4050=ADVANCED_FACE('',(#341),#3713,.T.);
#4051=ADVANCED_FACE('',(#342),#3714,.T.);
#4052=ADVANCED_FACE('',(#343),#3715,.T.);
#4053=ADVANCED_FACE('',(#344),#3716,.T.);
#4054=ADVANCED_FACE('',(#345),#3717,.T.);
#4055=ADVANCED_FACE('',(#346),#3718,.T.);
#4056=ADVANCED_FACE('',(#347),#3719,.T.);
#4057=ADVANCED_FACE('',(#348),#3720,.T.);
#4058=ADVANCED_FACE('',(#349),#3721,.T.);
#4059=ADVANCED_FACE('',(#350),#3722,.T.);
#4060=ADVANCED_FACE('',(#351),#3723,.T.);
#4061=CLOSED_SHELL('',(#3724,#3725,#3726,#3727,#3728,#3729,#3730,#3731,
#3732,#3733,#3734,#3735,#3736,#3737,#3738,#3739,#3740,#3741,#3742,#3743,
#3744,#3745,#3746,#3747,#3748,#3749,#3750,#3751,#3752,#3753,#3754,#3755,
#3756,#3757,#3758,#3759,#3760,#3761,#3762,#3763,#3764,#3765,#3766,#3767,
#3768,#3769,#3770,#3771,#3772,#3773,#3774,#3775,#3776,#3777,#3778,#3779,
#3780,#3781,#3782,#3783,#3784,#3785,#3786,#3787,#3788,#3789,#3790,#3791,
#3792,#3793,#3794,#3795,#3796,#3797,#3798,#3799,#3800,#3801,#3802,#3803,
#3804,#3805,#3806,#3807,#3808,#3809,#3810,#3811,#3812,#3813,#3814,#3815,
#3816,#3817,#3818,#3819,#3820,#3821,#3822,#3823,#3824,#3825,#3826,#3827,
#3828,#3829,#3830,#3831,#3832,#3833,#3834,#3835,#3836,#3837,#3838,#3839,
#3840,#3841,#3842,#3843,#3844,#3845,#3846,#3847,#3848,#3849,#3850,#3851,
#3852,#3853,#3854,#3855,#3856,#3857,#3858,#3859,#3860,#3861,#3862,#3863,
#3864,#3865,#3866,#3867,#3868,#3869,#3870,#3871,#3872,#3873,#3874,#3875,
#3876,#3877,#3878,#3879,#3880,#3881,#3882,#3883,#3884,#3885,#3886,#3887,
#3888,#3889,#3890,#3891,#3892,#3893,#3894,#3895,#3896,#3897,#3898,#3899,
#3900,#3901,#3902,#3903,#3904,#3905,#3906,#3907,#3908,#3909,#3910,#3911,
#3912,#3913,#3914,#3915,#3916,#3917,#3918,#3919,#3920,#3921,#3922,#3923,
#3924,#3925,#3926,#3927,#3928,#3929,#3930,#3931,#3932,#3933,#3934,#3935,
#3936,#3937,#3938,#3939,#3940,#3941,#3942,#3943,#3944,#3945,#3946,#3947,
#3948,#3949,#3950,#3951,#3952,#3953,#3954,#3955,#3956,#3957,#3958,#3959,
#3960,#3961,#3962,#3963,#3964,#3965,#3966,#3967,#3968,#3969,#3970,#3971,
#3972,#3973,#3974,#3975,#3976,#3977,#3978,#3979,#3980,#3981,#3982,#3983,
#3984,#3985,#3986,#3987,#3988,#3989,#3990,#3991,#3992,#3993,#3994,#3995,
#3996,#3997,#3998,#3999,#4000,#4001,#4002,#4003,#4004,#4005,#4006,#4007,
#4008,#4009,#4010,#4011,#4012,#4013,#4014,#4015,#4016,#4017,#4018,#4019,
#4020,#4021,#4022,#4023,#4024,#4025,#4026,#4027,#4028,#4029,#4030,#4031,
#4032,#4033,#4034,#4035,#4036,#4037,#4038,#4039,#4040,#4041,#4042,#4043,
#4044,#4045,#4046,#4047,#4048,#4049,#4050,#4051,#4052,#4053,#4054,#4055,
#4056,#4057,#4058,#4059,#4060));
#4062=DERIVED_UNIT_ELEMENT(#4064,1.);
#4063=DERIVED_UNIT_ELEMENT(#6611,-3.);
#4064=(
MASS_UNIT()
NAMED_UNIT(*)
SI_UNIT(.KILO.,.GRAM.)
);
#4065=DERIVED_UNIT((#4062,#4063));
#4066=MEASURE_REPRESENTATION_ITEM('density measure',
POSITIVE_RATIO_MEASURE(7850.),#4065);
#4067=PROPERTY_DEFINITION_REPRESENTATION(#4072,#4069);
#4068=PROPERTY_DEFINITION_REPRESENTATION(#4073,#4070);
#4069=REPRESENTATION('material name',(#4071),#6608);
#4070=REPRESENTATION('density',(#4066),#6608);
#4071=DESCRIPTIVE_REPRESENTATION_ITEM('Steel','Steel');
#4072=PROPERTY_DEFINITION('material property','material name',#6618);
#4073=PROPERTY_DEFINITION('material property','density of part',#6618);
#4074=AXIS2_PLACEMENT_3D('',#5594,#4412,#4413);
#4075=AXIS2_PLACEMENT_3D('',#5595,#4414,#4415);
#4076=AXIS2_PLACEMENT_3D('',#5602,#4419,#4420);
#4077=AXIS2_PLACEMENT_3D('',#5607,#4424,#4425);
#4078=AXIS2_PLACEMENT_3D('',#5612,#4429,#4430);
#4079=AXIS2_PLACEMENT_3D('',#5619,#4434,#4435);
#4080=AXIS2_PLACEMENT_3D('',#5626,#4439,#4440);
#4081=AXIS2_PLACEMENT_3D('',#5633,#4444,#4445);
#4082=AXIS2_PLACEMENT_3D('',#5639,#4449,#4450);
#4083=AXIS2_PLACEMENT_3D('',#5645,#4454,#4455);
#4084=AXIS2_PLACEMENT_3D('',#5652,#4459,#4460);
#4085=AXIS2_PLACEMENT_3D('',#5659,#4464,#4465);
#4086=AXIS2_PLACEMENT_3D('',#5665,#4469,#4470);
#4087=AXIS2_PLACEMENT_3D('',#5667,#4472,#4473);
#4088=AXIS2_PLACEMENT_3D('',#5671,#4476,#4477);
#4089=AXIS2_PLACEMENT_3D('',#5677,#4481,#4482);
#4090=AXIS2_PLACEMENT_3D('',#5684,#4486,#4487);
#4091=AXIS2_PLACEMENT_3D('',#5688,#4490,#4491);
#4092=AXIS2_PLACEMENT_3D('',#5692,#4494,#4495);
#4093=AXIS2_PLACEMENT_3D('',#5696,#4498,#4499);
#4094=AXIS2_PLACEMENT_3D('',#5700,#4502,#4503);
#4095=AXIS2_PLACEMENT_3D('',#5704,#4506,#4507);
#4096=AXIS2_PLACEMENT_3D('',#5710,#4511,#4512);
#4097=AXIS2_PLACEMENT_3D('',#5716,#4516,#4517);
#4098=AXIS2_PLACEMENT_3D('',#5720,#4520,#4521);
#4099=AXIS2_PLACEMENT_3D('',#5722,#4523,#4524);
#4100=AXIS2_PLACEMENT_3D('',#5729,#4528,#4529);
#4101=AXIS2_PLACEMENT_3D('',#5733,#4532,#4533);
#4102=AXIS2_PLACEMENT_3D('',#5737,#4536,#4537);
#4103=AXIS2_PLACEMENT_3D('',#5741,#4540,#4541);
#4104=AXIS2_PLACEMENT_3D('',#5745,#4544,#4545);
#4105=AXIS2_PLACEMENT_3D('',#5752,#4549,#4550);
#4106=AXIS2_PLACEMENT_3D('',#5756,#4553,#4554);
#4107=AXIS2_PLACEMENT_3D('',#5760,#4557,#4558);
#4108=AXIS2_PLACEMENT_3D('',#5764,#4561,#4562);
#4109=AXIS2_PLACEMENT_3D('',#5766,#4564,#4565);
#4110=AXIS2_PLACEMENT_3D('',#5772,#4569,#4570);
#4111=AXIS2_PLACEMENT_3D('',#5776,#4573,#4574);
#4112=AXIS2_PLACEMENT_3D('',#5780,#4577,#4578);
#4113=AXIS2_PLACEMENT_3D('',#5783,#4581,#4582);
#4114=AXIS2_PLACEMENT_3D('',#5790,#4586,#4587);
#4115=AXIS2_PLACEMENT_3D('',#5794,#4590,#4591);
#4116=AXIS2_PLACEMENT_3D('',#5800,#4595,#4596);
#4117=AXIS2_PLACEMENT_3D('',#5802,#4598,#4599);
#4118=AXIS2_PLACEMENT_3D('',#5804,#4601,#4602);
#4119=AXIS2_PLACEMENT_3D('',#5811,#4606,#4607);
#4120=AXIS2_PLACEMENT_3D('',#5814,#4610,#4611);
#4121=AXIS2_PLACEMENT_3D('',#5819,#4615,#4616);
#4122=AXIS2_PLACEMENT_3D('',#5823,#4619,#4620);
#4123=AXIS2_PLACEMENT_3D('',#5826,#4623,#4624);
#4124=AXIS2_PLACEMENT_3D('',#5827,#4625,#4626);
#4125=AXIS2_PLACEMENT_3D('',#5833,#4630,#4631);
#4126=AXIS2_PLACEMENT_3D('',#5837,#4634,#4635);
#4127=AXIS2_PLACEMENT_3D('',#5841,#4638,#4639);
#4128=AXIS2_PLACEMENT_3D('',#5847,#4643,#4644);
#4129=AXIS2_PLACEMENT_3D('',#5851,#4647,#4648);
#4130=AXIS2_PLACEMENT_3D('',#5855,#4651,#4652);
#4131=AXIS2_PLACEMENT_3D('',#5859,#4655,#4656);
#4132=AXIS2_PLACEMENT_3D('',#5866,#4660,#4661);
#4133=AXIS2_PLACEMENT_3D('',#5872,#4665,#4666);
#4134=AXIS2_PLACEMENT_3D('',#5877,#4670,#4671);
#4135=AXIS2_PLACEMENT_3D('',#5881,#4674,#4675);
#4136=AXIS2_PLACEMENT_3D('',#5884,#4678,#4679);
#4137=AXIS2_PLACEMENT_3D('',#5890,#4683,#4684);
#4138=AXIS2_PLACEMENT_3D('',#5893,#4687,#4688);
#4139=AXIS2_PLACEMENT_3D('',#5900,#4692,#4693);
#4140=AXIS2_PLACEMENT_3D('',#5902,#4695,#4696);
#4141=AXIS2_PLACEMENT_3D('',#5907,#4700,#4701);
#4142=AXIS2_PLACEMENT_3D('',#5909,#4703,#4704);
#4143=AXIS2_PLACEMENT_3D('',#5915,#4708,#4709);
#4144=AXIS2_PLACEMENT_3D('',#5918,#4712,#4713);
#4145=AXIS2_PLACEMENT_3D('',#5922,#4716,#4717);
#4146=AXIS2_PLACEMENT_3D('',#5929,#4721,#4722);
#4147=AXIS2_PLACEMENT_3D('',#5935,#4726,#4727);
#4148=AXIS2_PLACEMENT_3D('',#5941,#4731,#4732);
#4149=AXIS2_PLACEMENT_3D('',#5945,#4735,#4736);
#4150=AXIS2_PLACEMENT_3D('',#5950,#4740,#4741);
#4151=AXIS2_PLACEMENT_3D('',#5952,#4743,#4744);
#4152=AXIS2_PLACEMENT_3D('',#5955,#4747,#4748);
#4153=AXIS2_PLACEMENT_3D('',#5961,#4752,#4753);
#4154=AXIS2_PLACEMENT_3D('',#5963,#4755,#4756);
#4155=AXIS2_PLACEMENT_3D('',#5965,#4758,#4759);
#4156=AXIS2_PLACEMENT_3D('',#5970,#4763,#4764);
#4157=AXIS2_PLACEMENT_3D('',#5976,#4768,#4769);
#4158=AXIS2_PLACEMENT_3D('',#5980,#4772,#4773);
#4159=AXIS2_PLACEMENT_3D('',#5984,#4776,#4777);
#4160=AXIS2_PLACEMENT_3D('',#5988,#4780,#4781);
#4161=AXIS2_PLACEMENT_3D('',#5994,#4785,#4786);
#4162=AXIS2_PLACEMENT_3D('',#5999,#4790,#4791);
#4163=AXIS2_PLACEMENT_3D('',#6003,#4794,#4795);
#4164=AXIS2_PLACEMENT_3D('',#6006,#4798,#4799);
#4165=AXIS2_PLACEMENT_3D('',#6009,#4802,#4803);
#4166=AXIS2_PLACEMENT_3D('',#6014,#4807,#4808);
#4167=AXIS2_PLACEMENT_3D('',#6016,#4810,#4811);
#4168=AXIS2_PLACEMENT_3D('',#6017,#4812,#4813);
#4169=AXIS2_PLACEMENT_3D('',#6022,#4817,#4818);
#4170=AXIS2_PLACEMENT_3D('',#6025,#4821,#4822);
#4171=AXIS2_PLACEMENT_3D('',#6028,#4825,#4826);
#4172=AXIS2_PLACEMENT_3D('',#6030,#4828,#4829);
#4173=AXIS2_PLACEMENT_3D('',#6032,#4831,#4832);
#4174=AXIS2_PLACEMENT_3D('',#6038,#4836,#4837);
#4175=AXIS2_PLACEMENT_3D('',#6044,#4841,#4842);
#4176=AXIS2_PLACEMENT_3D('',#6046,#4844,#4845);
#4177=AXIS2_PLACEMENT_3D('',#6048,#4847,#4848);
#4178=AXIS2_PLACEMENT_3D('',#6054,#4852,#4853);
#4179=AXIS2_PLACEMENT_3D('',#6057,#4856,#4857);
#4180=AXIS2_PLACEMENT_3D('',#6060,#4860,#4861);
#4181=AXIS2_PLACEMENT_3D('',#6065,#4865,#4866);
#4182=AXIS2_PLACEMENT_3D('',#6068,#4869,#4870);
#4183=AXIS2_PLACEMENT_3D('',#6072,#4873,#4874);
#4184=AXIS2_PLACEMENT_3D('',#6074,#4876,#4877);
#4185=AXIS2_PLACEMENT_3D('',#6076,#4879,#4880);
#4186=AXIS2_PLACEMENT_3D('',#6080,#4883,#4884);
#4187=AXIS2_PLACEMENT_3D('',#6082,#4886,#4887);
#4188=AXIS2_PLACEMENT_3D('',#6087,#4891,#4892);
#4189=AXIS2_PLACEMENT_3D('',#6091,#4895,#4896);
#4190=AXIS2_PLACEMENT_3D('',#6097,#4900,#4901);
#4191=AXIS2_PLACEMENT_3D('',#6102,#4905,#4906);
#4192=AXIS2_PLACEMENT_3D('',#6105,#4909,#4910);
#4193=AXIS2_PLACEMENT_3D('',#6107,#4912,#4913);
#4194=AXIS2_PLACEMENT_3D('',#6108,#4914,#4915);
#4195=AXIS2_PLACEMENT_3D('',#6112,#4918,#4919);
#4196=AXIS2_PLACEMENT_3D('',#6114,#4921,#4922);
#4197=AXIS2_PLACEMENT_3D('',#6120,#4926,#4927);
#4198=AXIS2_PLACEMENT_3D('',#6124,#4930,#4931);
#4199=AXIS2_PLACEMENT_3D('',#6126,#4933,#4934);
#4200=AXIS2_PLACEMENT_3D('',#6129,#4937,#4938);
#4201=AXIS2_PLACEMENT_3D('',#6130,#4939,#4940);
#4202=AXIS2_PLACEMENT_3D('',#6133,#4943,#4944);
#4203=AXIS2_PLACEMENT_3D('',#6137,#4947,#4948);
#4204=AXIS2_PLACEMENT_3D('',#6139,#4950,#4951);
#4205=AXIS2_PLACEMENT_3D('',#6141,#4953,#4954);
#4206=AXIS2_PLACEMENT_3D('',#6145,#4957,#4958);
#4207=AXIS2_PLACEMENT_3D('',#6148,#4961,#4962);
#4208=AXIS2_PLACEMENT_3D('',#6150,#4964,#4965);
#4209=AXIS2_PLACEMENT_3D('',#6154,#4968,#4969);
#4210=AXIS2_PLACEMENT_3D('',#6156,#4971,#4972);
#4211=AXIS2_PLACEMENT_3D('',#6158,#4974,#4975);
#4212=AXIS2_PLACEMENT_3D('',#6161,#4978,#4979);
#4213=AXIS2_PLACEMENT_3D('',#6166,#4983,#4984);
#4214=AXIS2_PLACEMENT_3D('',#6169,#4987,#4988);
#4215=AXIS2_PLACEMENT_3D('',#6173,#4991,#4992);
#4216=AXIS2_PLACEMENT_3D('',#6176,#4995,#4996);
#4217=AXIS2_PLACEMENT_3D('',#6179,#4999,#5000);
#4218=AXIS2_PLACEMENT_3D('',#6182,#5003,#5004);
#4219=AXIS2_PLACEMENT_3D('',#6185,#5007,#5008);
#4220=AXIS2_PLACEMENT_3D('',#6187,#5010,#5011);
#4221=AXIS2_PLACEMENT_3D('',#6189,#5013,#5014);
#4222=AXIS2_PLACEMENT_3D('',#6192,#5017,#5018);
#4223=AXIS2_PLACEMENT_3D('',#6193,#5019,#5020);
#4224=AXIS2_PLACEMENT_3D('',#6195,#5022,#5023);
#4225=AXIS2_PLACEMENT_3D('',#6197,#5025,#5026);
#4226=AXIS2_PLACEMENT_3D('',#6199,#5028,#5029);
#4227=AXIS2_PLACEMENT_3D('',#6201,#5031,#5032);
#4228=AXIS2_PLACEMENT_3D('',#6203,#5034,#5035);
#4229=AXIS2_PLACEMENT_3D('',#6205,#5037,#5038);
#4230=AXIS2_PLACEMENT_3D('',#6208,#5041,#5042);
#4231=AXIS2_PLACEMENT_3D('',#6210,#5044,#5045);
#4232=AXIS2_PLACEMENT_3D('',#6214,#5048,#5049);
#4233=AXIS2_PLACEMENT_3D('',#6216,#5051,#5052);
#4234=AXIS2_PLACEMENT_3D('',#6218,#5054,#5055);
#4235=AXIS2_PLACEMENT_3D('',#6220,#5057,#5058);
#4236=AXIS2_PLACEMENT_3D('',#6226,#5062,#5063);
#4237=AXIS2_PLACEMENT_3D('',#6228,#5065,#5066);
#4238=AXIS2_PLACEMENT_3D('',#6230,#5068,#5069);
#4239=AXIS2_PLACEMENT_3D('',#6234,#5072,#5073);
#4240=AXIS2_PLACEMENT_3D('',#6238,#5076,#5077);
#4241=AXIS2_PLACEMENT_3D('',#6240,#5079,#5080);
#4242=AXIS2_PLACEMENT_3D('',#6245,#5084,#5085);
#4243=AXIS2_PLACEMENT_3D('',#6247,#5087,#5088);
#4244=AXIS2_PLACEMENT_3D('',#6251,#5091,#5092);
#4245=AXIS2_PLACEMENT_3D('',#6254,#5095,#5096);
#4246=AXIS2_PLACEMENT_3D('',#6257,#5099,#5100);
#4247=AXIS2_PLACEMENT_3D('',#6258,#5101,#5102);
#4248=AXIS2_PLACEMENT_3D('',#6260,#5104,#5105);
#4249=AXIS2_PLACEMENT_3D('',#6261,#5106,#5107);
#4250=AXIS2_PLACEMENT_3D('',#6263,#5109,#5110);
#4251=AXIS2_PLACEMENT_3D('',#6265,#5112,#5113);
#4252=AXIS2_PLACEMENT_3D('',#6267,#5115,#5116);
#4253=AXIS2_PLACEMENT_3D('',#6269,#5118,#5119);
#4254=AXIS2_PLACEMENT_3D('',#6271,#5121,#5122);
#4255=AXIS2_PLACEMENT_3D('',#6272,#5123,#5124);
#4256=AXIS2_PLACEMENT_3D('',#6274,#5126,#5127);
#4257=AXIS2_PLACEMENT_3D('',#6275,#5128,#5129);
#4258=AXIS2_PLACEMENT_3D('',#6278,#5132,#5133);
#4259=AXIS2_PLACEMENT_3D('',#6280,#5135,#5136);
#4260=AXIS2_PLACEMENT_3D('',#6284,#5139,#5140);
#4261=AXIS2_PLACEMENT_3D('',#6288,#5143,#5144);
#4262=AXIS2_PLACEMENT_3D('',#6290,#5146,#5147);
#4263=AXIS2_PLACEMENT_3D('',#6297,#5151,#5152);
#4264=AXIS2_PLACEMENT_3D('',#6301,#5155,#5156);
#4265=AXIS2_PLACEMENT_3D('',#6305,#5160,#5161);
#4266=AXIS2_PLACEMENT_3D('',#6307,#5163,#5164);
#4267=AXIS2_PLACEMENT_3D('',#6310,#5167,#5168);
#4268=AXIS2_PLACEMENT_3D('',#6311,#5169,#5170);
#4269=AXIS2_PLACEMENT_3D('',#6312,#5171,#5172);
#4270=AXIS2_PLACEMENT_3D('',#6316,#5175,#5176);
#4271=AXIS2_PLACEMENT_3D('',#6318,#5178,#5179);
#4272=AXIS2_PLACEMENT_3D('',#6322,#5182,#5183);
#4273=AXIS2_PLACEMENT_3D('',#6323,#5184,#5185);
#4274=AXIS2_PLACEMENT_3D('',#6325,#5187,#5188);
#4275=AXIS2_PLACEMENT_3D('',#6327,#5190,#5191);
#4276=AXIS2_PLACEMENT_3D('',#6329,#5193,#5194);
#4277=AXIS2_PLACEMENT_3D('',#6332,#5197,#5198);
#4278=AXIS2_PLACEMENT_3D('',#6334,#5200,#5201);
#4279=AXIS2_PLACEMENT_3D('',#6336,#5203,#5204);
#4280=AXIS2_PLACEMENT_3D('',#6340,#5207,#5208);
#4281=AXIS2_PLACEMENT_3D('',#6345,#5212,#5213);
#4282=AXIS2_PLACEMENT_3D('',#6348,#5216,#5217);
#4283=AXIS2_PLACEMENT_3D('',#6351,#5220,#5221);
#4284=AXIS2_PLACEMENT_3D('',#6355,#5224,#5225);
#4285=AXIS2_PLACEMENT_3D('',#6359,#5228,#5229);
#4286=AXIS2_PLACEMENT_3D('',#6361,#5231,#5232);
#4287=AXIS2_PLACEMENT_3D('',#6363,#5234,#5235);
#4288=AXIS2_PLACEMENT_3D('',#6367,#5238,#5239);
#4289=AXIS2_PLACEMENT_3D('',#6369,#5241,#5242);
#4290=AXIS2_PLACEMENT_3D('',#6371,#5244,#5245);
#4291=AXIS2_PLACEMENT_3D('',#6372,#5246,#5247);
#4292=AXIS2_PLACEMENT_3D('',#6375,#5250,#5251);
#4293=AXIS2_PLACEMENT_3D('',#6376,#5252,#5253);
#4294=AXIS2_PLACEMENT_3D('',#6380,#5256,#5257);
#4295=AXIS2_PLACEMENT_3D('',#6382,#5259,#5260);
#4296=AXIS2_PLACEMENT_3D('',#6384,#5262,#5263);
#4297=AXIS2_PLACEMENT_3D('',#6388,#5266,#5267);
#4298=AXIS2_PLACEMENT_3D('',#6390,#5269,#5270);
#4299=AXIS2_PLACEMENT_3D('',#6393,#5273,#5274);
#4300=AXIS2_PLACEMENT_3D('',#6395,#5276,#5277);
#4301=AXIS2_PLACEMENT_3D('',#6397,#5279,#5280);
#4302=AXIS2_PLACEMENT_3D('',#6401,#5283,#5284);
#4303=AXIS2_PLACEMENT_3D('',#6403,#5286,#5287);
#4304=AXIS2_PLACEMENT_3D('',#6407,#5290,#5291);
#4305=AXIS2_PLACEMENT_3D('',#6409,#5293,#5294);
#4306=AXIS2_PLACEMENT_3D('',#6411,#5296,#5297);
#4307=AXIS2_PLACEMENT_3D('',#6414,#5300,#5301);
#4308=AXIS2_PLACEMENT_3D('',#6416,#5303,#5304);
#4309=AXIS2_PLACEMENT_3D('',#6418,#5306,#5307);
#4310=AXIS2_PLACEMENT_3D('',#6419,#5308,#5309);
#4311=AXIS2_PLACEMENT_3D('',#6421,#5311,#5312);
#4312=AXIS2_PLACEMENT_3D('',#6423,#5314,#5315);
#4313=AXIS2_PLACEMENT_3D('',#6425,#5317,#5318);
#4314=AXIS2_PLACEMENT_3D('',#6429,#5322,#5323);
#4315=AXIS2_PLACEMENT_3D('',#6431,#5325,#5326);
#4316=AXIS2_PLACEMENT_3D('',#6433,#5328,#5329);
#4317=AXIS2_PLACEMENT_3D('',#6435,#5331,#5332);
#4318=AXIS2_PLACEMENT_3D('',#6436,#5333,#5334);
#4319=AXIS2_PLACEMENT_3D('',#6439,#5337,#5338);
#4320=AXIS2_PLACEMENT_3D('',#6443,#5341,#5342);
#4321=AXIS2_PLACEMENT_3D('',#6447,#5345,#5346);
#4322=AXIS2_PLACEMENT_3D('',#6448,#5347,#5348);
#4323=AXIS2_PLACEMENT_3D('',#6450,#5350,#5351);
#4324=AXIS2_PLACEMENT_3D('',#6452,#5353,#5354);
#4325=AXIS2_PLACEMENT_3D('',#6454,#5356,#5357);
#4326=AXIS2_PLACEMENT_3D('',#6456,#5359,#5360);
#4327=AXIS2_PLACEMENT_3D('',#6458,#5362,#5363);
#4328=AXIS2_PLACEMENT_3D('',#6460,#5365,#5366);
#4329=AXIS2_PLACEMENT_3D('',#6463,#5369,#5370);
#4330=AXIS2_PLACEMENT_3D('',#6465,#5372,#5373);
#4331=AXIS2_PLACEMENT_3D('',#6466,#5374,#5375);
#4332=AXIS2_PLACEMENT_3D('',#6467,#5376,#5377);
#4333=AXIS2_PLACEMENT_3D('',#6469,#5379,#5380);
#4334=AXIS2_PLACEMENT_3D('',#6471,#5382,#5383);
#4335=AXIS2_PLACEMENT_3D('',#6472,#5384,#5385);
#4336=AXIS2_PLACEMENT_3D('',#6475,#5388,#5389);
#4337=AXIS2_PLACEMENT_3D('',#6476,#5390,#5391);
#4338=AXIS2_PLACEMENT_3D('',#6479,#5394,#5395);
#4339=AXIS2_PLACEMENT_3D('',#6480,#5396,#5397);
#4340=AXIS2_PLACEMENT_3D('',#6484,#5400,#5401);
#4341=AXIS2_PLACEMENT_3D('',#6487,#5404,#5405);
#4342=AXIS2_PLACEMENT_3D('',#6489,#5407,#5408);
#4343=AXIS2_PLACEMENT_3D('',#6491,#5410,#5411);
#4344=AXIS2_PLACEMENT_3D('',#6493,#5413,#5414);
#4345=AXIS2_PLACEMENT_3D('',#6494,#5415,#5416);
#4346=AXIS2_PLACEMENT_3D('',#6496,#5418,#5419);
#4347=AXIS2_PLACEMENT_3D('',#6498,#5421,#5422);
#4348=AXIS2_PLACEMENT_3D('',#6500,#5424,#5425);
#4349=AXIS2_PLACEMENT_3D('',#6502,#5427,#5428);
#4350=AXIS2_PLACEMENT_3D('',#6504,#5430,#5431);
#4351=AXIS2_PLACEMENT_3D('',#6505,#5432,#5433);
#4352=AXIS2_PLACEMENT_3D('',#6507,#5435,#5436);
#4353=AXIS2_PLACEMENT_3D('',#6509,#5438,#5439);
#4354=AXIS2_PLACEMENT_3D('',#6511,#5441,#5442);
#4355=AXIS2_PLACEMENT_3D('',#6512,#5443,#5444);
#4356=AXIS2_PLACEMENT_3D('',#6513,#5445,#5446);
#4357=AXIS2_PLACEMENT_3D('',#6514,#5447,#5448);
#4358=AXIS2_PLACEMENT_3D('',#6517,#5451,#5452);
#4359=AXIS2_PLACEMENT_3D('',#6519,#5454,#5455);
#4360=AXIS2_PLACEMENT_3D('',#6521,#5457,#5458);
#4361=AXIS2_PLACEMENT_3D('',#6522,#5459,#5460);
#4362=AXIS2_PLACEMENT_3D('',#6523,#5461,#5462);
#4363=AXIS2_PLACEMENT_3D('',#6525,#5464,#5465);
#4364=AXIS2_PLACEMENT_3D('',#6526,#5466,#5467);
#4365=AXIS2_PLACEMENT_3D('',#6527,#5468,#5469);
#4366=AXIS2_PLACEMENT_3D('',#6528,#5470,#5471);
#4367=AXIS2_PLACEMENT_3D('',#6530,#5473,#5474);
#4368=AXIS2_PLACEMENT_3D('',#6531,#5475,#5476);
#4369=AXIS2_PLACEMENT_3D('',#6532,#5477,#5478);
#4370=AXIS2_PLACEMENT_3D('',#6533,#5479,#5480);
#4371=AXIS2_PLACEMENT_3D('',#6534,#5481,#5482);
#4372=AXIS2_PLACEMENT_3D('',#6536,#5484,#5485);
#4373=AXIS2_PLACEMENT_3D('',#6538,#5487,#5488);
#4374=AXIS2_PLACEMENT_3D('',#6541,#5491,#5492);
#4375=AXIS2_PLACEMENT_3D('',#6543,#5494,#5495);
#4376=AXIS2_PLACEMENT_3D('',#6546,#5498,#5499);
#4377=AXIS2_PLACEMENT_3D('',#6547,#5500,#5501);
#4378=AXIS2_PLACEMENT_3D('',#6548,#5502,#5503);
#4379=AXIS2_PLACEMENT_3D('',#6551,#5506,#5507);
#4380=AXIS2_PLACEMENT_3D('',#6554,#5510,#5511);
#4381=AXIS2_PLACEMENT_3D('',#6556,#5513,#5514);
#4382=AXIS2_PLACEMENT_3D('',#6558,#5516,#5517);
#4383=AXIS2_PLACEMENT_3D('',#6559,#5518,#5519);
#4384=AXIS2_PLACEMENT_3D('',#6560,#5520,#5521);
#4385=AXIS2_PLACEMENT_3D('',#6563,#5524,#5525);
#4386=AXIS2_PLACEMENT_3D('',#6564,#5526,#5527);
#4387=AXIS2_PLACEMENT_3D('',#6566,#5529,#5530);
#4388=AXIS2_PLACEMENT_3D('',#6567,#5531,#5532);
#4389=AXIS2_PLACEMENT_3D('',#6568,#5533,#5534);
#4390=AXIS2_PLACEMENT_3D('',#6571,#5537,#5538);
#4391=AXIS2_PLACEMENT_3D('',#6572,#5539,#5540);
#4392=AXIS2_PLACEMENT_3D('',#6574,#5542,#5543);
#4393=AXIS2_PLACEMENT_3D('',#6576,#5545,#5546);
#4394=AXIS2_PLACEMENT_3D('',#6578,#5548,#5549);
#4395=AXIS2_PLACEMENT_3D('',#6579,#5550,#5551);
#4396=AXIS2_PLACEMENT_3D('',#6581,#5553,#5554);
#4397=AXIS2_PLACEMENT_3D('',#6584,#5557,#5558);
#4398=AXIS2_PLACEMENT_3D('',#6585,#5559,#5560);
#4399=AXIS2_PLACEMENT_3D('',#6587,#5562,#5563);
#4400=AXIS2_PLACEMENT_3D('',#6588,#5564,#5565);
#4401=AXIS2_PLACEMENT_3D('',#6591,#5568,#5569);
#4402=AXIS2_PLACEMENT_3D('',#6592,#5570,#5571);
#4403=AXIS2_PLACEMENT_3D('',#6594,#5573,#5574);
#4404=AXIS2_PLACEMENT_3D('',#6595,#5575,#5576);
#4405=AXIS2_PLACEMENT_3D('',#6596,#5577,#5578);
#4406=AXIS2_PLACEMENT_3D('',#6598,#5580,#5581);
#4407=AXIS2_PLACEMENT_3D('',#6599,#5582,#5583);
#4408=AXIS2_PLACEMENT_3D('',#6601,#5585,#5586);
#4409=AXIS2_PLACEMENT_3D('',#6602,#5587,#5588);
#4410=AXIS2_PLACEMENT_3D('',#6603,#5589,#5590);
#4411=AXIS2_PLACEMENT_3D('',#6605,#5592,#5593);
#4412=DIRECTION('axis',(0.,0.,1.));
#4413=DIRECTION('refdir',(1.,0.,0.));
#4414=DIRECTION('center_axis',(-1.,0.,0.));
#4415=DIRECTION('ref_axis',(0.,0.,1.));
#4416=DIRECTION('',(0.,0.638857054030525,-0.769325460722208));
#4417=DIRECTION('',(0.,0.542559734750218,-0.840017222578069));
#4418=DIRECTION('',(0.,-0.542136684638874,0.840290316003207));
#4419=DIRECTION('center_axis',(1.,0.,0.));
#4420=DIRECTION('ref_axis',(0.,0.,-1.));
#4421=DIRECTION('',(0.,-0.542136684638874,0.840290316003207));
#4422=DIRECTION('',(0.,0.638857054030525,-0.769325460722208));
#4423=DIRECTION('',(0.,-0.491719661409982,0.870753567080177));
#4424=DIRECTION('center_axis',(1.,0.,0.));
#4425=DIRECTION('ref_axis',(0.,0.,-1.));
#4426=DIRECTION('',(0.,-0.542136684638874,0.840290316003207));
#4427=DIRECTION('',(0.,0.638857054030525,-0.769325460722208));
#4428=DIRECTION('',(0.,-0.636084552305236,0.771619363623444));
#4429=DIRECTION('center_axis',(0.000827111701727425,-0.997192965006109,
0.0748699300691476));
#4430=DIRECTION('ref_axis',(0.,-0.0748699556789356,-0.997193306103001));
#4431=DIRECTION('',(-0.999982050096997,-0.00126907321238626,-0.00585567562186543));
#4432=DIRECTION('',(-0.999970750719709,-0.000255490641045382,0.00764411077853956));
#4433=DIRECTION('',(0.00122458957909392,0.0748709095705418,0.997192482563142));
#4434=DIRECTION('center_axis',(-0.0151293447255816,-0.0304290010653626,
-0.999422422613351));
#4435=DIRECTION('ref_axis',(-0.999885438833087,0.,0.0151363539059276));
#4436=DIRECTION('',(-0.8592696134245,0.511516515760259,-0.00256623260722576));
#4437=DIRECTION('',(-0.980238571944911,-0.196719396581829,0.0208283719930963));
#4438=DIRECTION('',(-0.115730545421423,-0.992765748442016,0.0319782672579903));
#4439=DIRECTION('center_axis',(0.00117429267612792,0.503508437435701,-0.863989510623694));
#4440=DIRECTION('ref_axis',(-0.999999076354822,0.,-0.00135915028719556));
#4441=DIRECTION('',(0.999994246378582,-0.00334090597468519,-0.000587840964497683));
#4442=DIRECTION('',(0.999964370344964,0.00663117247902648,0.00522356125192804));
#4443=DIRECTION('',(0.,0.863990106329219,0.503508784595885));
#4444=DIRECTION('center_axis',(-0.000930050840077529,-0.0384067513497543,
-0.999261755725792));
#4445=DIRECTION('ref_axis',(-0.999999566863714,0.,0.000930737548905031));
#4446=DIRECTION('',(-0.999989377855952,-0.00447528193322484,0.00110273608997734));
#4447=DIRECTION('',(0.101038565936299,-0.994152078083142,0.0381163198185114));
#4448=DIRECTION('',(0.999894109991501,-0.0145475355231687,-0.000371503037386311));
#4449=DIRECTION('center_axis',(0.00248301694303348,-0.767130576412141,0.641486175502198));
#4450=DIRECTION('ref_axis',(0.999992508825954,0.,-0.00387069657483662));
#4451=DIRECTION('',(-0.99996194425289,-0.00726970750834825,-0.00482300722823238));
#4452=DIRECTION('',(0.999978747325234,-0.0019622788550544,-0.00621726302724902));
#4453=DIRECTION('',(5.91454083537968E-6,-0.641488141734863,-0.767132950653647));
#4454=DIRECTION('center_axis',(-0.00320316508763913,-0.0465266633070662,
-0.998911912700481));
#4455=DIRECTION('ref_axis',(-0.999994858724047,0.,0.00320663772106194));
#4456=DIRECTION('',(0.997623962849596,-0.0688943295972679,9.87977860773084E-6));
#4457=DIRECTION('',(-0.997771887057587,-0.0664203067314656,0.00629319086314929));
#4458=DIRECTION('',(-0.259213726838266,-0.964735049969597,0.0457660046188819));
#4459=DIRECTION('center_axis',(0.00174218520805535,0.0941776261276403,-0.995553885798083));
#4460=DIRECTION('ref_axis',(-0.999998468813444,0.,-0.00174996307613039));
#4461=DIRECTION('',(-0.990311786141692,-0.138071338383819,-0.0147943146428744));
#4462=DIRECTION('',(0.998877236412703,-0.0472951930078646,-0.0027260401445897));
#4463=DIRECTION('',(-0.999957817818685,-0.00881403210089401,-0.00258368369151212));
#4464=DIRECTION('center_axis',(-0.00282394266632896,0.0287075607383341,
-0.999583864067579));
#4465=DIRECTION('ref_axis',(-0.999996009377184,0.,0.0028251070255852));
#4466=DIRECTION('',(0.495261283139466,-0.868344742472072,-0.0263376089302184));
#4467=DIRECTION('',(-0.99605686841439,0.088555151586132,0.00535723922139527));
#4468=DIRECTION('',(-0.99529774343628,-0.09686279477564,2.99816755366695E-5));
#4469=DIRECTION('center_axis',(0.000288836274367081,0.0636223048228703,
-0.997974007127757));
#4470=DIRECTION('ref_axis',(-0.99999995811727,0.,-0.000289422630456199));
#4471=DIRECTION('',(0.999991604634037,-0.00409754395232223,2.81957835776567E-5));
#4472=DIRECTION('center_axis',(-0.00038213489018806,-0.0886346141227312,
-0.996064134055755));
#4473=DIRECTION('ref_axis',(-0.999999926408317,0.,0.000383644836713617));
#4474=DIRECTION('',(-0.999968653152508,0.00791138933661053,-0.000320360927224558));
#4475=DIRECTION('',(-0.996058666163571,0.0883806941886165,-0.00748240971788135));
#4476=DIRECTION('center_axis',(0.000145723825760828,0.793667436213999,-0.608351854980375));
#4477=DIRECTION('ref_axis',(-0.999999971310602,0.,-0.00023953871495107));
#4478=DIRECTION('',(-0.999990448357922,-0.00254180222568115,-0.00355562011025375));
#4479=DIRECTION('',(0.,0.608351861439683,0.793667444640936));
#4480=DIRECTION('',(-0.999999138740818,0.000909149018616359,0.000946554639017991));
#4481=DIRECTION('center_axis',(0.000166953481636374,0.999961095684424,0.00881925417145914));
#4482=DIRECTION('ref_axis',(0.,-0.00881925429437073,0.999961109620615));
#4483=DIRECTION('',(-0.999936283767025,0.000266480905132481,-0.0112852733293369));
#4484=DIRECTION('',(0.0002151046341807,-0.0088192900014087,0.999961086169791));
#4485=DIRECTION('',(-0.999998182643418,0.000183695927188716,-0.00189762105464531));
#4486=DIRECTION('center_axis',(0.00308351326631794,-0.0498041837396048,
-0.99875424165706));
#4487=DIRECTION('ref_axis',(-0.999995234140131,0.,-0.00308734465608867));
#4488=DIRECTION('',(-0.450120808062202,0.891789283283003,-0.0458599211841645));
#4489=DIRECTION('',(0.998088899030618,0.0617944142447259,0.));
#4490=DIRECTION('center_axis',(0.00595519406194462,0.0642133292159414,-0.99791842553121));
#4491=DIRECTION('ref_axis',(-0.999982194254624,0.,-0.0059675098414036));
#4492=DIRECTION('',(0.995727117269026,-0.0923445067944808,0.));
#4493=DIRECTION('',(-0.551501571902164,-0.832234863211174,-0.0568431934827862));
#4494=DIRECTION('center_axis',(0.00143320108706244,-0.0506352036676261,
-0.998716186954123));
#4495=DIRECTION('ref_axis',(-0.99999897032679,0.,-0.00143504193689364));
#4496=DIRECTION('',(-0.979360053381436,-0.20193036597603,0.00883250459937517));
#4497=DIRECTION('',(-0.948620398869424,0.315938747032802,-0.0173794986164244));
#4498=DIRECTION('center_axis',(0.00874280416476977,-0.0287335944640608,
-0.999548870203209));
#4499=DIRECTION('ref_axis',(-0.999961749376258,0.,-0.00874641551571147));
#4500=DIRECTION('',(0.0829933645972527,-0.996117483225444,0.0293608761012791));
#4501=DIRECTION('',(-0.956694307934871,-0.291094488379664,0.));
#4502=DIRECTION('center_axis',(0.0155048184578176,0.0579043779140667,-0.998201724914847));
#4503=DIRECTION('ref_axis',(-0.999879388653302,0.,-0.015530877190285));
#4504=DIRECTION('',(0.965970073447698,-0.258653855960913,0.));
#4505=DIRECTION('',(0.567380794176999,-0.822536154895888,-0.0389012633235237));
#4506=DIRECTION('center_axis',(-0.546252580249192,-0.604523607653182,-0.579792485602462));
#4507=DIRECTION('ref_axis',(-0.727845573040322,0.,0.685741074900436));
#4508=DIRECTION('',(-0.337524586396315,-0.474644382613658,0.812889822565947));
#4509=DIRECTION('',(0.273387300345594,-0.782957238834172,0.558782020260958));
#4510=DIRECTION('',(-0.830365786928432,0.481728687215065,0.280053801639569));
#4511=DIRECTION('center_axis',(0.00037215205846408,-0.587879443429664,0.80894846652656));
#4512=DIRECTION('ref_axis',(0.999999894179679,0.,-0.000460044161627211));
#4513=DIRECTION('',(0.999999763929644,0.000686044446881227,3.85184696923005E-5));
#4514=DIRECTION('',(0.999999800134371,0.00063224273954721,-5.80351240703985E-7));
#4515=DIRECTION('',(0.247835863799172,0.783765193639006,0.569464227019512));
#4516=DIRECTION('center_axis',(-0.439704107751888,-0.684063108896359,-0.581994811551756));
#4517=DIRECTION('ref_axis',(-0.797884009990441,0.,0.602811004048179));
#4518=DIRECTION('',(0.74001571043842,-0.643140764340525,0.196841828755492));
#4519=DIRECTION('',(0.889346647153388,-0.422085001884659,-0.175803277503735));
#4520=DIRECTION('center_axis',(-0.379542266311155,-0.640920364410926,-0.667209678112329));
#4521=DIRECTION('ref_axis',(-0.869206963600829,0.,0.494448434548869));
#4522=DIRECTION('',(-0.913121131722858,0.143473496015979,0.381608640811656));
#4523=DIRECTION('center_axis',(0.00102458114487825,-0.879849655464586,-0.475251022105504));
#4524=DIRECTION('ref_axis',(0.,0.475251271557007,-0.879850117283306));
#4525=DIRECTION('',(-0.999969659677367,0.00276846202978682,-0.00728116355541951));
#4526=DIRECTION('',(-0.999995186003143,-0.00229341777407478,0.00209002522794724));
#4527=DIRECTION('',(0.000782403783725921,-0.475250420772906,0.879850228959165));
#4528=DIRECTION('center_axis',(-0.431593048104723,-0.901889101200783,-0.0179858267232401));
#4529=DIRECTION('ref_axis',(0.,0.0199384284528848,-0.999801209776638));
#4530=DIRECTION('',(-0.529993080973099,0.269658058515477,-0.803984990903627));
#4531=DIRECTION('',(-0.890158486284281,0.429039353378034,-0.153437617776855));
#4532=DIRECTION('center_axis',(-0.431702402669773,-0.901851222931154,-0.017245498738177));
#4533=DIRECTION('ref_axis',(0.,0.0191188370528374,-0.999817218330304));
#4534=DIRECTION('',(-0.422778747148475,0.185415028709083,0.887062228983049));
#4535=DIRECTION('',(0.156722501074084,-0.0938212907345693,0.983176292971908));
#4536=DIRECTION('center_axis',(-0.617108645067907,-0.786532516360768,0.0233135344735785));
#4537=DIRECTION('ref_axis',(0.0377517242659349,0.,0.999287149579614));
#4538=DIRECTION('',(0.78656676677563,-0.615760620952831,0.0463851170949784));
#4539=DIRECTION('',(0.0889947274568789,-0.0992012228325165,-0.991079742439229));
#4540=DIRECTION('center_axis',(-0.761716235308372,-0.647901064975344,-0.00354779811365193));
#4541=DIRECTION('ref_axis',(-0.00465758699577651,0.,0.999989153382864));
#4542=DIRECTION('',(-0.0842447721298073,0.104470137855274,-0.990953484612319));
#4543=DIRECTION('',(0.639794207783707,-0.751298694897681,-0.161906277615967));
#4544=DIRECTION('center_axis',(0.000548555400596544,0.447294841651444,0.894386395088265));
#4545=DIRECTION('ref_axis',(0.999999811912254,0.,-0.000613331442017138));
#4546=DIRECTION('',(-0.710591148638023,0.629469234608046,-0.314370326461095));
#4547=DIRECTION('',(0.999999493917955,-0.000999653086355392,-0.000113391096478816));
#4548=DIRECTION('',(-0.999957555449194,0.0084711065414558,-0.00362321045966291));
#4549=DIRECTION('center_axis',(-0.3704950655026,-0.928668963939763,0.0175317384554552));
#4550=DIRECTION('ref_axis',(0.,-0.0188749876264912,-0.999821851552615));
#4551=DIRECTION('',(0.168607267055549,-0.0486809708064143,0.984480448042217));
#4552=DIRECTION('',(-0.923375871556496,0.370295431942918,0.101283231136697));
#4553=DIRECTION('center_axis',(-0.343212362502422,-0.91447118324487,0.21435421442144));
#4554=DIRECTION('ref_axis',(0.,-0.22821658463668,-0.973610389476596));
#4555=DIRECTION('',(-0.91560958437871,0.274853560932665,-0.293452907698118));
#4556=DIRECTION('',(0.518950933734521,-0.37484430974501,-0.76823282397191));
#4557=DIRECTION('center_axis',(-0.401693388248821,-0.656845923088258,0.638118997648178));
#4558=DIRECTION('ref_axis',(0.846283807105139,0.,0.532732313485519));
#4559=DIRECTION('',(-0.841270711675124,0.539976573178467,0.0262467159101906));
#4560=DIRECTION('',(0.256814915961517,-0.749645638711104,-0.609981569640509));
#4561=DIRECTION('center_axis',(-0.531396980281685,-0.636709837961816,0.558764558280269));
#4562=DIRECTION('ref_axis',(0.724629793857193,0.,0.689138347398025));
#4563=DIRECTION('',(0.73259942981947,-0.0142222676737811,0.680511427185762));
#4564=DIRECTION('center_axis',(0.340632610767676,0.9401958796179,-0.00106415746940744));
#4565=DIRECTION('ref_axis',(0.,0.00113184583217589,0.999999359462301));
#4566=DIRECTION('',(-0.573834587017031,0.208796371443433,0.791907786307882));
#4567=DIRECTION('',(-0.189991812266932,0.0677253778695212,-0.97944697889368));
#4568=DIRECTION('',(-0.257746307244106,0.0944697540731494,0.961583229194117));
#4569=DIRECTION('center_axis',(0.34904833259396,0.703315168575444,0.619284292683959));
#4570=DIRECTION('ref_axis',(0.871153902544033,0.,-0.491010059043908));
#4571=DIRECTION('',(-0.897376512640231,0.441240887303987,0.00467695764883861));
#4572=DIRECTION('',(0.929680946369575,-0.176873957424568,-0.323123724202269));
#4573=DIRECTION('center_axis',(0.0148414153581807,0.0195874694816215,0.999697986108541));
#4574=DIRECTION('ref_axis',(0.99988981785389,0.,-0.0148442632729021));
#4575=DIRECTION('',(0.653608038614793,0.756435773153296,-0.0245245377550585));
#4576=DIRECTION('',(-0.970831730443861,-0.239000221019213,0.019095693654484));
#4577=DIRECTION('center_axis',(0.00111645889539586,0.501764582905054,0.865003501069014));
#4578=DIRECTION('ref_axis',(0.999999167049472,0.,-0.00129069762614956));
#4579=DIRECTION('',(0.00147720075043444,0.865002268872412,-0.501765774763009));
#4580=DIRECTION('',(0.999996665338096,0.00145413567178567,-0.00213419824190575));
#4581=DIRECTION('center_axis',(-0.14131478506844,-0.989938120895118,-0.00725591618636107));
#4582=DIRECTION('ref_axis',(0.,0.00732946952199199,-0.999973139077509));
#4583=DIRECTION('',(0.70719817909011,-0.0958189640975,-0.700492299465821));
#4584=DIRECTION('',(-0.458673187718376,0.0719678979472465,-0.885685908510075));
#4585=DIRECTION('',(0.97105520359729,-0.140037499564778,0.193497520093335));
#4586=DIRECTION('center_axis',(-0.00520508301150706,0.0368961804003841,
0.999305548359813));
#4587=DIRECTION('ref_axis',(0.999986434997122,0.,0.00520862954587229));
#4588=DIRECTION('',(-0.971121927571085,0.238181262208891,-0.0138523688660321));
#4589=DIRECTION('',(-0.522865776256519,0.851729846729136,-0.0341708678618342));
#4590=DIRECTION('center_axis',(0.0644231510867076,-0.997872528179005,-0.0100037547800695));
#4591=DIRECTION('ref_axis',(0.,0.0100245791274553,-0.99994975264426));
#4592=DIRECTION('',(-0.723470648137098,-0.0536075980333789,0.688270620262974));
#4593=DIRECTION('',(0.23875996916975,0.00567948632466546,0.971062006546002));
#4594=DIRECTION('',(0.997922463028325,0.0644263749056337,0.));
#4595=DIRECTION('center_axis',(0.0968349428407188,-0.995004037318715,0.0242890832369621));
#4596=DIRECTION('ref_axis',(0.,-0.0244037698746833,-0.999702183660666));
#4597=DIRECTION('',(0.45085089397832,0.065607668448566,0.890184871383295));
#4598=DIRECTION('center_axis',(0.000235492070304506,0.771619342227783,0.636084534667719));
#4599=DIRECTION('ref_axis',(0.999999931468086,0.,-0.000370221317027935));
#4600=DIRECTION('',(-0.999980790014516,-0.00375812453361371,0.00492910762054639));
#4601=DIRECTION('center_axis',(0.00777507436417682,0.889576875450605,0.456719313016398));
#4602=DIRECTION('ref_axis',(0.,-0.45673311839035,0.889603764923141));
#4603=DIRECTION('',(0.971628246064333,0.10124764661842,-0.213746264304617));
#4604=DIRECTION('',(0.99995925700366,-0.00482196375772851,-0.0076310548555435));
#4605=DIRECTION('',(0.999946546919224,-0.0100295496049354,0.00251225775774292));
#4606=DIRECTION('center_axis',(-0.196594901305009,-0.98023433364859,0.0221606840458337));
#4607=DIRECTION('ref_axis',(0.,-0.0226017619300834,-0.999744547550851));
#4608=DIRECTION('',(-0.97958243218705,0.195394337024568,-0.0473213652511512));
#4609=DIRECTION('',(-0.61477108508356,0.140842016743934,0.776028375296086));
#4610=DIRECTION('center_axis',(-0.86489272914204,0.193842279252335,-0.463018075080762));
#4611=DIRECTION('ref_axis',(-0.471970070030114,0.,0.881614571678446));
#4612=DIRECTION('',(0.472821073084585,0.00491931940519394,-0.88114472882934));
#4613=DIRECTION('',(0.292462425595587,0.944283149165981,-0.150980342481808));
#4614=DIRECTION('',(-0.145235929290198,0.786331927285657,0.600490320466897));
#4615=DIRECTION('center_axis',(-0.200059656885306,-0.970654395281683,0.133439793942004));
#4616=DIRECTION('ref_axis',(0.,-0.136193112333172,-0.990682308388014));
#4617=DIRECTION('',(-0.93363878361773,0.230165159594385,0.274486103534763));
#4618=DIRECTION('',(-0.950789855929117,0.159443775233226,-0.265662064287819));
#4619=DIRECTION('center_axis',(0.00817179362342937,0.842695553842212,0.538328361990656));
#4620=DIRECTION('ref_axis',(0.999884804579691,0.,-0.0151781939186961));
#4621=DIRECTION('',(-0.949125050152578,0.176009940981883,-0.26111709987747));
#4622=DIRECTION('',(0.998673792717198,-0.0342437176641817,0.0384450717307381));
#4623=DIRECTION('center_axis',(-0.738681547504827,-0.542976708295551,-0.399406892309587));
#4624=DIRECTION('ref_axis',(-0.475627221749002,0.,0.879646943910639));
#4625=DIRECTION('center_axis',(-0.0153942534743529,-0.988308995114861,-0.151685026073836));
#4626=DIRECTION('ref_axis',(0.,0.151703002658312,-0.988426122168193));
#4627=DIRECTION('',(0.999734516574061,-0.0126127560310095,-0.0192824986900236));
#4628=DIRECTION('',(0.982027425924079,0.0135957639337895,-0.188247948025961));
#4629=DIRECTION('',(0.971429098128536,-0.0507152010080416,0.231847958144756));
#4630=DIRECTION('center_axis',(-0.000621470317329433,0.852010887861683,
0.523523696445339));
#4631=DIRECTION('ref_axis',(0.999999295408112,0.,0.00118709025716733));
#4632=DIRECTION('',(0.82882851484307,-0.2924739998174,0.476971961873906));
#4633=DIRECTION('',(-0.999973712374246,0.00325252911650544,-0.00648040236523336));
#4634=DIRECTION('center_axis',(0.294159269246315,0.95295054854834,0.0731818033249516));
#4635=DIRECTION('ref_axis',(0.,-0.0765695131063987,0.997064245504094));
#4636=DIRECTION('',(-0.121416778365805,-0.0386896295267605,0.991847306039771));
#4637=DIRECTION('',(-0.948767095782783,0.300393991952916,-0.0980022834351075));
#4638=DIRECTION('center_axis',(0.051672913018796,0.99861893286569,-0.00949404983884583));
#4639=DIRECTION('ref_axis',(0.,0.00950675026144706,0.999954809828657));
#4640=DIRECTION('',(-0.998663942157023,0.0516752419964667,0.));
#4641=DIRECTION('',(-0.270581991049927,0.00484867929772284,-0.962684723275759));
#4642=DIRECTION('',(-0.893669244009235,0.0504813962842065,0.445877686076754));
#4643=DIRECTION('center_axis',(-0.0092347922883521,-0.781469418250277,0.623875201423301));
#4644=DIRECTION('ref_axis',(0.999890463852974,0.,0.0148006856559139));
#4645=DIRECTION('',(0.999761138573813,0.00514360845221407,0.0212416828354793));
#4646=DIRECTION('',(0.999881710328538,-0.014890635833582,-0.00385153410322751));
#4647=DIRECTION('center_axis',(0.0543927358450249,0.0733427579647048,0.995822408937168));
#4648=DIRECTION('ref_axis',(0.998511607141714,0.,-0.0545396223242426));
#4649=DIRECTION('',(-0.803217805235822,0.595685451687508,0.));
#4650=DIRECTION('',(0.269285053517381,-0.961425120249248,0.056100785251729));
#4651=DIRECTION('center_axis',(-0.000792926456760667,-0.0289736731566358,
-0.999579860507127));
#4652=DIRECTION('ref_axis',(-0.999999685369644,0.,0.000793259486920486));
#4653=DIRECTION('',(0.999993048966333,-0.0036646976703625,-0.000687029840952169));
#4654=DIRECTION('',(-0.00116902909266538,0.999579518570362,-0.0289727359015976));
#4655=DIRECTION('center_axis',(0.0775772280843083,0.956682273364383,0.28060791420256));
#4656=DIRECTION('ref_axis',(0.,-0.281456125641793,0.959574097888595));
#4657=DIRECTION('',(0.972353155517582,-0.0104230647619543,-0.233282448280984));
#4658=DIRECTION('',(0.995408484891004,-0.0901519241754703,0.0321648686373183));
#4659=DIRECTION('',(0.905879277692198,-0.185182792098004,0.38090690169469));
#4660=DIRECTION('center_axis',(0.000862552211123594,0.62384521254705,0.781547443720347));
#4661=DIRECTION('ref_axis',(0.999999390982602,0.,-0.00110364596896171));
#4662=DIRECTION('',(0.999999053928116,-0.00137554017925847,-5.66470996260516E-6));
#4663=DIRECTION('',(0.999998988068815,-0.00142227295714432,3.1638305733303E-5));
#4664=DIRECTION('',(0.495650813176608,0.678524522872812,-0.542157489349349));
#4665=DIRECTION('center_axis',(0.275639814780596,-0.930178920491234,-0.242466221114368));
#4666=DIRECTION('ref_axis',(0.,0.252237658060877,-0.967665316034405));
#4667=DIRECTION('',(0.82622711657693,0.100340992328524,0.554328816760863));
#4668=DIRECTION('',(0.956866095763337,0.241415127036056,0.161635426861789));
#4669=DIRECTION('',(-0.0964142653337348,-0.277718357906494,0.955812117061652));
#4670=DIRECTION('center_axis',(-0.00384536934159391,0.657196768190355,-0.75370924169389));
#4671=DIRECTION('ref_axis',(-0.999986985425794,0.,0.00510186035016271));
#4672=DIRECTION('',(-0.999949421375765,0.00447757314445564,0.00900588857411396));
#4673=DIRECTION('',(0.933794796688831,0.272032248092063,0.232434364229654));
#4674=DIRECTION('center_axis',(0.248391157579027,-0.968359178312791,-0.0241316102638878));
#4675=DIRECTION('ref_axis',(0.,0.024912368559384,-0.999689638784339));
#4676=DIRECTION('',(-0.563626255549426,-0.164745419075179,0.809434611904555));
#4677=DIRECTION('',(0.192512561324759,0.0249348051119856,0.980977659901696));
#4678=DIRECTION('center_axis',(-0.0242577097814022,0.99965005240076,0.0105515994673097));
#4679=DIRECTION('ref_axis',(0.,-0.0105547053111155,0.999944297546516));
#4680=DIRECTION('',(-0.976613037981335,-0.0214405646781109,-0.213932877863948));
#4681=DIRECTION('',(-0.395550460945123,-0.019290816989967,0.918241633354729));
#4682=DIRECTION('',(-0.993414942578582,-0.0252859288392558,0.111746917918698));
#4683=DIRECTION('center_axis',(-0.594877385835816,-0.802128215288572,-0.0520693965695334));
#4684=DIRECTION('ref_axis',(-0.0871962416045169,0.,0.996191154071369));
#4685=DIRECTION('',(-0.156576151044786,0.0520964544230458,0.986290965364962));
#4686=DIRECTION('',(-0.0838537227053876,0.12635124882942,-0.988435083911783));
#4687=DIRECTION('center_axis',(0.103116873645818,0.580258965019253,-0.807877740678809));
#4688=DIRECTION('ref_axis',(-0.991952317304735,0.,-0.126612006515049));
#4689=DIRECTION('',(-0.994667638202765,0.0616157458868398,-0.0827030191162486));
#4690=DIRECTION('',(-0.865224250339257,-0.348332381825615,-0.360626605225633));
#4691=DIRECTION('',(0.976965114393047,-0.211643790443638,-0.0273143044141756));
#4692=DIRECTION('center_axis',(0.266940022293152,0.927955635532887,0.26007953202989));
#4693=DIRECTION('ref_axis',(0.,-0.269872351091138,0.962896107644299));
#4694=DIRECTION('',(-0.801100630250363,0.363680332627062,-0.475367642854181));
#4695=DIRECTION('center_axis',(0.160910319557136,0.982725069621818,0.0914292436631335));
#4696=DIRECTION('ref_axis',(0.,-0.0926363854881389,0.99570000506362));
#4697=DIRECTION('',(-0.986858451986219,0.161587115028899,0.));
#4698=DIRECTION('',(0.859454791383558,-0.185061693738173,0.476539223022201));
#4699=DIRECTION('',(-0.714935401157446,0.0521940367114816,0.697239668050809));
#4700=DIRECTION('center_axis',(0.228530070051702,0.972931423060005,-0.0343286047575099));
#4701=DIRECTION('ref_axis',(0.,0.0352617413491922,0.999378111425812));
#4702=DIRECTION('',(0.342243346856598,-0.0472779536196894,0.938421166978841));
#4703=DIRECTION('center_axis',(0.207154450621227,0.873600831844917,-0.440350565104311));
#4704=DIRECTION('ref_axis',(0.,0.450114332311103,0.892970933372487));
#4705=DIRECTION('',(0.978223373092343,-0.190895935129902,0.0814725370092201));
#4706=DIRECTION('',(-0.0237172107324021,0.454466597018951,0.890447980574435));
#4707=DIRECTION('',(0.970525156077183,-0.240175685988523,-0.0199138464717774));
#4708=DIRECTION('center_axis',(-0.000205734262715996,0.999125070303819,
0.0418216638095935));
#4709=DIRECTION('ref_axis',(0.,-0.0418216646946777,0.999125091448596));
#4710=DIRECTION('',(-0.1922512419034,0.0410019943606555,-0.980488804854522));
#4711=DIRECTION('',(0.999999566828994,0.000243517915520771,-0.000898354523581459));
#4712=DIRECTION('center_axis',(0.00034739404215264,0.797775769163113,0.602954145398788));
#4713=DIRECTION('ref_axis',(0.999999834023708,0.,-0.000576153240083791));
#4714=DIRECTION('',(-0.473233841225837,-0.531033394352657,0.702889227119704));
#4715=DIRECTION('',(0.999999618190025,0.00020632649737975,-0.000849146147459292));
#4716=DIRECTION('center_axis',(0.0950769235417828,-0.990343946236179,0.100892253236717));
#4717=DIRECTION('ref_axis',(0.,-0.101351382241738,-0.994850690967086));
#4718=DIRECTION('',(-0.964292495561398,-0.116791467385313,-0.237696731466708));
#4719=DIRECTION('',(-0.995203643967469,-0.096906132768675,-0.0133756669251083));
#4720=DIRECTION('',(-0.980501618818309,-0.0756554056878165,0.181363819668884));
#4721=DIRECTION('center_axis',(0.714004710161986,0.699783633798713,0.0223638041032216));
#4722=DIRECTION('ref_axis',(0.0313062951741503,0.,-0.999509837811749));
#4723=DIRECTION('',(0.008839243827803,0.0229296425669028,-0.99969800402937));
#4724=DIRECTION('',(0.329374696300616,-0.307538887898468,-0.892710558841471));
#4725=DIRECTION('',(0.671822851189245,-0.693768770554404,0.259497494445291));
#4726=DIRECTION('center_axis',(0.0951875685642453,0.581008968698234,0.808311762306501));
#4727=DIRECTION('ref_axis',(0.993137471635158,0.,-0.11695282140302));
#4728=DIRECTION('',(0.93595222994226,0.224301336653756,-0.271444899825821));
#4729=DIRECTION('',(-0.995207511248771,0.0372790182757745,0.0904006877762667));
#4730=DIRECTION('',(-0.984774145590172,0.173614520877684,-0.00882498258118321));
#4731=DIRECTION('center_axis',(-0.752111213396217,0.306588627856353,-0.583379924194199));
#4732=DIRECTION('ref_axis',(-0.612895683597092,0.,0.790163831764055));
#4733=DIRECTION('',(-0.608194055213358,0.0180405403401447,0.793583347927214));
#4734=DIRECTION('',(-0.477423067927555,-0.863683766094608,0.161609301697877));
#4735=DIRECTION('center_axis',(0.220738359089461,-0.973977250598993,0.0514090667306772));
#4736=DIRECTION('ref_axis',(0.,-0.0527092424822217,-0.998609901691822));
#4737=DIRECTION('',(-0.674938656089184,-0.190590700805226,-0.712834479583514));
#4738=DIRECTION('',(-0.969904976794922,-0.2136515281765,0.116779109845412));
#4739=DIRECTION('',(0.609465126797979,0.096591772052413,-0.786906785323966));
#4740=DIRECTION('center_axis',(-0.319834856819576,-0.000490851109798482,
-0.947473178210544));
#4741=DIRECTION('ref_axis',(-0.947473292350201,0.,0.319834895349258));
#4742=DIRECTION('',(0.144691626279795,-0.988295729224154,-0.0483309929735185));
#4743=DIRECTION('center_axis',(-0.000177495795752376,0.882497746772001,
0.470316590646751));
#4744=DIRECTION('ref_axis',(0.,-0.470316598055356,0.88249776067344));
#4745=DIRECTION('',(0.,0.470316598055357,-0.88249776067344));
#4746=DIRECTION('',(-0.999997356670219,0.000921519690710785,-0.0021065265332621));
#4747=DIRECTION('center_axis',(0.00059988967379068,-0.0412702151540554,
0.999147841649832));
#4748=DIRECTION('ref_axis',(0.999999819759182,0.,-0.00060040120256429));
#4749=DIRECTION('',(-0.498957650332613,0.865875617116646,0.036064925584633));
#4750=DIRECTION('',(0.999999801791408,0.000215774029926067,-0.000591488556159846));
#4751=DIRECTION('',(0.999999811142158,0.000158240291350518,-0.000593865016659553));
#4752=DIRECTION('center_axis',(-0.000237302616893982,0.999328420466449,
-0.0366422124809633));
#4753=DIRECTION('ref_axis',(0.,0.0366422135126712,0.999328448603807));
#4754=DIRECTION('',(0.,-0.0366422135126712,-0.999328448603807));
#4755=DIRECTION('center_axis',(7.35562956069066E-5,0.928523686527562,0.37127315839788));
#4756=DIRECTION('ref_axis',(0.,-0.371273159402272,0.928523689039464));
#4757=DIRECTION('',(0.,0.371273159402272,-0.928523689039464));
#4758=DIRECTION('center_axis',(-0.00347268298473835,0.848412050713059,-0.529324978324043));
#4759=DIRECTION('ref_axis',(-0.99997848003867,0.,0.0065604465969655));
#4760=DIRECTION('',(-0.976283033611145,-0.117460928273677,-0.181863598919921));
#4761=DIRECTION('',(-0.999961065552937,0.00134785699436312,0.00872070293946375));
#4762=DIRECTION('',(-0.998055190305621,-0.0358859853943486,-0.0509709049977182));
#4763=DIRECTION('center_axis',(0.116034750009425,-0.886059969441967,-0.448813622055694));
#4764=DIRECTION('ref_axis',(0.,0.451865906474192,-0.892085871744563));
#4765=DIRECTION('',(0.991579674051944,0.129496151300088,0.000704844313298362));
#4766=DIRECTION('',(-0.496473647022232,0.339625504654309,-0.798854451324364));
#4767=DIRECTION('',(0.9894460007528,0.0636327575469647,0.130182501747584));
#4768=DIRECTION('center_axis',(0.232752172715994,-0.954380049978347,0.187043166940983));
#4769=DIRECTION('ref_axis',(0.,-0.192325170106447,-0.981331253422373));
#4770=DIRECTION('',(-0.904997600716266,-0.2829657220999,-0.317662939000261));
#4771=DIRECTION('',(0.83135659219985,0.0954520455678025,-0.547480706146595));
#4772=DIRECTION('center_axis',(-0.00676729211238873,-0.874963867875441,
-0.484140923357976));
#4773=DIRECTION('ref_axis',(0.,0.484152009656334,-0.874983903592365));
#4774=DIRECTION('',(0.999200162326187,-0.0249980993156211,0.0312110659531044));
#4775=DIRECTION('',(-0.909567586446109,-0.195784288837086,0.366545110363179));
#4776=DIRECTION('center_axis',(-0.532272384034176,0.732406823675853,-0.424577853670705));
#4777=DIRECTION('ref_axis',(-0.623583875980324,0.,0.781756451599445));
#4778=DIRECTION('',(-0.843326254134456,-0.414842866170121,0.341622928790365));
#4779=DIRECTION('',(0.802138385334194,0.596669003754354,0.0236666586623237));
#4780=DIRECTION('center_axis',(0.123581640720695,-0.154011431079752,-0.980310184162925));
#4781=DIRECTION('ref_axis',(-0.992147429709921,0.,-0.125073889041629));
#4782=DIRECTION('',(-0.991412685354081,-0.0617309353504427,-0.115283038387136));
#4783=DIRECTION('',(-0.98470062377182,-0.141331926567167,-0.101931192851852));
#4784=DIRECTION('',(-0.989667385125069,0.0532505803358892,-0.133127166700111));
#4785=DIRECTION('center_axis',(0.00014016199732317,-0.0899262605056081,
0.995948416348001));
#4786=DIRECTION('ref_axis',(0.999999990097226,0.,-0.000140732184151797));
#4787=DIRECTION('',(-0.981029759704212,-0.193084081027311,-0.0172959020734818));
#4788=DIRECTION('',(-0.96839133755272,0.248412947875499,0.0225660071935161));
#4789=DIRECTION('',(0.348871915249717,-0.933369001297562,-0.0843249320591821));
#4790=DIRECTION('center_axis',(0.113814490138095,0.625041901011925,-0.772249236849092));
#4791=DIRECTION('ref_axis',(-0.98931327506171,0.,-0.145805499850562));
#4792=DIRECTION('',(0.993418521138994,-0.0816754781084165,0.080304160127452));
#4793=DIRECTION('',(0.948222943355076,0.163645712459562,0.272200900969558));
#4794=DIRECTION('center_axis',(0.0123279333869092,-0.042692831930597,0.99901218419004));
#4795=DIRECTION('ref_axis',(0.999923869374942,0.,-0.0123391836943701));
#4796=DIRECTION('',(-0.268010469061036,0.962390726708917,0.0444350944453378));
#4797=DIRECTION('',(0.960747485989277,0.277424346742104,0.));
#4798=DIRECTION('center_axis',(-0.832078932413003,-0.554657148778497,-0.0003123192992624));
#4799=DIRECTION('ref_axis',(-0.000375348137172443,0.,0.999999929556886));
#4800=DIRECTION('',(-0.554657175830056,0.832078972994887,0.));
#4801=DIRECTION('',(-0.000375348137172443,0.,0.999999929556886));
#4802=DIRECTION('center_axis',(0.000959601999863946,-0.04451970652235,0.999008045460679));
#4803=DIRECTION('ref_axis',(0.999999538667532,0.,-0.000960554383449314));
#4804=DIRECTION('',(-0.99997471950828,-0.00708126888337377,0.00064496150064814));
#4805=DIRECTION('',(0.96967606702387,-0.244108280393509,-0.011809846927199));
#4806=DIRECTION('',(-0.999887718490701,-0.0149821456746948,0.000292783954162939));
#4807=DIRECTION('center_axis',(0.000597112554368722,-0.0459564962760991,
0.998943263607409));
#4808=DIRECTION('ref_axis',(0.999999821350976,0.,-0.000597744105645039));
#4809=DIRECTION('',(0.920157382523948,0.391159879931215,0.0174453351608636));
#4810=DIRECTION('center_axis',(8.12709936698674E-5,0.0793163786132177,0.996849489882355));
#4811=DIRECTION('ref_axis',(0.999999996676605,0.,-8.15278477088484E-5));
#4812=DIRECTION('center_axis',(0.274049179528979,-0.960920719881774,-0.0390949779560966));
#4813=DIRECTION('ref_axis',(0.,0.0406512847929091,-0.999173394884334));
#4814=DIRECTION('',(0.961655906670116,0.274258850662067,0.));
#4815=DIRECTION('',(0.544982110082054,0.18866320654358,-0.816945955487391));
#4816=DIRECTION('',(-0.919664959154338,-0.24996063868067,-0.302879583356162));
#4817=DIRECTION('center_axis',(0.337272578026118,-0.897817535820856,-0.283144628210005));
#4818=DIRECTION('ref_axis',(0.,0.300767486616884,-0.953697498682975));
#4819=DIRECTION('',(-0.842694174947515,-0.42200391324076,0.334334001739297));
#4820=DIRECTION('',(0.719928786555137,0.0521849616583917,0.692083284053271));
#4821=DIRECTION('center_axis',(0.103789146388726,0.938441531429058,-0.329477321193712));
#4822=DIRECTION('ref_axis',(0.,0.331266383971162,0.943537271574722));
#4823=DIRECTION('',(0.963421997903217,-0.0125672396704032,0.267694076219926));
#4824=DIRECTION('',(0.97419268868026,-0.162679444600721,-0.156473651540212));
#4825=DIRECTION('center_axis',(0.63376518251843,0.357055646079997,-0.6861872623634));
#4826=DIRECTION('ref_axis',(-0.734610498138413,0.,-0.678489068463768));
#4827=DIRECTION('',(0.768217399823749,-0.186790085459983,0.612332826640782));
#4828=DIRECTION('center_axis',(0.00881624271956007,0.999158618904481,0.0400540651270277));
#4829=DIRECTION('ref_axis',(0.,-0.0400556218416269,0.999197451537423));
#4830=DIRECTION('',(-0.0593597336032249,0.0405079146636386,-0.997414422833437));
#4831=DIRECTION('center_axis',(0.108359942943345,-0.797089825885419,0.594058862601399));
#4832=DIRECTION('ref_axis',(0.983767961866158,0.,-0.17944524849019));
#4833=DIRECTION('',(0.138148427433749,-0.57970528918127,-0.803029756418056));
#4834=DIRECTION('',(0.989165835731695,0.145987036259543,0.0154510409154749));
#4835=DIRECTION('',(0.993160201519741,0.0606615243356852,-0.0997646910612138));
#4836=DIRECTION('center_axis',(0.110502024560101,-0.358464817762399,0.92698019234215));
#4837=DIRECTION('ref_axis',(0.99296974804438,0.,-0.11836840570304));
#4838=DIRECTION('',(0.328214194458753,-0.867204742814572,-0.374474801015642));
#4839=DIRECTION('',(-0.988139318588183,-0.13969103877795,0.0637738249222852));
#4840=DIRECTION('',(0.993517605388901,0.0147988794322371,-0.112710961977328));
#4841=DIRECTION('center_axis',(0.115850632360111,-0.405559299116017,0.906697461054285));
#4842=DIRECTION('ref_axis',(0.991935753765496,0.,-0.126741707427651));
#4843=DIRECTION('',(-0.662454368156054,-0.711714639557074,-0.233701694369355));
#4844=DIRECTION('center_axis',(0.132889067845075,-0.935167885787927,0.328331419511149));
#4845=DIRECTION('ref_axis',(0.,-0.331269475818089,-0.943536186052877));
#4846=DIRECTION('',(0.827014474657482,0.287198423070567,0.483284724042452));
#4847=DIRECTION('center_axis',(-0.361705168535737,0.896856165968553,-0.254594557323445));
#4848=DIRECTION('ref_axis',(0.,0.273084410451292,0.961990075192291));
#4849=DIRECTION('',(-0.931902006979492,-0.339907580646132,0.126576008812444));
#4850=DIRECTION('',(0.859983147898215,0.426418445219929,0.280350307485646));
#4851=DIRECTION('',(-0.578540597891961,-0.00178474245061918,0.815651635985117));
#4852=DIRECTION('center_axis',(0.111793194178726,0.0526235509595341,0.992337162268816));
#4853=DIRECTION('ref_axis',(0.993714031535431,0.,-0.111948307399447));
#4854=DIRECTION('',(0.962523892529955,-0.254026943384383,-0.0949635105910237));
#4855=DIRECTION('',(-0.982172300540168,-0.146017334430192,0.118391343000807));
#4856=DIRECTION('center_axis',(-0.24619448490579,0.827871814201511,-0.504000530607529));
#4857=DIRECTION('ref_axis',(-0.898529065013408,0.,0.438914022703913));
#4858=DIRECTION('',(-0.96274710507014,-0.148885764995847,0.225723371985857));
#4859=DIRECTION('',(-0.961603808787042,-0.273701263538892,0.0201428216362106));
#4860=DIRECTION('center_axis',(0.000786233425488274,-0.70485134903741,0.709354606383256));
#4861=DIRECTION('ref_axis',(0.999999385749068,0.,-0.0011083778627341));
#4862=DIRECTION('',(-0.0708791176431409,0.707531455428517,0.703118333043118));
#4863=DIRECTION('',(-0.999998266711349,-0.00175137239568865,-0.000631877384055577));
#4864=DIRECTION('',(-0.999997153049118,0.00104395664249823,0.00214570459009527));
#4865=DIRECTION('center_axis',(-0.270543861471399,0.84693818642278,0.457713586644571));
#4866=DIRECTION('ref_axis',(0.860863305588226,0.,0.508836289086885));
#4867=DIRECTION('',(-0.473233841225837,-0.531033394352657,0.702889227119704));
#4868=DIRECTION('',(-0.00234166858794571,-0.476021534631263,0.879430506154706));
#4869=DIRECTION('center_axis',(1.,0.,0.));
#4870=DIRECTION('ref_axis',(0.,0.,-1.));
#4871=DIRECTION('',(0.,0.863945432703212,0.503585433974474));
#4872=DIRECTION('',(0.,-0.870860569601947,-0.491530129608117));
#4873=DIRECTION('center_axis',(0.00201162197076344,-0.114840012972283,0.993381963193198));
#4874=DIRECTION('ref_axis',(0.999997949645911,0.,-0.00202501949981034));
#4875=DIRECTION('',(-0.00184114718334351,0.993381864080517,0.114843729880945));
#4876=DIRECTION('center_axis',(-0.526670397061314,0.764403788584922,-0.371893991422684));
#4877=DIRECTION('ref_axis',(-0.576814301421676,0.,0.816875303626829));
#4878=DIRECTION('',(0.787083656118242,0.603767504433237,0.126349194148607));
#4879=DIRECTION('center_axis',(0.110943169281063,0.899674626308762,0.422228824177203));
#4880=DIRECTION('ref_axis',(0.,-0.424851538042183,0.905263039465984));
#4881=DIRECTION('',(0.99243054003493,-0.0777793495323365,-0.0950368138791668));
#4882=DIRECTION('',(0.985456311257829,-0.154611175708472,0.0705070418338247));
#4883=DIRECTION('center_axis',(0.121737908639268,0.724979869937197,0.677926301146358));
#4884=DIRECTION('ref_axis',(0.984256351691281,0.,-0.176746808048599));
#4885=DIRECTION('',(0.938564261508794,0.138127324455439,-0.316256176630961));
#4886=DIRECTION('center_axis',(-0.958448827023284,-0.0364281752419993,0.282929026482312));
#4887=DIRECTION('ref_axis',(0.28311693862403,0.,0.959085397169698));
#4888=DIRECTION('',(-0.0627491980635934,-0.940597673014477,-0.333674325746118));
#4889=DIRECTION('',(0.,-0.991812887090725,-0.127699635867771));
#4890=DIRECTION('',(-0.0500649700886191,-0.954938217736238,-0.29255170325391));
#4891=DIRECTION('center_axis',(-0.688579352298333,0.725131476345137,0.00654351602198937));
#4892=DIRECTION('ref_axis',(0.00950249315829174,0.,0.99995485029264));
#4893=DIRECTION('',(-0.118551747453236,-0.121468807871878,0.985490137895844));
#4894=DIRECTION('',(0.166423237116703,0.149238687594447,0.9746953987132));
#4895=DIRECTION('center_axis',(-1.,0.,0.));
#4896=DIRECTION('ref_axis',(0.,0.,1.));
#4897=DIRECTION('',(0.,0.300807878975347,0.953684759208384));
#4898=DIRECTION('',(0.,0.633402005852721,0.773822911900229));
#4899=DIRECTION('',(0.,0.523232109165937,0.852190213472183));
#4900=DIRECTION('center_axis',(0.106692232744145,-0.413694561767264,-0.904142453950847));
#4901=DIRECTION('ref_axis',(-0.993109433110428,0.,-0.117190673123268));
#4902=DIRECTION('',(-0.980823917344169,-0.192952553691766,-0.0274546023366666));
#4903=DIRECTION('',(0.978135467052117,-0.119591823281746,0.170143480330236));
#4904=DIRECTION('',(-0.992957062073659,0.00277472364460003,-0.118442280401651));
#4905=DIRECTION('center_axis',(-0.999450494505618,-0.0316115790194583,0.00997081262344789));
#4906=DIRECTION('ref_axis',(0.00997579823660707,0.,0.999950240486767));
#4907=DIRECTION('',(0.000272663777319636,-0.308638354439746,-0.95117942146747));
#4908=DIRECTION('',(-0.000268976268298269,0.308532590754883,0.951213734180624));
#4909=DIRECTION('center_axis',(-1.,0.,0.));
#4910=DIRECTION('ref_axis',(0.,0.,1.));
#4911=DIRECTION('',(0.,0.609156142809575,0.793050309676102));
#4912=DIRECTION('center_axis',(-0.000288078549294451,-0.965997383424763,
0.258551681926963));
#4913=DIRECTION('ref_axis',(0.,-0.258551692655469,-0.965997423508465));
#4914=DIRECTION('center_axis',(0.143310237839304,-0.875587227013017,-0.461312457692287));
#4915=DIRECTION('ref_axis',(0.,0.466123874980215,-0.884719465804516));
#4916=DIRECTION('',(-0.986358454134998,-0.0882195888335744,-0.138975911950424));
#4917=DIRECTION('',(0.978863168506961,0.1941243072897,-0.0643634264144444));
#4918=DIRECTION('center_axis',(0.159810966301466,-0.715605506437372,-0.679977363010199));
#4919=DIRECTION('ref_axis',(-0.973475772698544,0.,-0.228790122096589));
#4920=DIRECTION('',(-0.898712404530603,0.179497103289534,-0.400120986519689));
#4921=DIRECTION('center_axis',(-1.,0.,0.));
#4922=DIRECTION('ref_axis',(0.,0.,1.));
#4923=DIRECTION('',(0.,0.777493168578175,0.62889138395614));
#4924=DIRECTION('',(0.,0.649427255829479,0.760423723581657));
#4925=DIRECTION('',(0.,0.857469578502156,0.514534665443773));
#4926=DIRECTION('center_axis',(-1.,0.,0.));
#4927=DIRECTION('ref_axis',(0.,0.,1.));
#4928=DIRECTION('',(0.,-0.85751244371976,-0.514463224016805));
#4929=DIRECTION('',(0.,-0.940458905872101,-0.339907408518631));
#4930=DIRECTION('center_axis',(-0.198326731613506,0.616399062737234,-0.762049016129648));
#4931=DIRECTION('ref_axis',(-0.96776248301282,0.,0.251864599483257));
#4932=DIRECTION('',(0.0649116021290236,0.784046483583816,0.617298627480166));
#4933=DIRECTION('center_axis',(-0.999486911790467,0.010887193223367,-0.0301227851181262));
#4934=DIRECTION('ref_axis',(-0.0301245705184109,0.,0.999546152136599));
#4935=DIRECTION('',(0.00411832785728874,-0.888970484623328,-0.457945975901335));
#4936=DIRECTION('',(0.00476728518572287,-0.879418179464266,-0.476026195308319));
#4937=DIRECTION('center_axis',(1.,0.,0.));
#4938=DIRECTION('ref_axis',(0.,0.,-1.));
#4939=DIRECTION('center_axis',(-0.0218884986654888,-0.781259847018351,-0.623822045989907));
#4940=DIRECTION('ref_axis',(-0.999384993464807,0.,0.035066149451406));
#4941=DIRECTION('',(0.98390498225905,0.0938524243476972,-0.152061528105826));
#4942=DIRECTION('',(0.998690589874374,0.0117720252825922,-0.0497847880092044));
#4943=DIRECTION('center_axis',(0.181644204558889,-0.969833501463548,-0.16256802388269));
#4944=DIRECTION('ref_axis',(0.,0.165318204880937,-0.986240280628886));
#4945=DIRECTION('',(0.330501635887237,-0.0954921785614553,0.938962146473141));
#4946=DIRECTION('',(0.981243449007191,0.167906676985251,0.0947029123324199));
#4947=DIRECTION('center_axis',(0.220348590448851,0.917647625190434,0.330710348597624));
#4948=DIRECTION('ref_axis',(0.,-0.339043637611552,0.940770647817589));
#4949=DIRECTION('',(0.958643333267694,-0.141118460701969,-0.247160958952891));
#4950=DIRECTION('center_axis',(0.118192653441269,-0.045751525909601,-0.991936134309793));
#4951=DIRECTION('ref_axis',(-0.992975928380336,0.,-0.118316548534893));
#4952=DIRECTION('',(-0.457989716558031,-0.888853848751231,-0.0135740593492813));
#4953=DIRECTION('center_axis',(-0.587062590779778,-0.198298062032697,-0.784879221983237));
#4954=DIRECTION('ref_axis',(-0.800781326109711,0.,0.598956816268062));
#4955=DIRECTION('',(0.,-0.96953544382871,0.244951062785747));
#4956=DIRECTION('',(-0.0892579068342531,-0.947769071804932,0.306213671473999));
#4957=DIRECTION('center_axis',(0.331032144919509,-0.31819258891711,-0.888353080361754));
#4958=DIRECTION('ref_axis',(-0.937055514891237,0.,-0.349180414702658));
#4959=DIRECTION('',(0.0380395391869086,0.945166101225738,-0.324367129272041));
#4960=DIRECTION('',(-0.248396378996781,0.878844041425161,-0.407347995886537));
#4961=DIRECTION('center_axis',(0.140222969781801,0.553285384846744,-0.821104622846908));
#4962=DIRECTION('ref_axis',(-0.985729578553773,0.,-0.168336561578882));
#4963=DIRECTION('',(-0.519882151933129,0.746924899347662,0.414518688162384));
#4964=DIRECTION('center_axis',(-0.09833660833084,0.994484913516926,-0.0364646164002728));
#4965=DIRECTION('ref_axis',(0.,0.0366422135126712,0.999328448603807));
#4966=DIRECTION('',(-0.332587229963233,0.00169255587767548,0.943070978092309));
#4967=DIRECTION('',(-0.198223229484035,-0.0554823288632158,-0.978585337350215));
#4968=DIRECTION('center_axis',(0.833606649677937,0.468152966453106,0.293142889413818));
#4969=DIRECTION('ref_axis',(0.331741909509976,0.,-0.943370184749696));
#4970=DIRECTION('',(0.,-0.530711249439922,0.847552694360603));
#4971=DIRECTION('center_axis',(-1.,0.,0.));
#4972=DIRECTION('ref_axis',(0.,0.,1.));
#4973=DIRECTION('',(0.,-0.377194315745057,0.926134141563531));
#4974=DIRECTION('center_axis',(-0.492030904882444,0.869118174694196,0.0503903468612072));
#4975=DIRECTION('ref_axis',(0.,-0.0578815020986212,0.998323460464997));
#4976=DIRECTION('',(0.114199369967403,0.121816049716628,-0.985961132058706));
#4977=DIRECTION('',(-0.12321848078292,-0.126822363925596,0.984242497559353));
#4978=DIRECTION('center_axis',(0.0810086256103975,-0.387587548576527,-0.918266570645558));
#4979=DIRECTION('ref_axis',(-0.996131264621712,0.,-0.0878777767308048));
#4980=DIRECTION('',(0.966583411740791,0.255361796856128,-0.0225135704396811));
#4981=DIRECTION('',(0.924841982429291,-0.314274797553436,0.214239723578534));
#4982=DIRECTION('',(0.996713392874614,0.0316148291720164,0.0745849518388242));
#4983=DIRECTION('center_axis',(0.038989749580692,-0.481965110094173,-0.875322473194621));
#4984=DIRECTION('ref_axis',(-0.999009421127423,0.,-0.0444991741344791));
#4985=DIRECTION('',(0.982124047546175,0.179922146027015,-0.0553206706444548));
#4986=DIRECTION('',(0.000318588382282915,0.875994517007335,-0.482320956080626));
#4987=DIRECTION('center_axis',(0.165236989534376,0.564013912237142,-0.809064301580888));
#4988=DIRECTION('ref_axis',(-0.979775144037221,0.,-0.200101641989371));
#4989=DIRECTION('',(-0.974840810549035,0.217840327965915,-0.0472333102778418));
#4990=DIRECTION('',(0.942136465740679,0.152341763177376,0.298614914419343));
#4991=DIRECTION('center_axis',(0.107121027371348,-0.874492029111258,-0.473063184485732));
#4992=DIRECTION('ref_axis',(0.,0.475800948652704,-0.879552987182232));
#4993=DIRECTION('',(0.992359477488862,0.0647432659846341,0.105028457799187));
#4994=DIRECTION('',(0.90639375320532,-0.109656576155749,0.407953182921976));
#4995=DIRECTION('center_axis',(0.0827703678415599,-0.993779091064226,0.0745129812243078));
#4996=DIRECTION('ref_axis',(0.,-0.0747695419906542,-0.997200840147313));
#4997=DIRECTION('',(-0.996373369750443,-0.0810424121345226,0.0259275044607972));
#4998=DIRECTION('',(-0.978592176460753,-0.0951872626479148,-0.182473935671383));
#4999=DIRECTION('center_axis',(0.0885174323170743,0.982228317082949,-0.165505882966105));
#5000=DIRECTION('ref_axis',(0.,0.166158115410717,0.986099123153022));
#5001=DIRECTION('',(-0.991278670854319,0.0705810470904967,-0.111287521766387));
#5002=DIRECTION('',(-0.993241728277905,0.0995613901397805,0.0596523159731075));
#5003=DIRECTION('center_axis',(0.0968035912203553,0.946754429972109,-0.307058812045885));
#5004=DIRECTION('ref_axis',(0.,0.308507717360345,0.951221839703604));
#5005=DIRECTION('',(-0.98013752206996,0.14432958845461,0.13601252783138));
#5006=DIRECTION('',(-0.994927679747511,0.100524161963841,-0.00371549911885977));
#5007=DIRECTION('center_axis',(0.100187591971508,0.952229144270615,-0.288482414050844));
#5008=DIRECTION('ref_axis',(0.,0.289941234368496,0.957044450698541));
#5009=DIRECTION('',(-0.92625408373257,0.19514196455531,0.322448423842063));
#5010=DIRECTION('center_axis',(0.0821236643824549,0.790371502251719,-0.60709850286157));
#5011=DIRECTION('ref_axis',(-0.990974370727857,0.,-0.134051469818606));
#5012=DIRECTION('',(-0.995056844817085,0.0308982199597105,-0.0943778341878518));
#5013=DIRECTION('center_axis',(0.0639466058509775,0.490524125387652,-0.869078197869915));
#5014=DIRECTION('ref_axis',(-0.997303948386741,0.,-0.0733814317945373));
#5015=DIRECTION('',(0.96882286422363,-0.239390656545612,-0.063830802252379));
#5016=DIRECTION('',(0.968337869772445,-0.241081031927438,-0.064820567795762));
#5017=DIRECTION('center_axis',(0.09424164888019,0.59345530383844,-0.799330541116983));
#5018=DIRECTION('ref_axis',(-0.993121340257605,0.,-0.117089724249988));
#5019=DIRECTION('center_axis',(0.0673588206042955,0.502441698544365,-0.861983253230973));
#5020=DIRECTION('ref_axis',(-0.996960670172019,0.,-0.0779064960716364));
#5021=DIRECTION('',(0.993951541210432,0.0413131961189367,0.101752413002564));
#5022=DIRECTION('center_axis',(0.0856897219032343,0.287731898204017,-0.953869816230737));
#5023=DIRECTION('ref_axis',(-0.995989206251684,0.,-0.08947346550872));
#5024=DIRECTION('',(-0.993235772399125,-0.0506261499052545,-0.104497336676511));
#5025=DIRECTION('center_axis',(0.157849186484221,0.986530888868503,-0.042900345390122));
#5026=DIRECTION('ref_axis',(0.,0.0434450053478905,0.999055820017241));
#5027=DIRECTION('',(-0.0904441619320059,-0.0288182470765339,-0.995484486171358));
#5028=DIRECTION('center_axis',(0.106034460679978,-0.0286855148622959,-0.993948607517205));
#5029=DIRECTION('ref_axis',(-0.994357799725866,0.,-0.106078113314362));
#5030=DIRECTION('',(0.934666223199546,0.344003201798201,0.0897822274310612));
#5031=DIRECTION('center_axis',(0.0724931110090186,0.0628230290424557,-0.995388374393716));
#5032=DIRECTION('ref_axis',(-0.997358473969817,0.,-0.0726365913338276));
#5033=DIRECTION('',(-0.908805548771769,0.415300359228566,-0.0399760696700946));
#5034=DIRECTION('center_axis',(0.953543288808283,-0.23109981027785,0.193256498100904));
#5035=DIRECTION('ref_axis',(0.19863349740366,0.,-0.980073840947298));
#5036=DIRECTION('',(0.00113927211686268,0.644264194698687,0.76480216362684));
#5037=DIRECTION('center_axis',(0.0633011356738148,-0.114497825270016,0.991404667242818));
#5038=DIRECTION('ref_axis',(0.997967803680993,0.,-0.0637201915889681));
#5039=DIRECTION('',(0.989996076785554,0.132721412728782,-0.0478831343218905));
#5040=DIRECTION('',(0.988721715409867,-0.127908705428216,-0.077902070271901));
#5041=DIRECTION('center_axis',(0.103785897354537,-0.455096759277259,0.884372900537805));
#5042=DIRECTION('ref_axis',(0.99318418187382,0.,-0.116555484107916));
#5043=DIRECTION('',(-0.988270353512267,-0.147339900875881,0.0401579628296083));
#5044=DIRECTION('center_axis',(0.0186286535003491,-0.999514068723452,0.0249919925706975));
#5045=DIRECTION('ref_axis',(0.,-0.0249963301444151,-0.999687542924944));
#5046=DIRECTION('',(-0.458749548710281,-0.0307545507527088,-0.888033225260245));
#5047=DIRECTION('',(-0.994845317534446,-0.0210220781751465,-0.0992011411677533));
#5048=DIRECTION('center_axis',(0.442418420228717,-0.896654099579531,-0.0166543432637528));
#5049=DIRECTION('ref_axis',(0.,0.0185706742797609,-0.999827550158924));
#5050=DIRECTION('',(-0.464822887180832,-0.245150864736032,0.850788303323483));
#5051=DIRECTION('center_axis',(-0.00409764095950874,-0.999968101392419,
0.00685605835800511));
#5052=DIRECTION('ref_axis',(0.,-0.00685611591760729,-0.999976496561056));
#5053=DIRECTION('',(-0.817248668789064,0.00729975233753865,0.576238949549849));
#5054=DIRECTION('center_axis',(0.127128378847128,-0.932932522513651,0.336860926389537));
#5055=DIRECTION('ref_axis',(0.,-0.339616482372732,-0.940564003617389));
#5056=DIRECTION('',(0.962148019400874,0.0334500342208166,-0.270466789039988));
#5057=DIRECTION('center_axis',(0.00104610892604225,-0.45927966608594,-0.888291108801671));
#5058=DIRECTION('ref_axis',(-0.999999306553855,0.,-0.00117766370760287));
#5059=DIRECTION('',(-0.754246049973053,-0.58360700945512,0.300858363046299));
#5060=DIRECTION('',(0.999989354019713,0.00447258159772578,-0.00113483967538332));
#5061=DIRECTION('',(0.999975123527723,0.00667675083828791,-0.00227449422040364));
#5062=DIRECTION('center_axis',(0.000453368046756603,0.99480782400435,-0.101770269514949));
#5063=DIRECTION('ref_axis',(0.,0.101770279974013,0.994807926242051));
#5064=DIRECTION('',(0.939184771935796,-0.0353727182314839,-0.341585618796844));
#5065=DIRECTION('center_axis',(0.00455196109902845,-0.996471103812147,0.0838129996930947));
#5066=DIRECTION('ref_axis',(0.,-0.0838138680239265,-0.996481427587523));
#5067=DIRECTION('',(0.882580580914189,-0.0354012087250028,-0.468826484548369));
#5068=DIRECTION('center_axis',(-0.0185231323650829,-0.999735853254282,-0.0136057813196733));
#5069=DIRECTION('ref_axis',(0.,0.0136081160360284,-0.999907405302086));
#5070=DIRECTION('',(-0.999828400297118,0.0185248470791435,0.));
#5071=DIRECTION('',(0.374050964136403,-0.0195490681777755,0.927202087013402));
#5072=DIRECTION('center_axis',(0.392375638939084,-0.49389961066996,0.775953950017143));
#5073=DIRECTION('ref_axis',(0.89239454220525,0.,-0.451256003885025));
#5074=DIRECTION('',(-0.352974586608727,-0.85987046177737,-0.368824796036235));
#5075=DIRECTION('',(-0.782986344341714,-0.622038893136434,0.));
#5076=DIRECTION('center_axis',(0.628736367572214,-0.509916085065088,0.587091275939262));
#5077=DIRECTION('ref_axis',(0.682486392358325,0.,-0.730898299523073));
#5078=DIRECTION('',(0.757445196404146,0.572445968989508,-0.313978322551014));
#5079=DIRECTION('center_axis',(-0.202183449063739,0.968399972172744,-0.14602515817666));
#5080=DIRECTION('ref_axis',(0.,0.149104514251739,0.988821441833536));
#5081=DIRECTION('',(0.77745060051027,0.0680348178585882,-0.625253410486635));
#5082=DIRECTION('',(0.97754443810319,0.190511173542954,-0.0900686643001076));
#5083=DIRECTION('',(0.966690924767629,0.221233686645702,0.128702415925485));
#5084=DIRECTION('center_axis',(-0.00131392201093956,0.829602646199084,-0.55835268695371));
#5085=DIRECTION('ref_axis',(-0.99999723120912,0.,0.00235320506852546));
#5086=DIRECTION('',(0.970444098093246,-0.133685454310489,-0.2009140407781));
#5087=DIRECTION('center_axis',(-0.0010432939551781,0.733116976997601,0.68010176413212));
#5088=DIRECTION('ref_axis',(0.999998823383817,0.,0.00153402443964088));
#5089=DIRECTION('',(0.967216113015501,0.173453553771788,-0.185490849928302));
#5090=DIRECTION('',(0.999984347650308,0.00450330593142248,-0.00332034487316055));
#5091=DIRECTION('center_axis',(-0.0731953544762365,0.996989148445674,0.0255944909046304));
#5092=DIRECTION('ref_axis',(0.,-0.0256633296434898,0.999670642517629));
#5093=DIRECTION('',(0.99731586178255,0.0732193405933793,0.));
#5094=DIRECTION('',(-0.896865636307439,-0.0545767094192057,-0.438923015117485));
#5095=DIRECTION('center_axis',(0.0995963730376416,0.173094058927578,0.979856626880547));
#5096=DIRECTION('ref_axis',(0.994873952347316,0.,-0.101122791401497));
#5097=DIRECTION('',(0.989955122671831,0.0820729166329219,-0.115121203308366));
#5098=DIRECTION('',(-0.961001295288595,0.272055715646701,0.0496205404807785));
#5099=DIRECTION('center_axis',(1.,0.,0.));
#5100=DIRECTION('ref_axis',(0.,0.,-1.));
#5101=DIRECTION('center_axis',(-1.,0.,0.));
#5102=DIRECTION('ref_axis',(0.,0.,1.));
#5103=DIRECTION('',(0.,-0.542136684638874,0.840290316003207));
#5104=DIRECTION('center_axis',(-0.207956215933111,0.941237202978733,-0.266132936675551));
#5105=DIRECTION('ref_axis',(0.,0.272081137620387,0.962274313567185));
#5106=DIRECTION('center_axis',(0.0831605097227458,0.320481805718687,0.943597234960946));
#5107=DIRECTION('ref_axis',(0.996138909208696,0.,-0.0877910790485559));
#5108=DIRECTION('',(0.991762898540196,0.0659495556110021,-0.1098044133624));
#5109=DIRECTION('center_axis',(0.0622931417346649,0.50071224066427,0.863369455413956));
#5110=DIRECTION('ref_axis',(0.997407220940609,0.,-0.0719641272824988));
#5111=DIRECTION('',(-0.94570015909774,0.306113210131882,-0.109297354337897));
#5112=DIRECTION('center_axis',(0.0949070122955654,0.581656158357934,0.807879181846778));
#5113=DIRECTION('ref_axis',(0.993170219326551,0.,-0.116674399260719));
#5114=DIRECTION('',(-0.995080104167027,0.0322544540363241,0.0936762322350633));
#5115=DIRECTION('center_axis',(0.0780348401970651,0.8377279620539,0.5404835106721));
#5116=DIRECTION('ref_axis',(0.989737423475764,0.,-0.142897979592281));
#5117=DIRECTION('',(0.991791219889309,-0.120316447746734,0.0432912064059566));
#5118=DIRECTION('center_axis',(0.10842130937373,0.970774821289388,0.214105268557884));
#5119=DIRECTION('ref_axis',(0.,-0.215374896134155,0.976531440413058));
#5120=DIRECTION('',(-0.918145360068444,0.0152159121157825,0.395951479102265));
#5121=DIRECTION('center_axis',(0.752685540331807,-0.658313025480773,0.00940414045870398));
#5122=DIRECTION('ref_axis',(0.0124931409384062,0.,-0.999921957669444));
#5123=DIRECTION('center_axis',(0.915049543287831,0.373548296784003,0.152138106004062));
#5124=DIRECTION('ref_axis',(0.164010722137141,0.,-0.98645855616141));
#5125=DIRECTION('',(0.0758817167250723,0.211024313824894,-0.974531017485636));
#5126=DIRECTION('center_axis',(0.110313955899255,0.969572592512913,0.218540199921312));
#5127=DIRECTION('ref_axis',(0.,-0.219882186866035,0.975526434238975));
#5128=DIRECTION('center_axis',(0.0592989796833958,-0.923130799360074,-0.379885717395823));
#5129=DIRECTION('ref_axis',(0.,0.380555393213202,-0.924758126591135));
#5130=DIRECTION('',(-0.948813625261488,-0.170385953814189,0.265934825212835));
#5131=DIRECTION('',(0.993100441292667,0.0159866258702146,0.116172033199027));
#5132=DIRECTION('center_axis',(0.0923864862966835,-0.716802711954247,-0.691128504176169));
#5133=DIRECTION('ref_axis',(-0.991183501577673,0.,-0.132496287495998));
#5134=DIRECTION('',(0.964264605650066,-0.108686308474565,0.241621722203726));
#5135=DIRECTION('center_axis',(-0.345512438821786,0.938090451615979,-0.0246466875330216));
#5136=DIRECTION('ref_axis',(0.,0.0262641894364678,0.999655036676775));
#5137=DIRECTION('',(-0.158440436463703,-0.0842028102149494,-0.983771576558856));
#5138=DIRECTION('',(0.452739077162973,0.143629997429389,-0.879998722640012));
#5139=DIRECTION('center_axis',(-0.223511919174835,0.974695430605225,0.0033525429269687));
#5140=DIRECTION('ref_axis',(0.,-0.00343955967207132,0.999994084697136));
#5141=DIRECTION('',(-0.437034252142697,-0.103291591389608,0.893494213524786));
#5142=DIRECTION('',(0.29150803962407,0.0635641360812129,0.95445411803752));
#5143=DIRECTION('center_axis',(-0.0617942698462819,0.998086566740786,0.00216182926147236));
#5144=DIRECTION('ref_axis',(0.,-0.00216596862685082,0.999997654287202));
#5145=DIRECTION('',(0.0538576448616159,0.00549727142281089,-0.998533491725172));
#5146=DIRECTION('center_axis',(0.343360566789871,-0.907909814645199,0.240423147065043));
#5147=DIRECTION('ref_axis',(0.,-0.255986168343819,-0.966680444416173));
#5148=DIRECTION('',(0.898288879654152,0.242727903847815,-0.366278928391103));
#5149=DIRECTION('',(0.349928593544575,-0.113888407919003,-0.929827623789265));
#5150=DIRECTION('',(-0.935345194073616,-0.353736297152823,0.));
#5151=DIRECTION('center_axis',(0.0951333250622863,-0.995463871325034,0.00115384105000264));
#5152=DIRECTION('ref_axis',(0.,-0.00115909809300158,-0.99999932824558));
#5153=DIRECTION('',(-0.278137222265114,-0.0276935917812108,-0.960142047076839));
#5154=DIRECTION('',(-0.902412797703065,-0.0867299306732291,-0.422053387223872));
#5155=DIRECTION('center_axis',(0.503482648817101,0.670637640347311,0.544747994663134));
#5156=DIRECTION('ref_axis',(0.734374395472733,0.,-0.678744611230216));
#5157=DIRECTION('',(0.805248565065472,-0.592759946828407,-0.0145049610817198));
#5158=DIRECTION('',(-0.714411606603513,-0.03145512055396,0.699018334338323));
#5159=DIRECTION('',(-0.835105571318379,0.216025533334211,0.50589688050103));
#5160=DIRECTION('center_axis',(0.449468651716375,0.798170052103003,0.401126537454396));
#5161=DIRECTION('ref_axis',(0.665845103633213,0.,-0.746090006612925));
#5162=DIRECTION('',(0.871343137008742,-0.490674166415724,0.));
#5163=DIRECTION('center_axis',(0.524273863019263,-0.850545029182928,0.0413529912711513));
#5164=DIRECTION('ref_axis',(0.0786324702114928,0.,-0.996903673695929));
#5165=DIRECTION('',(-0.144506806824502,-0.0410058838047003,0.988653781803712));
#5166=DIRECTION('',(0.768264813220236,0.493385842442191,0.407847504890351));
#5167=DIRECTION('center_axis',(0.372538483087865,-0.862731506044765,0.341920205744447));
#5168=DIRECTION('ref_axis',(0.676182927906132,0.,-0.736733770101718));
#5169=DIRECTION('center_axis',(0.591098412076283,0.804436050116763,-0.0590365015345388));
#5170=DIRECTION('ref_axis',(-0.0993814813361582,0.,-0.995049406395195));
#5171=DIRECTION('center_axis',(-0.925163258236273,-0.377576381049691,0.0388461334377246));
#5172=DIRECTION('ref_axis',(0.0419514447026967,0.,0.999119650636177));
#5173=DIRECTION('',(-0.00583323695699879,0.116473833203201,0.993176630577641));
#5174=DIRECTION('',(-0.365998362722003,0.860279348866575,-0.354914976295049));
#5175=DIRECTION('center_axis',(-0.956255867049623,0.289837909938863,-0.0396068516224811));
#5176=DIRECTION('ref_axis',(-0.0413831943151225,0.,0.999143348688404));
#5177=DIRECTION('',(-0.0747135015818502,-0.111078867143897,0.990999181611876));
#5178=DIRECTION('center_axis',(-0.800566094522195,0.599205798780512,0.00680727620194507));
#5179=DIRECTION('ref_axis',(0.00850277094029235,0.,0.999963850789786));
#5180=DIRECTION('',(-0.59924262187148,-0.800483805692666,-0.0115739775522454));
#5181=DIRECTION('',(0.0905503399054291,0.109734420394795,0.989827759220578));
#5182=DIRECTION('center_axis',(0.0215566087162581,-0.929146866221687,0.369081852183325));
#5183=DIRECTION('ref_axis',(0.,-0.369167635920775,-0.929362822900005));
#5184=DIRECTION('center_axis',(-0.604991426976307,0.795553984539007,-0.0328516509369146));
#5185=DIRECTION('ref_axis',(-0.0542211395394355,0.,0.998528952022446));
#5186=DIRECTION('',(-0.230271712059269,-0.135319791665296,0.963671880158881));
#5187=DIRECTION('center_axis',(0.00122792478206817,-0.482320959627624,-0.875993712365915));
#5188=DIRECTION('ref_axis',(-0.999999017548963,0.,-0.00140174930294393));
#5189=DIRECTION('',(-0.999979025457326,0.0049784831922433,-0.00414286742752814));
#5190=DIRECTION('center_axis',(-0.26984907779261,0.962728685566034,0.0183017267702685));
#5191=DIRECTION('ref_axis',(0.,-0.0190068301784356,0.999819353886775));
#5192=DIRECTION('',(0.952391548790222,0.264054466011036,0.152399398859013));
#5193=DIRECTION('center_axis',(-0.279937426482243,-0.149708497888014,-0.948273379840757));
#5194=DIRECTION('ref_axis',(-0.959082063606471,0.,0.283128231139801));
#5195=DIRECTION('',(0.858683094511287,0.402661646087408,-0.317059839731712));
#5196=DIRECTION('',(-0.874035068886559,-0.36884507872687,0.316253073116194));
#5197=DIRECTION('center_axis',(-0.00128082915630029,-0.97973406396217,-0.200298585588723));
#5198=DIRECTION('ref_axis',(0.,0.200298749886176,-0.979734867601452));
#5199=DIRECTION('',(-0.999969190478549,0.00280605404346157,-0.00733104047048161));
#5200=DIRECTION('center_axis',(0.104769197942614,-0.994301665103541,-0.0196879134188466));
#5201=DIRECTION('ref_axis',(0.,0.0197968642003974,-0.9998040228804));
#5202=DIRECTION('',(-0.991631880270017,-0.105948467000267,0.0737640588121656));
#5203=DIRECTION('center_axis',(0.174692436919459,0.312919574364669,0.933575863260493));
#5204=DIRECTION('ref_axis',(0.982939448964297,0.,-0.183929442096052));
#5205=DIRECTION('',(0.951970168199578,0.18847561041363,-0.241308398397728));
#5206=DIRECTION('',(0.984608245435582,-0.0503179521338114,-0.167375944249236));
#5207=DIRECTION('center_axis',(-0.232648179493133,0.879242585844252,0.415700974038363));
#5208=DIRECTION('ref_axis',(0.,-0.427429220718021,0.904048815759628));
#5209=DIRECTION('',(0.929609688123875,0.326657090703953,-0.170648682500221));
#5210=DIRECTION('',(-0.96975028601539,-0.242189710690709,-0.0304717378667645));
#5211=DIRECTION('',(-0.949259762292517,-0.11228406891984,-0.293765538413134));
#5212=DIRECTION('center_axis',(-0.151102581083501,0.987697364150202,0.0402731528520843));
#5213=DIRECTION('ref_axis',(0.,-0.0407409367086259,0.99916974337502));
#5214=DIRECTION('',(-0.98572857297976,-0.15360960319565,0.0688714034804014));
#5215=DIRECTION('',(-0.867195379195211,-0.112891737718429,-0.485002711185606));
#5216=DIRECTION('center_axis',(-0.00701504432071472,-0.844964891035108,
0.534775768029187));
#5217=DIRECTION('ref_axis',(0.999913973677347,0.,0.0131166018761451));
#5218=DIRECTION('',(0.999271690797835,-0.0259829901835215,-0.0279458796812714));
#5219=DIRECTION('',(0.961621229379769,0.140990992690439,0.235385112499296));
#5220=DIRECTION('center_axis',(0.242531538647434,-0.952866542139666,-0.182273985066723));
#5221=DIRECTION('ref_axis',(0.,0.187883525461308,-0.982191315813895));
#5222=DIRECTION('',(0.932261704507894,0.176920762036245,0.315574330813757));
#5223=DIRECTION('',(-0.938957502728565,-0.27780978036826,0.202929874590893));
#5224=DIRECTION('center_axis',(0.14818815797844,-0.98895681444981,-0.00216540717683905));
#5225=DIRECTION('ref_axis',(0.,0.0021895819457649,-0.999997602862578));
#5226=DIRECTION('',(0.988959133061401,0.148188505405927,0.));
#5227=DIRECTION('',(-0.00666793013532498,0.00119039497190412,-0.999977060570652));
#5228=DIRECTION('center_axis',(0.32274036006262,-0.946481859116527,-0.00327877263201109));
#5229=DIRECTION('ref_axis',(0.,0.00346414770363722,-0.999993999822343));
#5230=DIRECTION('',(0.165118372425757,0.0528919265994763,0.984854490362949));
#5231=DIRECTION('center_axis',(0.114464213561397,-0.985801657290155,0.12285371910429));
#5232=DIRECTION('ref_axis',(0.,-0.123666533199724,-0.99232383250951));
#5233=DIRECTION('',(0.297959992119164,0.152040894392865,0.942392386179221));
#5234=DIRECTION('center_axis',(0.239316926841411,0.318126189039477,-0.917345701671077));
#5235=DIRECTION('ref_axis',(-0.967614862849577,0.,-0.252431133564372));
#5236=DIRECTION('',(0.970938603897553,-0.0761011614332937,0.226907119081739));
#5237=DIRECTION('',(-0.597224016216892,0.793159191365494,0.119255908055753));
#5238=DIRECTION('center_axis',(0.219171652307086,-0.098105509758411,-0.970741518520777));
#5239=DIRECTION('ref_axis',(-0.975447056508311,0.,-0.22023405719659));
#5240=DIRECTION('',(0.962661907788255,0.183767108305284,0.19877550452355));
#5241=DIRECTION('center_axis',(0.265814247867545,-0.502716959377102,-0.822568200446171));
#5242=DIRECTION('ref_axis',(-0.951549747011135,0.,-0.307494843799119));
#5243=DIRECTION('',(0.840722763320769,0.538417366585914,-0.0573757317424418));
#5244=DIRECTION('center_axis',(-9.43705437671354E-5,-0.650781299290243,
-0.759265231383806));
#5245=DIRECTION('ref_axis',(-0.999999992275758,0.,0.000124291932696824));
#5246=DIRECTION('center_axis',(0.0482992831077344,0.998399852431709,0.0294094188249557));
#5247=DIRECTION('ref_axis',(0.,-0.0294437824109436,0.9995664378506));
#5248=DIRECTION('',(0.988982139728018,-0.051927206508469,0.138628613652516));
#5249=DIRECTION('',(0.654147199688402,-0.0538688732906357,0.754446542592793));
#5250=DIRECTION('center_axis',(0.00884313094869529,0.955510138199264,0.294825668545748));
#5251=DIRECTION('ref_axis',(0.,-0.294837197047798,0.955547501298077));
#5252=DIRECTION('center_axis',(-0.897005331367372,-0.224547528492807,0.380735922847167));
#5253=DIRECTION('ref_axis',(0.390713520065151,0.,0.920512327586273));
#5254=DIRECTION('',(-0.0681237905435495,0.921293167350859,0.382855127893829));
#5255=DIRECTION('',(-0.391321132106395,0.00287253653631031,-0.92024970529787));
#5256=DIRECTION('center_axis',(0.311466794086901,-0.901293661063416,-0.301094956298064));
#5257=DIRECTION('ref_axis',(0.,0.316856328977868,-0.948473545644089));
#5258=DIRECTION('',(0.948737697632883,0.312856296246263,0.0449190270300571));
#5259=DIRECTION('center_axis',(-0.0923323023150593,-0.995595519499608,0.016257536760137));
#5260=DIRECTION('ref_axis',(0.,-0.0163272828462034,-0.999866701033123));
#5261=DIRECTION('',(-0.643865032353595,0.0721511767142616,0.761729629075206));
#5262=DIRECTION('center_axis',(0.0793887799855936,0.963053425425296,-0.257343197673851));
#5263=DIRECTION('ref_axis',(0.,0.258158014124501,0.966102706622486));
#5264=DIRECTION('',(0.993751422117746,-0.0967782776035871,-0.0556064386833115));
#5265=DIRECTION('',(-0.808674803166997,0.213170011380395,0.548273297700062));
#5266=DIRECTION('center_axis',(0.0962347966874379,0.995281718378292,-0.0123759835359248));
#5267=DIRECTION('ref_axis',(0.,0.0124336925186827,0.999922698657427));
#5268=DIRECTION('',(-0.490360624925294,0.0582262967939242,0.869572398299613));
#5269=DIRECTION('center_axis',(-0.149311659992058,-0.988252608572017,-0.0326007644238479));
#5270=DIRECTION('ref_axis',(0.,0.032970356044971,-0.999456330022612));
#5271=DIRECTION('',(0.346713945696491,-0.0832038863549878,0.934273275415173));
#5272=DIRECTION('',(-0.988778189852762,0.149391068245381,0.));
#5273=DIRECTION('center_axis',(0.353941600285142,-0.626654693884475,-0.69428325503367));
#5274=DIRECTION('ref_axis',(-0.890909639152562,0.,-0.454180597191306));
#5275=DIRECTION('',(-0.322467312737059,0.615051174139493,-0.719532407474306));
#5276=DIRECTION('center_axis',(-0.645105823030609,-0.333407441573079,0.687515785270196));
#5277=DIRECTION('ref_axis',(0.729240879474741,0.,0.684257071357619));
#5278=DIRECTION('',(-0.666194499909438,0.686069005789558,-0.292393925356429));
#5279=DIRECTION('center_axis',(0.186514018144118,0.981404773396567,-0.0453562761938166));
#5280=DIRECTION('ref_axis',(0.,0.0461663901760857,0.998933763779215));
#5281=DIRECTION('',(-0.971260272635984,0.191141290626528,0.141839662354011));
#5282=DIRECTION('',(-0.96093861090897,0.172626811031169,-0.216326073734878));
#5283=DIRECTION('center_axis',(0.22280940101493,0.946192373222242,-0.234682687208558));
#5284=DIRECTION('ref_axis',(0.,0.24073425860871,0.970591065656446));
#5285=DIRECTION('',(-0.699423252204389,-0.0125403983953612,-0.714597685893204));
#5286=DIRECTION('center_axis',(-0.666590221100433,0.688539598111192,0.285605845469161));
#5287=DIRECTION('ref_axis',(0.393831135082114,0.,0.919182809369243));
#5288=DIRECTION('',(-0.683560676501558,-0.411797929849817,-0.602633608847149));
#5289=DIRECTION('',(-0.745293500512075,-0.622792303677043,-0.238049038173017));
#5290=DIRECTION('center_axis',(-0.717502897976136,0.530598107848851,0.451281773776724));
#5291=DIRECTION('ref_axis',(0.532408266184835,0.,0.846487706997602));
#5292=DIRECTION('',(-0.422355385999342,0.183787961724707,-0.887602339475525));
#5293=DIRECTION('center_axis',(-0.348796715940408,0.0599125624442341,0.935281420648647));
#5294=DIRECTION('ref_axis',(0.936964556647257,0.,0.34942441183582));
#5295=DIRECTION('',(0.0369417555067309,-0.996300076706495,0.0775980918239138));
#5296=DIRECTION('center_axis',(0.0658684743002299,-0.80363127765124,0.591471143568302));
#5297=DIRECTION('ref_axis',(0.993856139932372,0.,-0.11067959666861));
#5298=DIRECTION('',(-0.99548712705931,-0.012343215612702,0.0940905143334839));
#5299=DIRECTION('',(-0.978488024162329,0.0641189968151472,0.196086564604311));
#5300=DIRECTION('center_axis',(0.290240818838633,-0.956949738564843,0.00273220434057638));
#5301=DIRECTION('ref_axis',(0.,-0.00285510627620762,-0.99999592417577));
#5302=DIRECTION('',(-0.723313930853778,-0.221247151592353,-0.654115169786733));
#5303=DIRECTION('center_axis',(0.141886703861196,-0.974687216747893,0.172780186293601));
#5304=DIRECTION('ref_axis',(0.,-0.174546085832491,-0.984649005443339));
#5305=DIRECTION('',(-0.989569944008392,-0.144053205154301,0.));
#5306=DIRECTION('center_axis',(0.0787298133062771,-0.762486489538131,0.642196208154935));
#5307=DIRECTION('ref_axis',(0.992568936499404,0.,-0.121683631998891));
#5308=DIRECTION('center_axis',(0.193008209888596,-0.947275112163378,-0.255768826856321));
#5309=DIRECTION('ref_axis',(0.,0.260670171142658,-0.965427916458012));
#5310=DIRECTION('',(0.954230353692569,0.120521417957428,0.273713390073056));
#5311=DIRECTION('center_axis',(0.159864497379415,-0.979033877885114,-0.126237904097233));
#5312=DIRECTION('ref_axis',(0.,0.127882606368377,-0.991789311793806));
#5313=DIRECTION('',(-0.98706012492254,-0.16015549503468,-0.00790741412201216));
#5314=DIRECTION('center_axis',(-0.000156807350700333,0.633284192838329,
-0.773919315247113));
#5315=DIRECTION('ref_axis',(-0.999999979473663,0.,0.000202614593527212));
#5316=DIRECTION('',(-0.759564102673757,0.503306807743449,0.412000766029031));
#5317=DIRECTION('center_axis',(0.246796532946897,0.965862864473825,-0.0787426082613994));
#5318=DIRECTION('ref_axis',(0.,0.0812560764455908,0.996693257748174));
#5319=DIRECTION('',(-0.549367241147768,0.20638456391247,0.809691945206539));
#5320=DIRECTION('',(-0.858837704798133,0.255638734771294,0.4438993513192));
#5321=DIRECTION('',(-0.892705835225696,0.194981765095978,-0.406273803036879));
#5322=DIRECTION('center_axis',(0.160274872472898,-0.986908954167643,-0.0179633359241755));
#5323=DIRECTION('ref_axis',(0.,0.0181985997513468,-0.999834391770502));
#5324=DIRECTION('',(0.754438874337264,0.134216091532377,-0.642501381837031));
#5325=DIRECTION('center_axis',(0.597212940707894,0.538992321452266,-0.593989882798123));
#5326=DIRECTION('ref_axis',(-0.70519096892774,0.,-0.709017416811995));
#5327=DIRECTION('',(-0.228819549195282,-0.595294724894356,-0.770237498709989));
#5328=DIRECTION('center_axis',(-0.167676888399939,0.932247916848512,-0.320621712658584));
#5329=DIRECTION('ref_axis',(0.,0.325226264104536,0.945636228756389));
#5330=DIRECTION('',(-0.985833326581271,-0.159924669396527,0.0505643384226205));
#5331=DIRECTION('center_axis',(-0.153008843613998,0.980976263406462,0.119473279058555));
#5332=DIRECTION('ref_axis',(0.,-0.120896861429886,0.992665073877591));
#5333=DIRECTION('center_axis',(0.140120121723315,-0.983506714882526,0.114371732824266));
#5334=DIRECTION('ref_axis',(0.,-0.115511308271184,-0.993306165118026));
#5335=DIRECTION('',(0.936443118172173,0.169155966423036,0.307344343451229));
#5336=DIRECTION('',(-0.972447497216531,-0.11496034324006,0.202805287503637));
#5337=DIRECTION('center_axis',(0.487914230868221,-0.543377656354983,-0.683140121710355));
#5338=DIRECTION('ref_axis',(-0.813757696361865,0.,-0.581204277007518));
#5339=DIRECTION('',(-0.828977002814973,-0.0433402785839838,-0.557600886886102));
#5340=DIRECTION('',(-0.737783478923108,-0.674964353018777,0.00993279326569694));
#5341=DIRECTION('center_axis',(0.669065204250374,-0.729223959253015,0.143471842926629));
#5342=DIRECTION('ref_axis',(0.209669827523508,0.,-0.977772245170757));
#5343=DIRECTION('',(0.625768521161593,0.656895364632346,0.420597477224686));
#5344=DIRECTION('',(-0.511439934003326,-0.311694135172217,0.800797077920441));
#5345=DIRECTION('center_axis',(0.177271960331693,-0.929629149217088,0.323054634707618));
#5346=DIRECTION('ref_axis',(0.,-0.328253546083746,-0.944589651374313));
#5347=DIRECTION('center_axis',(0.390672558946815,0.668561578870942,-0.632771970731591));
#5348=DIRECTION('ref_axis',(-0.850892485222854,0.,-0.525339869599934));
#5349=DIRECTION('',(0.825118977821771,-0.559082110945985,-0.0812764766616855));
#5350=DIRECTION('center_axis',(0.359018528123787,0.852613026033891,-0.379679765461845));
#5351=DIRECTION('ref_axis',(-0.726600253022936,0.,-0.687060457534128));
#5352=DIRECTION('',(-0.900889217414002,0.422891146010787,0.0977839279885538));
#5353=DIRECTION('center_axis',(-0.291094486642101,0.956694302224297,-0.000109261780999021));
#5354=DIRECTION('ref_axis',(0.,0.000114207621005391,0.99999999347831));
#5355=DIRECTION('',(-0.532946462072285,-0.162255082407436,-0.830446480393282));
#5356=DIRECTION('center_axis',(0.177034238390216,-0.984202049357908,0.00228133234998519));
#5357=DIRECTION('ref_axis',(0.,-0.00231794500206063,-0.999997313561875));
#5358=DIRECTION('',(-0.243716877888552,-0.0415928065436249,0.968954138169646));
#5359=DIRECTION('center_axis',(-0.491923508219029,0.870625693536182,0.00470784623000961));
#5360=DIRECTION('ref_axis',(0.,-0.00540734949254531,0.999985380178863));
#5361=DIRECTION('',(-0.869411349147161,-0.491509999530332,0.0504165283989942));
#5362=DIRECTION('center_axis',(0.348231720793564,0.838671522866564,-0.418765740439488));
#5363=DIRECTION('ref_axis',(-0.768888831191438,0.,-0.639382487458848));
#5364=DIRECTION('',(-0.931040103816832,0.361419867649796,-0.0503984558567706));
#5365=DIRECTION('center_axis',(-0.451760992539262,0.832103322876415,0.321739126743965));
#5366=DIRECTION('ref_axis',(0.580106654054528,0.,0.814540526874913));
#5367=DIRECTION('',(-0.594452331772018,-0.0118472042623341,-0.804043574069202));
#5368=DIRECTION('',(-0.868918296577975,-0.32864753430725,-0.370097003589324));
#5369=DIRECTION('center_axis',(-0.465704120925005,0.796104308889875,0.38644223516645));
#5370=DIRECTION('ref_axis',(0.638579222862462,0.,0.769556090306856));
#5371=DIRECTION('',(-0.861652262738056,-0.507450733795496,0.00700934296503304));
#5372=DIRECTION('center_axis',(-0.277411365777007,0.960702531645042,-0.00967366675790791));
#5373=DIRECTION('ref_axis',(0.,0.010068856966215,0.999949307774846));
#5374=DIRECTION('center_axis',(-0.258641024518914,-0.965922153075798,0.00996065425666419));
#5375=DIRECTION('ref_axis',(0.,-0.0103115190654957,-0.999946834874016));
#5376=DIRECTION('center_axis',(0.00110332601081788,0.867492692287591,-0.497448702379794));
#5377=DIRECTION('ref_axis',(0.,0.497449005159259,0.867493220299769));
#5378=DIRECTION('',(-0.999927293961598,-0.00501625857312894,-0.010965579809683));
#5379=DIRECTION('center_axis',(0.000372151472505251,-0.587878516017115,
0.80894914049574));
#5380=DIRECTION('ref_axis',(0.999999894180189,0.,-0.000460043053999897));
#5381=DIRECTION('',(-0.870668945920228,-0.398087820185014,-0.288897341681267));
#5382=DIRECTION('center_axis',(0.0920859896452044,-0.365173044865006,0.926374016159285));
#5383=DIRECTION('ref_axis',(0.995095662698437,0.,-0.0989172486412659));
#5384=DIRECTION('center_axis',(0.193720412169903,0.974073496914509,-0.116847013301428));
#5385=DIRECTION('ref_axis',(0.,0.119103211869675,0.992881878635282));
#5386=DIRECTION('',(0.962560714682273,-0.165696873215932,0.214526028156995));
#5387=DIRECTION('',(-0.970639146317578,0.207609964183512,0.121481481747652));
#5388=DIRECTION('center_axis',(0.197831966345342,0.976296387914289,-0.087794510292203));
#5389=DIRECTION('ref_axis',(0.,0.0895646711401095,0.995981008696232));
#5390=DIRECTION('center_axis',(-0.10320735897826,-0.976572667848168,-0.188822841480166));
#5391=DIRECTION('ref_axis',(0.,0.189836595097452,-0.981815699182798));
#5392=DIRECTION('',(-0.927079531414538,0.16322597499351,-0.337462329037804));
#5393=DIRECTION('',(0.512046196802272,0.110584891216774,-0.851809646678707));
#5394=DIRECTION('center_axis',(-0.00987011989454521,-0.910540935880627,
-0.413301082528099));
#5395=DIRECTION('ref_axis',(0.,0.413321215743333,-0.910585291236605));
#5396=DIRECTION('center_axis',(0.209383379340663,-0.725979571967422,0.655066608477248));
#5397=DIRECTION('ref_axis',(0.952524524803101,0.,-0.304461868956734));
#5398=DIRECTION('',(0.640790519189751,0.607895677621846,0.468882027428229));
#5399=DIRECTION('',(0.975988751002961,0.196292775084383,-0.0944198303607522));
#5400=DIRECTION('center_axis',(0.165461977023794,0.985838403870222,0.0272942414071296));
#5401=DIRECTION('ref_axis',(0.,-0.0276757188076372,0.999616953932095));
#5402=DIRECTION('',(0.984867298460696,-0.166619364747586,0.0476905830729764));
#5403=DIRECTION('',(0.762331400357248,-0.145408929419305,0.630640213810132));
#5404=DIRECTION('center_axis',(0.175309644629599,-0.450606336930555,0.875340195362849));
#5405=DIRECTION('ref_axis',(0.980528595207344,0.,-0.196376357998394));
#5406=DIRECTION('',(0.976350568150476,-0.0346823155377638,-0.213393310722671));
#5407=DIRECTION('center_axis',(0.216176818803276,0.144407726470357,0.965615861275983));
#5408=DIRECTION('ref_axis',(0.975844397853292,0.,-0.218466727851968));
#5409=DIRECTION('',(0.0319872487707626,-0.989518170830796,0.140821182752284));
#5410=DIRECTION('center_axis',(0.343916202088969,-0.773337349489764,0.532607726028122));
#5411=DIRECTION('ref_axis',(0.840082233268663,0.,-0.542459068821174));
#5412=DIRECTION('',(-0.637419739606412,0.224226876872749,0.737169168677033));
#5413=DIRECTION('center_axis',(0.16306796672693,0.984085057383364,0.0706076345895166));
#5414=DIRECTION('ref_axis',(0.,-0.0715655510966866,0.997435898640222));
#5415=DIRECTION('center_axis',(0.390601957716206,-0.730644315338793,0.559990174102523));
#5416=DIRECTION('ref_axis',(0.82018802431776,0.,-0.572094052377518));
#5417=DIRECTION('',(-0.905237636980502,-0.194333952551012,0.377861264857696));
#5418=DIRECTION('center_axis',(0.354956977706322,0.142955550315832,0.923888118016187));
#5419=DIRECTION('ref_axis',(0.933475744968616,0.,-0.358640535293054));
#5420=DIRECTION('',(0.896416219666061,-0.332604138893504,-0.292937617779825));
#5421=DIRECTION('center_axis',(0.160826642028388,0.635746363129848,0.754957848479665));
#5422=DIRECTION('ref_axis',(0.978053866626923,0.,-0.208352187356227));
#5423=DIRECTION('',(-0.952460748967627,0.300504821069687,-0.0501535062573126));
#5424=DIRECTION('center_axis',(0.000319965293139639,-0.514534639105311,
0.857469534609235));
#5425=DIRECTION('ref_axis',(0.999999930379313,0.,-0.000373150599466195));
#5426=DIRECTION('',(0.99999968939575,0.000782267682730702,9.62583773873031E-5));
#5427=DIRECTION('center_axis',(0.236900543482288,0.834025774163582,0.498276168935094));
#5428=DIRECTION('ref_axis',(0.903123355268399,0.,-0.429381188652635));
#5429=DIRECTION('',(-0.688214186924231,-0.217941006004967,0.691999241919934));
#5430=DIRECTION('center_axis',(-0.291529236759982,0.935042366008616,0.201758464216873));
#5431=DIRECTION('ref_axis',(0.,-0.210920443615751,0.977503230923016));
#5432=DIRECTION('center_axis',(-0.0680631988735022,-0.995398777264419,0.0674438668790979));
#5433=DIRECTION('ref_axis',(0.,-0.0676006319586842,-0.997712460861739));
#5434=DIRECTION('',(0.981993095586479,-0.0787806385864246,-0.171706642866257));
#5435=DIRECTION('center_axis',(0.307965922280036,-0.899171596922447,0.310881697760005));
#5436=DIRECTION('ref_axis',(0.,-0.326763244823013,-0.945106227803381));
#5437=DIRECTION('',(0.95126920132757,0.296385121846089,-0.0851044426213274));
#5438=DIRECTION('center_axis',(0.098866414877229,-0.452366810827478,-0.886334982086965));
#5439=DIRECTION('ref_axis',(-0.993836292821413,0.,-0.110857670329984));
#5440=DIRECTION('',(0.99510070850515,0.0448462646232566,0.0881101156615349));
#5441=DIRECTION('center_axis',(0.0936469345062094,-0.713293984535645,-0.694580408075878));
#5442=DIRECTION('ref_axis',(-0.991033149168953,0.,-0.133616231230595));
#5443=DIRECTION('center_axis',(0.269525298524163,-0.665086522018952,0.696430923842555));
#5444=DIRECTION('ref_axis',(0.932595534527994,0.,-0.360923217566347));
#5445=DIRECTION('center_axis',(0.0688723298766366,0.997308999336411,0.0251269182346412));
#5446=DIRECTION('ref_axis',(0.,-0.0251867245674869,0.999682764133483));
#5447=DIRECTION('center_axis',(-0.247981323545198,-0.955933535356205,-0.1571506893213));
#5448=DIRECTION('ref_axis',(0.,0.162217585930262,-0.986755012561354));
#5449=DIRECTION('',(-0.96541956883759,0.230382631226142,0.12202007758874));
#5450=DIRECTION('',(-0.962208721751208,0.261881239682728,-0.0746497963034305));
#5451=DIRECTION('center_axis',(-0.240314169076198,-0.945544689643296,-0.219532093390873));
#5452=DIRECTION('ref_axis',(0.,0.226159665444698,-0.974090245165171));
#5453=DIRECTION('',(-0.933997011765252,0.286835780710981,-0.213013654298268));
#5454=DIRECTION('center_axis',(-0.228964448757748,-0.938224886512223,-0.259440443135195));
#5455=DIRECTION('ref_axis',(0.,0.266520620648393,-0.963829216598664));
#5456=DIRECTION('',(0.971122286684538,-0.238518469998742,0.00551758770240516));
#5457=DIRECTION('center_axis',(0.0969336517626075,-0.958460875112016,-0.268247307601538));
#5458=DIRECTION('ref_axis',(0.,0.269516502449182,-0.962995770970756));
#5459=DIRECTION('center_axis',(0.0885029169104568,0.098258899557417,-0.991217646309884));
#5460=DIRECTION('ref_axis',(-0.996037585919866,0.,-0.0889332751838428));
#5461=DIRECTION('center_axis',(0.442342524237629,0.629974740131373,0.638329787842845));
#5462=DIRECTION('ref_axis',(0.821937865344699,0.,-0.569577163791351));
#5463=DIRECTION('',(0.625310537425053,-0.726855399625491,0.284021055241438));
#5464=DIRECTION('center_axis',(0.498040518374812,0.651902705401253,0.571820343068936));
#5465=DIRECTION('ref_axis',(0.754079345619106,0.,-0.656783328435383));
#5466=DIRECTION('center_axis',(0.095653538061067,0.949228971017407,-0.299691109707369));
#5467=DIRECTION('ref_axis',(0.,0.301071617070973,0.953601531770094));
#5468=DIRECTION('center_axis',(-0.014706606670279,-0.938021200372736,0.346265712093383));
#5469=DIRECTION('ref_axis',(0.,-0.346303164083772,-0.938122656450407));
#5470=DIRECTION('center_axis',(0.27577695428517,0.959747480676967,-0.05321508075171));
#5471=DIRECTION('ref_axis',(0.,0.0553619245189797,0.998466352619634));
#5472=DIRECTION('',(0.961108821189711,-0.276169934583233,-3.26131361211747E-5));
#5473=DIRECTION('center_axis',(-0.233085647132374,-0.972421930087012,-0.00816523035394442));
#5474=DIRECTION('ref_axis',(0.,0.0083965018340297,-0.99996474875715));
#5475=DIRECTION('center_axis',(0.0951703097795425,0.156882392539051,0.983021122381248));
#5476=DIRECTION('ref_axis',(0.995346204060267,0.,-0.0963635515265855));
#5477=DIRECTION('center_axis',(0.00217153583220175,-0.798589095210577,-0.601872695379083));
#5478=DIRECTION('ref_axis',(-0.999993491356548,0.,-0.00360794187063357));
#5479=DIRECTION('center_axis',(0.162995087115479,0.986159953603017,0.0303504116267374));
#5480=DIRECTION('ref_axis',(0.,-0.0307617927533484,0.999526744067711));
#5481=DIRECTION('center_axis',(-0.113347324748974,0.99301099600841,-0.0328868633140462));
#5482=DIRECTION('ref_axis',(0.,0.0331001798820675,0.999452038915212));
#5483=DIRECTION('',(-0.992278601729285,-0.114817180441586,-0.0469062002897099));
#5484=DIRECTION('center_axis',(-0.236980444727577,-0.926585642067349,0.292026226101968));
#5485=DIRECTION('ref_axis',(0.,-0.300588668583088,-0.953753874078342));
#5486=DIRECTION('',(0.969614612031391,-0.244368107162292,0.0114774708509583));
#5487=DIRECTION('center_axis',(0.0407757340449817,-0.0342072431748973,-0.998582597498808));
#5488=DIRECTION('ref_axis',(-0.999167349194241,0.,-0.0407996115686588));
#5489=DIRECTION('',(0.095955353328834,-0.994660367875438,0.0379910877106207));
#5490=DIRECTION('',(0.63110028501156,-0.773937354352643,0.0522819452197427));
#5491=DIRECTION('center_axis',(0.0554374324100826,-0.0248020332900155,-0.998154071390013));
#5492=DIRECTION('ref_axis',(-0.998461215774681,0.,-0.0554544911954478));
#5493=DIRECTION('',(0.973531397652678,-0.220658295802096,0.0595527856454927));
#5494=DIRECTION('center_axis',(0.0131322333408441,0.00875384151453452,-0.999875449596709));
#5495=DIRECTION('ref_axis',(-0.999913761897117,0.,-0.0131327365295853));
#5496=DIRECTION('',(-0.795505881110302,-0.60574110798959,-0.0157512923427473));
#5497=DIRECTION('',(0.576515996313589,0.816953182443047,0.0147242551841417));
#5498=DIRECTION('center_axis',(-0.0106200754316866,0.0399282376943086,-0.999146110352461));
#5499=DIRECTION('ref_axis',(-0.999943515354752,0.,0.010628551170306));
#5500=DIRECTION('center_axis',(0.0561565333278563,-0.0216384159212564,-0.998187468725698));
#5501=DIRECTION('ref_axis',(-0.998421237009472,0.,-0.0561696847816964));
#5502=DIRECTION('center_axis',(-0.0365749459577105,0.0758680991624529,0.996446839955683));
#5503=DIRECTION('ref_axis',(0.999327037980364,0.,0.036680664680352));
#5504=DIRECTION('',(-0.95612864476214,0.287353452062731,-0.0569737505606296));
#5505=DIRECTION('',(-0.519951341442942,0.85007454670791,-0.0838085172940502));
#5506=DIRECTION('center_axis',(-0.00604454669336613,-0.03691576516919,0.999300099938574));
#5507=DIRECTION('ref_axis',(0.999981706630818,0.,0.00604866958245423));
#5508=DIRECTION('',(-0.647966550655055,0.76128413352695,0.0242036623739195));
#5509=DIRECTION('',(-0.894298505260989,-0.446933667144133,-0.02191986909308));
#5510=DIRECTION('center_axis',(-0.0252268785027336,-0.0532098755767752,
0.998264651153246));
#5511=DIRECTION('ref_axis',(0.999680847903255,0.,0.0252626668313167));
#5512=DIRECTION('',(0.793445465183718,0.606383871464033,0.0523726475145649));
#5513=DIRECTION('center_axis',(-0.0364569302569374,0.0762557701592076,0.996421572304447));
#5514=DIRECTION('ref_axis',(0.999331335617131,0.,0.0365633922616784));
#5515=DIRECTION('',(-0.97427113132914,-0.224622193560487,-0.018456240644085));
#5516=DIRECTION('center_axis',(0.0281549184686801,-0.035439772223689,-0.99897513638266));
#5517=DIRECTION('ref_axis',(-0.99960307307519,0.,-0.0281726161127333));
#5518=DIRECTION('center_axis',(0.150882095174448,-0.988541601112872,-0.00448288132441271));
#5519=DIRECTION('ref_axis',(0.,0.00453479674025681,-0.9999897177564));
#5520=DIRECTION('center_axis',(-0.00903516777363985,0.0238906802121915,
0.999673747350755));
#5521=DIRECTION('ref_axis',(0.99995915872737,0.,0.00903774735490728));
#5522=DIRECTION('',(0.425977076779443,0.90455947496306,-0.0177675635074883));
#5523=DIRECTION('',(-0.750515782599734,-0.660791119984453,0.00900865241876897));
#5524=DIRECTION('center_axis',(-0.113589105594012,0.993131301375611,-0.028066587222859));
#5525=DIRECTION('ref_axis',(0.,0.0282494227713007,0.999600905418302));
#5526=DIRECTION('center_axis',(-0.00568290487679798,-0.0573800983061509,
0.998336230390612));
#5527=DIRECTION('ref_axis',(0.999983798823293,0.,0.00569228345527276));
#5528=DIRECTION('',(0.327552961374534,0.943167423132665,0.0560737856405483));
#5529=DIRECTION('center_axis',(-0.0279572765096428,-0.0496467568164035,
0.998375475574083));
#5530=DIRECTION('ref_axis',(0.999608152937428,0.,0.027991794887485));
#5531=DIRECTION('center_axis',(-0.0484459646780179,0.0686090980945039,0.99646664779363));
#5532=DIRECTION('ref_axis',(0.998820248284818,0.,0.048560391434312));
#5533=DIRECTION('center_axis',(-0.00315392788443357,0.0210482302779393,
0.9997734867164));
#5534=DIRECTION('ref_axis',(0.999995024152636,0.,0.00315462675583482));
#5535=DIRECTION('',(0.933503459014206,-0.358414898934343,0.0104905781727233));
#5536=DIRECTION('',(-0.379956894786859,0.924773267826278,-0.0206678788905536));
#5537=DIRECTION('center_axis',(-0.00306909529286002,0.0210830745061088,
0.999773016550984));
#5538=DIRECTION('ref_axis',(0.999995288221579,0.,0.0030697776206751));
#5539=DIRECTION('center_axis',(-0.0301323418925311,0.0444213386215813,-0.998558354152194));
#5540=DIRECTION('ref_axis',(-0.999545019894912,0.,0.030162115364827));
#5541=DIRECTION('',(-0.979238182425035,0.199042027884865,0.038403817732025));
#5542=DIRECTION('center_axis',(-0.0243978853438044,0.0723484124977897,-0.997080964816699));
#5543=DIRECTION('ref_axis',(-0.999700760751822,0.,0.0244619899482494));
#5544=DIRECTION('',(-0.748384249714666,0.659953582084817,0.0661988237994775));
#5545=DIRECTION('center_axis',(-0.00559430452289624,-0.0458850986666057,
-0.998931059421651));
#5546=DIRECTION('ref_axis',(-0.999984318739772,0.,0.00560020308147201));
#5547=DIRECTION('',(-0.974563664645081,-0.223558338905804,0.0157268133844043));
#5548=DIRECTION('center_axis',(-0.00898387590027772,-0.0311470775895983,
-0.999474436657304));
#5549=DIRECTION('ref_axis',(-0.999959604982977,0.,0.00898823688427964));
#5550=DIRECTION('center_axis',(-0.00161712955608518,0.0250482804908414,
0.999684934635133));
#5551=DIRECTION('ref_axis',(0.999998691624248,0.,0.00161763710169575));
#5552=DIRECTION('',(0.996643594546575,-0.0817810498316637,0.00366133004693037));
#5553=DIRECTION('center_axis',(0.00192905440108406,-0.127026193230984,0.991897487133808));
#5554=DIRECTION('ref_axis',(0.999998108857987,0.,-0.00194480858958766));
#5555=DIRECTION('',(0.993611469208515,-0.111681164873541,-0.0162347057190999));
#5556=DIRECTION('',(-0.998703897646323,-0.050693441512396,-0.0045497047895575));
#5557=DIRECTION('center_axis',(-0.00229742235494536,-0.0443994604988262,
0.999011216032101));
#5558=DIRECTION('ref_axis',(0.99999735570905,0.,0.00229969017667005));
#5559=DIRECTION('center_axis',(0.000577605530304546,0.334298904987178,-0.942466927003927));
#5560=DIRECTION('ref_axis',(-0.999999812197949,0.,-0.000612865454775408));
#5561=DIRECTION('',(0.999994007102964,-0.003410224130023,-0.000596765899723841));
#5562=DIRECTION('center_axis',(-0.000156396665647376,0.12769963430601,-0.991812874960894));
#5563=DIRECTION('ref_axis',(-0.999999987567299,0.,0.000157687672393957));
#5564=DIRECTION('center_axis',(0.00182603742889297,0.0985554198430195,0.995129888409988));
#5565=DIRECTION('ref_axis',(0.99999831643954,0.,-0.00183497086753789));
#5566=DIRECTION('',(-0.981595072463435,-0.189859344403968,0.0206044426762721));
#5567=DIRECTION('',(-0.998083184976928,-0.0613790118083662,0.00791029555329429));
#5568=DIRECTION('center_axis',(0.00294690599178471,0.0805374297841934,0.996747228814222));
#5569=DIRECTION('ref_axis',(0.999995629514869,0.,-0.00295650996279333));
#5570=DIRECTION('center_axis',(-0.00030568727715956,0.852190173655848,-0.5232320847193));
#5571=DIRECTION('ref_axis',(-0.999999829338371,0.,0.000584228746512104));
#5572=DIRECTION('',(0.999989167960527,0.00269060390963684,0.00379797475171215));
#5573=DIRECTION('center_axis',(-0.00138705845419752,0.951178425095821,-0.308638428749692));
#5574=DIRECTION('ref_axis',(0.,0.308638725649664,0.951179340098044));
#5575=DIRECTION('center_axis',(0.00643068393525588,-0.0875919263785454,
0.996135683899247));
#5576=DIRECTION('ref_axis',(0.9999791630685,0.,-0.00645549601673103));
#5577=DIRECTION('center_axis',(0.000278015869714971,-0.476030420738196,
0.879428769849493));
#5578=DIRECTION('ref_axis',(0.999999950030177,0.,-0.000316132318334488));
#5579=DIRECTION('',(0.999999507063032,0.000970611201686905,0.000209254839448846));
#5580=DIRECTION('center_axis',(0.000319905280674395,-0.514463197691879,
0.857512399841109));
#5581=DIRECTION('ref_axis',(0.999999930412384,0.,-0.000373061962103667));
#5582=DIRECTION('center_axis',(0.000523375036106298,0.420649690096109,0.907222995905978));
#5583=DIRECTION('ref_axis',(0.999999833594451,0.,-0.000576897798419595));
#5584=DIRECTION('',(-0.999999434432605,0.00106011738357147,8.53557411871757E-5));
#5585=DIRECTION('center_axis',(0.000342432469790549,0.244951048424266,0.969535386984847));
#5586=DIRECTION('ref_axis',(0.999999937627592,0.,-0.000353192315648365));
#5587=DIRECTION('center_axis',(0.00918829212966372,0.0608147660132162,0.998106777615751));
#5588=DIRECTION('ref_axis',(0.999957630047034,0.,-0.00920533056002901));
#5589=DIRECTION('center_axis',(-0.0373313299480261,0.057737379547526,-0.997633583439981));
#5590=DIRECTION('ref_axis',(-0.999300610656929,0.,0.0373937099080648));
#5591=DIRECTION('',(0.727425592219584,0.686072963800717,0.0124858370039223));
#5592=DIRECTION('center_axis',(-0.00743724876646657,0.0260778246112472,
-0.999632249576979));
#5593=DIRECTION('ref_axis',(-0.999972324461855,0.,0.00743977891844909));
#5594=CARTESIAN_POINT('',(0.,0.,0.));
#5595=CARTESIAN_POINT('Origin',(470.,-195.914039611816,17.0417296886444));
#5596=CARTESIAN_POINT('',(470.,-195.914039611816,17.0417296886444));
#5597=CARTESIAN_POINT('',(470.,-195.903840781455,17.0294480368778));
#5598=CARTESIAN_POINT('',(470.,-195.914039611816,17.0417296886444));
#5599=CARTESIAN_POINT('',(470.,-193.85425567627,13.8526725769043));
#5600=CARTESIAN_POINT('',(470.,-195.914039611816,17.0417296886444));
#5601=CARTESIAN_POINT('',(470.,-193.85425567627,13.8526725769043));
#5602=CARTESIAN_POINT('Origin',(470.,-195.930004119873,17.0700001716614));
#5603=CARTESIAN_POINT('',(470.,-195.930004119873,17.0700001716614));
#5604=CARTESIAN_POINT('',(470.,-193.85425567627,13.8526725769043));
#5605=CARTESIAN_POINT('',(470.,-195.914039611816,17.0417296886444));
#5606=CARTESIAN_POINT('',(470.,-195.914039611816,17.0417296886444));
#5607=CARTESIAN_POINT('Origin',(470.,-195.930004119873,17.0700001716614));
#5608=CARTESIAN_POINT('',(470.,-193.85425567627,13.8526725769043));
#5609=CARTESIAN_POINT('',(470.,-194.908485412598,15.830819606781));
#5610=CARTESIAN_POINT('',(470.,-195.914039611816,17.0417296886444));
#5611=CARTESIAN_POINT('',(470.,-194.908485412598,15.830819606781));
#5612=CARTESIAN_POINT('Origin',(469.985008239746,-212.68762588501,7.52127945423126));
#5613=CARTESIAN_POINT('',(469.992523193359,-212.228164672852,13.6407625675201));
#5614=CARTESIAN_POINT('',(16.6970872879028,-212.803440093994,10.9863638877869));
#5615=CARTESIAN_POINT('',(469.992523193359,-212.228164672852,13.6407625675201));
#5616=CARTESIAN_POINT('',(469.985008239746,-212.68762588501,7.52127945423126));
#5617=CARTESIAN_POINT('',(469.985008239746,-212.68762588501,7.52127945423126));
#5618=CARTESIAN_POINT('',(469.985008239746,-212.68762588501,7.52127945423126));
#5619=CARTESIAN_POINT('Origin',(-101.120004653931,-202.999992370605,0.));
#5620=CARTESIAN_POINT('',(-101.975002288818,-210.334377288818,0.236250013113022));
#5621=CARTESIAN_POINT('',(-110.973749160767,-204.977493286133,0.209375005215406));
#5622=CARTESIAN_POINT('',(-101.975002288818,-210.334377288818,0.236250013113022));
#5623=CARTESIAN_POINT('',(-101.120004653931,-202.999992370605,0.));
#5624=CARTESIAN_POINT('',(-101.120004653931,-202.999992370605,0.));
#5625=CARTESIAN_POINT('',(-101.120004653931,-202.999992370605,0.));
#5626=CARTESIAN_POINT('Origin',(470.,-195.930004119873,2.93000012636185));
#5627=CARTESIAN_POINT('',(29.4788074493408,-198.851280212402,0.628828704357147));
#5628=CARTESIAN_POINT('',(470.,-200.323028564453,0.369870811700821));
#5629=CARTESIAN_POINT('',(29.4788074493408,-198.851280212402,0.628828704357147));
#5630=CARTESIAN_POINT('',(470.,-195.930004119873,2.93000012636185));
#5631=CARTESIAN_POINT('',(29.4788074493408,-198.851280212402,0.628828704357147));
#5632=CARTESIAN_POINT('',(470.,-200.323028564453,0.369870811700821));
#5633=CARTESIAN_POINT('Origin',(29.4788074493408,-198.851280212402,0.628828704357147));
#5634=CARTESIAN_POINT('',(469.99813079834,-205.260429382324,0.465157106518745));
#5635=CARTESIAN_POINT('',(30.3301668167114,-207.228088378906,0.949999988079071));
#5636=CARTESIAN_POINT('',(469.99813079834,-205.260429382324,0.465157106518745));
#5637=CARTESIAN_POINT('',(29.4788074493408,-198.851280212402,0.628828704357147));
#5638=CARTESIAN_POINT('',(29.4788074493408,-198.851280212402,0.628828704357147));
#5639=CARTESIAN_POINT('Origin',(469.992523193359,-212.228164672852,13.6407625675201));
#5640=CARTESIAN_POINT('',(469.992485046387,-208.090763092041,18.5885345935822));
#5641=CARTESIAN_POINT('',(21.8485355377197,-211.348762512207,16.4270508289337));
#5642=CARTESIAN_POINT('',(469.992485046387,-208.090763092041,18.5885345935822));
#5643=CARTESIAN_POINT('',(21.8485355377197,-211.348762512207,16.4270508289337));
#5644=CARTESIAN_POINT('',(469.992485046387,-208.090763092041,18.5885345935822));
#5645=CARTESIAN_POINT('Origin',(-89.0622329711914,-213.505897521973,0.30961599200964));
#5646=CARTESIAN_POINT('',(-87.3059463500977,-206.969394683838,-0.000468750004074536));
#5647=CARTESIAN_POINT('',(-39.9732828140259,-210.23811340332,0.));
#5648=CARTESIAN_POINT('',(-87.3059463500977,-206.969394683838,-0.000468750004074536));
#5649=CARTESIAN_POINT('',(-89.0622329711914,-213.505897521973,0.30961599200964));
#5650=CARTESIAN_POINT('',(-39.9732828140259,-210.23811340332,0.));
#5651=CARTESIAN_POINT('',(-87.3059463500977,-206.969394683838,-0.000468750004074536));
#5652=CARTESIAN_POINT('Origin',(-90.3314304351807,-192.824726104736,0.185179598629475));
#5653=CARTESIAN_POINT('',(6.69999778270721,-191.969451904297,0.435888692736626));
#5654=CARTESIAN_POINT('',(-22.4778127670288,-196.037483215332,0.));
#5655=CARTESIAN_POINT('',(6.69999778270721,-191.969451904297,0.435888692736626));
#5656=CARTESIAN_POINT('',(-90.3314304351807,-192.824726104736,0.185179598629475));
#5657=CARTESIAN_POINT('',(-90.3314304351807,-192.824726104736,0.185179598629475));
#5658=CARTESIAN_POINT('',(6.69999778270721,-191.969451904297,0.435888692736626));
#5659=CARTESIAN_POINT('Origin',(-55.7271862030029,-195.90124130249,-0.000937500008149073));
#5660=CARTESIAN_POINT('',(-86.849250793457,-198.930053710938,0.));
#5661=CARTESIAN_POINT('',(-90.3314304351807,-192.824726104736,0.185179598629475));
#5662=CARTESIAN_POINT('',(-55.7271862030029,-195.90124130249,-0.000937500008149073));
#5663=CARTESIAN_POINT('',(-55.7271862030029,-195.90124130249,-0.000937500008149073));
#5664=CARTESIAN_POINT('',(-55.7271862030029,-195.90124130249,-0.000937500008149073));
#5665=CARTESIAN_POINT('Origin',(-22.4778127670288,-196.037483215332,0.));
#5666=CARTESIAN_POINT('',(-55.7271862030029,-195.90124130249,-0.000937500008149073));
#5667=CARTESIAN_POINT('Origin',(-39.9732828140259,-210.23811340332,0.));
#5668=CARTESIAN_POINT('',(5.2656877040863,-214.252185821533,0.339835919439793));
#5669=CARTESIAN_POINT('',(5.2656877040863,-214.252185821533,0.339835919439793));
#5670=CARTESIAN_POINT('',(5.2656877040863,-214.252185821533,0.339835919439793));
#5671=CARTESIAN_POINT('Origin',(470.,-195.930004119873,2.93000012636185));
#5672=CARTESIAN_POINT('',(470.,-194.39245223999,4.93591964244843));
#5673=CARTESIAN_POINT('',(24.4588708877563,-195.524940490723,3.35172951221466));
#5674=CARTESIAN_POINT('',(470.,-194.39245223999,4.93591964244843));
#5675=CARTESIAN_POINT('',(470.,-195.930004119873,2.93000012636185));
#5676=CARTESIAN_POINT('',(470.,-195.930004119873,2.93000012636185));
#5677=CARTESIAN_POINT('Origin',(469.999084472656,-193.289833068848,8.23769152164459));
#5678=CARTESIAN_POINT('',(470.,-193.327369689941,12.4937212467194));
#5679=CARTESIAN_POINT('',(16.6700899600983,-193.206558227539,7.37744331359863));
#5680=CARTESIAN_POINT('',(470.,-193.327369689941,12.4937212467194));
#5681=CARTESIAN_POINT('',(469.999084472656,-193.289833068848,8.23769152164459));
#5682=CARTESIAN_POINT('',(469.999084472656,-193.289833068848,8.23769152164459));
#5683=CARTESIAN_POINT('',(469.999084472656,-193.289833068848,8.23769152164459));
#5684=CARTESIAN_POINT('Origin',(-39.9732828140259,-210.23811340332,0.));
#5685=CARTESIAN_POINT('',(1.93015605211258,-207.643756866455,0.));
#5686=CARTESIAN_POINT('',(5.2656877040863,-214.252185821533,0.339835919439793));
#5687=CARTESIAN_POINT('',(-39.9732828140259,-210.23811340332,0.));
#5688=CARTESIAN_POINT('Origin',(6.69999778270721,-191.969451904297,0.435888692736626));
#5689=CARTESIAN_POINT('',(2.47093737125397,-198.351249694824,0.));
#5690=CARTESIAN_POINT('',(-22.4778127670288,-196.037483215332,0.));
#5691=CARTESIAN_POINT('',(6.69999778270721,-191.969451904297,0.435888692736626));
#5692=CARTESIAN_POINT('Origin',(1.93015605211258,-207.643756866455,0.));
#5693=CARTESIAN_POINT('',(15.4607033729553,-212.150115966797,0.247890651226044));
#5694=CARTESIAN_POINT('',(15.4607033729553,-212.150115966797,0.247890651226044));
#5695=CARTESIAN_POINT('',(15.4607033729553,-212.150115966797,0.247890651226044));
#5696=CARTESIAN_POINT('Origin',(1.93015605211258,-207.643756866455,0.));
#5697=CARTESIAN_POINT('',(14.7599995136261,-203.740005493164,0.));
#5698=CARTESIAN_POINT('',(14.7599995136261,-203.740005493164,0.));
#5699=CARTESIAN_POINT('',(14.7599995136261,-203.740005493164,0.));
#5700=CARTESIAN_POINT('Origin',(6.69999778270721,-191.969451904297,0.435888692736626));
#5701=CARTESIAN_POINT('',(13.0575001239777,-201.185970306396,0.));
#5702=CARTESIAN_POINT('',(2.47093737125397,-198.351249694824,0.));
#5703=CARTESIAN_POINT('',(6.69999778270721,-191.969451904297,0.435888692736626));
#5704=CARTESIAN_POINT('Origin',(-113.145627975464,-203.717498779297,0.941874980926514));
#5705=CARTESIAN_POINT('',(-112.135314941406,-206.610946655273,3.00687491893768));
#5706=CARTESIAN_POINT('',(-110.973749160767,-204.977493286133,0.209375005215406));
#5707=CARTESIAN_POINT('',(-113.145627975464,-203.717498779297,0.941874980926514));
#5708=CARTESIAN_POINT('',(-113.145627975464,-203.717498779297,0.941874980926514));
#5709=CARTESIAN_POINT('',(-110.973749160767,-204.977493286133,0.209375005215406));
#5710=CARTESIAN_POINT('Origin',(469.992485046387,-208.090763092041,18.5885345935822));
#5711=CARTESIAN_POINT('',(28.3635139465332,-208.369979858398,18.5887908935547));
#5712=CARTESIAN_POINT('',(470.,-208.066997528076,18.6058020591736));
#5713=CARTESIAN_POINT('',(28.3635139465332,-208.369979858398,18.5887908935547));
#5714=CARTESIAN_POINT('',(28.3635139465332,-208.369979858398,18.5887908935547));
#5715=CARTESIAN_POINT('',(469.992485046387,-208.090763092041,18.5885345935822));
#5716=CARTESIAN_POINT('Origin',(-112.135314941406,-206.610946655273,3.00687491893768));
#5717=CARTESIAN_POINT('',(-105.435619354248,-209.790630340576,1.68249994516373));
#5718=CARTESIAN_POINT('',(-110.973749160767,-204.977493286133,0.209375005215406));
#5719=CARTESIAN_POINT('',(-112.135314941406,-206.610946655273,3.00687491893768));
#5720=CARTESIAN_POINT('Origin',(-105.435619354248,-209.790630340576,1.68249994516373));
#5721=CARTESIAN_POINT('',(-101.975002288818,-210.334377288818,0.236250013113022));
#5722=CARTESIAN_POINT('Origin',(469.99626159668,-210.400009155273,3.29500019550323));
#5723=CARTESIAN_POINT('',(470.,-212.670803070068,7.49901235103607));
#5724=CARTESIAN_POINT('',(21.3998866081238,-211.428833007812,4.23258244991302));
#5725=CARTESIAN_POINT('',(470.,-212.670803070068,7.49901235103607));
#5726=CARTESIAN_POINT('',(469.99626159668,-210.400009155273,3.29500019550323));
#5727=CARTESIAN_POINT('',(469.99626159668,-210.400009155273,3.29500019550323));
#5728=CARTESIAN_POINT('',(469.99626159668,-210.400009155273,3.29500019550323));
#5729=CARTESIAN_POINT('Origin',(-112.135314941406,-206.610946655273,3.00687491893768));
#5730=CARTESIAN_POINT('',(-103.591794967651,-210.728759765625,4.47953104972839));
#5731=CARTESIAN_POINT('',(-103.591794967651,-210.728759765625,4.47953104972839));
#5732=CARTESIAN_POINT('',(-103.591794967651,-210.728759765625,4.47953104972839));
#5733=CARTESIAN_POINT('Origin',(-112.135314941406,-206.610946655273,3.00687491893768));
#5734=CARTESIAN_POINT('',(-109.818124771118,-207.998123168945,17.5434374809265));
#5735=CARTESIAN_POINT('',(-103.591794967651,-210.728759765625,4.47953104972839));
#5736=CARTESIAN_POINT('',(-112.135314941406,-206.610946655273,3.00687491893768));
#5737=CARTESIAN_POINT('Origin',(-112.135314941406,-206.610946655273,3.00687491893768));
#5738=CARTESIAN_POINT('',(-113.42155456543,-205.177192687988,17.3309373855591));
#5739=CARTESIAN_POINT('',(-113.42155456543,-205.177192687988,17.3309373855591));
#5740=CARTESIAN_POINT('',(-113.42155456543,-205.177192687988,17.3309373855591));
#5741=CARTESIAN_POINT('Origin',(-112.135314941406,-206.610946655273,3.00687491893768));
#5742=CARTESIAN_POINT('',(-114.586563110352,-203.732490539551,3.62718760967255));
#5743=CARTESIAN_POINT('',(-113.42155456543,-205.177192687988,17.3309373855591));
#5744=CARTESIAN_POINT('',(-114.586563110352,-203.732490539551,3.62718760967255));
#5745=CARTESIAN_POINT('Origin',(469.992485046387,-200.33052444458,19.6226298809052));
#5746=CARTESIAN_POINT('',(30.387077331543,-199.89107131958,19.6724772453308));
#5747=CARTESIAN_POINT('',(26.6433215141296,-196.57470703125,18.0162143707275));
#5748=CARTESIAN_POINT('',(30.387077331543,-199.89107131958,19.6724772453308));
#5749=CARTESIAN_POINT('',(469.992485046387,-200.33052444458,19.6226298809052));
#5750=CARTESIAN_POINT('',(30.387077331543,-199.89107131958,19.6724772453308));
#5751=CARTESIAN_POINT('',(469.992485046387,-200.33052444458,19.6226298809052));
#5752=CARTESIAN_POINT('Origin',(-109.818124771118,-207.998123168945,17.5434374809265));
#5753=CARTESIAN_POINT('',(-101.510467529297,-211.329689025879,16.6321873664856));
#5754=CARTESIAN_POINT('',(-103.591794967651,-210.728759765625,4.47953104972839));
#5755=CARTESIAN_POINT('',(-101.510467529297,-211.329689025879,16.6321873664856));
#5756=CARTESIAN_POINT('Origin',(-101.510467529297,-211.329689025879,16.6321873664856));
#5757=CARTESIAN_POINT('',(-103.494997024536,-209.896240234375,19.5700001716614));
#5758=CARTESIAN_POINT('',(-103.494997024536,-209.896240234375,19.5700001716614));
#5759=CARTESIAN_POINT('',(-103.494997024536,-209.896240234375,19.5700001716614));
#5760=CARTESIAN_POINT('Origin',(-110.766868591309,-205.228729248047,19.7968745231628));
#5761=CARTESIAN_POINT('',(-110.766868591309,-205.228729248047,19.7968745231628));
#5762=CARTESIAN_POINT('',(-103.494997024536,-209.896240234375,19.5700001716614));
#5763=CARTESIAN_POINT('',(-110.766868591309,-205.228729248047,19.7968745231628));
#5764=CARTESIAN_POINT('Origin',(-110.766868591309,-205.228729248047,19.7968745231628));
#5765=CARTESIAN_POINT('',(-113.42155456543,-205.177192687988,17.3309373855591));
#5766=CARTESIAN_POINT('Origin',(-91.0257530212402,-205.606002807617,13.8771450519562));
#5767=CARTESIAN_POINT('',(-92.3637580871582,-205.129051208496,6.97945296764374));
#5768=CARTESIAN_POINT('',(-87.3059463500977,-206.969394683838,-0.000468750004074536));
#5769=CARTESIAN_POINT('',(-91.0257530212402,-205.606002807617,13.8771450519562));
#5770=CARTESIAN_POINT('',(-91.0257530212402,-205.606002807617,13.8771450519562));
#5771=CARTESIAN_POINT('',(-87.3059463500977,-206.969394683838,-0.000468750004074536));
#5772=CARTESIAN_POINT('Origin',(26.6433215141296,-196.57470703125,18.0162143707275));
#5773=CARTESIAN_POINT('',(21.7484378814697,-195.643444061279,19.7175002098083));
#5774=CARTESIAN_POINT('',(30.387077331543,-199.89107131958,19.6724772453308));
#5775=CARTESIAN_POINT('',(21.7484378814697,-195.643444061279,19.7175002098083));
#5776=CARTESIAN_POINT('Origin',(14.7525000572205,-203.740005493164,19.9800002574921));
#5777=CARTESIAN_POINT('',(14.7525000572205,-203.740005493164,19.9800002574921));
#5778=CARTESIAN_POINT('',(14.7525000572205,-203.740005493164,19.9800002574921));
#5779=CARTESIAN_POINT('',(30.387077331543,-199.89107131958,19.6724772453308));
#5780=CARTESIAN_POINT('Origin',(26.6433215141296,-196.57470703125,18.0162143707275));
#5781=CARTESIAN_POINT('',(469.992485046387,-200.33052444458,19.6226298809052));
#5782=CARTESIAN_POINT('',(26.6433215141296,-196.57470703125,18.0162143707275));
#5783=CARTESIAN_POINT('Origin',(-90.5803108215332,-213.833751678467,2.83500015735626));
#5784=CARTESIAN_POINT('',(-82.9713153839111,-215.027637481689,17.5277709960938));
#5785=CARTESIAN_POINT('',(-71.8965530395508,-216.528167724609,6.55802309513092));
#5786=CARTESIAN_POINT('',(-82.9713153839111,-215.027637481689,17.5277709960938));
#5787=CARTESIAN_POINT('',(-90.5803108215332,-213.833751678467,2.83500015735626));
#5788=CARTESIAN_POINT('',(-82.9713153839111,-215.027637481689,17.5277709960938));
#5789=CARTESIAN_POINT('',(-90.5803108215332,-213.833751678467,2.83500015735626));
#5790=CARTESIAN_POINT('Origin',(14.7525000572205,-203.740005493164,19.9800002574921));
#5791=CARTESIAN_POINT('',(7.66107201576233,-192.188320159912,19.5165538787842));
#5792=CARTESIAN_POINT('',(21.7484378814697,-195.643444061279,19.7175002098083));
#5793=CARTESIAN_POINT('',(14.7525000572205,-203.740005493164,19.9800002574921));
#5794=CARTESIAN_POINT('Origin',(-50.8143711090088,-195.784378051758,19.9800002574921));
#5795=CARTESIAN_POINT('',(-76.7300033569336,-197.457504272461,19.9800002574921));
#5796=CARTESIAN_POINT('',(-55.7271862030029,-195.90124130249,-0.000937500008149073));
#5797=CARTESIAN_POINT('',(-50.8143711090088,-195.784378051758,19.9800002574921));
#5798=CARTESIAN_POINT('',(-55.7271862030029,-195.90124130249,-0.000937500008149073));
#5799=CARTESIAN_POINT('',(-76.7300033569336,-197.457504272461,19.9800002574921));
#5800=CARTESIAN_POINT('Origin',(-55.7271862030029,-195.90124130249,-0.000937500008149073));
#5801=CARTESIAN_POINT('',(-86.849250793457,-198.930053710938,0.));
#5802=CARTESIAN_POINT('Origin',(26.6433215141296,-196.57470703125,18.0162143707275));
#5803=CARTESIAN_POINT('',(470.,-194.908485412598,15.830819606781));
#5804=CARTESIAN_POINT('Origin',(-5.2869701385498,-189.787178039551,15.954372882843));
#5805=CARTESIAN_POINT('',(-71.7057466506958,-189.466896057129,16.461238861084));
#5806=CARTESIAN_POINT('',(-68.6777210235596,-189.151363372803,15.7951104640961));
#5807=CARTESIAN_POINT('',(-71.7057466506958,-189.466896057129,16.461238861084));
#5808=CARTESIAN_POINT('',(-5.2869701385498,-189.787178039551,15.954372882843));
#5809=CARTESIAN_POINT('',(-71.7057466506958,-189.466896057129,16.461238861084));
#5810=CARTESIAN_POINT('',(-68.6777210235596,-189.151363372803,15.7951104640961));
#5811=CARTESIAN_POINT('Origin',(-90.5803108215332,-213.833751678467,2.83500015735626));
#5812=CARTESIAN_POINT('',(-82.9713153839111,-215.027637481689,17.5277709960938));
#5813=CARTESIAN_POINT('',(-90.5803108215332,-213.833751678467,2.83500015735626));
#5814=CARTESIAN_POINT('Origin',(-113.68218421936,-200.812492370605,3.16031247377396));
#5815=CARTESIAN_POINT('',(-114.586563110352,-203.732490539551,3.62718760967255));
#5816=CARTESIAN_POINT('',(-113.68218421936,-200.812492370605,3.16031247377396));
#5817=CARTESIAN_POINT('',(-114.586563110352,-203.732490539551,3.62718760967255));
#5818=CARTESIAN_POINT('',(-113.145627975464,-203.717498779297,0.941874980926514));
#5819=CARTESIAN_POINT('Origin',(-90.4432678222656,-213.185615539551,19.7244954109192));
#5820=CARTESIAN_POINT('',(-90.4432678222656,-213.185615539551,19.7244954109192));
#5821=CARTESIAN_POINT('',(-82.9713153839111,-215.027637481689,17.5277709960938));
#5822=CARTESIAN_POINT('',(-90.4432678222656,-213.185615539551,19.7244954109192));
#5823=CARTESIAN_POINT('Origin',(-71.7057466506958,-189.466896057129,16.461238861084));
#5824=CARTESIAN_POINT('',(7.66107201576233,-192.188320159912,19.5165538787842));
#5825=CARTESIAN_POINT('',(-71.7057466506958,-189.466896057129,16.461238861084));
#5826=CARTESIAN_POINT('Origin',(-113.145627975464,-203.717498779297,0.941874980926514));
#5827=CARTESIAN_POINT('Origin',(-50.051851272583,-217.668609619141,11.7716300487518));
#5828=CARTESIAN_POINT('',(-17.3676407337189,-217.216110229492,5.50629019737244));
#5829=CARTESIAN_POINT('',(-71.8965530395508,-216.528167724609,6.55802309513092));
#5830=CARTESIAN_POINT('',(-50.051851272583,-217.668609619141,11.7716300487518));
#5831=CARTESIAN_POINT('',(-50.051851272583,-217.668609619141,11.7716300487518));
#5832=CARTESIAN_POINT('',(-71.8965530395508,-216.528167724609,6.55802309513092));
#5833=CARTESIAN_POINT('Origin',(470.,-194.908485412598,15.830819606781));
#5834=CARTESIAN_POINT('',(17.7529358863831,-193.4375,12.8999996185303));
#5835=CARTESIAN_POINT('',(17.7529358863831,-193.4375,12.8999996185303));
#5836=CARTESIAN_POINT('',(470.,-194.908485412598,15.830819606781));
#5837=CARTESIAN_POINT('Origin',(17.2454690933228,-193.59920501709,17.0454692840576));
#5838=CARTESIAN_POINT('',(17.2454690933228,-193.59920501709,17.0454692840576));
#5839=CARTESIAN_POINT('',(17.7529358863831,-193.4375,12.8999996185303));
#5840=CARTESIAN_POINT('',(26.6433215141296,-196.57470703125,18.0162143707275));
#5841=CARTESIAN_POINT('Origin',(-39.9732828140259,-210.23811340332,0.));
#5842=CARTESIAN_POINT('',(-34.3575000762939,-210.338745117188,19.9800002574921));
#5843=CARTESIAN_POINT('',(-80.0190448760986,-207.976016998291,19.9800002574921));
#5844=CARTESIAN_POINT('',(-34.3575000762939,-210.338745117188,19.9800002574921));
#5845=CARTESIAN_POINT('',(-34.3575000762939,-210.338745117188,19.9800002574921));
#5846=CARTESIAN_POINT('',(-39.9732828140259,-210.23811340332,0.));
#5847=CARTESIAN_POINT('Origin',(3.40520679950714,-214.58324432373,19.3629920482635));
#5848=CARTESIAN_POINT('',(3.40520679950714,-214.58324432373,19.3629920482635));
#5849=CARTESIAN_POINT('',(-82.9713153839111,-215.027637481689,17.5277709960938));
#5850=CARTESIAN_POINT('',(-90.4432678222656,-213.185615539551,19.7244954109192));
#5851=CARTESIAN_POINT('Origin',(7.66107201576233,-192.188320159912,19.5165538787842));
#5852=CARTESIAN_POINT('',(9.88562524318695,-200.130615234375,19.9800002574921));
#5853=CARTESIAN_POINT('',(14.7525000572205,-203.740005493164,19.9800002574921));
#5854=CARTESIAN_POINT('',(7.66107201576233,-192.188320159912,19.5165538787842));
#5855=CARTESIAN_POINT('Origin',(469.99813079834,-205.260429382324,0.465157106518745));
#5856=CARTESIAN_POINT('',(469.992523193359,-200.465641021729,0.326180532574654));
#5857=CARTESIAN_POINT('',(29.4788074493408,-198.851280212402,0.628828704357147));
#5858=CARTESIAN_POINT('',(469.99813079834,-205.260429382324,0.465157106518745));
#5859=CARTESIAN_POINT('Origin',(480.330619812012,-194.025459289551,9.39757823944092));
#5860=CARTESIAN_POINT('',(493.349685668945,-196.686859130859,14.8718750476837));
#5861=CARTESIAN_POINT('',(511.913528442383,-196.885852813721,10.4181241989136));
#5862=CARTESIAN_POINT('',(493.349685668945,-196.686859130859,14.8718750476837));
#5863=CARTESIAN_POINT('',(480.330619812012,-194.025459289551,9.39757823944092));
#5864=CARTESIAN_POINT('',(480.330619812012,-194.025459289551,9.39757823944092));
#5865=CARTESIAN_POINT('',(480.330619812012,-194.025459289551,9.39757823944092));
#5866=CARTESIAN_POINT('Origin',(469.985008239746,-200.516300201416,19.6863853931427));
#5867=CARTESIAN_POINT('',(470.,-200.495777130127,19.6699869632721));
#5868=CARTESIAN_POINT('',(30.387077331543,-199.89107131958,19.6724772453308));
#5869=CARTESIAN_POINT('',(469.985008239746,-200.516300201416,19.6863853931427));
#5870=CARTESIAN_POINT('',(30.387077331543,-199.89107131958,19.6724772453308));
#5871=CARTESIAN_POINT('',(469.985008239746,-200.516300201416,19.6863853931427));
#5872=CARTESIAN_POINT('Origin',(15.164999961853,-213.001880645752,3.1793749332428));
#5873=CARTESIAN_POINT('',(15.4607033729553,-212.150115966797,0.247890651226044));
#5874=CARTESIAN_POINT('',(15.164999961853,-213.001880645752,3.1793749332428));
#5875=CARTESIAN_POINT('',(15.164999961853,-213.001880645752,3.1793749332428));
#5876=CARTESIAN_POINT('',(15.4607033729553,-212.150115966797,0.247890651226044));
#5877=CARTESIAN_POINT('Origin',(-90.3314304351807,-192.824726104736,0.185179598629475));
#5878=CARTESIAN_POINT('',(-85.9711360931396,-191.554489135742,1.27051681280136));
#5879=CARTESIAN_POINT('',(6.69999778270721,-191.969451904297,0.435888692736626));
#5880=CARTESIAN_POINT('',(-90.3314304351807,-192.824726104736,0.185179598629475));
#5881=CARTESIAN_POINT('Origin',(16.6970872879028,-212.803440093994,10.9863638877869));
#5882=CARTESIAN_POINT('',(21.3998866081238,-211.428833007812,4.23258244991302));
#5883=CARTESIAN_POINT('',(15.164999961853,-213.001880645752,3.1793749332428));
#5884=CARTESIAN_POINT('Origin',(-68.6777210235596,-189.151363372803,15.7951104640961));
#5885=CARTESIAN_POINT('',(-34.1396570205688,-188.272247314453,11.9100046157837));
#5886=CARTESIAN_POINT('',(-64.1703605651855,-188.931541442871,5.33160090446472));
#5887=CARTESIAN_POINT('',(-34.1396570205688,-188.272247314453,11.9100046157837));
#5888=CARTESIAN_POINT('',(-64.1703605651855,-188.931541442871,5.33160090446472));
#5889=CARTESIAN_POINT('',(-34.1396570205688,-188.272247314453,11.9100046157837));
#5890=CARTESIAN_POINT('Origin',(14.7525000572205,-203.740005493164,19.9800002574921));
#5891=CARTESIAN_POINT('',(13.0575001239777,-201.185970306396,0.));
#5892=CARTESIAN_POINT('',(14.7525000572205,-203.740005493164,19.9800002574921));
#5893=CARTESIAN_POINT('Origin',(492.719230651855,-196.635475158691,5.08484363555908));
#5894=CARTESIAN_POINT('',(515.537796020508,-201.578750610352,4.44687485694885));
#5895=CARTESIAN_POINT('',(485.120811462402,-199.694538116455,1.91781252622604));
#5896=CARTESIAN_POINT('',(515.537796020508,-201.578750610352,4.44687485694885));
#5897=CARTESIAN_POINT('',(492.719230651855,-196.635475158691,5.08484363555908));
#5898=CARTESIAN_POINT('',(492.719230651855,-196.635475158691,5.08484363555908));
#5899=CARTESIAN_POINT('',(492.719230651855,-196.635475158691,5.08484363555908));
#5900=CARTESIAN_POINT('Origin',(21.7484378814697,-195.643444061279,19.7175002098083));
#5901=CARTESIAN_POINT('',(21.7484378814697,-195.643444061279,19.7175002098083));
#5902=CARTESIAN_POINT('Origin',(-91.0257530212402,-205.606002807617,13.8771450519562));
#5903=CARTESIAN_POINT('',(-97.2834968566895,-205.149154663086,19.9800002574921));
#5904=CARTESIAN_POINT('',(-80.0190448760986,-207.976016998291,19.9800002574921));
#5905=CARTESIAN_POINT('',(-91.0257530212402,-205.606002807617,13.8771450519562));
#5906=CARTESIAN_POINT('',(-91.0257530212402,-205.606002807617,13.8771450519562));
#5907=CARTESIAN_POINT('Origin',(-80.0190448760986,-207.976016998291,19.9800002574921));
#5908=CARTESIAN_POINT('',(-87.3059463500977,-206.969394683838,-0.000468750004074536));
#5909=CARTESIAN_POINT('Origin',(20.6331253051758,-195.41748046875,0.150000005960464));
#5910=CARTESIAN_POINT('',(20.594687461853,-194.680938720703,1.59312501549721));
#5911=CARTESIAN_POINT('',(6.69999778270721,-191.969451904297,0.435888692736626));
#5912=CARTESIAN_POINT('',(20.6331253051758,-195.41748046875,0.150000005960464));
#5913=CARTESIAN_POINT('',(20.6331253051758,-195.41748046875,0.150000005960464));
#5914=CARTESIAN_POINT('',(6.69999778270721,-191.969451904297,0.435888692736626));
#5915=CARTESIAN_POINT('Origin',(470.,-193.327369689941,12.4937212467194));
#5916=CARTESIAN_POINT('',(17.7529358863831,-193.4375,12.8999996185303));
#5917=CARTESIAN_POINT('',(17.7529358863831,-193.4375,12.8999996185303));
#5918=CARTESIAN_POINT('Origin',(17.7529358863831,-193.4375,12.8999996185303));
#5919=CARTESIAN_POINT('',(469.985008239746,-193.344192504883,12.5159883499146));
#5920=CARTESIAN_POINT('',(470.,-193.327369689941,12.4937212467194));
#5921=CARTESIAN_POINT('',(17.7529358863831,-193.4375,12.8999996185303));
#5922=CARTESIAN_POINT('Origin',(518.176574707031,-208.390007019043,9.30468738079071));
#5923=CARTESIAN_POINT('',(498.785171508789,-209.886245727539,12.8915238380432));
#5924=CARTESIAN_POINT('',(482.276611328125,-211.88570022583,8.82218718528748));
#5925=CARTESIAN_POINT('',(498.785171508789,-209.886245727539,12.8915238380432));
#5926=CARTESIAN_POINT('',(518.176574707031,-208.390007019043,9.30468738079071));
#5927=CARTESIAN_POINT('',(518.176574707031,-208.390007019043,9.30468738079071));
#5928=CARTESIAN_POINT('',(518.176574707031,-208.390007019043,9.30468738079071));
#5929=CARTESIAN_POINT('Origin',(-92.3637580871582,-205.129051208496,6.97945296764374));
#5930=CARTESIAN_POINT('',(-94.9347114562988,-202.728538513184,13.9475572109222));
#5931=CARTESIAN_POINT('',(-94.864559173584,-202.546558380127,6.01349651813507));
#5932=CARTESIAN_POINT('',(-94.9347114562988,-202.728538513184,13.9475572109222));
#5933=CARTESIAN_POINT('',(-94.9347114562988,-202.728538513184,13.9475572109222));
#5934=CARTESIAN_POINT('',(-94.864559173584,-202.546558380127,6.01349651813507));
#5935=CARTESIAN_POINT('Origin',(517.445945739746,-200.935001373291,15.0878119468689));
#5936=CARTESIAN_POINT('',(481.276702880859,-199.580154418945,18.373281955719));
#5937=CARTESIAN_POINT('',(481.276702880859,-199.580154418945,18.373281955719));
#5938=CARTESIAN_POINT('',(517.445945739746,-200.935001373291,15.0878119468689));
#5939=CARTESIAN_POINT('',(517.445945739746,-200.935001373291,15.0878119468689));
#5940=CARTESIAN_POINT('',(517.445945739746,-200.935001373291,15.0878119468689));
#5941=CARTESIAN_POINT('Origin',(-111.574373245239,-200.875015258789,0.410000011324883));
#5942=CARTESIAN_POINT('',(-111.574373245239,-200.875015258789,0.410000011324883));
#5943=CARTESIAN_POINT('',(-111.574373245239,-200.875015258789,0.410000011324883));
#5944=CARTESIAN_POINT('',(-111.574373245239,-200.875015258789,0.410000011324883));
#5945=CARTESIAN_POINT('Origin',(11.5200781822205,-213.623924255371,17.670624256134));
#5946=CARTESIAN_POINT('',(21.8485355377197,-211.348762512207,16.4270508289337));
#5947=CARTESIAN_POINT('',(11.5200781822205,-213.623924255371,17.670624256134));
#5948=CARTESIAN_POINT('',(21.8485355377197,-211.348762512207,16.4270508289337));
#5949=CARTESIAN_POINT('',(11.5200781822205,-213.623924255371,17.670624256134));
#5950=CARTESIAN_POINT('Origin',(-111.574373245239,-200.875015258789,0.410000011324883));
#5951=CARTESIAN_POINT('',(-111.574373245239,-200.875015258789,0.410000011324883));
#5952=CARTESIAN_POINT('Origin',(17.7529358863831,-193.4375,12.8999996185303));
#5953=CARTESIAN_POINT('',(470.,-194.908485412598,15.830819606781));
#5954=CARTESIAN_POINT('',(470.,-193.85425567627,13.8526725769043));
#5955=CARTESIAN_POINT('Origin',(17.7529358863831,-193.4375,12.8999996185303));
#5956=CARTESIAN_POINT('',(470.,-193.365936279297,12.6314258575439));
#5957=CARTESIAN_POINT('',(469.985008239746,-193.339920043945,12.632509469986));
#5958=CARTESIAN_POINT('',(470.,-193.365936279297,12.6314258575439));
#5959=CARTESIAN_POINT('',(17.7529358863831,-193.4375,12.8999996185303));
#5960=CARTESIAN_POINT('',(17.7529358863831,-193.4375,12.8999996185303));
#5961=CARTESIAN_POINT('Origin',(469.985008239746,-193.339920043945,12.632509469986));
#5962=CARTESIAN_POINT('',(469.985008239746,-193.339920043945,12.632509469986));
#5963=CARTESIAN_POINT('Origin',(470.,-193.85425567627,13.8526725769043));
#5964=CARTESIAN_POINT('',(470.,-193.85425567627,13.8526725769043));
#5965=CARTESIAN_POINT('Origin',(-14.8702943325043,-188.997993469238,4.90165293216705));
#5966=CARTESIAN_POINT('',(-64.1703605651855,-188.931541442871,5.33160090446472));
#5967=CARTESIAN_POINT('',(-14.8702943325043,-188.997993469238,4.90165293216705));
#5968=CARTESIAN_POINT('',(-14.8702943325043,-188.997993469238,4.90165293216705));
#5969=CARTESIAN_POINT('',(-14.8702943325043,-188.997993469238,4.90165293216705));
#5970=CARTESIAN_POINT('Origin',(518.176574707031,-208.390007019043,9.30468738079071));
#5971=CARTESIAN_POINT('',(492.573738098145,-210.036563873291,5.93609392642975));
#5972=CARTESIAN_POINT('',(516.093444824219,-206.964988708496,5.9528124332428));
#5973=CARTESIAN_POINT('',(492.573738098145,-210.036563873291,5.93609392642975));
#5974=CARTESIAN_POINT('',(518.176574707031,-208.390007019043,9.30468738079071));
#5975=CARTESIAN_POINT('',(492.573738098145,-210.036563873291,5.93609392642975));
#5976=CARTESIAN_POINT('Origin',(21.8485355377197,-211.348762512207,16.4270508289337));
#5977=CARTESIAN_POINT('',(17.025625705719,-211.902503967285,19.6031248569489));
#5978=CARTESIAN_POINT('',(17.025625705719,-211.902503967285,19.6031248569489));
#5979=CARTESIAN_POINT('',(17.025625705719,-211.902503967285,19.6031248569489));
#5980=CARTESIAN_POINT('Origin',(5.2656877040863,-214.252185821533,0.339835919439793));
#5981=CARTESIAN_POINT('',(-1.45022213459015,-215.697784423828,3.04626911878586));
#5982=CARTESIAN_POINT('',(-89.0622329711914,-213.505897521973,0.30961599200964));
#5983=CARTESIAN_POINT('',(5.2656877040863,-214.252185821533,0.339835919439793));
#5984=CARTESIAN_POINT('Origin',(-111.574373245239,-200.875015258789,0.410000011324883));
#5985=CARTESIAN_POINT('',(-107.210626602173,-197.629051208496,0.538749992847443));
#5986=CARTESIAN_POINT('',(-107.210626602173,-197.629051208496,0.538749992847443));
#5987=CARTESIAN_POINT('',(-111.574373245239,-200.875015258789,0.410000011324883));
#5988=CARTESIAN_POINT('Origin',(515.537796020508,-201.578750610352,4.44687485694885));
#5989=CARTESIAN_POINT('',(529.546241760254,-202.332496643066,6.33125007152557));
#5990=CARTESIAN_POINT('',(495.528602600098,-204.450626373291,2.37562507390976));
#5991=CARTESIAN_POINT('',(529.546241760254,-202.332496643066,6.33125007152557));
#5992=CARTESIAN_POINT('',(515.537796020508,-201.578750610352,4.44687485694885));
#5993=CARTESIAN_POINT('',(529.546241760254,-202.332496643066,6.33125007152557));
#5994=CARTESIAN_POINT('Origin',(0.852499902248383,-207.753753662109,19.9800002574921));
#5995=CARTESIAN_POINT('',(17.025625705719,-211.902503967285,19.6031248569489));
#5996=CARTESIAN_POINT('',(0.852499902248383,-207.753753662109,19.9800002574921));
#5997=CARTESIAN_POINT('',(17.025625705719,-211.902503967285,19.6031248569489));
#5998=CARTESIAN_POINT('',(0.852499902248383,-207.753753662109,19.9800002574921));
#5999=CARTESIAN_POINT('Origin',(527.575607299805,-199.501247406006,7.9025000333786));
#6000=CARTESIAN_POINT('',(527.575607299805,-199.501247406006,7.9025000333786));
#6001=CARTESIAN_POINT('',(492.719230651855,-196.635475158691,5.08484363555908));
#6002=CARTESIAN_POINT('',(515.537796020508,-201.578750610352,4.44687485694885));
#6003=CARTESIAN_POINT('Origin',(14.7525000572205,-203.740005493164,19.9800002574921));
#6004=CARTESIAN_POINT('',(17.025625705719,-211.902503967285,19.6031248569489));
#6005=CARTESIAN_POINT('',(0.852499902248383,-207.753753662109,19.9800002574921));
#6006=CARTESIAN_POINT('Origin',(14.7525000572205,-203.740005493164,19.9800002574921));
#6007=CARTESIAN_POINT('',(14.7599995136261,-203.740005493164,0.));
#6008=CARTESIAN_POINT('',(14.7599995136261,-203.740005493164,0.));
#6009=CARTESIAN_POINT('Origin',(28.2398295402527,-207.135334014893,19.8157358169556));
#6010=CARTESIAN_POINT('',(469.985008239746,-200.516300201416,19.6863853931427));
#6011=CARTESIAN_POINT('',(28.2398295402527,-207.135334014893,19.8157358169556));
#6012=CARTESIAN_POINT('',(14.7525000572205,-203.740005493164,19.9800002574921));
#6013=CARTESIAN_POINT('',(469.985008239746,-200.516300201416,19.6863853931427));
#6014=CARTESIAN_POINT('Origin',(14.7525000572205,-203.740005493164,19.9800002574921));
#6015=CARTESIAN_POINT('',(17.025625705719,-211.902503967285,19.6031248569489));
#6016=CARTESIAN_POINT('Origin',(14.7525000572205,-203.740005493164,19.9800002574921));
#6017=CARTESIAN_POINT('Origin',(-89.4197845458984,-199.819927215576,3.85331392288208));
#6018=CARTESIAN_POINT('',(-101.120004653931,-202.999992370605,0.));
#6019=CARTESIAN_POINT('',(-89.4197845458984,-199.819927215576,3.85331392288208));
#6020=CARTESIAN_POINT('',(-89.4197845458984,-199.819927215576,3.85331392288208));
#6021=CARTESIAN_POINT('',(-89.4197845458984,-199.819927215576,3.85331392288208));
#6022=CARTESIAN_POINT('Origin',(-101.120004653931,-202.999992370605,0.));
#6023=CARTESIAN_POINT('',(-89.4197845458984,-199.819927215576,3.85331392288208));
#6024=CARTESIAN_POINT('',(-101.120004653931,-202.999992370605,0.));
#6025=CARTESIAN_POINT('Origin',(511.913528442383,-196.885852813721,10.4181241989136));
#6026=CARTESIAN_POINT('',(492.719230651855,-196.635475158691,5.08484363555908));
#6027=CARTESIAN_POINT('',(511.913528442383,-196.885852813721,10.4181241989136));
#6028=CARTESIAN_POINT('Origin',(-94.864559173584,-202.546558380127,6.01349651813507));
#6029=CARTESIAN_POINT('',(-101.120004653931,-202.999992370605,0.));
#6030=CARTESIAN_POINT('Origin',(17.7529358863831,-193.4375,12.8999996185303));
#6031=CARTESIAN_POINT('',(17.2454690933228,-193.59920501709,17.0454692840576));
#6032=CARTESIAN_POINT('Origin',(525.015640258789,-206.014995574951,13.3012509346008));
#6033=CARTESIAN_POINT('',(498.252182006836,-207.649688720703,15.9896874427795));
#6034=CARTESIAN_POINT('',(498.252182006836,-207.649688720703,15.9896874427795));
#6035=CARTESIAN_POINT('',(525.015640258789,-206.014995574951,13.3012509346008));
#6036=CARTESIAN_POINT('',(498.785171508789,-209.886245727539,12.8915238380432));
#6037=CARTESIAN_POINT('',(498.252182006836,-207.649688720703,15.9896874427795));
#6038=CARTESIAN_POINT('Origin',(527.31876373291,-203.54061126709,14.1137504577637));
#6039=CARTESIAN_POINT('',(496.868667602539,-203.994178771973,17.5682032108307));
#6040=CARTESIAN_POINT('',(496.868667602539,-203.994178771973,17.5682032108307));
#6041=CARTESIAN_POINT('',(527.31876373291,-203.54061126709,14.1137504577637));
#6042=CARTESIAN_POINT('',(527.31876373291,-203.54061126709,14.1137504577637));
#6043=CARTESIAN_POINT('',(496.868667602539,-203.994178771973,17.5682032108307));
#6044=CARTESIAN_POINT('Origin',(498.252182006836,-207.649688720703,15.9896874427795));
#6045=CARTESIAN_POINT('',(527.31876373291,-203.54061126709,14.1137504577637));
#6046=CARTESIAN_POINT('Origin',(518.176574707031,-208.390007019043,9.30468738079071));
#6047=CARTESIAN_POINT('',(518.176574707031,-208.390007019043,9.30468738079071));
#6048=CARTESIAN_POINT('Origin',(-107.210626602173,-197.629051208496,0.538749992847443));
#6049=CARTESIAN_POINT('',(-100.78031539917,-194.440612792969,2.6350000500679));
#6050=CARTESIAN_POINT('',(-109.54155921936,-197.636241912842,3.82499992847443));
#6051=CARTESIAN_POINT('',(-100.78031539917,-194.440612792969,2.6350000500679));
#6052=CARTESIAN_POINT('',(-107.210626602173,-197.629051208496,0.538749992847443));
#6053=CARTESIAN_POINT('',(-107.210626602173,-197.629051208496,0.538749992847443));
#6054=CARTESIAN_POINT('Origin',(517.445945739746,-200.935001373291,15.0878119468689));
#6055=CARTESIAN_POINT('',(517.445945739746,-200.935001373291,15.0878119468689));
#6056=CARTESIAN_POINT('',(517.445945739746,-200.935001373291,15.0878119468689));
#6057=CARTESIAN_POINT('Origin',(-90.3314304351807,-192.824726104736,0.185179598629475));
#6058=CARTESIAN_POINT('',(-90.3314304351807,-192.824726104736,0.185179598629475));
#6059=CARTESIAN_POINT('',(-90.3314304351807,-192.824726104736,0.185179598629475));
#6060=CARTESIAN_POINT('Origin',(469.99813079834,-207.59651184082,18.8678503036499));
#6061=CARTESIAN_POINT('',(28.3635139465332,-208.369979858398,18.5887908935547));
#6062=CARTESIAN_POINT('',(469.99813079834,-207.59651184082,18.8678503036499));
#6063=CARTESIAN_POINT('',(469.99813079834,-207.59651184082,18.8678503036499));
#6064=CARTESIAN_POINT('',(469.99813079834,-207.59651184082,18.8678503036499));
#6065=CARTESIAN_POINT('Origin',(469.99626159668,-210.400009155273,3.29500019550323));
#6066=CARTESIAN_POINT('',(470.,-212.670803070068,7.49901235103607));
#6067=CARTESIAN_POINT('',(469.99626159668,-210.400009155273,3.29500019550323));
#6068=CARTESIAN_POINT('Origin',(470.,-195.930004119873,2.93000012636185));
#6069=CARTESIAN_POINT('',(470.,-195.958271026611,2.91404575109482));
#6070=CARTESIAN_POINT('',(470.,-200.323028564453,0.369870811700821));
#6071=CARTESIAN_POINT('',(470.,-195.930004119873,2.93000012636185));
#6072=CARTESIAN_POINT('Origin',(469.99813079834,-207.59651184082,18.8678503036499));
#6073=CARTESIAN_POINT('',(469.99813079834,-207.59651184082,18.8678503036499));
#6074=CARTESIAN_POINT('Origin',(-107.210626602173,-197.629051208496,0.538749992847443));
#6075=CARTESIAN_POINT('',(-113.68218421936,-200.812492370605,3.16031247377396));
#6076=CARTESIAN_POINT('Origin',(527.908134460449,-199.395294189453,11.5625));
#6077=CARTESIAN_POINT('',(527.908134460449,-199.395294189453,11.5625));
#6078=CARTESIAN_POINT('',(493.349685668945,-196.686859130859,14.8718750476837));
#6079=CARTESIAN_POINT('',(511.913528442383,-196.885852813721,10.4181241989136));
#6080=CARTESIAN_POINT('Origin',(527.908134460449,-199.395294189453,11.5625));
#6081=CARTESIAN_POINT('',(517.445945739746,-200.935001373291,15.0878119468689));
#6082=CARTESIAN_POINT('Origin',(470.,-200.323028564453,0.369870811700821));
#6083=CARTESIAN_POINT('',(470.,-200.353565216064,0.365939103066921));
#6084=CARTESIAN_POINT('',(470.,-200.353565216064,0.365939103066921));
#6085=CARTESIAN_POINT('',(470.,-200.323028564453,0.369870811700821));
#6086=CARTESIAN_POINT('',(470.,-200.323028564453,0.369870811700821));
#6087=CARTESIAN_POINT('Origin',(470.299987792969,-193.020000457764,10.));
#6088=CARTESIAN_POINT('',(470.299987792969,-193.020000457764,10.));
#6089=CARTESIAN_POINT('',(470.299987792969,-193.020000457764,10.));
#6090=CARTESIAN_POINT('',(469.999084472656,-193.289833068848,8.23769152164459));
#6091=CARTESIAN_POINT('Origin',(470.,-194.39245223999,4.93591964244843));
#6092=CARTESIAN_POINT('',(470.,-194.340000152588,5.));
#6093=CARTESIAN_POINT('',(470.,-194.326152801514,5.04390180110931));
#6094=CARTESIAN_POINT('',(470.,-194.340000152588,5.));
#6095=CARTESIAN_POINT('',(470.,-194.39245223999,4.93591964244843));
#6096=CARTESIAN_POINT('',(470.,-194.39245223999,4.93591964244843));
#6097=CARTESIAN_POINT('Origin',(495.528602600098,-204.450626373291,2.37562507390976));
#6098=CARTESIAN_POINT('',(528.407516479492,-204.542503356934,6.2975001335144));
#6099=CARTESIAN_POINT('',(528.407516479492,-204.542503356934,6.2975001335144));
#6100=CARTESIAN_POINT('',(495.528602600098,-204.450626373291,2.37562507390976));
#6101=CARTESIAN_POINT('',(528.407516479492,-204.542503356934,6.2975001335144));
#6102=CARTESIAN_POINT('Origin',(470.,-194.340000152588,5.));
#6103=CARTESIAN_POINT('',(469.999084472656,-193.289833068848,8.23769152164459));
#6104=CARTESIAN_POINT('',(470.,-194.340000152588,5.));
#6105=CARTESIAN_POINT('Origin',(470.,-194.39245223999,4.93591964244843));
#6106=CARTESIAN_POINT('',(470.,-195.930004119873,2.93000012636185));
#6107=CARTESIAN_POINT('Origin',(21.8485355377197,-211.348762512207,16.4270508289337));
#6108=CARTESIAN_POINT('Origin',(532.976226806641,-205.454998016357,8.33156228065491));
#6109=CARTESIAN_POINT('',(532.976226806641,-205.454998016357,8.33156228065491));
#6110=CARTESIAN_POINT('',(532.976226806641,-205.454998016357,8.33156228065491));
#6111=CARTESIAN_POINT('',(518.176574707031,-208.390007019043,9.30468738079071));
#6112=CARTESIAN_POINT('Origin',(516.093444824219,-206.964988708496,5.9528124332428));
#6113=CARTESIAN_POINT('',(532.976226806641,-205.454998016357,8.33156228065491));
#6114=CARTESIAN_POINT('Origin',(470.,-208.024501800537,18.6313021183014));
#6115=CARTESIAN_POINT('',(470.,-207.999992370605,18.6600005626678));
#6116=CARTESIAN_POINT('',(470.,-208.066997528076,18.6058020591736));
#6117=CARTESIAN_POINT('',(470.,-208.024501800537,18.6313021183014));
#6118=CARTESIAN_POINT('',(470.,-208.024501800537,18.6313021183014));
#6119=CARTESIAN_POINT('',(470.,-208.066997528076,18.6058020591736));
#6120=CARTESIAN_POINT('Origin',(470.,-207.999992370605,18.6600005626678));
#6121=CARTESIAN_POINT('',(470.,-207.94132232666,18.6812055110931));
#6122=CARTESIAN_POINT('',(470.,-207.94132232666,18.6812055110931));
#6123=CARTESIAN_POINT('',(470.,-207.94132232666,18.6812055110931));
#6124=CARTESIAN_POINT('Origin',(469.992485046387,-208.090763092041,18.5885345935822));
#6125=CARTESIAN_POINT('',(469.992485046387,-208.090763092041,18.5885345935822));
#6126=CARTESIAN_POINT('Origin',(470.,-207.94132232666,18.6812055110931));
#6127=CARTESIAN_POINT('',(469.99813079834,-207.59651184082,18.8678503036499));
#6128=CARTESIAN_POINT('',(469.99813079834,-207.59651184082,18.8678503036499));
#6129=CARTESIAN_POINT('Origin',(470.,-195.930004119873,17.0700001716614));
#6130=CARTESIAN_POINT('Origin',(-71.8965530395508,-216.528167724609,6.55802309513092));
#6131=CARTESIAN_POINT('',(-17.3676407337189,-217.216110229492,5.50629019737244));
#6132=CARTESIAN_POINT('',(-71.8965530395508,-216.528167724609,6.55802309513092));
#6133=CARTESIAN_POINT('Origin',(533.85124206543,-205.707817077637,10.8174991607666));
#6134=CARTESIAN_POINT('',(533.85124206543,-205.707817077637,10.8174991607666));
#6135=CARTESIAN_POINT('',(532.976226806641,-205.454998016357,8.33156228065491));
#6136=CARTESIAN_POINT('',(518.176574707031,-208.390007019043,9.30468738079071));
#6137=CARTESIAN_POINT('Origin',(21.7484378814697,-195.643444061279,19.7175002098083));
#6138=CARTESIAN_POINT('',(7.66107201576233,-192.188320159912,19.5165538787842));
#6139=CARTESIAN_POINT('Origin',(529.546241760254,-202.332496643066,6.33125007152557));
#6140=CARTESIAN_POINT('',(529.546241760254,-202.332496643066,6.33125007152557));
#6141=CARTESIAN_POINT('Origin',(469.985008239746,-200.516300201416,19.6863853931427));
#6142=CARTESIAN_POINT('',(470.,-200.357112884521,19.6349537372589));
#6143=CARTESIAN_POINT('',(470.,-200.357112884521,19.6349537372589));
#6144=CARTESIAN_POINT('',(470.,-200.357112884521,19.6349537372589));
#6145=CARTESIAN_POINT('Origin',(470.,-200.357112884521,19.6349537372589));
#6146=CARTESIAN_POINT('',(469.985008239746,-200.516300201416,19.6863853931427));
#6147=CARTESIAN_POINT('',(470.,-200.357112884521,19.6349537372589));
#6148=CARTESIAN_POINT('Origin',(527.575607299805,-199.501247406006,7.9025000333786));
#6149=CARTESIAN_POINT('',(529.546241760254,-202.332496643066,6.33125007152557));
#6150=CARTESIAN_POINT('Origin',(469.985008239746,-193.344192504883,12.5159883499146));
#6151=CARTESIAN_POINT('',(470.,-193.339996337891,12.5899994373322));
#6152=CARTESIAN_POINT('',(470.,-193.339996337891,12.5899994373322));
#6153=CARTESIAN_POINT('',(470.,-193.339996337891,12.5899994373322));
#6154=CARTESIAN_POINT('Origin',(469.985008239746,-193.339920043945,12.632509469986));
#6155=CARTESIAN_POINT('',(470.,-193.339996337891,12.5899994373322));
#6156=CARTESIAN_POINT('Origin',(470.,-193.85425567627,13.8526725769043));
#6157=CARTESIAN_POINT('',(470.,-193.339996337891,12.5899994373322));
#6158=CARTESIAN_POINT('Origin',(469.985008239746,-193.344192504883,12.5159883499146));
#6159=CARTESIAN_POINT('',(470.,-193.339996337891,12.5899994373322));
#6160=CARTESIAN_POINT('',(470.299987792969,-193.020000457764,10.));
#6161=CARTESIAN_POINT('Origin',(469.99813079834,-205.260429382324,0.465157106518745));
#6162=CARTESIAN_POINT('',(479.824371337891,-208.599529266357,2.74140655994415));
#6163=CARTESIAN_POINT('',(479.824371337891,-208.599529266357,2.74140655994415));
#6164=CARTESIAN_POINT('',(469.99813079834,-205.260429382324,0.465157106518745));
#6165=CARTESIAN_POINT('',(469.99813079834,-205.260429382324,0.465157106518745));
#6166=CARTESIAN_POINT('Origin',(469.99813079834,-205.260429382324,0.465157106518745));
#6167=CARTESIAN_POINT('',(469.99626159668,-210.400009155273,3.29500019550323));
#6168=CARTESIAN_POINT('',(469.99626159668,-210.400009155273,3.29500019550323));
#6169=CARTESIAN_POINT('Origin',(535.753746032715,-201.328754425049,8.29874992370605));
#6170=CARTESIAN_POINT('',(535.753746032715,-201.328754425049,8.29874992370605));
#6171=CARTESIAN_POINT('',(535.753746032715,-201.328754425049,8.29874992370605));
#6172=CARTESIAN_POINT('',(529.546241760254,-202.332496643066,6.33125007152557));
#6173=CARTESIAN_POINT('Origin',(469.99626159668,-210.400009155273,3.29500019550323));
#6174=CARTESIAN_POINT('',(469.985008239746,-212.68762588501,7.52127945423126));
#6175=CARTESIAN_POINT('',(469.99626159668,-210.400009155273,3.29500019550323));
#6176=CARTESIAN_POINT('Origin',(469.985008239746,-212.68762588501,7.52127945423126));
#6177=CARTESIAN_POINT('',(498.785171508789,-209.886245727539,12.8915238380432));
#6178=CARTESIAN_POINT('',(498.785171508789,-209.886245727539,12.8915238380432));
#6179=CARTESIAN_POINT('Origin',(470.299987792969,-193.020000457764,10.));
#6180=CARTESIAN_POINT('',(480.330619812012,-194.025459289551,9.39757823944092));
#6181=CARTESIAN_POINT('',(480.330619812012,-194.025459289551,9.39757823944092));
#6182=CARTESIAN_POINT('Origin',(492.719230651855,-196.635475158691,5.08484363555908));
#6183=CARTESIAN_POINT('',(492.719230651855,-196.635475158691,5.08484363555908));
#6184=CARTESIAN_POINT('',(492.719230651855,-196.635475158691,5.08484363555908));
#6185=CARTESIAN_POINT('Origin',(469.999084472656,-193.289833068848,8.23769152164459));
#6186=CARTESIAN_POINT('',(492.719230651855,-196.635475158691,5.08484363555908));
#6187=CARTESIAN_POINT('Origin',(492.719230651855,-196.635475158691,5.08484363555908));
#6188=CARTESIAN_POINT('',(492.719230651855,-196.635475158691,5.08484363555908));
#6189=CARTESIAN_POINT('Origin',(470.,-195.930004119873,2.93000012636185));
#6190=CARTESIAN_POINT('',(470.,-195.958271026611,2.91404575109482));
#6191=CARTESIAN_POINT('',(470.,-195.930004119873,2.93000012636185));
#6192=CARTESIAN_POINT('Origin',(485.120811462402,-199.694538116455,1.91781252622604));
#6193=CARTESIAN_POINT('Origin',(470.,-195.958271026611,2.91404575109482));
#6194=CARTESIAN_POINT('',(470.,-200.323028564453,0.369870811700821));
#6195=CARTESIAN_POINT('Origin',(470.,-200.323028564453,0.369870811700821));
#6196=CARTESIAN_POINT('',(485.120811462402,-199.694538116455,1.91781252622604));
#6197=CARTESIAN_POINT('Origin',(527.575607299805,-199.501247406006,7.9025000333786));
#6198=CARTESIAN_POINT('',(527.908134460449,-199.395294189453,11.5625));
#6199=CARTESIAN_POINT('Origin',(485.120811462402,-199.694538116455,1.91781252622604));
#6200=CARTESIAN_POINT('',(469.99813079834,-205.260429382324,0.465157106518745));
#6201=CARTESIAN_POINT('Origin',(469.99813079834,-205.260429382324,0.465157106518745));
#6202=CARTESIAN_POINT('',(495.528602600098,-204.450626373291,2.37562507390976));
#6203=CARTESIAN_POINT('Origin',(470.,-207.999992370605,18.6600005626678));
#6204=CARTESIAN_POINT('',(469.992523193359,-212.228164672852,13.6407625675201));
#6205=CARTESIAN_POINT('Origin',(496.868667602539,-203.994178771973,17.5682032108307));
#6206=CARTESIAN_POINT('',(469.99813079834,-207.59651184082,18.8678503036499));
#6207=CARTESIAN_POINT('',(469.985008239746,-200.516300201416,19.6863853931427));
#6208=CARTESIAN_POINT('Origin',(469.99813079834,-207.59651184082,18.8678503036499));
#6209=CARTESIAN_POINT('',(496.868667602539,-203.994178771973,17.5682032108307));
#6210=CARTESIAN_POINT('Origin',(-12.1801841259003,-216.868343353271,15.5480086803436));
#6211=CARTESIAN_POINT('',(-12.1801841259003,-216.868343353271,15.5480086803436));
#6212=CARTESIAN_POINT('',(-12.1801841259003,-216.868343353271,15.5480086803436));
#6213=CARTESIAN_POINT('',(-12.1801841259003,-216.868343353271,15.5480086803436));
#6214=CARTESIAN_POINT('Origin',(-89.4197845458984,-199.819927215576,3.85331392288208));
#6215=CARTESIAN_POINT('',(-89.4197845458984,-199.819927215576,3.85331392288208));
#6216=CARTESIAN_POINT('Origin',(-22.4778127670288,-196.037483215332,0.));
#6217=CARTESIAN_POINT('',(-22.4778127670288,-196.037483215332,0.));
#6218=CARTESIAN_POINT('Origin',(533.85124206543,-205.707817077637,10.8174991607666));
#6219=CARTESIAN_POINT('',(525.015640258789,-206.014995574951,13.3012509346008));
#6220=CARTESIAN_POINT('Origin',(469.99813079834,-205.260429382324,0.465157106518745));
#6221=CARTESIAN_POINT('',(30.3035378456116,-207.227020263672,0.964145287871361));
#6222=CARTESIAN_POINT('',(29.0400362014771,-208.204669952393,1.46813869476318));
#6223=CARTESIAN_POINT('',(30.3035378456116,-207.227020263672,0.964145287871361));
#6224=CARTESIAN_POINT('',(30.3035378456116,-207.227020263672,0.964145287871361));
#6225=CARTESIAN_POINT('',(29.0400362014771,-208.204669952393,1.46813869476318));
#6226=CARTESIAN_POINT('Origin',(-14.8702943325043,-188.997993469238,4.90165293216705));
#6227=CARTESIAN_POINT('',(-34.1396570205688,-188.272247314453,11.9100046157837));
#6228=CARTESIAN_POINT('Origin',(469.99813079834,-205.260429382324,0.465157106518745));
#6229=CARTESIAN_POINT('',(30.3035378456116,-207.227020263672,0.964145287871361));
#6230=CARTESIAN_POINT('Origin',(-22.4778127670288,-196.037483215332,0.));
#6231=CARTESIAN_POINT('',(-14.4175004959106,-196.458740234375,19.9800002574921));
#6232=CARTESIAN_POINT('',(-14.4175004959106,-196.458740234375,19.9800002574921));
#6233=CARTESIAN_POINT('',(-22.4778127670288,-196.037483215332,0.));
#6234=CARTESIAN_POINT('Origin',(30.2900004386902,-207.259998321533,0.949999988079071));
#6235=CARTESIAN_POINT('',(30.2900004386902,-207.259998321533,0.949999988079071));
#6236=CARTESIAN_POINT('',(30.3035378456116,-207.227020263672,0.964145287871361));
#6237=CARTESIAN_POINT('',(30.3301668167114,-207.228088378906,0.949999988079071));
#6238=CARTESIAN_POINT('Origin',(30.3035378456116,-207.227020263672,0.964145287871361));
#6239=CARTESIAN_POINT('',(29.0400362014771,-208.204669952393,1.46813869476318));
#6240=CARTESIAN_POINT('Origin',(-100.78031539917,-194.440612792969,2.6350000500679));
#6241=CARTESIAN_POINT('',(-89.5301628112793,-191.865940093994,4.13281261920929));
#6242=CARTESIAN_POINT('',(-89.5301628112793,-191.865940093994,4.13281261920929));
#6243=CARTESIAN_POINT('',(-100.78031539917,-194.440612792969,2.6350000500679));
#6244=CARTESIAN_POINT('',(-100.78031539917,-194.440612792969,2.6350000500679));
#6245=CARTESIAN_POINT('Origin',(-85.9711360931396,-191.554489135742,1.27051681280136));
#6246=CARTESIAN_POINT('',(-14.8702943325043,-188.997993469238,4.90165293216705));
#6247=CARTESIAN_POINT('Origin',(7.66107201576233,-192.188320159912,19.5165538787842));
#6248=CARTESIAN_POINT('',(-89.3163013458252,-192.625045776367,19.8385572433472));
#6249=CARTESIAN_POINT('',(-89.3163013458252,-192.625045776367,19.8385572433472));
#6250=CARTESIAN_POINT('',(-89.3163013458252,-192.625045776367,19.8385572433472));
#6251=CARTESIAN_POINT('Origin',(-39.9732828140259,-210.23811340332,0.));
#6252=CARTESIAN_POINT('',(-34.3575000762939,-210.338745117188,19.9800002574921));
#6253=CARTESIAN_POINT('',(0.852499902248383,-207.753753662109,19.9800002574921));
#6254=CARTESIAN_POINT('Origin',(496.868667602539,-203.994178771973,17.5682032108307));
#6255=CARTESIAN_POINT('',(469.985008239746,-200.516300201416,19.6863853931427));
#6256=CARTESIAN_POINT('',(496.868667602539,-203.994178771973,17.5682032108307));
#6257=CARTESIAN_POINT('Origin',(470.,-193.85425567627,13.8526725769043));
#6258=CARTESIAN_POINT('Origin',(470.,-195.914039611816,17.0417296886444));
#6259=CARTESIAN_POINT('',(470.,-193.85425567627,13.8526725769043));
#6260=CARTESIAN_POINT('Origin',(-85.9711360931396,-191.554489135742,1.27051681280136));
#6261=CARTESIAN_POINT('Origin',(469.992485046387,-200.33052444458,19.6226298809052));
#6262=CARTESIAN_POINT('',(469.992485046387,-200.33052444458,19.6226298809052));
#6263=CARTESIAN_POINT('Origin',(481.276702880859,-199.580154418945,18.373281955719));
#6264=CARTESIAN_POINT('',(481.276702880859,-199.580154418945,18.373281955719));
#6265=CARTESIAN_POINT('Origin',(493.349685668945,-196.686859130859,14.8718750476837));
#6266=CARTESIAN_POINT('',(493.349685668945,-196.686859130859,14.8718750476837));
#6267=CARTESIAN_POINT('Origin',(470.,-193.85425567627,13.8526725769043));
#6268=CARTESIAN_POINT('',(470.,-193.85425567627,13.8526725769043));
#6269=CARTESIAN_POINT('Origin',(493.349685668945,-196.686859130859,14.8718750476837));
#6270=CARTESIAN_POINT('',(480.330619812012,-194.025459289551,9.39757823944092));
#6271=CARTESIAN_POINT('Origin',(470.299987792969,-193.020000457764,10.));
#6272=CARTESIAN_POINT('Origin',(470.299987792969,-193.020000457764,10.));
#6273=CARTESIAN_POINT('',(470.,-193.85425567627,13.8526725769043));
#6274=CARTESIAN_POINT('Origin',(470.299987792969,-193.020000457764,10.));
#6275=CARTESIAN_POINT('Origin',(469.99626159668,-210.400009155273,3.29500019550323));
#6276=CARTESIAN_POINT('',(492.573738098145,-210.036563873291,5.93609392642975));
#6277=CARTESIAN_POINT('',(469.99626159668,-210.400009155273,3.29500019550323));
#6278=CARTESIAN_POINT('Origin',(492.573738098145,-210.036563873291,5.93609392642975));
#6279=CARTESIAN_POINT('',(479.824371337891,-208.599529266357,2.74140655994415));
#6280=CARTESIAN_POINT('Origin',(-100.78031539917,-194.440612792969,2.6350000500679));
#6281=CARTESIAN_POINT('',(-107.598743438721,-196.603736877441,15.8881258964539));
#6282=CARTESIAN_POINT('',(-107.598743438721,-196.603736877441,15.8881258964539));
#6283=CARTESIAN_POINT('',(-107.598743438721,-196.603736877441,15.8881258964539));
#6284=CARTESIAN_POINT('Origin',(-100.78031539917,-194.440612792969,2.6350000500679));
#6285=CARTESIAN_POINT('',(-96.1742210388184,-193.436241149902,17.7162504196167));
#6286=CARTESIAN_POINT('',(-89.5301628112793,-191.865940093994,4.13281261920929));
#6287=CARTESIAN_POINT('',(-100.78031539917,-194.440612792969,2.6350000500679));
#6288=CARTESIAN_POINT('Origin',(-39.9732828140259,-210.23811340332,0.));
#6289=CARTESIAN_POINT('',(0.852499902248383,-207.753753662109,19.9800002574921));
#6290=CARTESIAN_POINT('Origin',(-92.7073955535889,-199.826011657715,19.9800002574921));
#6291=CARTESIAN_POINT('',(-101.099996566772,-202.999992370605,19.9800002574921));
#6292=CARTESIAN_POINT('',(-91.1860847473145,-200.321140289307,15.9375846385956));
#6293=CARTESIAN_POINT('',(-101.099996566772,-202.999992370605,19.9800002574921));
#6294=CARTESIAN_POINT('',(-92.7073955535889,-199.826011657715,19.9800002574921));
#6295=CARTESIAN_POINT('',(-92.7073955535889,-199.826011657715,19.9800002574921));
#6296=CARTESIAN_POINT('',(-92.7073955535889,-199.826011657715,19.9800002574921));
#6297=CARTESIAN_POINT('Origin',(-17.3676407337189,-217.216110229492,5.50629019737244));
#6298=CARTESIAN_POINT('',(1.86859369277954,-215.367336273193,14.502968788147));
#6299=CARTESIAN_POINT('',(1.86859369277954,-215.367336273193,14.502968788147));
#6300=CARTESIAN_POINT('',(1.86859369277954,-215.367336273193,14.502968788147));
#6301=CARTESIAN_POINT('Origin',(-101.099996566772,-202.999992370605,19.9800002574921));
#6302=CARTESIAN_POINT('',(-94.9347114562988,-202.728538513184,13.9475572109222));
#6303=CARTESIAN_POINT('',(-94.9347114562988,-202.728538513184,13.9475572109222));
#6304=CARTESIAN_POINT('',(-91.0257530212402,-205.606002807617,13.8771450519562));
#6305=CARTESIAN_POINT('Origin',(-91.0257530212402,-205.606002807617,13.8771450519562));
#6306=CARTESIAN_POINT('',(-101.099996566772,-202.999992370605,19.9800002574921));
#6307=CARTESIAN_POINT('Origin',(-91.1860847473145,-200.321140289307,15.9375846385956));
#6308=CARTESIAN_POINT('',(-89.4197845458984,-199.819927215576,3.85331392288208));
#6309=CARTESIAN_POINT('',(-94.9347114562988,-202.728538513184,13.9475572109222));
#6310=CARTESIAN_POINT('Origin',(-94.9347114562988,-202.728538513184,13.9475572109222));
#6311=CARTESIAN_POINT('Origin',(-94.9347114562988,-202.728538513184,13.9475572109222));
#6312=CARTESIAN_POINT('Origin',(-113.42155456543,-205.177192687988,17.3309373855591));
#6313=CARTESIAN_POINT('',(-114.659996032715,-202.266235351562,16.1299991607666));
#6314=CARTESIAN_POINT('',(-114.586563110352,-203.732490539551,3.62718760967255));
#6315=CARTESIAN_POINT('',(-113.42155456543,-205.177192687988,17.3309373855591));
#6316=CARTESIAN_POINT('Origin',(-114.659996032715,-202.266235351562,16.1299991607666));
#6317=CARTESIAN_POINT('',(-113.68218421936,-200.812492370605,3.16031247377396));
#6318=CARTESIAN_POINT('Origin',(-112.491874694824,-199.370002746582,16.171875));
#6319=CARTESIAN_POINT('',(-112.491874694824,-199.370002746582,16.171875));
#6320=CARTESIAN_POINT('',(-112.491874694824,-199.370002746582,16.171875));
#6321=CARTESIAN_POINT('',(-113.68218421936,-200.812492370605,3.16031247377396));
#6322=CARTESIAN_POINT('Origin',(469.985008239746,-212.68762588501,7.52127945423126));
#6323=CARTESIAN_POINT('Origin',(-112.491874694824,-199.370002746582,16.171875));
#6324=CARTESIAN_POINT('',(-109.54155921936,-197.636241912842,3.82499992847443));
#6325=CARTESIAN_POINT('Origin',(29.0400362014771,-208.204669952393,1.46813869476318));
#6326=CARTESIAN_POINT('',(469.99626159668,-210.400009155273,3.29500019550323));
#6327=CARTESIAN_POINT('Origin',(-107.598743438721,-196.603736877441,15.8881258964539));
#6328=CARTESIAN_POINT('',(-107.598743438721,-196.603736877441,15.8881258964539));
#6329=CARTESIAN_POINT('Origin',(29.0400362014771,-208.204669952393,1.46813869476318));
#6330=CARTESIAN_POINT('',(21.3998866081238,-211.428833007812,4.23258244991302));
#6331=CARTESIAN_POINT('',(29.0400362014771,-208.204669952393,1.46813869476318));
#6332=CARTESIAN_POINT('Origin',(469.985008239746,-212.68762588501,7.52127945423126));
#6333=CARTESIAN_POINT('',(469.985008239746,-212.68762588501,7.52127945423126));
#6334=CARTESIAN_POINT('Origin',(1.86859369277954,-215.367336273193,14.502968788147));
#6335=CARTESIAN_POINT('',(1.86859369277954,-215.367336273193,14.502968788147));
#6336=CARTESIAN_POINT('Origin',(535.753746032715,-201.870613098145,11.9756245613098));
#6337=CARTESIAN_POINT('',(535.753746032715,-201.870613098145,11.9756245613098));
#6338=CARTESIAN_POINT('',(527.31876373291,-203.54061126709,14.1137504577637));
#6339=CARTESIAN_POINT('',(517.445945739746,-200.935001373291,15.0878119468689));
#6340=CARTESIAN_POINT('Origin',(-89.3163013458252,-192.625045776367,19.8385572433472));
#6341=CARTESIAN_POINT('',(-105.043439865112,-196.552810668945,19.3443751335144));
#6342=CARTESIAN_POINT('',(-105.043439865112,-196.552810668945,19.3443751335144));
#6343=CARTESIAN_POINT('',(-89.3163013458252,-192.625045776367,19.8385572433472));
#6344=CARTESIAN_POINT('',(-89.3163013458252,-192.625045776367,19.8385572433472));
#6345=CARTESIAN_POINT('Origin',(-68.6777210235596,-189.151363372803,15.7951104640961));
#6346=CARTESIAN_POINT('',(-68.6777210235596,-189.151363372803,15.7951104640961));
#6347=CARTESIAN_POINT('',(-68.6777210235596,-189.151363372803,15.7951104640961));
#6348=CARTESIAN_POINT('Origin',(-12.1801841259003,-216.868343353271,15.5480086803436));
#6349=CARTESIAN_POINT('',(-82.9713153839111,-215.027637481689,17.5277709960938));
#6350=CARTESIAN_POINT('',(-12.1801841259003,-216.868343353271,15.5480086803436));
#6351=CARTESIAN_POINT('Origin',(537.799377441406,-204.539680480957,9.96421813964844));
#6352=CARTESIAN_POINT('',(537.799377441406,-204.539680480957,9.96421813964844));
#6353=CARTESIAN_POINT('',(532.976226806641,-205.454998016357,8.33156228065491));
#6354=CARTESIAN_POINT('',(537.799377441406,-204.539680480957,9.96421813964844));
#6355=CARTESIAN_POINT('Origin',(-86.7160224914551,-198.953838348389,19.9800002574921));
#6356=CARTESIAN_POINT('',(-86.7160224914551,-198.953838348389,19.9800002574921));
#6357=CARTESIAN_POINT('',(-86.7160224914551,-198.953838348389,19.9800002574921));
#6358=CARTESIAN_POINT('',(-86.7160224914551,-198.953838348389,19.9800002574921));
#6359=CARTESIAN_POINT('Origin',(-86.849250793457,-198.930053710938,0.));
#6360=CARTESIAN_POINT('',(-89.4197845458984,-199.819927215576,3.85331392288208));
#6361=CARTESIAN_POINT('Origin',(-12.1801841259003,-216.868343353271,15.5480086803436));
#6362=CARTESIAN_POINT('',(1.86859369277954,-215.367336273193,14.502968788147));
#6363=CARTESIAN_POINT('Origin',(535.753746032715,-201.328754425049,8.29874992370605));
#6364=CARTESIAN_POINT('',(536.946258544922,-202.912502288818,8.06062459945679));
#6365=CARTESIAN_POINT('',(529.546241760254,-202.332496643066,6.33125007152557));
#6366=CARTESIAN_POINT('',(536.946258544922,-202.912502288818,8.06062459945679));
#6367=CARTESIAN_POINT('Origin',(528.407516479492,-204.542503356934,6.2975001335144));
#6368=CARTESIAN_POINT('',(528.407516479492,-204.542503356934,6.2975001335144));
#6369=CARTESIAN_POINT('Origin',(532.976226806641,-205.454998016357,8.33156228065491));
#6370=CARTESIAN_POINT('',(532.976226806641,-205.454998016357,8.33156228065491));
#6371=CARTESIAN_POINT('Origin',(469.99626159668,-210.400009155273,3.29500019550323));
#6372=CARTESIAN_POINT('Origin',(-5.2869701385498,-189.787178039551,15.954372882843));
#6373=CARTESIAN_POINT('',(-34.1396570205688,-188.272247314453,11.9100046157837));
#6374=CARTESIAN_POINT('',(-14.8702943325043,-188.997993469238,4.90165293216705));
#6375=CARTESIAN_POINT('Origin',(-68.6777210235596,-189.151363372803,15.7951104640961));
#6376=CARTESIAN_POINT('Origin',(-113.636245727539,-202.273750305176,18.5374999046326));
#6377=CARTESIAN_POINT('',(-113.636245727539,-202.273750305176,18.5374999046326));
#6378=CARTESIAN_POINT('',(-113.42155456543,-205.177192687988,17.3309373855591));
#6379=CARTESIAN_POINT('',(-113.636245727539,-202.273750305176,18.5374999046326));
#6380=CARTESIAN_POINT('Origin',(15.4607033729553,-212.150115966797,0.247890651226044));
#6381=CARTESIAN_POINT('',(15.4607033729553,-212.150115966797,0.247890651226044));
#6382=CARTESIAN_POINT('Origin',(-22.4778127670288,-196.037483215332,0.));
#6383=CARTESIAN_POINT('',(2.47093737125397,-198.351249694824,0.));
#6384=CARTESIAN_POINT('Origin',(1.46109372377396,-190.588455200195,3.9878123998642));
#6385=CARTESIAN_POINT('',(1.46109372377396,-190.588455200195,3.9878123998642));
#6386=CARTESIAN_POINT('',(-14.8702943325043,-188.997993469238,4.90165293216705));
#6387=CARTESIAN_POINT('',(6.69999778270721,-191.969451904297,0.435888692736626));
#6388=CARTESIAN_POINT('Origin',(-5.2869701385498,-189.787178039551,15.954372882843));
#6389=CARTESIAN_POINT('',(1.46109372377396,-190.588455200195,3.9878123998642));
#6390=CARTESIAN_POINT('Origin',(-14.4175004959106,-196.458740234375,19.9800002574921));
#6391=CARTESIAN_POINT('',(2.47093737125397,-198.351249694824,0.));
#6392=CARTESIAN_POINT('',(9.88562524318695,-200.130615234375,19.9800002574921));
#6393=CARTESIAN_POINT('Origin',(537.799377441406,-204.539680480957,9.96421813964844));
#6394=CARTESIAN_POINT('',(537.799377441406,-204.539680480957,9.96421813964844));
#6395=CARTESIAN_POINT('Origin',(-110.766868591309,-205.228729248047,19.7968745231628));
#6396=CARTESIAN_POINT('',(-110.766868591309,-205.228729248047,19.7968745231628));
#6397=CARTESIAN_POINT('Origin',(527.575607299805,-199.501247406006,7.9025000333786));
#6398=CARTESIAN_POINT('',(537.567520141602,-201.296234130859,10.1518750190735));
#6399=CARTESIAN_POINT('',(537.567520141602,-201.296234130859,10.1518750190735));
#6400=CARTESIAN_POINT('',(537.567520141602,-201.296234130859,10.1518750190735));
#6401=CARTESIAN_POINT('Origin',(537.567520141602,-201.296234130859,10.1518750190735));
#6402=CARTESIAN_POINT('',(537.567520141602,-201.296234130859,10.1518750190735));
#6403=CARTESIAN_POINT('Origin',(-113.636245727539,-202.273750305176,18.5374999046326));
#6404=CARTESIAN_POINT('',(-110.959377288818,-200.036869049072,19.3924999237061));
#6405=CARTESIAN_POINT('',(-110.959377288818,-200.036869049072,19.3924999237061));
#6406=CARTESIAN_POINT('',(-110.959377288818,-200.036869049072,19.3924999237061));
#6407=CARTESIAN_POINT('Origin',(-110.959377288818,-200.036869049072,19.3924999237061));
#6408=CARTESIAN_POINT('',(-110.959377288818,-200.036869049072,19.3924999237061));
#6409=CARTESIAN_POINT('Origin',(-113.636245727539,-202.273750305176,18.5374999046326));
#6410=CARTESIAN_POINT('',(-110.959377288818,-200.036869049072,19.3924999237061));
#6411=CARTESIAN_POINT('Origin',(498.785171508789,-209.886245727539,12.8915238380432));
#6412=CARTESIAN_POINT('',(498.252182006836,-207.649688720703,15.9896874427795));
#6413=CARTESIAN_POINT('',(498.785171508789,-209.886245727539,12.8915238380432));
#6414=CARTESIAN_POINT('Origin',(-89.4197845458984,-199.819927215576,3.85331392288208));
#6415=CARTESIAN_POINT('',(-86.7160224914551,-198.953838348389,19.9800002574921));
#6416=CARTESIAN_POINT('Origin',(-86.7160224914551,-198.953838348389,19.9800002574921));
#6417=CARTESIAN_POINT('',(-86.7160224914551,-198.953838348389,19.9800002574921));
#6418=CARTESIAN_POINT('Origin',(498.785171508789,-209.886245727539,12.8915238380432));
#6419=CARTESIAN_POINT('Origin',(5.2656877040863,-214.252185821533,0.339835919439793));
#6420=CARTESIAN_POINT('',(5.2656877040863,-214.252185821533,0.339835919439793));
#6421=CARTESIAN_POINT('Origin',(5.2656877040863,-214.252185821533,0.339835919439793));
#6422=CARTESIAN_POINT('',(15.164999961853,-213.001880645752,3.1793749332428));
#6423=CARTESIAN_POINT('Origin',(29.4788074493408,-198.851280212402,0.628828704357147));
#6424=CARTESIAN_POINT('',(29.4788074493408,-198.851280212402,0.628828704357147));
#6425=CARTESIAN_POINT('Origin',(24.4588708877563,-195.524940490723,3.35172951221466));
#6426=CARTESIAN_POINT('',(20.594687461853,-194.680938720703,1.59312501549721));
#6427=CARTESIAN_POINT('',(24.4588708877563,-195.524940490723,3.35172951221466));
#6428=CARTESIAN_POINT('',(24.4588708877563,-195.524940490723,3.35172951221466));
#6429=CARTESIAN_POINT('Origin',(1.86859369277954,-215.367336273193,14.502968788147));
#6430=CARTESIAN_POINT('',(1.86859369277954,-215.367336273193,14.502968788147));
#6431=CARTESIAN_POINT('Origin',(536.946258544922,-202.912502288818,8.06062459945679));
#6432=CARTESIAN_POINT('',(537.567520141602,-201.296234130859,10.1518750190735));
#6433=CARTESIAN_POINT('Origin',(-68.6777210235596,-189.151363372803,15.7951104640961));
#6434=CARTESIAN_POINT('',(-71.7057466506958,-189.466896057129,16.461238861084));
#6435=CARTESIAN_POINT('Origin',(-89.3163013458252,-192.625045776367,19.8385572433472));
#6436=CARTESIAN_POINT('Origin',(3.40520679950714,-214.58324432373,19.3629920482635));
#6437=CARTESIAN_POINT('',(1.86859369277954,-215.367336273193,14.502968788147));
#6438=CARTESIAN_POINT('',(11.5200781822205,-213.623924255371,17.670624256134));
#6439=CARTESIAN_POINT('Origin',(539.737510681152,-202.766571044922,9.93812501430511));
#6440=CARTESIAN_POINT('',(539.737510681152,-202.766571044922,9.93812501430511));
#6441=CARTESIAN_POINT('',(539.737510681152,-202.766571044922,9.93812501430511));
#6442=CARTESIAN_POINT('',(539.737510681152,-202.766571044922,9.93812501430511));
#6443=CARTESIAN_POINT('Origin',(539.737510681152,-202.766571044922,9.93812501430511));
#6444=CARTESIAN_POINT('',(539.143753051758,-203.128433227539,10.8678126335144));
#6445=CARTESIAN_POINT('',(537.799377441406,-204.539680480957,9.96421813964844));
#6446=CARTESIAN_POINT('',(539.737510681152,-202.766571044922,9.93812501430511));
#6447=CARTESIAN_POINT('Origin',(17.025625705719,-211.902503967285,19.6031248569489));
#6448=CARTESIAN_POINT('Origin',(537.567520141602,-201.296234130859,10.1518750190735));
#6449=CARTESIAN_POINT('',(537.567520141602,-201.296234130859,10.1518750190735));
#6450=CARTESIAN_POINT('Origin',(24.4588708877563,-195.524940490723,3.35172951221466));
#6451=CARTESIAN_POINT('',(29.4788074493408,-198.851280212402,0.628828704357147));
#6452=CARTESIAN_POINT('Origin',(14.7599995136261,-203.740005493164,0.));
#6453=CARTESIAN_POINT('',(14.7525000572205,-203.740005493164,19.9800002574921));
#6454=CARTESIAN_POINT('Origin',(15.164999961853,-213.001880645752,3.1793749332428));
#6455=CARTESIAN_POINT('',(15.164999961853,-213.001880645752,3.1793749332428));
#6456=CARTESIAN_POINT('Origin',(-107.598743438721,-196.603736877441,15.8881258964539));
#6457=CARTESIAN_POINT('',(-107.598743438721,-196.603736877441,15.8881258964539));
#6458=CARTESIAN_POINT('Origin',(20.594687461853,-194.680938720703,1.59312501549721));
#6459=CARTESIAN_POINT('',(29.4788074493408,-198.851280212402,0.628828704357147));
#6460=CARTESIAN_POINT('Origin',(-112.491874694824,-199.370002746582,16.171875));
#6461=CARTESIAN_POINT('',(-105.043439865112,-196.552810668945,19.3443751335144));
#6462=CARTESIAN_POINT('',(-105.043439865112,-196.552810668945,19.3443751335144));
#6463=CARTESIAN_POINT('Origin',(-105.043439865112,-196.552810668945,19.3443751335144));
#6464=CARTESIAN_POINT('',(-105.043439865112,-196.552810668945,19.3443751335144));
#6465=CARTESIAN_POINT('Origin',(14.7525000572205,-203.740005493164,19.9800002574921));
#6466=CARTESIAN_POINT('Origin',(9.88562524318695,-200.130615234375,19.9800002574921));
#6467=CARTESIAN_POINT('Origin',(24.4588708877563,-195.524940490723,3.35172951221466));
#6468=CARTESIAN_POINT('',(469.999084472656,-193.289833068848,8.23769152164459));
#6469=CARTESIAN_POINT('Origin',(469.992485046387,-208.090763092041,18.5885345935822));
#6470=CARTESIAN_POINT('',(28.3635139465332,-208.369979858398,18.5887908935547));
#6471=CARTESIAN_POINT('Origin',(498.252182006836,-207.649688720703,15.9896874427795));
#6472=CARTESIAN_POINT('Origin',(20.594687461853,-194.680938720703,1.59312501549721));
#6473=CARTESIAN_POINT('',(1.46109372377396,-190.588455200195,3.9878123998642));
#6474=CARTESIAN_POINT('',(20.594687461853,-194.680938720703,1.59312501549721));
#6475=CARTESIAN_POINT('Origin',(20.594687461853,-194.680938720703,1.59312501549721));
#6476=CARTESIAN_POINT('Origin',(-90.5803108215332,-213.833751678467,2.83500015735626));
#6477=CARTESIAN_POINT('',(-71.8965530395508,-216.528167724609,6.55802309513092));
#6478=CARTESIAN_POINT('',(-90.5803108215332,-213.833751678467,2.83500015735626));
#6479=CARTESIAN_POINT('Origin',(-71.8965530395508,-216.528167724609,6.55802309513092));
#6480=CARTESIAN_POINT('Origin',(525.015640258789,-206.014995574951,13.3012509346008));
#6481=CARTESIAN_POINT('',(535.817489624023,-203.842506408691,12.2562503814697));
#6482=CARTESIAN_POINT('',(533.85124206543,-205.707817077637,10.8174991607666));
#6483=CARTESIAN_POINT('',(525.015640258789,-206.014995574951,13.3012509346008));
#6484=CARTESIAN_POINT('Origin',(1.46109372377396,-190.588455200195,3.9878123998642));
#6485=CARTESIAN_POINT('',(-5.2869701385498,-189.787178039551,15.954372882843));
#6486=CARTESIAN_POINT('',(1.46109372377396,-190.588455200195,3.9878123998642));
#6487=CARTESIAN_POINT('Origin',(525.015640258789,-206.014995574951,13.3012509346008));
#6488=CARTESIAN_POINT('',(527.31876373291,-203.54061126709,14.1137504577637));
#6489=CARTESIAN_POINT('Origin',(527.31876373291,-203.54061126709,14.1137504577637));
#6490=CARTESIAN_POINT('',(535.753746032715,-201.870613098145,11.9756245613098));
#6491=CARTESIAN_POINT('Origin',(533.85124206543,-205.707817077637,10.8174991607666));
#6492=CARTESIAN_POINT('',(537.799377441406,-204.539680480957,9.96421813964844));
#6493=CARTESIAN_POINT('Origin',(-5.2869701385498,-189.787178039551,15.954372882843));
#6494=CARTESIAN_POINT('Origin',(539.143753051758,-203.128433227539,10.8678126335144));
#6495=CARTESIAN_POINT('',(539.143753051758,-203.128433227539,10.8678126335144));
#6496=CARTESIAN_POINT('Origin',(535.817489624023,-203.842506408691,12.2562503814697));
#6497=CARTESIAN_POINT('',(535.753746032715,-201.870613098145,11.9756245613098));
#6498=CARTESIAN_POINT('Origin',(527.908134460449,-199.395294189453,11.5625));
#6499=CARTESIAN_POINT('',(535.753746032715,-201.870613098145,11.9756245613098));
#6500=CARTESIAN_POINT('Origin',(28.3635139465332,-208.369979858398,18.5887908935547));
#6501=CARTESIAN_POINT('',(28.3635139465332,-208.369979858398,18.5887908935547));
#6502=CARTESIAN_POINT('Origin',(535.753746032715,-201.870613098145,11.9756245613098));
#6503=CARTESIAN_POINT('',(537.567520141602,-201.296234130859,10.1518750190735));
#6504=CARTESIAN_POINT('Origin',(-107.598743438721,-196.603736877441,15.8881258964539));
#6505=CARTESIAN_POINT('Origin',(-82.9713153839111,-215.027637481689,17.5277709960938));
#6506=CARTESIAN_POINT('',(-82.9713153839111,-215.027637481689,17.5277709960938));
#6507=CARTESIAN_POINT('Origin',(28.3635139465332,-208.369979858398,18.5887908935547));
#6508=CARTESIAN_POINT('',(17.025625705719,-211.902503967285,19.6031248569489));
#6509=CARTESIAN_POINT('Origin',(495.528602600098,-204.450626373291,2.37562507390976));
#6510=CARTESIAN_POINT('',(479.824371337891,-208.599529266357,2.74140655994415));
#6511=CARTESIAN_POINT('Origin',(516.093444824219,-206.964988708496,5.9528124332428));
#6512=CARTESIAN_POINT('Origin',(28.3635139465332,-208.369979858398,18.5887908935547));
#6513=CARTESIAN_POINT('Origin',(-87.3059463500977,-206.969394683838,-0.000468750004074536));
#6514=CARTESIAN_POINT('Origin',(-105.435619354248,-209.790630340576,1.68249994516373));
#6515=CARTESIAN_POINT('',(-90.5803108215332,-213.833751678467,2.83500015735626));
#6516=CARTESIAN_POINT('',(-90.5803108215332,-213.833751678467,2.83500015735626));
#6517=CARTESIAN_POINT('Origin',(-90.5803108215332,-213.833751678467,2.83500015735626));
#6518=CARTESIAN_POINT('',(-90.5803108215332,-213.833751678467,2.83500015735626));
#6519=CARTESIAN_POINT('Origin',(-101.975002288818,-210.334377288818,0.236250013113022));
#6520=CARTESIAN_POINT('',(-101.975002288818,-210.334377288818,0.236250013113022));
#6521=CARTESIAN_POINT('Origin',(518.176574707031,-208.390007019043,9.30468738079071));
#6522=CARTESIAN_POINT('Origin',(515.537796020508,-201.578750610352,4.44687485694885));
#6523=CARTESIAN_POINT('Origin',(539.143753051758,-203.128433227539,10.8678126335144));
#6524=CARTESIAN_POINT('',(537.567520141602,-201.296234130859,10.1518750190735));
#6525=CARTESIAN_POINT('Origin',(539.143753051758,-203.128433227539,10.8678126335144));
#6526=CARTESIAN_POINT('Origin',(511.913528442383,-196.885852813721,10.4181241989136));
#6527=CARTESIAN_POINT('Origin',(-12.1801841259003,-216.868343353271,15.5480086803436));
#6528=CARTESIAN_POINT('Origin',(-87.3059463500977,-206.969394683838,-0.000468750004074536));
#6529=CARTESIAN_POINT('',(-101.120004653931,-202.999992370605,0.));
#6530=CARTESIAN_POINT('Origin',(-90.5803108215332,-213.833751678467,2.83500015735626));
#6531=CARTESIAN_POINT('Origin',(496.868667602539,-203.994178771973,17.5682032108307));
#6532=CARTESIAN_POINT('Origin',(21.3998866081238,-211.428833007812,4.23258244991302));
#6533=CARTESIAN_POINT('Origin',(16.6700899600983,-193.206558227539,7.37744331359863));
#6534=CARTESIAN_POINT('Origin',(-85.9711360931396,-191.554489135742,1.27051681280136));
#6535=CARTESIAN_POINT('',(-64.1703605651855,-188.931541442871,5.33160090446472));
#6536=CARTESIAN_POINT('Origin',(-90.4432678222656,-213.185615539551,19.7244954109192));
#6537=CARTESIAN_POINT('',(-103.494997024536,-209.896240234375,19.5700001716614));
#6538=CARTESIAN_POINT('Origin',(30.2900004386902,-207.259998321533,0.949999988079071));
#6539=CARTESIAN_POINT('',(29.4788074493408,-198.851280212402,0.628828704357147));
#6540=CARTESIAN_POINT('',(20.6331253051758,-195.41748046875,0.150000005960464));
#6541=CARTESIAN_POINT('Origin',(14.7599995136261,-203.740005493164,0.));
#6542=CARTESIAN_POINT('',(14.7599995136261,-203.740005493164,0.));
#6543=CARTESIAN_POINT('Origin',(14.7599995136261,-203.740005493164,0.));
#6544=CARTESIAN_POINT('',(20.6331253051758,-195.41748046875,0.150000005960464));
#6545=CARTESIAN_POINT('',(14.7599995136261,-203.740005493164,0.));
#6546=CARTESIAN_POINT('Origin',(13.0575001239777,-201.185970306396,0.));
#6547=CARTESIAN_POINT('Origin',(30.2900004386902,-207.259998321533,0.949999988079071));
#6548=CARTESIAN_POINT('Origin',(-101.099996566772,-202.999992370605,19.9800002574921));
#6549=CARTESIAN_POINT('',(-101.099996566772,-202.999992370605,19.9800002574921));
#6550=CARTESIAN_POINT('',(-101.099996566772,-202.999992370605,19.9800002574921));
#6551=CARTESIAN_POINT('Origin',(-90.4432678222656,-213.185615539551,19.7244954109192));
#6552=CARTESIAN_POINT('',(-90.4432678222656,-213.185615539551,19.7244954109192));
#6553=CARTESIAN_POINT('',(-80.0190448760986,-207.976016998291,19.9800002574921));
#6554=CARTESIAN_POINT('Origin',(-97.2834968566895,-205.149154663086,19.9800002574921));
#6555=CARTESIAN_POINT('',(-103.494997024536,-209.896240234375,19.5700001716614));
#6556=CARTESIAN_POINT('Origin',(-101.099996566772,-202.999992370605,19.9800002574921));
#6557=CARTESIAN_POINT('',(-101.099996566772,-202.999992370605,19.9800002574921));
#6558=CARTESIAN_POINT('Origin',(29.4788074493408,-198.851280212402,0.628828704357147));
#6559=CARTESIAN_POINT('Origin',(16.6970872879028,-212.803440093994,10.9863638877869));
#6560=CARTESIAN_POINT('Origin',(-101.099996566772,-202.999992370605,19.9800002574921));
#6561=CARTESIAN_POINT('',(-92.7073955535889,-199.826011657715,19.9800002574921));
#6562=CARTESIAN_POINT('',(-89.3163013458252,-192.625045776367,19.8385572433472));
#6563=CARTESIAN_POINT('Origin',(-68.6777210235596,-189.151363372803,15.7951104640961));
#6564=CARTESIAN_POINT('Origin',(-101.099996566772,-202.999992370605,19.9800002574921));
#6565=CARTESIAN_POINT('',(-103.494997024536,-209.896240234375,19.5700001716614));
#6566=CARTESIAN_POINT('Origin',(-97.2834968566895,-205.149154663086,19.9800002574921));
#6567=CARTESIAN_POINT('Origin',(-89.3163013458252,-192.625045776367,19.8385572433472));
#6568=CARTESIAN_POINT('Origin',(-86.7160224914551,-198.953838348389,19.9800002574921));
#6569=CARTESIAN_POINT('',(-89.3163013458252,-192.625045776367,19.8385572433472));
#6570=CARTESIAN_POINT('',(-86.7160224914551,-198.953838348389,19.9800002574921));
#6571=CARTESIAN_POINT('Origin',(-89.3163013458252,-192.625045776367,19.8385572433472));
#6572=CARTESIAN_POINT('Origin',(-101.120004653931,-202.999992370605,0.));
#6573=CARTESIAN_POINT('',(-101.120004653931,-202.999992370605,0.));
#6574=CARTESIAN_POINT('Origin',(-101.120004653931,-202.999992370605,0.));
#6575=CARTESIAN_POINT('',(-101.120004653931,-202.999992370605,0.));
#6576=CARTESIAN_POINT('Origin',(-89.0622329711914,-213.505897521973,0.30961599200964));
#6577=CARTESIAN_POINT('',(-87.3059463500977,-206.969394683838,-0.000468750004074536));
#6578=CARTESIAN_POINT('Origin',(-101.120004653931,-202.999992370605,0.));
#6579=CARTESIAN_POINT('Origin',(-89.3163013458252,-192.625045776367,19.8385572433472));
#6580=CARTESIAN_POINT('',(-89.3163013458252,-192.625045776367,19.8385572433472));
#6581=CARTESIAN_POINT('Origin',(-90.4432678222656,-213.185615539551,19.7244954109192));
#6582=CARTESIAN_POINT('',(-34.3575000762939,-210.338745117188,19.9800002574921));
#6583=CARTESIAN_POINT('',(-34.3575000762939,-210.338745117188,19.9800002574921));
#6584=CARTESIAN_POINT('Origin',(-34.3575000762939,-210.338745117188,19.9800002574921));
#6585=CARTESIAN_POINT('Origin',(470.,-200.353565216064,0.365939103066921));
#6586=CARTESIAN_POINT('',(29.4788074493408,-198.851280212402,0.628828704357147));
#6587=CARTESIAN_POINT('Origin',(470.,-200.323028564453,0.369870811700821));
#6588=CARTESIAN_POINT('Origin',(-50.8143711090088,-195.784378051758,19.9800002574921));
#6589=CARTESIAN_POINT('',(7.66107201576233,-192.188320159912,19.5165538787842));
#6590=CARTESIAN_POINT('',(7.66107201576233,-192.188320159912,19.5165538787842));
#6591=CARTESIAN_POINT('Origin',(7.66107201576233,-192.188320159912,19.5165538787842));
#6592=CARTESIAN_POINT('Origin',(470.,-194.326152801514,5.04390180110931));
#6593=CARTESIAN_POINT('',(24.4588708877563,-195.524940490723,3.35172951221466));
#6594=CARTESIAN_POINT('Origin',(469.999084472656,-193.289833068848,8.23769152164459));
#6595=CARTESIAN_POINT('Origin',(0.852499902248383,-207.753753662109,19.9800002574921));
#6596=CARTESIAN_POINT('Origin',(28.3635139465332,-208.369979858398,18.5887908935547));
#6597=CARTESIAN_POINT('',(28.3635139465332,-208.369979858398,18.5887908935547));
#6598=CARTESIAN_POINT('Origin',(28.3635139465332,-208.369979858398,18.5887908935547));
#6599=CARTESIAN_POINT('Origin',(470.,-200.357112884521,19.6349537372589));
#6600=CARTESIAN_POINT('',(470.,-200.357112884521,19.6349537372589));
#6601=CARTESIAN_POINT('Origin',(470.,-200.495777130127,19.6699869632721));
#6602=CARTESIAN_POINT('Origin',(7.66107201576233,-192.188320159912,19.5165538787842));
#6603=CARTESIAN_POINT('Origin',(-101.120004653931,-202.999992370605,0.));
#6604=CARTESIAN_POINT('',(-101.120004653931,-202.999992370605,0.));
#6605=CARTESIAN_POINT('Origin',(-86.849250793457,-198.930053710938,0.));
#6606=UNCERTAINTY_MEASURE_WITH_UNIT(LENGTH_MEASURE(0.01),#6610,
'DISTANCE_ACCURACY_VALUE',
'Maximum model space distance between geometric entities at asserted c
onnectivities');
#6607=UNCERTAINTY_MEASURE_WITH_UNIT(LENGTH_MEASURE(0.01),#6610,
'DISTANCE_ACCURACY_VALUE',
'Maximum model space distance between geometric entities at asserted c
onnectivities');
#6608=(
GEOMETRIC_REPRESENTATION_CONTEXT(3)
GLOBAL_UNCERTAINTY_ASSIGNED_CONTEXT((#6606))
GLOBAL_UNIT_ASSIGNED_CONTEXT((#6610,#6612,#6613))
REPRESENTATION_CONTEXT('','3D')
);
#6609=(
GEOMETRIC_REPRESENTATION_CONTEXT(3)
GLOBAL_UNCERTAINTY_ASSIGNED_CONTEXT((#6607))
GLOBAL_UNIT_ASSIGNED_CONTEXT((#6610,#6612,#6613))
REPRESENTATION_CONTEXT('','3D')
);
#6610=(
LENGTH_UNIT()
NAMED_UNIT(*)
SI_UNIT(.MILLI.,.METRE.)
);
#6611=(
LENGTH_UNIT()
NAMED_UNIT(*)
SI_UNIT($,.METRE.)
);
#6612=(
NAMED_UNIT(*)
PLANE_ANGLE_UNIT()
SI_UNIT($,.RADIAN.)
);
#6613=(
NAMED_UNIT(*)
SI_UNIT($,.STERADIAN.)
SOLID_ANGLE_UNIT()
);
#6614=SHAPE_DEFINITION_REPRESENTATION(#6615,#6616);
#6615=PRODUCT_DEFINITION_SHAPE('',$,#6618);
#6616=SHAPE_REPRESENTATION('',(#4074),#6608);
#6617=PRODUCT_DEFINITION_CONTEXT('part definition',#6622,'design');
#6618=PRODUCT_DEFINITION('(Unsaved)','(Unsaved)',#6619,#6617);
#6619=PRODUCT_DEFINITION_FORMATION('',$,#6624);
#6620=PRODUCT_RELATED_PRODUCT_CATEGORY('(Unsaved)','(Unsaved)',(#6624));
#6621=APPLICATION_PROTOCOL_DEFINITION('international standard',
'ap242_managed_model_based_3d_engineering',2011,#6622);
#6622=APPLICATION_CONTEXT('Managed model based 3d engineering');
#6623=PRODUCT_CONTEXT('part definition',#6622,'mechanical');
#6624=PRODUCT('(Unsaved)','(Unsaved)',$,(#6623));
#6625=PRESENTATION_STYLE_ASSIGNMENT((#6627));
#6626=PRESENTATION_STYLE_ASSIGNMENT((#6628));
#6627=SURFACE_STYLE_USAGE(.BOTH.,#6629);
#6628=SURFACE_STYLE_USAGE(.BOTH.,#6630);
#6629=SURFACE_SIDE_STYLE('',(#6631));
#6630=SURFACE_SIDE_STYLE('',(#6632));
#6631=SURFACE_STYLE_FILL_AREA(#6633);
#6632=SURFACE_STYLE_FILL_AREA(#6634);
#6633=FILL_AREA_STYLE('Steel - Satin',(#6635));
#6634=FILL_AREA_STYLE('Chrome',(#6636));
#6635=FILL_AREA_STYLE_COLOUR('Steel - Satin',#6637);
#6636=FILL_AREA_STYLE_COLOUR('Chrome',#6638);
#6637=COLOUR_RGB('Steel - Satin',0.627450980392157,0.627450980392157,0.627450980392157);
#6638=COLOUR_RGB('Chrome',0.768627450980392,0.772549019607843,0.768627450980392);
ENDSEC;
END-ISO-10303-21;
