ISO-10303-21;
HEADER;
/* Generated by software containing ST-Developer
 * from STEP Tools, Inc. (www.steptools.com) 
 */

FILE_DESCRIPTION(
/* description */ (''),
/* implementation_level */ '2;1');

FILE_NAME(
/* name */ 'WS2812-1313.step',
/* time_stamp */ '2026-08-25T09:32:20-07:00',
/* author */ (''),
/* organization */ (''),
/* preprocessor_version */ 'ST-DEVELOPER v20.1',
/* originating_system */ 'Autodesk Translation Framework v15.8.0.0',
/* authorisation */ '');

FILE_SCHEMA (('AUTOMOTIVE_DESIGN { 1 0 10303 214 3 1 1 }'));
ENDSEC;

DATA;
#10=MECHANICAL_DESIGN_GEOMETRIC_PRESENTATION_REPRESENTATION('',(#32,#33,
#34,#35,#36,#37,#38,#39,#40,#41,#42,#43,#44,#45,#46,#47,#48,#49,#50,#51,
#52,#53,#54,#55,#56,#57),#2251);
#11=SHAPE_REPRESENTATION_RELATIONSHIP('SRR','None',#2257,#12);
#12=ADVANCED_BREP_SHAPE_REPRESENTATION('',(#17,#18,#19,#20,#21,#22),#2250);
#13=SPHERICAL_SURFACE('',#1439,0.0350000000000006);
#14=SPHERICAL_SURFACE('',#1443,0.035);
#15=SPHERICAL_SURFACE('',#1447,0.035);
#16=SPHERICAL_SURFACE('',#1454,0.035);
#17=MANIFOLD_SOLID_BREP('Base',#1386);
#18=MANIFOLD_SOLID_BREP('Lens',#1387);
#19=MANIFOLD_SOLID_BREP('G',#1388);
#20=MANIFOLD_SOLID_BREP('R',#1389);
#21=MANIFOLD_SOLID_BREP('B',#1390);
#22=MANIFOLD_SOLID_BREP('Chip',#1391);
#23=FACE_BOUND('',#236,.T.);
#24=FACE_BOUND('',#237,.T.);
#25=FACE_BOUND('',#238,.T.);
#26=FACE_BOUND('',#239,.T.);
#27=FACE_BOUND('',#240,.T.);
#28=FACE_BOUND('',#261,.T.);
#29=FACE_BOUND('',#262,.T.);
#30=FACE_BOUND('',#263,.T.);
#31=FACE_BOUND('',#264,.T.);
#32=STYLED_ITEM('',(#2268),#1313);
#33=STYLED_ITEM('',(#2269),#1317);
#34=STYLED_ITEM('',(#2269),#1318);
#35=STYLED_ITEM('',(#2269),#1319);
#36=STYLED_ITEM('',(#2269),#1320);
#37=STYLED_ITEM('',(#2269),#1321);
#38=STYLED_ITEM('',(#2269),#1322);
#39=STYLED_ITEM('',(#2269),#1323);
#40=STYLED_ITEM('',(#2269),#1324);
#41=STYLED_ITEM('',(#2269),#1325);
#42=STYLED_ITEM('',(#2269),#1326);
#43=STYLED_ITEM('',(#2269),#1328);
#44=STYLED_ITEM('',(#2269),#1329);
#45=STYLED_ITEM('',(#2269),#1330);
#46=STYLED_ITEM('',(#2269),#1331);
#47=STYLED_ITEM('',(#2269),#1332);
#48=STYLED_ITEM('',(#2269),#1333);
#49=STYLED_ITEM('',(#2269),#1334);
#50=STYLED_ITEM('',(#2269),#1335);
#51=STYLED_ITEM('',(#2269),#1336);
#52=STYLED_ITEM('',(#2267),#17);
#53=STYLED_ITEM('',(#2270),#18);
#54=STYLED_ITEM('',(#2271),#19);
#55=STYLED_ITEM('',(#2272),#20);
#56=STYLED_ITEM('',(#2273),#21);
#57=STYLED_ITEM('',(#2274),#22);
#58=PLANE('',#1396);
#59=PLANE('',#1400);
#60=PLANE('',#1405);
#61=PLANE('',#1408);
#62=PLANE('',#1409);
#63=PLANE('',#1410);
#64=PLANE('',#1411);
#65=PLANE('',#1412);
#66=PLANE('',#1413);
#67=PLANE('',#1414);
#68=PLANE('',#1415);
#69=PLANE('',#1416);
#70=PLANE('',#1417);
#71=PLANE('',#1418);
#72=PLANE('',#1419);
#73=PLANE('',#1420);
#74=PLANE('',#1421);
#75=PLANE('',#1422);
#76=PLANE('',#1423);
#77=PLANE('',#1424);
#78=PLANE('',#1425);
#79=PLANE('',#1426);
#80=PLANE('',#1427);
#81=PLANE('',#1428);
#82=PLANE('',#1429);
#83=PLANE('',#1430);
#84=PLANE('',#1431);
#85=PLANE('',#1432);
#86=PLANE('',#1433);
#87=PLANE('',#1434);
#88=PLANE('',#1435);
#89=PLANE('',#1436);
#90=PLANE('',#1437);
#91=PLANE('',#1438);
#92=PLANE('',#1467);
#93=PLANE('',#1468);
#94=PLANE('',#1469);
#95=PLANE('',#1470);
#96=PLANE('',#1471);
#97=PLANE('',#1472);
#98=PLANE('',#1473);
#99=PLANE('',#1474);
#100=PLANE('',#1475);
#101=PLANE('',#1476);
#102=PLANE('',#1477);
#103=PLANE('',#1478);
#104=PLANE('',#1479);
#105=PLANE('',#1480);
#106=PLANE('',#1481);
#107=PLANE('',#1482);
#108=PLANE('',#1483);
#109=PLANE('',#1484);
#110=PLANE('',#1485);
#111=PLANE('',#1486);
#112=PLANE('',#1487);
#113=PLANE('',#1488);
#114=PLANE('',#1489);
#115=PLANE('',#1490);
#116=PLANE('',#1491);
#117=PLANE('',#1492);
#118=PLANE('',#1493);
#119=PLANE('',#1494);
#120=PLANE('',#1495);
#121=PLANE('',#1496);
#122=FACE_OUTER_BOUND('',#202,.T.);
#123=FACE_OUTER_BOUND('',#203,.T.);
#124=FACE_OUTER_BOUND('',#204,.T.);
#125=FACE_OUTER_BOUND('',#205,.T.);
#126=FACE_OUTER_BOUND('',#206,.T.);
#127=FACE_OUTER_BOUND('',#207,.T.);
#128=FACE_OUTER_BOUND('',#208,.T.);
#129=FACE_OUTER_BOUND('',#209,.T.);
#130=FACE_OUTER_BOUND('',#210,.T.);
#131=FACE_OUTER_BOUND('',#211,.T.);
#132=FACE_OUTER_BOUND('',#212,.T.);
#133=FACE_OUTER_BOUND('',#213,.T.);
#134=FACE_OUTER_BOUND('',#214,.T.);
#135=FACE_OUTER_BOUND('',#215,.T.);
#136=FACE_OUTER_BOUND('',#216,.T.);
#137=FACE_OUTER_BOUND('',#217,.T.);
#138=FACE_OUTER_BOUND('',#218,.T.);
#139=FACE_OUTER_BOUND('',#219,.T.);
#140=FACE_OUTER_BOUND('',#220,.T.);
#141=FACE_OUTER_BOUND('',#221,.T.);
#142=FACE_OUTER_BOUND('',#222,.T.);
#143=FACE_OUTER_BOUND('',#223,.T.);
#144=FACE_OUTER_BOUND('',#224,.T.);
#145=FACE_OUTER_BOUND('',#225,.T.);
#146=FACE_OUTER_BOUND('',#226,.T.);
#147=FACE_OUTER_BOUND('',#227,.T.);
#148=FACE_OUTER_BOUND('',#228,.T.);
#149=FACE_OUTER_BOUND('',#229,.T.);
#150=FACE_OUTER_BOUND('',#230,.T.);
#151=FACE_OUTER_BOUND('',#231,.T.);
#152=FACE_OUTER_BOUND('',#232,.T.);
#153=FACE_OUTER_BOUND('',#233,.T.);
#154=FACE_OUTER_BOUND('',#234,.T.);
#155=FACE_OUTER_BOUND('',#235,.T.);
#156=FACE_OUTER_BOUND('',#241,.T.);
#157=FACE_OUTER_BOUND('',#242,.T.);
#158=FACE_OUTER_BOUND('',#243,.T.);
#159=FACE_OUTER_BOUND('',#244,.T.);
#160=FACE_OUTER_BOUND('',#245,.T.);
#161=FACE_OUTER_BOUND('',#246,.T.);
#162=FACE_OUTER_BOUND('',#247,.T.);
#163=FACE_OUTER_BOUND('',#248,.T.);
#164=FACE_OUTER_BOUND('',#249,.T.);
#165=FACE_OUTER_BOUND('',#250,.T.);
#166=FACE_OUTER_BOUND('',#251,.T.);
#167=FACE_OUTER_BOUND('',#252,.T.);
#168=FACE_OUTER_BOUND('',#253,.T.);
#169=FACE_OUTER_BOUND('',#254,.T.);
#170=FACE_OUTER_BOUND('',#255,.T.);
#171=FACE_OUTER_BOUND('',#256,.T.);
#172=FACE_OUTER_BOUND('',#257,.T.);
#173=FACE_OUTER_BOUND('',#258,.T.);
#174=FACE_OUTER_BOUND('',#259,.T.);
#175=FACE_OUTER_BOUND('',#260,.T.);
#176=FACE_OUTER_BOUND('',#265,.T.);
#177=FACE_OUTER_BOUND('',#266,.T.);
#178=FACE_OUTER_BOUND('',#267,.T.);
#179=FACE_OUTER_BOUND('',#268,.T.);
#180=FACE_OUTER_BOUND('',#269,.T.);
#181=FACE_OUTER_BOUND('',#270,.T.);
#182=FACE_OUTER_BOUND('',#271,.T.);
#183=FACE_OUTER_BOUND('',#272,.T.);
#184=FACE_OUTER_BOUND('',#273,.T.);
#185=FACE_OUTER_BOUND('',#274,.T.);
#186=FACE_OUTER_BOUND('',#275,.T.);
#187=FACE_OUTER_BOUND('',#276,.T.);
#188=FACE_OUTER_BOUND('',#277,.T.);
#189=FACE_OUTER_BOUND('',#278,.T.);
#190=FACE_OUTER_BOUND('',#279,.T.);
#191=FACE_OUTER_BOUND('',#280,.T.);
#192=FACE_OUTER_BOUND('',#281,.T.);
#193=FACE_OUTER_BOUND('',#282,.T.);
#194=FACE_OUTER_BOUND('',#283,.T.);
#195=FACE_OUTER_BOUND('',#284,.T.);
#196=FACE_OUTER_BOUND('',#285,.T.);
#197=FACE_OUTER_BOUND('',#286,.T.);
#198=FACE_OUTER_BOUND('',#287,.T.);
#199=FACE_OUTER_BOUND('',#288,.T.);
#200=FACE_OUTER_BOUND('',#289,.T.);
#201=FACE_OUTER_BOUND('',#290,.T.);
#202=EDGE_LOOP('',(#932,#933,#934,#935));
#203=EDGE_LOOP('',(#936,#937,#938,#939,#940,#941,#942,#943));
#204=EDGE_LOOP('',(#944,#945,#946,#947));
#205=EDGE_LOOP('',(#948,#949,#950,#951));
#206=EDGE_LOOP('',(#952,#953,#954,#955));
#207=EDGE_LOOP('',(#956,#957,#958,#959));
#208=EDGE_LOOP('',(#960,#961,#962,#963));
#209=EDGE_LOOP('',(#964,#965,#966));
#210=EDGE_LOOP('',(#967,#968,#969,#970));
#211=EDGE_LOOP('',(#971,#972,#973,#974));
#212=EDGE_LOOP('',(#975,#976,#977,#978));
#213=EDGE_LOOP('',(#979,#980,#981,#982));
#214=EDGE_LOOP('',(#983,#984,#985,#986));
#215=EDGE_LOOP('',(#987,#988,#989,#990));
#216=EDGE_LOOP('',(#991,#992,#993,#994));
#217=EDGE_LOOP('',(#995,#996,#997,#998));
#218=EDGE_LOOP('',(#999,#1000,#1001,#1002));
#219=EDGE_LOOP('',(#1003,#1004,#1005,#1006));
#220=EDGE_LOOP('',(#1007,#1008,#1009,#1010));
#221=EDGE_LOOP('',(#1011,#1012,#1013,#1014));
#222=EDGE_LOOP('',(#1015,#1016,#1017,#1018));
#223=EDGE_LOOP('',(#1019,#1020,#1021,#1022));
#224=EDGE_LOOP('',(#1023,#1024,#1025,#1026));
#225=EDGE_LOOP('',(#1027,#1028,#1029,#1030));
#226=EDGE_LOOP('',(#1031,#1032,#1033,#1034));
#227=EDGE_LOOP('',(#1035,#1036,#1037,#1038));
#228=EDGE_LOOP('',(#1039,#1040,#1041,#1042));
#229=EDGE_LOOP('',(#1043,#1044,#1045,#1046));
#230=EDGE_LOOP('',(#1047,#1048,#1049,#1050));
#231=EDGE_LOOP('',(#1051,#1052,#1053,#1054));
#232=EDGE_LOOP('',(#1055,#1056,#1057,#1058));
#233=EDGE_LOOP('',(#1059,#1060,#1061,#1062));
#234=EDGE_LOOP('',(#1063,#1064,#1065,#1066));
#235=EDGE_LOOP('',(#1067,#1068,#1069,#1070,#1071,#1072,#1073,#1074));
#236=EDGE_LOOP('',(#1075,#1076,#1077));
#237=EDGE_LOOP('',(#1078,#1079,#1080,#1081));
#238=EDGE_LOOP('',(#1082,#1083,#1084,#1085));
#239=EDGE_LOOP('',(#1086,#1087,#1088,#1089));
#240=EDGE_LOOP('',(#1090,#1091,#1092,#1093));
#241=EDGE_LOOP('',(#1094,#1095,#1096,#1097));
#242=EDGE_LOOP('',(#1098,#1099,#1100,#1101));
#243=EDGE_LOOP('',(#1102,#1103,#1104,#1105));
#244=EDGE_LOOP('',(#1106,#1107,#1108,#1109));
#245=EDGE_LOOP('',(#1110,#1111,#1112));
#246=EDGE_LOOP('',(#1113,#1114,#1115));
#247=EDGE_LOOP('',(#1116,#1117,#1118));
#248=EDGE_LOOP('',(#1119,#1120,#1121,#1122));
#249=EDGE_LOOP('',(#1123,#1124,#1125,#1126));
#250=EDGE_LOOP('',(#1127,#1128,#1129));
#251=EDGE_LOOP('',(#1130,#1131,#1132,#1133));
#252=EDGE_LOOP('',(#1134,#1135,#1136,#1137));
#253=EDGE_LOOP('',(#1138,#1139,#1140,#1141));
#254=EDGE_LOOP('',(#1142,#1143,#1144,#1145));
#255=EDGE_LOOP('',(#1146,#1147,#1148,#1149));
#256=EDGE_LOOP('',(#1150,#1151,#1152,#1153));
#257=EDGE_LOOP('',(#1154,#1155,#1156,#1157));
#258=EDGE_LOOP('',(#1158,#1159,#1160,#1161));
#259=EDGE_LOOP('',(#1162,#1163,#1164,#1165,#1166,#1167,#1168,#1169));
#260=EDGE_LOOP('',(#1170,#1171,#1172,#1173));
#261=EDGE_LOOP('',(#1174,#1175,#1176,#1177));
#262=EDGE_LOOP('',(#1178,#1179,#1180,#1181));
#263=EDGE_LOOP('',(#1182,#1183,#1184,#1185));
#264=EDGE_LOOP('',(#1186,#1187,#1188,#1189));
#265=EDGE_LOOP('',(#1190,#1191,#1192,#1193));
#266=EDGE_LOOP('',(#1194,#1195,#1196,#1197));
#267=EDGE_LOOP('',(#1198,#1199,#1200,#1201));
#268=EDGE_LOOP('',(#1202,#1203,#1204,#1205));
#269=EDGE_LOOP('',(#1206,#1207,#1208,#1209));
#270=EDGE_LOOP('',(#1210,#1211,#1212,#1213));
#271=EDGE_LOOP('',(#1214,#1215,#1216,#1217));
#272=EDGE_LOOP('',(#1218,#1219,#1220,#1221));
#273=EDGE_LOOP('',(#1222,#1223,#1224,#1225));
#274=EDGE_LOOP('',(#1226,#1227,#1228,#1229));
#275=EDGE_LOOP('',(#1230,#1231,#1232,#1233));
#276=EDGE_LOOP('',(#1234,#1235,#1236,#1237));
#277=EDGE_LOOP('',(#1238,#1239,#1240,#1241));
#278=EDGE_LOOP('',(#1242,#1243,#1244,#1245));
#279=EDGE_LOOP('',(#1246,#1247,#1248,#1249));
#280=EDGE_LOOP('',(#1250,#1251,#1252,#1253));
#281=EDGE_LOOP('',(#1254,#1255,#1256,#1257));
#282=EDGE_LOOP('',(#1258,#1259,#1260,#1261));
#283=EDGE_LOOP('',(#1262,#1263,#1264,#1265));
#284=EDGE_LOOP('',(#1266,#1267,#1268,#1269));
#285=EDGE_LOOP('',(#1270,#1271,#1272,#1273));
#286=EDGE_LOOP('',(#1274,#1275,#1276,#1277));
#287=EDGE_LOOP('',(#1278,#1279,#1280,#1281));
#288=EDGE_LOOP('',(#1282,#1283,#1284,#1285));
#289=EDGE_LOOP('',(#1286,#1287,#1288,#1289));
#290=EDGE_LOOP('',(#1290,#1291,#1292,#1293));
#291=LINE('',#1870,#448);
#292=LINE('',#1873,#449);
#293=LINE('',#1876,#450);
#294=LINE('',#1880,#451);
#295=LINE('',#1884,#452);
#296=LINE('',#1887,#453);
#297=LINE('',#1890,#454);
#298=LINE('',#1891,#455);
#299=LINE('',#1895,#456);
#300=LINE('',#1898,#457);
#301=LINE('',#1901,#458);
#302=LINE('',#1904,#459);
#303=LINE('',#1905,#460);
#304=LINE('',#1909,#461);
#305=LINE('',#1913,#462);
#306=LINE('',#1915,#463);
#307=LINE('',#1916,#464);
#308=LINE('',#1919,#465);
#309=LINE('',#1921,#466);
#310=LINE('',#1922,#467);
#311=LINE('',#1925,#468);
#312=LINE('',#1926,#469);
#313=LINE('',#1928,#470);
#314=LINE('',#1932,#471);
#315=LINE('',#1934,#472);
#316=LINE('',#1936,#473);
#317=LINE('',#1937,#474);
#318=LINE('',#1940,#475);
#319=LINE('',#1942,#476);
#320=LINE('',#1943,#477);
#321=LINE('',#1946,#478);
#322=LINE('',#1948,#479);
#323=LINE('',#1949,#480);
#324=LINE('',#1951,#481);
#325=LINE('',#1952,#482);
#326=LINE('',#1957,#483);
#327=LINE('',#1959,#484);
#328=LINE('',#1961,#485);
#329=LINE('',#1962,#486);
#330=LINE('',#1965,#487);
#331=LINE('',#1967,#488);
#332=LINE('',#1968,#489);
#333=LINE('',#1971,#490);
#334=LINE('',#1973,#491);
#335=LINE('',#1974,#492);
#336=LINE('',#1976,#493);
#337=LINE('',#1977,#494);
#338=LINE('',#1982,#495);
#339=LINE('',#1984,#496);
#340=LINE('',#1986,#497);
#341=LINE('',#1987,#498);
#342=LINE('',#1990,#499);
#343=LINE('',#1992,#500);
#344=LINE('',#1993,#501);
#345=LINE('',#1996,#502);
#346=LINE('',#1998,#503);
#347=LINE('',#1999,#504);
#348=LINE('',#2001,#505);
#349=LINE('',#2002,#506);
#350=LINE('',#2007,#507);
#351=LINE('',#2009,#508);
#352=LINE('',#2011,#509);
#353=LINE('',#2012,#510);
#354=LINE('',#2015,#511);
#355=LINE('',#2017,#512);
#356=LINE('',#2018,#513);
#357=LINE('',#2021,#514);
#358=LINE('',#2023,#515);
#359=LINE('',#2024,#516);
#360=LINE('',#2026,#517);
#361=LINE('',#2027,#518);
#362=LINE('',#2030,#519);
#363=LINE('',#2032,#520);
#364=LINE('',#2037,#521);
#365=LINE('',#2039,#522);
#366=LINE('',#2041,#523);
#367=LINE('',#2042,#524);
#368=LINE('',#2046,#525);
#369=LINE('',#2048,#526);
#370=LINE('',#2050,#527);
#371=LINE('',#2051,#528);
#372=LINE('',#2055,#529);
#373=LINE('',#2057,#530);
#374=LINE('',#2059,#531);
#375=LINE('',#2060,#532);
#376=LINE('',#2064,#533);
#377=LINE('',#2066,#534);
#378=LINE('',#2068,#535);
#379=LINE('',#2069,#536);
#380=LINE('',#2092,#537);
#381=LINE('',#2093,#538);
#382=LINE('',#2098,#539);
#383=LINE('',#2099,#540);
#384=LINE('',#2108,#541);
#385=LINE('',#2109,#542);
#386=LINE('',#2111,#543);
#387=LINE('',#2112,#544);
#388=LINE('',#2117,#545);
#389=LINE('',#2118,#546);
#390=LINE('',#2123,#547);
#391=LINE('',#2124,#548);
#392=LINE('',#2126,#549);
#393=LINE('',#2127,#550);
#394=LINE('',#2132,#551);
#395=LINE('',#2133,#552);
#396=LINE('',#2135,#553);
#397=LINE('',#2137,#554);
#398=LINE('',#2139,#555);
#399=LINE('',#2140,#556);
#400=LINE('',#2147,#557);
#401=LINE('',#2149,#558);
#402=LINE('',#2151,#559);
#403=LINE('',#2152,#560);
#404=LINE('',#2155,#561);
#405=LINE('',#2157,#562);
#406=LINE('',#2158,#563);
#407=LINE('',#2161,#564);
#408=LINE('',#2163,#565);
#409=LINE('',#2164,#566);
#410=LINE('',#2166,#567);
#411=LINE('',#2167,#568);
#412=LINE('',#2173,#569);
#413=LINE('',#2175,#570);
#414=LINE('',#2177,#571);
#415=LINE('',#2178,#572);
#416=LINE('',#2181,#573);
#417=LINE('',#2183,#574);
#418=LINE('',#2184,#575);
#419=LINE('',#2187,#576);
#420=LINE('',#2189,#577);
#421=LINE('',#2190,#578);
#422=LINE('',#2192,#579);
#423=LINE('',#2193,#580);
#424=LINE('',#2199,#581);
#425=LINE('',#2201,#582);
#426=LINE('',#2203,#583);
#427=LINE('',#2204,#584);
#428=LINE('',#2207,#585);
#429=LINE('',#2209,#586);
#430=LINE('',#2210,#587);
#431=LINE('',#2213,#588);
#432=LINE('',#2215,#589);
#433=LINE('',#2216,#590);
#434=LINE('',#2218,#591);
#435=LINE('',#2219,#592);
#436=LINE('',#2225,#593);
#437=LINE('',#2227,#594);
#438=LINE('',#2229,#595);
#439=LINE('',#2230,#596);
#440=LINE('',#2233,#597);
#441=LINE('',#2235,#598);
#442=LINE('',#2236,#599);
#443=LINE('',#2239,#600);
#444=LINE('',#2241,#601);
#445=LINE('',#2242,#602);
#446=LINE('',#2244,#603);
#447=LINE('',#2245,#604);
#448=VECTOR('',#1503,10.);
#449=VECTOR('',#1506,10.);
#450=VECTOR('',#1509,10.);
#451=VECTOR('',#1512,10.);
#452=VECTOR('',#1515,10.);
#453=VECTOR('',#1518,10.);
#454=VECTOR('',#1521,10.);
#455=VECTOR('',#1522,10.);
#456=VECTOR('',#1527,10.);
#457=VECTOR('',#1530,10.);
#458=VECTOR('',#1533,10.);
#459=VECTOR('',#1536,10.);
#460=VECTOR('',#1537,10.);
#461=VECTOR('',#1542,10.);
#462=VECTOR('',#1545,10.);
#463=VECTOR('',#1546,10.);
#464=VECTOR('',#1547,10.);
#465=VECTOR('',#1550,10.);
#466=VECTOR('',#1551,10.);
#467=VECTOR('',#1552,10.);
#468=VECTOR('',#1555,10.);
#469=VECTOR('',#1556,10.);
#470=VECTOR('',#1559,10.);
#471=VECTOR('',#1562,10.);
#472=VECTOR('',#1563,10.);
#473=VECTOR('',#1564,10.);
#474=VECTOR('',#1565,10.);
#475=VECTOR('',#1568,10.);
#476=VECTOR('',#1569,10.);
#477=VECTOR('',#1570,10.);
#478=VECTOR('',#1573,10.);
#479=VECTOR('',#1574,10.);
#480=VECTOR('',#1575,10.);
#481=VECTOR('',#1578,10.);
#482=VECTOR('',#1579,10.);
#483=VECTOR('',#1584,10.);
#484=VECTOR('',#1585,10.);
#485=VECTOR('',#1586,10.);
#486=VECTOR('',#1587,10.);
#487=VECTOR('',#1590,10.);
#488=VECTOR('',#1591,10.);
#489=VECTOR('',#1592,10.);
#490=VECTOR('',#1595,10.);
#491=VECTOR('',#1596,10.);
#492=VECTOR('',#1597,10.);
#493=VECTOR('',#1600,10.);
#494=VECTOR('',#1601,10.);
#495=VECTOR('',#1606,10.);
#496=VECTOR('',#1607,10.);
#497=VECTOR('',#1608,10.);
#498=VECTOR('',#1609,10.);
#499=VECTOR('',#1612,10.);
#500=VECTOR('',#1613,10.);
#501=VECTOR('',#1614,10.);
#502=VECTOR('',#1617,10.);
#503=VECTOR('',#1618,10.);
#504=VECTOR('',#1619,10.);
#505=VECTOR('',#1622,10.);
#506=VECTOR('',#1623,10.);
#507=VECTOR('',#1628,10.);
#508=VECTOR('',#1629,10.);
#509=VECTOR('',#1630,10.);
#510=VECTOR('',#1631,10.);
#511=VECTOR('',#1634,10.);
#512=VECTOR('',#1635,10.);
#513=VECTOR('',#1636,10.);
#514=VECTOR('',#1639,10.);
#515=VECTOR('',#1640,10.);
#516=VECTOR('',#1641,10.);
#517=VECTOR('',#1644,10.);
#518=VECTOR('',#1645,10.);
#519=VECTOR('',#1650,10.);
#520=VECTOR('',#1653,10.);
#521=VECTOR('',#1658,10.);
#522=VECTOR('',#1659,10.);
#523=VECTOR('',#1660,10.);
#524=VECTOR('',#1661,10.);
#525=VECTOR('',#1664,10.);
#526=VECTOR('',#1665,10.);
#527=VECTOR('',#1666,10.);
#528=VECTOR('',#1667,10.);
#529=VECTOR('',#1670,10.);
#530=VECTOR('',#1671,10.);
#531=VECTOR('',#1672,10.);
#532=VECTOR('',#1673,10.);
#533=VECTOR('',#1676,10.);
#534=VECTOR('',#1677,10.);
#535=VECTOR('',#1678,10.);
#536=VECTOR('',#1679,10.);
#537=VECTOR('',#1706,10.);
#538=VECTOR('',#1707,10.);
#539=VECTOR('',#1712,10.);
#540=VECTOR('',#1713,10.);
#541=VECTOR('',#1724,10.);
#542=VECTOR('',#1725,10.);
#543=VECTOR('',#1728,10.);
#544=VECTOR('',#1729,10.);
#545=VECTOR('',#1734,10.);
#546=VECTOR('',#1735,10.);
#547=VECTOR('',#1740,10.);
#548=VECTOR('',#1741,10.);
#549=VECTOR('',#1744,10.);
#550=VECTOR('',#1745,10.);
#551=VECTOR('',#1750,10.);
#552=VECTOR('',#1751,10.);
#553=VECTOR('',#1754,10.);
#554=VECTOR('',#1757,10.);
#555=VECTOR('',#1760,10.);
#556=VECTOR('',#1761,10.);
#557=VECTOR('',#1770,10.);
#558=VECTOR('',#1771,10.);
#559=VECTOR('',#1772,10.);
#560=VECTOR('',#1773,10.);
#561=VECTOR('',#1776,10.);
#562=VECTOR('',#1777,10.);
#563=VECTOR('',#1778,10.);
#564=VECTOR('',#1781,10.);
#565=VECTOR('',#1782,10.);
#566=VECTOR('',#1783,10.);
#567=VECTOR('',#1786,10.);
#568=VECTOR('',#1787,10.);
#569=VECTOR('',#1794,10.);
#570=VECTOR('',#1795,10.);
#571=VECTOR('',#1796,10.);
#572=VECTOR('',#1797,10.);
#573=VECTOR('',#1800,10.);
#574=VECTOR('',#1801,10.);
#575=VECTOR('',#1802,10.);
#576=VECTOR('',#1805,10.);
#577=VECTOR('',#1806,10.);
#578=VECTOR('',#1807,10.);
#579=VECTOR('',#1810,10.);
#580=VECTOR('',#1811,10.);
#581=VECTOR('',#1818,10.);
#582=VECTOR('',#1819,10.);
#583=VECTOR('',#1820,10.);
#584=VECTOR('',#1821,10.);
#585=VECTOR('',#1824,10.);
#586=VECTOR('',#1825,10.);
#587=VECTOR('',#1826,10.);
#588=VECTOR('',#1829,10.);
#589=VECTOR('',#1830,10.);
#590=VECTOR('',#1831,10.);
#591=VECTOR('',#1834,10.);
#592=VECTOR('',#1835,10.);
#593=VECTOR('',#1842,10.);
#594=VECTOR('',#1843,10.);
#595=VECTOR('',#1844,10.);
#596=VECTOR('',#1845,10.);
#597=VECTOR('',#1848,10.);
#598=VECTOR('',#1849,10.);
#599=VECTOR('',#1850,10.);
#600=VECTOR('',#1853,10.);
#601=VECTOR('',#1854,10.);
#602=VECTOR('',#1855,10.);
#603=VECTOR('',#1858,10.);
#604=VECTOR('',#1859,10.);
#605=CIRCLE('',#1394,0.035);
#606=CIRCLE('',#1395,0.035);
#607=CIRCLE('',#1397,0.035);
#608=CIRCLE('',#1398,0.035);
#609=CIRCLE('',#1399,0.035);
#610=CIRCLE('',#1402,0.035);
#611=CIRCLE('',#1404,0.035);
#612=CIRCLE('',#1407,0.035);
#613=CIRCLE('',#1440,0.035);
#614=CIRCLE('',#1441,0.0350000000000006);
#615=CIRCLE('',#1442,0.035);
#616=CIRCLE('',#1444,0.035);
#617=CIRCLE('',#1445,0.035);
#618=CIRCLE('',#1446,0.0350000000000006);
#619=CIRCLE('',#1448,0.035);
#620=CIRCLE('',#1449,0.035);
#621=CIRCLE('',#1450,0.0350000000000006);
#622=CIRCLE('',#1453,0.035);
#623=CIRCLE('',#1455,0.035);
#624=CIRCLE('',#1456,0.035);
#625=CIRCLE('',#1457,0.0350000000000006);
#626=CIRCLE('',#1461,0.035);
#627=CIRCLE('',#1463,0.035);
#628=CIRCLE('',#1466,0.035);
#629=VERTEX_POINT('',#1866);
#630=VERTEX_POINT('',#1867);
#631=VERTEX_POINT('',#1869);
#632=VERTEX_POINT('',#1871);
#633=VERTEX_POINT('',#1875);
#634=VERTEX_POINT('',#1877);
#635=VERTEX_POINT('',#1879);
#636=VERTEX_POINT('',#1881);
#637=VERTEX_POINT('',#1883);
#638=VERTEX_POINT('',#1885);
#639=VERTEX_POINT('',#1889);
#640=VERTEX_POINT('',#1893);
#641=VERTEX_POINT('',#1897);
#642=VERTEX_POINT('',#1899);
#643=VERTEX_POINT('',#1903);
#644=VERTEX_POINT('',#1907);
#645=VERTEX_POINT('',#1911);
#646=VERTEX_POINT('',#1912);
#647=VERTEX_POINT('',#1914);
#648=VERTEX_POINT('',#1918);
#649=VERTEX_POINT('',#1920);
#650=VERTEX_POINT('',#1924);
#651=VERTEX_POINT('',#1930);
#652=VERTEX_POINT('',#1931);
#653=VERTEX_POINT('',#1933);
#654=VERTEX_POINT('',#1935);
#655=VERTEX_POINT('',#1939);
#656=VERTEX_POINT('',#1941);
#657=VERTEX_POINT('',#1945);
#658=VERTEX_POINT('',#1947);
#659=VERTEX_POINT('',#1955);
#660=VERTEX_POINT('',#1956);
#661=VERTEX_POINT('',#1958);
#662=VERTEX_POINT('',#1960);
#663=VERTEX_POINT('',#1964);
#664=VERTEX_POINT('',#1966);
#665=VERTEX_POINT('',#1970);
#666=VERTEX_POINT('',#1972);
#667=VERTEX_POINT('',#1980);
#668=VERTEX_POINT('',#1981);
#669=VERTEX_POINT('',#1983);
#670=VERTEX_POINT('',#1985);
#671=VERTEX_POINT('',#1989);
#672=VERTEX_POINT('',#1991);
#673=VERTEX_POINT('',#1995);
#674=VERTEX_POINT('',#1997);
#675=VERTEX_POINT('',#2005);
#676=VERTEX_POINT('',#2006);
#677=VERTEX_POINT('',#2008);
#678=VERTEX_POINT('',#2010);
#679=VERTEX_POINT('',#2014);
#680=VERTEX_POINT('',#2016);
#681=VERTEX_POINT('',#2020);
#682=VERTEX_POINT('',#2022);
#683=VERTEX_POINT('',#2035);
#684=VERTEX_POINT('',#2036);
#685=VERTEX_POINT('',#2038);
#686=VERTEX_POINT('',#2040);
#687=VERTEX_POINT('',#2044);
#688=VERTEX_POINT('',#2045);
#689=VERTEX_POINT('',#2047);
#690=VERTEX_POINT('',#2049);
#691=VERTEX_POINT('',#2053);
#692=VERTEX_POINT('',#2054);
#693=VERTEX_POINT('',#2056);
#694=VERTEX_POINT('',#2058);
#695=VERTEX_POINT('',#2062);
#696=VERTEX_POINT('',#2063);
#697=VERTEX_POINT('',#2065);
#698=VERTEX_POINT('',#2067);
#699=VERTEX_POINT('',#2071);
#700=VERTEX_POINT('',#2072);
#701=VERTEX_POINT('',#2074);
#702=VERTEX_POINT('',#2078);
#703=VERTEX_POINT('',#2079);
#704=VERTEX_POINT('',#2081);
#705=VERTEX_POINT('',#2085);
#706=VERTEX_POINT('',#2086);
#707=VERTEX_POINT('',#2088);
#708=VERTEX_POINT('',#2095);
#709=VERTEX_POINT('',#2096);
#710=VERTEX_POINT('',#2101);
#711=VERTEX_POINT('',#2102);
#712=VERTEX_POINT('',#2104);
#713=VERTEX_POINT('',#2114);
#714=VERTEX_POINT('',#2115);
#715=VERTEX_POINT('',#2120);
#716=VERTEX_POINT('',#2121);
#717=VERTEX_POINT('',#2129);
#718=VERTEX_POINT('',#2130);
#719=VERTEX_POINT('',#2145);
#720=VERTEX_POINT('',#2146);
#721=VERTEX_POINT('',#2148);
#722=VERTEX_POINT('',#2150);
#723=VERTEX_POINT('',#2154);
#724=VERTEX_POINT('',#2156);
#725=VERTEX_POINT('',#2160);
#726=VERTEX_POINT('',#2162);
#727=VERTEX_POINT('',#2171);
#728=VERTEX_POINT('',#2172);
#729=VERTEX_POINT('',#2174);
#730=VERTEX_POINT('',#2176);
#731=VERTEX_POINT('',#2180);
#732=VERTEX_POINT('',#2182);
#733=VERTEX_POINT('',#2186);
#734=VERTEX_POINT('',#2188);
#735=VERTEX_POINT('',#2197);
#736=VERTEX_POINT('',#2198);
#737=VERTEX_POINT('',#2200);
#738=VERTEX_POINT('',#2202);
#739=VERTEX_POINT('',#2206);
#740=VERTEX_POINT('',#2208);
#741=VERTEX_POINT('',#2212);
#742=VERTEX_POINT('',#2214);
#743=VERTEX_POINT('',#2223);
#744=VERTEX_POINT('',#2224);
#745=VERTEX_POINT('',#2226);
#746=VERTEX_POINT('',#2228);
#747=VERTEX_POINT('',#2232);
#748=VERTEX_POINT('',#2234);
#749=VERTEX_POINT('',#2238);
#750=VERTEX_POINT('',#2240);
#751=EDGE_CURVE('',#629,#630,#605,.T.);
#752=EDGE_CURVE('',#630,#631,#291,.T.);
#753=EDGE_CURVE('',#631,#632,#606,.T.);
#754=EDGE_CURVE('',#632,#629,#292,.T.);
#755=EDGE_CURVE('',#633,#629,#293,.T.);
#756=EDGE_CURVE('',#634,#633,#607,.T.);
#757=EDGE_CURVE('',#635,#634,#294,.T.);
#758=EDGE_CURVE('',#636,#635,#608,.T.);
#759=EDGE_CURVE('',#637,#636,#295,.T.);
#760=EDGE_CURVE('',#638,#637,#609,.T.);
#761=EDGE_CURVE('',#630,#638,#296,.T.);
#762=EDGE_CURVE('',#632,#639,#297,.T.);
#763=EDGE_CURVE('',#633,#639,#298,.T.);
#764=EDGE_CURVE('',#639,#640,#610,.T.);
#765=EDGE_CURVE('',#640,#634,#299,.T.);
#766=EDGE_CURVE('',#635,#641,#300,.T.);
#767=EDGE_CURVE('',#641,#642,#611,.T.);
#768=EDGE_CURVE('',#642,#636,#301,.T.);
#769=EDGE_CURVE('',#642,#643,#302,.T.);
#770=EDGE_CURVE('',#637,#643,#303,.T.);
#771=EDGE_CURVE('',#643,#644,#612,.T.);
#772=EDGE_CURVE('',#644,#638,#304,.T.);
#773=EDGE_CURVE('',#645,#646,#305,.T.);
#774=EDGE_CURVE('',#647,#645,#306,.T.);
#775=EDGE_CURVE('',#646,#647,#307,.T.);
#776=EDGE_CURVE('',#648,#647,#308,.T.);
#777=EDGE_CURVE('',#649,#648,#309,.T.);
#778=EDGE_CURVE('',#649,#646,#310,.T.);
#779=EDGE_CURVE('',#650,#645,#311,.T.);
#780=EDGE_CURVE('',#648,#650,#312,.T.);
#781=EDGE_CURVE('',#650,#649,#313,.T.);
#782=EDGE_CURVE('',#651,#652,#314,.T.);
#783=EDGE_CURVE('',#651,#653,#315,.T.);
#784=EDGE_CURVE('',#654,#653,#316,.T.);
#785=EDGE_CURVE('',#652,#654,#317,.T.);
#786=EDGE_CURVE('',#652,#655,#318,.T.);
#787=EDGE_CURVE('',#656,#654,#319,.T.);
#788=EDGE_CURVE('',#655,#656,#320,.T.);
#789=EDGE_CURVE('',#655,#657,#321,.T.);
#790=EDGE_CURVE('',#658,#656,#322,.T.);
#791=EDGE_CURVE('',#657,#658,#323,.T.);
#792=EDGE_CURVE('',#657,#651,#324,.T.);
#793=EDGE_CURVE('',#653,#658,#325,.T.);
#794=EDGE_CURVE('',#659,#660,#326,.T.);
#795=EDGE_CURVE('',#659,#661,#327,.T.);
#796=EDGE_CURVE('',#662,#661,#328,.T.);
#797=EDGE_CURVE('',#660,#662,#329,.T.);
#798=EDGE_CURVE('',#660,#663,#330,.T.);
#799=EDGE_CURVE('',#664,#662,#331,.T.);
#800=EDGE_CURVE('',#663,#664,#332,.T.);
#801=EDGE_CURVE('',#663,#665,#333,.T.);
#802=EDGE_CURVE('',#666,#664,#334,.T.);
#803=EDGE_CURVE('',#665,#666,#335,.T.);
#804=EDGE_CURVE('',#665,#659,#336,.T.);
#805=EDGE_CURVE('',#661,#666,#337,.T.);
#806=EDGE_CURVE('',#667,#668,#338,.T.);
#807=EDGE_CURVE('',#667,#669,#339,.T.);
#808=EDGE_CURVE('',#670,#669,#340,.T.);
#809=EDGE_CURVE('',#668,#670,#341,.T.);
#810=EDGE_CURVE('',#668,#671,#342,.T.);
#811=EDGE_CURVE('',#672,#670,#343,.T.);
#812=EDGE_CURVE('',#671,#672,#344,.T.);
#813=EDGE_CURVE('',#671,#673,#345,.T.);
#814=EDGE_CURVE('',#674,#672,#346,.T.);
#815=EDGE_CURVE('',#673,#674,#347,.T.);
#816=EDGE_CURVE('',#673,#667,#348,.T.);
#817=EDGE_CURVE('',#669,#674,#349,.T.);
#818=EDGE_CURVE('',#675,#676,#350,.T.);
#819=EDGE_CURVE('',#675,#677,#351,.T.);
#820=EDGE_CURVE('',#678,#677,#352,.T.);
#821=EDGE_CURVE('',#676,#678,#353,.T.);
#822=EDGE_CURVE('',#676,#679,#354,.T.);
#823=EDGE_CURVE('',#680,#678,#355,.T.);
#824=EDGE_CURVE('',#679,#680,#356,.T.);
#825=EDGE_CURVE('',#679,#681,#357,.T.);
#826=EDGE_CURVE('',#682,#680,#358,.T.);
#827=EDGE_CURVE('',#681,#682,#359,.T.);
#828=EDGE_CURVE('',#681,#675,#360,.T.);
#829=EDGE_CURVE('',#677,#682,#361,.T.);
#830=EDGE_CURVE('',#644,#631,#362,.T.);
#831=EDGE_CURVE('',#640,#641,#363,.T.);
#832=EDGE_CURVE('',#683,#684,#364,.T.);
#833=EDGE_CURVE('',#685,#683,#365,.T.);
#834=EDGE_CURVE('',#686,#685,#366,.T.);
#835=EDGE_CURVE('',#684,#686,#367,.T.);
#836=EDGE_CURVE('',#687,#688,#368,.T.);
#837=EDGE_CURVE('',#689,#687,#369,.T.);
#838=EDGE_CURVE('',#690,#689,#370,.T.);
#839=EDGE_CURVE('',#688,#690,#371,.T.);
#840=EDGE_CURVE('',#691,#692,#372,.T.);
#841=EDGE_CURVE('',#693,#691,#373,.T.);
#842=EDGE_CURVE('',#694,#693,#374,.T.);
#843=EDGE_CURVE('',#692,#694,#375,.T.);
#844=EDGE_CURVE('',#695,#696,#376,.T.);
#845=EDGE_CURVE('',#697,#695,#377,.T.);
#846=EDGE_CURVE('',#698,#697,#378,.T.);
#847=EDGE_CURVE('',#696,#698,#379,.T.);
#848=EDGE_CURVE('',#699,#700,#613,.F.);
#849=EDGE_CURVE('',#701,#699,#614,.F.);
#850=EDGE_CURVE('',#700,#701,#615,.F.);
#851=EDGE_CURVE('',#702,#703,#616,.F.);
#852=EDGE_CURVE('',#704,#702,#617,.F.);
#853=EDGE_CURVE('',#703,#704,#618,.F.);
#854=EDGE_CURVE('',#705,#706,#619,.F.);
#855=EDGE_CURVE('',#707,#705,#620,.F.);
#856=EDGE_CURVE('',#706,#707,#621,.F.);
#857=EDGE_CURVE('',#705,#699,#380,.T.);
#858=EDGE_CURVE('',#700,#707,#381,.T.);
#859=EDGE_CURVE('',#708,#709,#622,.T.);
#860=EDGE_CURVE('',#709,#706,#382,.T.);
#861=EDGE_CURVE('',#707,#708,#383,.T.);
#862=EDGE_CURVE('',#710,#711,#623,.F.);
#863=EDGE_CURVE('',#712,#710,#624,.F.);
#864=EDGE_CURVE('',#711,#712,#625,.F.);
#865=EDGE_CURVE('',#702,#712,#384,.T.);
#866=EDGE_CURVE('',#710,#704,#385,.T.);
#867=EDGE_CURVE('',#712,#705,#386,.T.);
#868=EDGE_CURVE('',#706,#711,#387,.T.);
#869=EDGE_CURVE('',#713,#714,#626,.T.);
#870=EDGE_CURVE('',#714,#710,#388,.T.);
#871=EDGE_CURVE('',#711,#713,#389,.T.);
#872=EDGE_CURVE('',#715,#716,#627,.T.);
#873=EDGE_CURVE('',#716,#703,#390,.T.);
#874=EDGE_CURVE('',#704,#715,#391,.T.);
#875=EDGE_CURVE('',#699,#702,#392,.T.);
#876=EDGE_CURVE('',#703,#701,#393,.T.);
#877=EDGE_CURVE('',#717,#718,#628,.T.);
#878=EDGE_CURVE('',#718,#700,#394,.T.);
#879=EDGE_CURVE('',#701,#717,#395,.T.);
#880=EDGE_CURVE('',#708,#718,#396,.T.);
#881=EDGE_CURVE('',#717,#716,#397,.T.);
#882=EDGE_CURVE('',#715,#714,#398,.T.);
#883=EDGE_CURVE('',#713,#709,#399,.T.);
#884=EDGE_CURVE('',#719,#720,#400,.T.);
#885=EDGE_CURVE('',#719,#721,#401,.T.);
#886=EDGE_CURVE('',#722,#721,#402,.T.);
#887=EDGE_CURVE('',#720,#722,#403,.T.);
#888=EDGE_CURVE('',#720,#723,#404,.T.);
#889=EDGE_CURVE('',#724,#722,#405,.T.);
#890=EDGE_CURVE('',#723,#724,#406,.T.);
#891=EDGE_CURVE('',#723,#725,#407,.T.);
#892=EDGE_CURVE('',#726,#724,#408,.T.);
#893=EDGE_CURVE('',#725,#726,#409,.T.);
#894=EDGE_CURVE('',#725,#719,#410,.T.);
#895=EDGE_CURVE('',#721,#726,#411,.T.);
#896=EDGE_CURVE('',#727,#728,#412,.T.);
#897=EDGE_CURVE('',#727,#729,#413,.T.);
#898=EDGE_CURVE('',#730,#729,#414,.T.);
#899=EDGE_CURVE('',#728,#730,#415,.T.);
#900=EDGE_CURVE('',#728,#731,#416,.T.);
#901=EDGE_CURVE('',#732,#730,#417,.T.);
#902=EDGE_CURVE('',#731,#732,#418,.T.);
#903=EDGE_CURVE('',#731,#733,#419,.T.);
#904=EDGE_CURVE('',#734,#732,#420,.T.);
#905=EDGE_CURVE('',#733,#734,#421,.T.);
#906=EDGE_CURVE('',#733,#727,#422,.T.);
#907=EDGE_CURVE('',#729,#734,#423,.T.);
#908=EDGE_CURVE('',#735,#736,#424,.T.);
#909=EDGE_CURVE('',#735,#737,#425,.T.);
#910=EDGE_CURVE('',#738,#737,#426,.T.);
#911=EDGE_CURVE('',#736,#738,#427,.T.);
#912=EDGE_CURVE('',#736,#739,#428,.T.);
#913=EDGE_CURVE('',#740,#738,#429,.T.);
#914=EDGE_CURVE('',#739,#740,#430,.T.);
#915=EDGE_CURVE('',#739,#741,#431,.T.);
#916=EDGE_CURVE('',#742,#740,#432,.T.);
#917=EDGE_CURVE('',#741,#742,#433,.T.);
#918=EDGE_CURVE('',#741,#735,#434,.T.);
#919=EDGE_CURVE('',#737,#742,#435,.T.);
#920=EDGE_CURVE('',#743,#744,#436,.T.);
#921=EDGE_CURVE('',#743,#745,#437,.T.);
#922=EDGE_CURVE('',#746,#745,#438,.T.);
#923=EDGE_CURVE('',#744,#746,#439,.T.);
#924=EDGE_CURVE('',#744,#747,#440,.T.);
#925=EDGE_CURVE('',#748,#746,#441,.T.);
#926=EDGE_CURVE('',#747,#748,#442,.T.);
#927=EDGE_CURVE('',#747,#749,#443,.T.);
#928=EDGE_CURVE('',#750,#748,#444,.T.);
#929=EDGE_CURVE('',#749,#750,#445,.T.);
#930=EDGE_CURVE('',#749,#743,#446,.T.);
#931=EDGE_CURVE('',#745,#750,#447,.T.);
#932=ORIENTED_EDGE('',*,*,#751,.T.);
#933=ORIENTED_EDGE('',*,*,#752,.T.);
#934=ORIENTED_EDGE('',*,*,#753,.T.);
#935=ORIENTED_EDGE('',*,*,#754,.T.);
#936=ORIENTED_EDGE('',*,*,#751,.F.);
#937=ORIENTED_EDGE('',*,*,#755,.F.);
#938=ORIENTED_EDGE('',*,*,#756,.F.);
#939=ORIENTED_EDGE('',*,*,#757,.F.);
#940=ORIENTED_EDGE('',*,*,#758,.F.);
#941=ORIENTED_EDGE('',*,*,#759,.F.);
#942=ORIENTED_EDGE('',*,*,#760,.F.);
#943=ORIENTED_EDGE('',*,*,#761,.F.);
#944=ORIENTED_EDGE('',*,*,#754,.F.);
#945=ORIENTED_EDGE('',*,*,#762,.T.);
#946=ORIENTED_EDGE('',*,*,#763,.F.);
#947=ORIENTED_EDGE('',*,*,#755,.T.);
#948=ORIENTED_EDGE('',*,*,#756,.T.);
#949=ORIENTED_EDGE('',*,*,#763,.T.);
#950=ORIENTED_EDGE('',*,*,#764,.T.);
#951=ORIENTED_EDGE('',*,*,#765,.T.);
#952=ORIENTED_EDGE('',*,*,#758,.T.);
#953=ORIENTED_EDGE('',*,*,#766,.T.);
#954=ORIENTED_EDGE('',*,*,#767,.T.);
#955=ORIENTED_EDGE('',*,*,#768,.T.);
#956=ORIENTED_EDGE('',*,*,#768,.F.);
#957=ORIENTED_EDGE('',*,*,#769,.T.);
#958=ORIENTED_EDGE('',*,*,#770,.F.);
#959=ORIENTED_EDGE('',*,*,#759,.T.);
#960=ORIENTED_EDGE('',*,*,#760,.T.);
#961=ORIENTED_EDGE('',*,*,#770,.T.);
#962=ORIENTED_EDGE('',*,*,#771,.T.);
#963=ORIENTED_EDGE('',*,*,#772,.T.);
#964=ORIENTED_EDGE('',*,*,#773,.F.);
#965=ORIENTED_EDGE('',*,*,#774,.F.);
#966=ORIENTED_EDGE('',*,*,#775,.F.);
#967=ORIENTED_EDGE('',*,*,#775,.T.);
#968=ORIENTED_EDGE('',*,*,#776,.F.);
#969=ORIENTED_EDGE('',*,*,#777,.F.);
#970=ORIENTED_EDGE('',*,*,#778,.T.);
#971=ORIENTED_EDGE('',*,*,#774,.T.);
#972=ORIENTED_EDGE('',*,*,#779,.F.);
#973=ORIENTED_EDGE('',*,*,#780,.F.);
#974=ORIENTED_EDGE('',*,*,#776,.T.);
#975=ORIENTED_EDGE('',*,*,#773,.T.);
#976=ORIENTED_EDGE('',*,*,#778,.F.);
#977=ORIENTED_EDGE('',*,*,#781,.F.);
#978=ORIENTED_EDGE('',*,*,#779,.T.);
#979=ORIENTED_EDGE('',*,*,#782,.F.);
#980=ORIENTED_EDGE('',*,*,#783,.T.);
#981=ORIENTED_EDGE('',*,*,#784,.F.);
#982=ORIENTED_EDGE('',*,*,#785,.F.);
#983=ORIENTED_EDGE('',*,*,#786,.F.);
#984=ORIENTED_EDGE('',*,*,#785,.T.);
#985=ORIENTED_EDGE('',*,*,#787,.F.);
#986=ORIENTED_EDGE('',*,*,#788,.F.);
#987=ORIENTED_EDGE('',*,*,#789,.F.);
#988=ORIENTED_EDGE('',*,*,#788,.T.);
#989=ORIENTED_EDGE('',*,*,#790,.F.);
#990=ORIENTED_EDGE('',*,*,#791,.F.);
#991=ORIENTED_EDGE('',*,*,#792,.F.);
#992=ORIENTED_EDGE('',*,*,#791,.T.);
#993=ORIENTED_EDGE('',*,*,#793,.F.);
#994=ORIENTED_EDGE('',*,*,#783,.F.);
#995=ORIENTED_EDGE('',*,*,#793,.T.);
#996=ORIENTED_EDGE('',*,*,#790,.T.);
#997=ORIENTED_EDGE('',*,*,#787,.T.);
#998=ORIENTED_EDGE('',*,*,#784,.T.);
#999=ORIENTED_EDGE('',*,*,#794,.F.);
#1000=ORIENTED_EDGE('',*,*,#795,.T.);
#1001=ORIENTED_EDGE('',*,*,#796,.F.);
#1002=ORIENTED_EDGE('',*,*,#797,.F.);
#1003=ORIENTED_EDGE('',*,*,#798,.F.);
#1004=ORIENTED_EDGE('',*,*,#797,.T.);
#1005=ORIENTED_EDGE('',*,*,#799,.F.);
#1006=ORIENTED_EDGE('',*,*,#800,.F.);
#1007=ORIENTED_EDGE('',*,*,#801,.F.);
#1008=ORIENTED_EDGE('',*,*,#800,.T.);
#1009=ORIENTED_EDGE('',*,*,#802,.F.);
#1010=ORIENTED_EDGE('',*,*,#803,.F.);
#1011=ORIENTED_EDGE('',*,*,#804,.F.);
#1012=ORIENTED_EDGE('',*,*,#803,.T.);
#1013=ORIENTED_EDGE('',*,*,#805,.F.);
#1014=ORIENTED_EDGE('',*,*,#795,.F.);
#1015=ORIENTED_EDGE('',*,*,#805,.T.);
#1016=ORIENTED_EDGE('',*,*,#802,.T.);
#1017=ORIENTED_EDGE('',*,*,#799,.T.);
#1018=ORIENTED_EDGE('',*,*,#796,.T.);
#1019=ORIENTED_EDGE('',*,*,#806,.F.);
#1020=ORIENTED_EDGE('',*,*,#807,.T.);
#1021=ORIENTED_EDGE('',*,*,#808,.F.);
#1022=ORIENTED_EDGE('',*,*,#809,.F.);
#1023=ORIENTED_EDGE('',*,*,#810,.F.);
#1024=ORIENTED_EDGE('',*,*,#809,.T.);
#1025=ORIENTED_EDGE('',*,*,#811,.F.);
#1026=ORIENTED_EDGE('',*,*,#812,.F.);
#1027=ORIENTED_EDGE('',*,*,#813,.F.);
#1028=ORIENTED_EDGE('',*,*,#812,.T.);
#1029=ORIENTED_EDGE('',*,*,#814,.F.);
#1030=ORIENTED_EDGE('',*,*,#815,.F.);
#1031=ORIENTED_EDGE('',*,*,#816,.F.);
#1032=ORIENTED_EDGE('',*,*,#815,.T.);
#1033=ORIENTED_EDGE('',*,*,#817,.F.);
#1034=ORIENTED_EDGE('',*,*,#807,.F.);
#1035=ORIENTED_EDGE('',*,*,#817,.T.);
#1036=ORIENTED_EDGE('',*,*,#814,.T.);
#1037=ORIENTED_EDGE('',*,*,#811,.T.);
#1038=ORIENTED_EDGE('',*,*,#808,.T.);
#1039=ORIENTED_EDGE('',*,*,#818,.F.);
#1040=ORIENTED_EDGE('',*,*,#819,.T.);
#1041=ORIENTED_EDGE('',*,*,#820,.F.);
#1042=ORIENTED_EDGE('',*,*,#821,.F.);
#1043=ORIENTED_EDGE('',*,*,#822,.F.);
#1044=ORIENTED_EDGE('',*,*,#821,.T.);
#1045=ORIENTED_EDGE('',*,*,#823,.F.);
#1046=ORIENTED_EDGE('',*,*,#824,.F.);
#1047=ORIENTED_EDGE('',*,*,#825,.F.);
#1048=ORIENTED_EDGE('',*,*,#824,.T.);
#1049=ORIENTED_EDGE('',*,*,#826,.F.);
#1050=ORIENTED_EDGE('',*,*,#827,.F.);
#1051=ORIENTED_EDGE('',*,*,#828,.F.);
#1052=ORIENTED_EDGE('',*,*,#827,.T.);
#1053=ORIENTED_EDGE('',*,*,#829,.F.);
#1054=ORIENTED_EDGE('',*,*,#819,.F.);
#1055=ORIENTED_EDGE('',*,*,#829,.T.);
#1056=ORIENTED_EDGE('',*,*,#826,.T.);
#1057=ORIENTED_EDGE('',*,*,#823,.T.);
#1058=ORIENTED_EDGE('',*,*,#820,.T.);
#1059=ORIENTED_EDGE('',*,*,#752,.F.);
#1060=ORIENTED_EDGE('',*,*,#761,.T.);
#1061=ORIENTED_EDGE('',*,*,#772,.F.);
#1062=ORIENTED_EDGE('',*,*,#830,.T.);
#1063=ORIENTED_EDGE('',*,*,#765,.F.);
#1064=ORIENTED_EDGE('',*,*,#831,.T.);
#1065=ORIENTED_EDGE('',*,*,#766,.F.);
#1066=ORIENTED_EDGE('',*,*,#757,.T.);
#1067=ORIENTED_EDGE('',*,*,#753,.F.);
#1068=ORIENTED_EDGE('',*,*,#830,.F.);
#1069=ORIENTED_EDGE('',*,*,#771,.F.);
#1070=ORIENTED_EDGE('',*,*,#769,.F.);
#1071=ORIENTED_EDGE('',*,*,#767,.F.);
#1072=ORIENTED_EDGE('',*,*,#831,.F.);
#1073=ORIENTED_EDGE('',*,*,#764,.F.);
#1074=ORIENTED_EDGE('',*,*,#762,.F.);
#1075=ORIENTED_EDGE('',*,*,#780,.T.);
#1076=ORIENTED_EDGE('',*,*,#781,.T.);
#1077=ORIENTED_EDGE('',*,*,#777,.T.);
#1078=ORIENTED_EDGE('',*,*,#782,.T.);
#1079=ORIENTED_EDGE('',*,*,#786,.T.);
#1080=ORIENTED_EDGE('',*,*,#789,.T.);
#1081=ORIENTED_EDGE('',*,*,#792,.T.);
#1082=ORIENTED_EDGE('',*,*,#794,.T.);
#1083=ORIENTED_EDGE('',*,*,#798,.T.);
#1084=ORIENTED_EDGE('',*,*,#801,.T.);
#1085=ORIENTED_EDGE('',*,*,#804,.T.);
#1086=ORIENTED_EDGE('',*,*,#806,.T.);
#1087=ORIENTED_EDGE('',*,*,#810,.T.);
#1088=ORIENTED_EDGE('',*,*,#813,.T.);
#1089=ORIENTED_EDGE('',*,*,#816,.T.);
#1090=ORIENTED_EDGE('',*,*,#818,.T.);
#1091=ORIENTED_EDGE('',*,*,#822,.T.);
#1092=ORIENTED_EDGE('',*,*,#825,.T.);
#1093=ORIENTED_EDGE('',*,*,#828,.T.);
#1094=ORIENTED_EDGE('',*,*,#832,.F.);
#1095=ORIENTED_EDGE('',*,*,#833,.F.);
#1096=ORIENTED_EDGE('',*,*,#834,.F.);
#1097=ORIENTED_EDGE('',*,*,#835,.F.);
#1098=ORIENTED_EDGE('',*,*,#836,.F.);
#1099=ORIENTED_EDGE('',*,*,#837,.F.);
#1100=ORIENTED_EDGE('',*,*,#838,.F.);
#1101=ORIENTED_EDGE('',*,*,#839,.F.);
#1102=ORIENTED_EDGE('',*,*,#840,.F.);
#1103=ORIENTED_EDGE('',*,*,#841,.F.);
#1104=ORIENTED_EDGE('',*,*,#842,.F.);
#1105=ORIENTED_EDGE('',*,*,#843,.F.);
#1106=ORIENTED_EDGE('',*,*,#844,.F.);
#1107=ORIENTED_EDGE('',*,*,#845,.F.);
#1108=ORIENTED_EDGE('',*,*,#846,.F.);
#1109=ORIENTED_EDGE('',*,*,#847,.F.);
#1110=ORIENTED_EDGE('',*,*,#848,.F.);
#1111=ORIENTED_EDGE('',*,*,#849,.F.);
#1112=ORIENTED_EDGE('',*,*,#850,.F.);
#1113=ORIENTED_EDGE('',*,*,#851,.F.);
#1114=ORIENTED_EDGE('',*,*,#852,.F.);
#1115=ORIENTED_EDGE('',*,*,#853,.F.);
#1116=ORIENTED_EDGE('',*,*,#854,.F.);
#1117=ORIENTED_EDGE('',*,*,#855,.F.);
#1118=ORIENTED_EDGE('',*,*,#856,.F.);
#1119=ORIENTED_EDGE('',*,*,#855,.T.);
#1120=ORIENTED_EDGE('',*,*,#857,.T.);
#1121=ORIENTED_EDGE('',*,*,#848,.T.);
#1122=ORIENTED_EDGE('',*,*,#858,.T.);
#1123=ORIENTED_EDGE('',*,*,#859,.T.);
#1124=ORIENTED_EDGE('',*,*,#860,.T.);
#1125=ORIENTED_EDGE('',*,*,#856,.T.);
#1126=ORIENTED_EDGE('',*,*,#861,.T.);
#1127=ORIENTED_EDGE('',*,*,#862,.F.);
#1128=ORIENTED_EDGE('',*,*,#863,.F.);
#1129=ORIENTED_EDGE('',*,*,#864,.F.);
#1130=ORIENTED_EDGE('',*,*,#852,.T.);
#1131=ORIENTED_EDGE('',*,*,#865,.T.);
#1132=ORIENTED_EDGE('',*,*,#863,.T.);
#1133=ORIENTED_EDGE('',*,*,#866,.T.);
#1134=ORIENTED_EDGE('',*,*,#864,.T.);
#1135=ORIENTED_EDGE('',*,*,#867,.T.);
#1136=ORIENTED_EDGE('',*,*,#854,.T.);
#1137=ORIENTED_EDGE('',*,*,#868,.T.);
#1138=ORIENTED_EDGE('',*,*,#869,.T.);
#1139=ORIENTED_EDGE('',*,*,#870,.T.);
#1140=ORIENTED_EDGE('',*,*,#862,.T.);
#1141=ORIENTED_EDGE('',*,*,#871,.T.);
#1142=ORIENTED_EDGE('',*,*,#872,.T.);
#1143=ORIENTED_EDGE('',*,*,#873,.T.);
#1144=ORIENTED_EDGE('',*,*,#853,.T.);
#1145=ORIENTED_EDGE('',*,*,#874,.T.);
#1146=ORIENTED_EDGE('',*,*,#849,.T.);
#1147=ORIENTED_EDGE('',*,*,#875,.T.);
#1148=ORIENTED_EDGE('',*,*,#851,.T.);
#1149=ORIENTED_EDGE('',*,*,#876,.T.);
#1150=ORIENTED_EDGE('',*,*,#877,.T.);
#1151=ORIENTED_EDGE('',*,*,#878,.T.);
#1152=ORIENTED_EDGE('',*,*,#850,.T.);
#1153=ORIENTED_EDGE('',*,*,#879,.T.);
#1154=ORIENTED_EDGE('',*,*,#861,.F.);
#1155=ORIENTED_EDGE('',*,*,#858,.F.);
#1156=ORIENTED_EDGE('',*,*,#878,.F.);
#1157=ORIENTED_EDGE('',*,*,#880,.F.);
#1158=ORIENTED_EDGE('',*,*,#879,.F.);
#1159=ORIENTED_EDGE('',*,*,#876,.F.);
#1160=ORIENTED_EDGE('',*,*,#873,.F.);
#1161=ORIENTED_EDGE('',*,*,#881,.F.);
#1162=ORIENTED_EDGE('',*,*,#859,.F.);
#1163=ORIENTED_EDGE('',*,*,#880,.T.);
#1164=ORIENTED_EDGE('',*,*,#877,.F.);
#1165=ORIENTED_EDGE('',*,*,#881,.T.);
#1166=ORIENTED_EDGE('',*,*,#872,.F.);
#1167=ORIENTED_EDGE('',*,*,#882,.T.);
#1168=ORIENTED_EDGE('',*,*,#869,.F.);
#1169=ORIENTED_EDGE('',*,*,#883,.T.);
#1170=ORIENTED_EDGE('',*,*,#865,.F.);
#1171=ORIENTED_EDGE('',*,*,#875,.F.);
#1172=ORIENTED_EDGE('',*,*,#857,.F.);
#1173=ORIENTED_EDGE('',*,*,#867,.F.);
#1174=ORIENTED_EDGE('',*,*,#832,.T.);
#1175=ORIENTED_EDGE('',*,*,#835,.T.);
#1176=ORIENTED_EDGE('',*,*,#834,.T.);
#1177=ORIENTED_EDGE('',*,*,#833,.T.);
#1178=ORIENTED_EDGE('',*,*,#836,.T.);
#1179=ORIENTED_EDGE('',*,*,#839,.T.);
#1180=ORIENTED_EDGE('',*,*,#838,.T.);
#1181=ORIENTED_EDGE('',*,*,#837,.T.);
#1182=ORIENTED_EDGE('',*,*,#840,.T.);
#1183=ORIENTED_EDGE('',*,*,#843,.T.);
#1184=ORIENTED_EDGE('',*,*,#842,.T.);
#1185=ORIENTED_EDGE('',*,*,#841,.T.);
#1186=ORIENTED_EDGE('',*,*,#844,.T.);
#1187=ORIENTED_EDGE('',*,*,#847,.T.);
#1188=ORIENTED_EDGE('',*,*,#846,.T.);
#1189=ORIENTED_EDGE('',*,*,#845,.T.);
#1190=ORIENTED_EDGE('',*,*,#870,.F.);
#1191=ORIENTED_EDGE('',*,*,#882,.F.);
#1192=ORIENTED_EDGE('',*,*,#874,.F.);
#1193=ORIENTED_EDGE('',*,*,#866,.F.);
#1194=ORIENTED_EDGE('',*,*,#860,.F.);
#1195=ORIENTED_EDGE('',*,*,#883,.F.);
#1196=ORIENTED_EDGE('',*,*,#871,.F.);
#1197=ORIENTED_EDGE('',*,*,#868,.F.);
#1198=ORIENTED_EDGE('',*,*,#884,.F.);
#1199=ORIENTED_EDGE('',*,*,#885,.T.);
#1200=ORIENTED_EDGE('',*,*,#886,.F.);
#1201=ORIENTED_EDGE('',*,*,#887,.F.);
#1202=ORIENTED_EDGE('',*,*,#888,.F.);
#1203=ORIENTED_EDGE('',*,*,#887,.T.);
#1204=ORIENTED_EDGE('',*,*,#889,.F.);
#1205=ORIENTED_EDGE('',*,*,#890,.F.);
#1206=ORIENTED_EDGE('',*,*,#891,.F.);
#1207=ORIENTED_EDGE('',*,*,#890,.T.);
#1208=ORIENTED_EDGE('',*,*,#892,.F.);
#1209=ORIENTED_EDGE('',*,*,#893,.F.);
#1210=ORIENTED_EDGE('',*,*,#894,.F.);
#1211=ORIENTED_EDGE('',*,*,#893,.T.);
#1212=ORIENTED_EDGE('',*,*,#895,.F.);
#1213=ORIENTED_EDGE('',*,*,#885,.F.);
#1214=ORIENTED_EDGE('',*,*,#895,.T.);
#1215=ORIENTED_EDGE('',*,*,#892,.T.);
#1216=ORIENTED_EDGE('',*,*,#889,.T.);
#1217=ORIENTED_EDGE('',*,*,#886,.T.);
#1218=ORIENTED_EDGE('',*,*,#894,.T.);
#1219=ORIENTED_EDGE('',*,*,#884,.T.);
#1220=ORIENTED_EDGE('',*,*,#888,.T.);
#1221=ORIENTED_EDGE('',*,*,#891,.T.);
#1222=ORIENTED_EDGE('',*,*,#896,.F.);
#1223=ORIENTED_EDGE('',*,*,#897,.T.);
#1224=ORIENTED_EDGE('',*,*,#898,.F.);
#1225=ORIENTED_EDGE('',*,*,#899,.F.);
#1226=ORIENTED_EDGE('',*,*,#900,.F.);
#1227=ORIENTED_EDGE('',*,*,#899,.T.);
#1228=ORIENTED_EDGE('',*,*,#901,.F.);
#1229=ORIENTED_EDGE('',*,*,#902,.F.);
#1230=ORIENTED_EDGE('',*,*,#903,.F.);
#1231=ORIENTED_EDGE('',*,*,#902,.T.);
#1232=ORIENTED_EDGE('',*,*,#904,.F.);
#1233=ORIENTED_EDGE('',*,*,#905,.F.);
#1234=ORIENTED_EDGE('',*,*,#906,.F.);
#1235=ORIENTED_EDGE('',*,*,#905,.T.);
#1236=ORIENTED_EDGE('',*,*,#907,.F.);
#1237=ORIENTED_EDGE('',*,*,#897,.F.);
#1238=ORIENTED_EDGE('',*,*,#907,.T.);
#1239=ORIENTED_EDGE('',*,*,#904,.T.);
#1240=ORIENTED_EDGE('',*,*,#901,.T.);
#1241=ORIENTED_EDGE('',*,*,#898,.T.);
#1242=ORIENTED_EDGE('',*,*,#906,.T.);
#1243=ORIENTED_EDGE('',*,*,#896,.T.);
#1244=ORIENTED_EDGE('',*,*,#900,.T.);
#1245=ORIENTED_EDGE('',*,*,#903,.T.);
#1246=ORIENTED_EDGE('',*,*,#908,.F.);
#1247=ORIENTED_EDGE('',*,*,#909,.T.);
#1248=ORIENTED_EDGE('',*,*,#910,.F.);
#1249=ORIENTED_EDGE('',*,*,#911,.F.);
#1250=ORIENTED_EDGE('',*,*,#912,.F.);
#1251=ORIENTED_EDGE('',*,*,#911,.T.);
#1252=ORIENTED_EDGE('',*,*,#913,.F.);
#1253=ORIENTED_EDGE('',*,*,#914,.F.);
#1254=ORIENTED_EDGE('',*,*,#915,.F.);
#1255=ORIENTED_EDGE('',*,*,#914,.T.);
#1256=ORIENTED_EDGE('',*,*,#916,.F.);
#1257=ORIENTED_EDGE('',*,*,#917,.F.);
#1258=ORIENTED_EDGE('',*,*,#918,.F.);
#1259=ORIENTED_EDGE('',*,*,#917,.T.);
#1260=ORIENTED_EDGE('',*,*,#919,.F.);
#1261=ORIENTED_EDGE('',*,*,#909,.F.);
#1262=ORIENTED_EDGE('',*,*,#919,.T.);
#1263=ORIENTED_EDGE('',*,*,#916,.T.);
#1264=ORIENTED_EDGE('',*,*,#913,.T.);
#1265=ORIENTED_EDGE('',*,*,#910,.T.);
#1266=ORIENTED_EDGE('',*,*,#918,.T.);
#1267=ORIENTED_EDGE('',*,*,#908,.T.);
#1268=ORIENTED_EDGE('',*,*,#912,.T.);
#1269=ORIENTED_EDGE('',*,*,#915,.T.);
#1270=ORIENTED_EDGE('',*,*,#920,.F.);
#1271=ORIENTED_EDGE('',*,*,#921,.T.);
#1272=ORIENTED_EDGE('',*,*,#922,.F.);
#1273=ORIENTED_EDGE('',*,*,#923,.F.);
#1274=ORIENTED_EDGE('',*,*,#924,.F.);
#1275=ORIENTED_EDGE('',*,*,#923,.T.);
#1276=ORIENTED_EDGE('',*,*,#925,.F.);
#1277=ORIENTED_EDGE('',*,*,#926,.F.);
#1278=ORIENTED_EDGE('',*,*,#927,.F.);
#1279=ORIENTED_EDGE('',*,*,#926,.T.);
#1280=ORIENTED_EDGE('',*,*,#928,.F.);
#1281=ORIENTED_EDGE('',*,*,#929,.F.);
#1282=ORIENTED_EDGE('',*,*,#930,.F.);
#1283=ORIENTED_EDGE('',*,*,#929,.T.);
#1284=ORIENTED_EDGE('',*,*,#931,.F.);
#1285=ORIENTED_EDGE('',*,*,#921,.F.);
#1286=ORIENTED_EDGE('',*,*,#931,.T.);
#1287=ORIENTED_EDGE('',*,*,#928,.T.);
#1288=ORIENTED_EDGE('',*,*,#925,.T.);
#1289=ORIENTED_EDGE('',*,*,#922,.T.);
#1290=ORIENTED_EDGE('',*,*,#930,.T.);
#1291=ORIENTED_EDGE('',*,*,#920,.T.);
#1292=ORIENTED_EDGE('',*,*,#924,.T.);
#1293=ORIENTED_EDGE('',*,*,#927,.T.);
#1294=CYLINDRICAL_SURFACE('',#1393,0.035);
#1295=CYLINDRICAL_SURFACE('',#1401,0.035);
#1296=CYLINDRICAL_SURFACE('',#1403,0.035);
#1297=CYLINDRICAL_SURFACE('',#1406,0.035);
#1298=CYLINDRICAL_SURFACE('',#1451,0.035);
#1299=CYLINDRICAL_SURFACE('',#1452,0.035);
#1300=CYLINDRICAL_SURFACE('',#1458,0.035);
#1301=CYLINDRICAL_SURFACE('',#1459,0.035);
#1302=CYLINDRICAL_SURFACE('',#1460,0.035);
#1303=CYLINDRICAL_SURFACE('',#1462,0.035);
#1304=CYLINDRICAL_SURFACE('',#1464,0.035);
#1305=CYLINDRICAL_SURFACE('',#1465,0.035);
#1306=ADVANCED_FACE('',(#122),#1294,.T.);
#1307=ADVANCED_FACE('',(#123),#58,.F.);
#1308=ADVANCED_FACE('',(#124),#59,.T.);
#1309=ADVANCED_FACE('',(#125),#1295,.T.);
#1310=ADVANCED_FACE('',(#126),#1296,.T.);
#1311=ADVANCED_FACE('',(#127),#60,.T.);
#1312=ADVANCED_FACE('',(#128),#1297,.T.);
#1313=ADVANCED_FACE('',(#129),#61,.T.);
#1314=ADVANCED_FACE('',(#130),#62,.F.);
#1315=ADVANCED_FACE('',(#131),#63,.F.);
#1316=ADVANCED_FACE('',(#132),#64,.F.);
#1317=ADVANCED_FACE('',(#133),#65,.T.);
#1318=ADVANCED_FACE('',(#134),#66,.T.);
#1319=ADVANCED_FACE('',(#135),#67,.T.);
#1320=ADVANCED_FACE('',(#136),#68,.T.);
#1321=ADVANCED_FACE('',(#137),#69,.T.);
#1322=ADVANCED_FACE('',(#138),#70,.T.);
#1323=ADVANCED_FACE('',(#139),#71,.T.);
#1324=ADVANCED_FACE('',(#140),#72,.T.);
#1325=ADVANCED_FACE('',(#141),#73,.T.);
#1326=ADVANCED_FACE('',(#142),#74,.T.);
#1327=ADVANCED_FACE('',(#143),#75,.T.);
#1328=ADVANCED_FACE('',(#144),#76,.T.);
#1329=ADVANCED_FACE('',(#145),#77,.T.);
#1330=ADVANCED_FACE('',(#146),#78,.T.);
#1331=ADVANCED_FACE('',(#147),#79,.T.);
#1332=ADVANCED_FACE('',(#148),#80,.T.);
#1333=ADVANCED_FACE('',(#149),#81,.T.);
#1334=ADVANCED_FACE('',(#150),#82,.T.);
#1335=ADVANCED_FACE('',(#151),#83,.T.);
#1336=ADVANCED_FACE('',(#152),#84,.T.);
#1337=ADVANCED_FACE('',(#153),#85,.T.);
#1338=ADVANCED_FACE('',(#154),#86,.T.);
#1339=ADVANCED_FACE('',(#155,#23,#24,#25,#26,#27),#87,.T.);
#1340=ADVANCED_FACE('',(#156),#88,.T.);
#1341=ADVANCED_FACE('',(#157),#89,.T.);
#1342=ADVANCED_FACE('',(#158),#90,.T.);
#1343=ADVANCED_FACE('',(#159),#91,.T.);
#1344=ADVANCED_FACE('',(#160),#13,.T.);
#1345=ADVANCED_FACE('',(#161),#14,.T.);
#1346=ADVANCED_FACE('',(#162),#15,.T.);
#1347=ADVANCED_FACE('',(#163),#1298,.T.);
#1348=ADVANCED_FACE('',(#164),#1299,.T.);
#1349=ADVANCED_FACE('',(#165),#16,.T.);
#1350=ADVANCED_FACE('',(#166),#1300,.T.);
#1351=ADVANCED_FACE('',(#167),#1301,.T.);
#1352=ADVANCED_FACE('',(#168),#1302,.T.);
#1353=ADVANCED_FACE('',(#169),#1303,.T.);
#1354=ADVANCED_FACE('',(#170),#1304,.T.);
#1355=ADVANCED_FACE('',(#171),#1305,.T.);
#1356=ADVANCED_FACE('',(#172),#92,.T.);
#1357=ADVANCED_FACE('',(#173),#93,.T.);
#1358=ADVANCED_FACE('',(#174),#94,.T.);
#1359=ADVANCED_FACE('',(#175,#28,#29,#30,#31),#95,.T.);
#1360=ADVANCED_FACE('',(#176),#96,.T.);
#1361=ADVANCED_FACE('',(#177),#97,.T.);
#1362=ADVANCED_FACE('',(#178),#98,.T.);
#1363=ADVANCED_FACE('',(#179),#99,.T.);
#1364=ADVANCED_FACE('',(#180),#100,.T.);
#1365=ADVANCED_FACE('',(#181),#101,.T.);
#1366=ADVANCED_FACE('',(#182),#102,.T.);
#1367=ADVANCED_FACE('',(#183),#103,.F.);
#1368=ADVANCED_FACE('',(#184),#104,.T.);
#1369=ADVANCED_FACE('',(#185),#105,.T.);
#1370=ADVANCED_FACE('',(#186),#106,.T.);
#1371=ADVANCED_FACE('',(#187),#107,.T.);
#1372=ADVANCED_FACE('',(#188),#108,.T.);
#1373=ADVANCED_FACE('',(#189),#109,.F.);
#1374=ADVANCED_FACE('',(#190),#110,.T.);
#1375=ADVANCED_FACE('',(#191),#111,.T.);
#1376=ADVANCED_FACE('',(#192),#112,.T.);
#1377=ADVANCED_FACE('',(#193),#113,.T.);
#1378=ADVANCED_FACE('',(#194),#114,.T.);
#1379=ADVANCED_FACE('',(#195),#115,.F.);
#1380=ADVANCED_FACE('',(#196),#116,.T.);
#1381=ADVANCED_FACE('',(#197),#117,.T.);
#1382=ADVANCED_FACE('',(#198),#118,.T.);
#1383=ADVANCED_FACE('',(#199),#119,.T.);
#1384=ADVANCED_FACE('',(#200),#120,.T.);
#1385=ADVANCED_FACE('',(#201),#121,.F.);
#1386=CLOSED_SHELL('',(#1306,#1307,#1308,#1309,#1310,#1311,#1312,#1313,
#1314,#1315,#1316,#1317,#1318,#1319,#1320,#1321,#1322,#1323,#1324,#1325,
#1326,#1327,#1328,#1329,#1330,#1331,#1332,#1333,#1334,#1335,#1336,#1337,
#1338,#1339));
#1387=CLOSED_SHELL('',(#1340,#1341,#1342,#1343,#1344,#1345,#1346,#1347,
#1348,#1349,#1350,#1351,#1352,#1353,#1354,#1355,#1356,#1357,#1358,#1359,
#1360,#1361));
#1388=CLOSED_SHELL('',(#1362,#1363,#1364,#1365,#1366,#1367));
#1389=CLOSED_SHELL('',(#1368,#1369,#1370,#1371,#1372,#1373));
#1390=CLOSED_SHELL('',(#1374,#1375,#1376,#1377,#1378,#1379));
#1391=CLOSED_SHELL('',(#1380,#1381,#1382,#1383,#1384,#1385));
#1392=AXIS2_PLACEMENT_3D('',#1864,#1497,#1498);
#1393=AXIS2_PLACEMENT_3D('',#1865,#1499,#1500);
#1394=AXIS2_PLACEMENT_3D('',#1868,#1501,#1502);
#1395=AXIS2_PLACEMENT_3D('',#1872,#1504,#1505);
#1396=AXIS2_PLACEMENT_3D('',#1874,#1507,#1508);
#1397=AXIS2_PLACEMENT_3D('',#1878,#1510,#1511);
#1398=AXIS2_PLACEMENT_3D('',#1882,#1513,#1514);
#1399=AXIS2_PLACEMENT_3D('',#1886,#1516,#1517);
#1400=AXIS2_PLACEMENT_3D('',#1888,#1519,#1520);
#1401=AXIS2_PLACEMENT_3D('',#1892,#1523,#1524);
#1402=AXIS2_PLACEMENT_3D('',#1894,#1525,#1526);
#1403=AXIS2_PLACEMENT_3D('',#1896,#1528,#1529);
#1404=AXIS2_PLACEMENT_3D('',#1900,#1531,#1532);
#1405=AXIS2_PLACEMENT_3D('',#1902,#1534,#1535);
#1406=AXIS2_PLACEMENT_3D('',#1906,#1538,#1539);
#1407=AXIS2_PLACEMENT_3D('',#1908,#1540,#1541);
#1408=AXIS2_PLACEMENT_3D('',#1910,#1543,#1544);
#1409=AXIS2_PLACEMENT_3D('',#1917,#1548,#1549);
#1410=AXIS2_PLACEMENT_3D('',#1923,#1553,#1554);
#1411=AXIS2_PLACEMENT_3D('',#1927,#1557,#1558);
#1412=AXIS2_PLACEMENT_3D('',#1929,#1560,#1561);
#1413=AXIS2_PLACEMENT_3D('',#1938,#1566,#1567);
#1414=AXIS2_PLACEMENT_3D('',#1944,#1571,#1572);
#1415=AXIS2_PLACEMENT_3D('',#1950,#1576,#1577);
#1416=AXIS2_PLACEMENT_3D('',#1953,#1580,#1581);
#1417=AXIS2_PLACEMENT_3D('',#1954,#1582,#1583);
#1418=AXIS2_PLACEMENT_3D('',#1963,#1588,#1589);
#1419=AXIS2_PLACEMENT_3D('',#1969,#1593,#1594);
#1420=AXIS2_PLACEMENT_3D('',#1975,#1598,#1599);
#1421=AXIS2_PLACEMENT_3D('',#1978,#1602,#1603);
#1422=AXIS2_PLACEMENT_3D('',#1979,#1604,#1605);
#1423=AXIS2_PLACEMENT_3D('',#1988,#1610,#1611);
#1424=AXIS2_PLACEMENT_3D('',#1994,#1615,#1616);
#1425=AXIS2_PLACEMENT_3D('',#2000,#1620,#1621);
#1426=AXIS2_PLACEMENT_3D('',#2003,#1624,#1625);
#1427=AXIS2_PLACEMENT_3D('',#2004,#1626,#1627);
#1428=AXIS2_PLACEMENT_3D('',#2013,#1632,#1633);
#1429=AXIS2_PLACEMENT_3D('',#2019,#1637,#1638);
#1430=AXIS2_PLACEMENT_3D('',#2025,#1642,#1643);
#1431=AXIS2_PLACEMENT_3D('',#2028,#1646,#1647);
#1432=AXIS2_PLACEMENT_3D('',#2029,#1648,#1649);
#1433=AXIS2_PLACEMENT_3D('',#2031,#1651,#1652);
#1434=AXIS2_PLACEMENT_3D('',#2033,#1654,#1655);
#1435=AXIS2_PLACEMENT_3D('',#2034,#1656,#1657);
#1436=AXIS2_PLACEMENT_3D('',#2043,#1662,#1663);
#1437=AXIS2_PLACEMENT_3D('',#2052,#1668,#1669);
#1438=AXIS2_PLACEMENT_3D('',#2061,#1674,#1675);
#1439=AXIS2_PLACEMENT_3D('',#2070,#1680,#1681);
#1440=AXIS2_PLACEMENT_3D('',#2073,#1682,#1683);
#1441=AXIS2_PLACEMENT_3D('',#2075,#1684,#1685);
#1442=AXIS2_PLACEMENT_3D('',#2076,#1686,#1687);
#1443=AXIS2_PLACEMENT_3D('',#2077,#1688,#1689);
#1444=AXIS2_PLACEMENT_3D('',#2080,#1690,#1691);
#1445=AXIS2_PLACEMENT_3D('',#2082,#1692,#1693);
#1446=AXIS2_PLACEMENT_3D('',#2083,#1694,#1695);
#1447=AXIS2_PLACEMENT_3D('',#2084,#1696,#1697);
#1448=AXIS2_PLACEMENT_3D('',#2087,#1698,#1699);
#1449=AXIS2_PLACEMENT_3D('',#2089,#1700,#1701);
#1450=AXIS2_PLACEMENT_3D('',#2090,#1702,#1703);
#1451=AXIS2_PLACEMENT_3D('',#2091,#1704,#1705);
#1452=AXIS2_PLACEMENT_3D('',#2094,#1708,#1709);
#1453=AXIS2_PLACEMENT_3D('',#2097,#1710,#1711);
#1454=AXIS2_PLACEMENT_3D('',#2100,#1714,#1715);
#1455=AXIS2_PLACEMENT_3D('',#2103,#1716,#1717);
#1456=AXIS2_PLACEMENT_3D('',#2105,#1718,#1719);
#1457=AXIS2_PLACEMENT_3D('',#2106,#1720,#1721);
#1458=AXIS2_PLACEMENT_3D('',#2107,#1722,#1723);
#1459=AXIS2_PLACEMENT_3D('',#2110,#1726,#1727);
#1460=AXIS2_PLACEMENT_3D('',#2113,#1730,#1731);
#1461=AXIS2_PLACEMENT_3D('',#2116,#1732,#1733);
#1462=AXIS2_PLACEMENT_3D('',#2119,#1736,#1737);
#1463=AXIS2_PLACEMENT_3D('',#2122,#1738,#1739);
#1464=AXIS2_PLACEMENT_3D('',#2125,#1742,#1743);
#1465=AXIS2_PLACEMENT_3D('',#2128,#1746,#1747);
#1466=AXIS2_PLACEMENT_3D('',#2131,#1748,#1749);
#1467=AXIS2_PLACEMENT_3D('',#2134,#1752,#1753);
#1468=AXIS2_PLACEMENT_3D('',#2136,#1755,#1756);
#1469=AXIS2_PLACEMENT_3D('',#2138,#1758,#1759);
#1470=AXIS2_PLACEMENT_3D('',#2141,#1762,#1763);
#1471=AXIS2_PLACEMENT_3D('',#2142,#1764,#1765);
#1472=AXIS2_PLACEMENT_3D('',#2143,#1766,#1767);
#1473=AXIS2_PLACEMENT_3D('',#2144,#1768,#1769);
#1474=AXIS2_PLACEMENT_3D('',#2153,#1774,#1775);
#1475=AXIS2_PLACEMENT_3D('',#2159,#1779,#1780);
#1476=AXIS2_PLACEMENT_3D('',#2165,#1784,#1785);
#1477=AXIS2_PLACEMENT_3D('',#2168,#1788,#1789);
#1478=AXIS2_PLACEMENT_3D('',#2169,#1790,#1791);
#1479=AXIS2_PLACEMENT_3D('',#2170,#1792,#1793);
#1480=AXIS2_PLACEMENT_3D('',#2179,#1798,#1799);
#1481=AXIS2_PLACEMENT_3D('',#2185,#1803,#1804);
#1482=AXIS2_PLACEMENT_3D('',#2191,#1808,#1809);
#1483=AXIS2_PLACEMENT_3D('',#2194,#1812,#1813);
#1484=AXIS2_PLACEMENT_3D('',#2195,#1814,#1815);
#1485=AXIS2_PLACEMENT_3D('',#2196,#1816,#1817);
#1486=AXIS2_PLACEMENT_3D('',#2205,#1822,#1823);
#1487=AXIS2_PLACEMENT_3D('',#2211,#1827,#1828);
#1488=AXIS2_PLACEMENT_3D('',#2217,#1832,#1833);
#1489=AXIS2_PLACEMENT_3D('',#2220,#1836,#1837);
#1490=AXIS2_PLACEMENT_3D('',#2221,#1838,#1839);
#1491=AXIS2_PLACEMENT_3D('',#2222,#1840,#1841);
#1492=AXIS2_PLACEMENT_3D('',#2231,#1846,#1847);
#1493=AXIS2_PLACEMENT_3D('',#2237,#1851,#1852);
#1494=AXIS2_PLACEMENT_3D('',#2243,#1856,#1857);
#1495=AXIS2_PLACEMENT_3D('',#2246,#1860,#1861);
#1496=AXIS2_PLACEMENT_3D('',#2247,#1862,#1863);
#1497=DIRECTION('axis',(0.,0.,1.));
#1498=DIRECTION('refdir',(1.,0.,0.));
#1499=DIRECTION('center_axis',(0.,0.,1.));
#1500=DIRECTION('ref_axis',(0.707106781186576,-0.707106781186519,0.));
#1501=DIRECTION('center_axis',(0.,1.22464679914735E-16,-1.));
#1502=DIRECTION('ref_axis',(0.707106781186576,-0.707106781186519,0.));
#1503=DIRECTION('',(0.,0.,-1.));
#1504=DIRECTION('center_axis',(0.,0.,1.));
#1505=DIRECTION('ref_axis',(0.707106781186576,-0.707106781186519,0.));
#1506=DIRECTION('',(0.,0.,1.));
#1507=DIRECTION('center_axis',(0.,1.22464679914735E-16,-1.));
#1508=DIRECTION('ref_axis',(-1.,0.,0.));
#1509=DIRECTION('',(0.,-1.,-1.22464679914735E-16));
#1510=DIRECTION('center_axis',(0.,1.22464679914735E-16,-1.));
#1511=DIRECTION('ref_axis',(0.707106781186531,0.707106781186564,0.));
#1512=DIRECTION('',(1.,0.,0.));
#1513=DIRECTION('center_axis',(0.,1.22464679914735E-16,-1.));
#1514=DIRECTION('ref_axis',(-0.707106781186576,0.707106781186519,0.));
#1515=DIRECTION('',(0.,1.,1.22464679914735E-16));
#1516=DIRECTION('center_axis',(0.,1.22464679914735E-16,-1.));
#1517=DIRECTION('ref_axis',(-0.707106781186531,-0.707106781186564,0.));
#1518=DIRECTION('',(-1.,0.,0.));
#1519=DIRECTION('center_axis',(1.,0.,0.));
#1520=DIRECTION('ref_axis',(0.,1.,0.));
#1521=DIRECTION('',(0.,1.,0.));
#1522=DIRECTION('',(0.,0.,-1.));
#1523=DIRECTION('center_axis',(0.,0.,1.));
#1524=DIRECTION('ref_axis',(0.707106781186531,0.707106781186564,0.));
#1525=DIRECTION('center_axis',(0.,0.,1.));
#1526=DIRECTION('ref_axis',(0.707106781186531,0.707106781186564,0.));
#1527=DIRECTION('',(0.,0.,1.));
#1528=DIRECTION('center_axis',(0.,0.,1.));
#1529=DIRECTION('ref_axis',(-0.707106781186576,0.707106781186519,0.));
#1530=DIRECTION('',(0.,0.,-1.));
#1531=DIRECTION('center_axis',(0.,0.,1.));
#1532=DIRECTION('ref_axis',(-0.707106781186576,0.707106781186519,0.));
#1533=DIRECTION('',(0.,0.,1.));
#1534=DIRECTION('center_axis',(-1.,0.,0.));
#1535=DIRECTION('ref_axis',(0.,-1.,0.));
#1536=DIRECTION('',(0.,-1.,0.));
#1537=DIRECTION('',(0.,0.,-1.));
#1538=DIRECTION('center_axis',(0.,0.,1.));
#1539=DIRECTION('ref_axis',(-0.707106781186531,-0.707106781186564,0.));
#1540=DIRECTION('center_axis',(0.,0.,1.));
#1541=DIRECTION('ref_axis',(-0.707106781186531,-0.707106781186564,0.));
#1542=DIRECTION('',(0.,0.,1.));
#1543=DIRECTION('center_axis',(0.,0.,-1.));
#1544=DIRECTION('ref_axis',(-1.,0.,0.));
#1545=DIRECTION('',(-0.5,0.866025403784439,0.));
#1546=DIRECTION('',(1.,0.,0.));
#1547=DIRECTION('',(-0.5,-0.866025403784439,0.));
#1548=DIRECTION('center_axis',(-0.866025403784439,0.5,0.));
#1549=DIRECTION('ref_axis',(-0.5,-0.866025403784439,0.));
#1550=DIRECTION('',(0.,0.,1.));
#1551=DIRECTION('',(-0.5,-0.866025403784439,0.));
#1552=DIRECTION('',(0.,0.,1.));
#1553=DIRECTION('center_axis',(0.,-1.,0.));
#1554=DIRECTION('ref_axis',(1.,0.,0.));
#1555=DIRECTION('',(0.,0.,1.));
#1556=DIRECTION('',(1.,0.,0.));
#1557=DIRECTION('center_axis',(0.866025403784439,0.5,0.));
#1558=DIRECTION('ref_axis',(-0.5,0.866025403784439,0.));
#1559=DIRECTION('',(-0.5,0.866025403784439,0.));
#1560=DIRECTION('center_axis',(0.,-1.,0.));
#1561=DIRECTION('ref_axis',(-1.,0.,0.));
#1562=DIRECTION('',(1.,0.,0.));
#1563=DIRECTION('',(0.,0.,-1.));
#1564=DIRECTION('',(-1.,0.,0.));
#1565=DIRECTION('',(0.,0.,-1.));
#1566=DIRECTION('center_axis',(1.,0.,0.));
#1567=DIRECTION('ref_axis',(0.,-1.,0.));
#1568=DIRECTION('',(0.,1.,0.));
#1569=DIRECTION('',(0.,-1.,0.));
#1570=DIRECTION('',(0.,0.,-1.));
#1571=DIRECTION('center_axis',(0.,1.,0.));
#1572=DIRECTION('ref_axis',(1.,0.,0.));
#1573=DIRECTION('',(-1.,0.,0.));
#1574=DIRECTION('',(1.,0.,0.));
#1575=DIRECTION('',(0.,0.,-1.));
#1576=DIRECTION('center_axis',(-1.,0.,0.));
#1577=DIRECTION('ref_axis',(0.,1.,0.));
#1578=DIRECTION('',(0.,-1.,0.));
#1579=DIRECTION('',(0.,1.,0.));
#1580=DIRECTION('center_axis',(0.,0.,-1.));
#1581=DIRECTION('ref_axis',(-1.,0.,0.));
#1582=DIRECTION('center_axis',(-1.,0.,0.));
#1583=DIRECTION('ref_axis',(0.,1.,0.));
#1584=DIRECTION('',(0.,-1.,0.));
#1585=DIRECTION('',(0.,0.,-1.));
#1586=DIRECTION('',(0.,1.,0.));
#1587=DIRECTION('',(0.,0.,-1.));
#1588=DIRECTION('center_axis',(0.,-1.,0.));
#1589=DIRECTION('ref_axis',(-1.,0.,0.));
#1590=DIRECTION('',(1.,0.,0.));
#1591=DIRECTION('',(-1.,0.,0.));
#1592=DIRECTION('',(0.,0.,-1.));
#1593=DIRECTION('center_axis',(1.,0.,0.));
#1594=DIRECTION('ref_axis',(0.,-1.,0.));
#1595=DIRECTION('',(0.,1.,0.));
#1596=DIRECTION('',(0.,-1.,0.));
#1597=DIRECTION('',(0.,0.,-1.));
#1598=DIRECTION('center_axis',(0.,1.,0.));
#1599=DIRECTION('ref_axis',(1.,0.,0.));
#1600=DIRECTION('',(-1.,0.,0.));
#1601=DIRECTION('',(1.,0.,0.));
#1602=DIRECTION('center_axis',(0.,0.,-1.));
#1603=DIRECTION('ref_axis',(-1.,0.,0.));
#1604=DIRECTION('center_axis',(1.,0.,0.));
#1605=DIRECTION('ref_axis',(0.,-1.,0.));
#1606=DIRECTION('',(0.,1.,0.));
#1607=DIRECTION('',(0.,0.,-1.));
#1608=DIRECTION('',(0.,-1.,0.));
#1609=DIRECTION('',(0.,0.,-1.));
#1610=DIRECTION('center_axis',(0.,1.,0.));
#1611=DIRECTION('ref_axis',(1.,0.,0.));
#1612=DIRECTION('',(-1.,0.,0.));
#1613=DIRECTION('',(1.,0.,0.));
#1614=DIRECTION('',(0.,0.,-1.));
#1615=DIRECTION('center_axis',(-1.,0.,0.));
#1616=DIRECTION('ref_axis',(0.,1.,0.));
#1617=DIRECTION('',(0.,-1.,0.));
#1618=DIRECTION('',(0.,1.,0.));
#1619=DIRECTION('',(0.,0.,-1.));
#1620=DIRECTION('center_axis',(0.,-1.,0.));
#1621=DIRECTION('ref_axis',(-1.,0.,0.));
#1622=DIRECTION('',(1.,0.,0.));
#1623=DIRECTION('',(-1.,0.,0.));
#1624=DIRECTION('center_axis',(0.,0.,-1.));
#1625=DIRECTION('ref_axis',(-1.,0.,0.));
#1626=DIRECTION('center_axis',(0.,1.,0.));
#1627=DIRECTION('ref_axis',(1.,0.,0.));
#1628=DIRECTION('',(-1.,0.,0.));
#1629=DIRECTION('',(0.,0.,-1.));
#1630=DIRECTION('',(1.,0.,0.));
#1631=DIRECTION('',(0.,0.,-1.));
#1632=DIRECTION('center_axis',(-1.,0.,0.));
#1633=DIRECTION('ref_axis',(0.,1.,0.));
#1634=DIRECTION('',(0.,-1.,0.));
#1635=DIRECTION('',(0.,1.,0.));
#1636=DIRECTION('',(0.,0.,-1.));
#1637=DIRECTION('center_axis',(0.,-1.,0.));
#1638=DIRECTION('ref_axis',(-1.,0.,0.));
#1639=DIRECTION('',(1.,0.,0.));
#1640=DIRECTION('',(-1.,0.,0.));
#1641=DIRECTION('',(0.,0.,-1.));
#1642=DIRECTION('center_axis',(1.,0.,0.));
#1643=DIRECTION('ref_axis',(0.,-1.,0.));
#1644=DIRECTION('',(0.,1.,0.));
#1645=DIRECTION('',(0.,-1.,0.));
#1646=DIRECTION('center_axis',(0.,0.,-1.));
#1647=DIRECTION('ref_axis',(-1.,0.,0.));
#1648=DIRECTION('center_axis',(0.,-1.,0.));
#1649=DIRECTION('ref_axis',(1.,0.,0.));
#1650=DIRECTION('',(1.,0.,0.));
#1651=DIRECTION('center_axis',(0.,1.,0.));
#1652=DIRECTION('ref_axis',(-1.,0.,0.));
#1653=DIRECTION('',(-1.,0.,0.));
#1654=DIRECTION('center_axis',(0.,0.,-1.));
#1655=DIRECTION('ref_axis',(1.,0.,0.));
#1656=DIRECTION('center_axis',(0.,0.,1.));
#1657=DIRECTION('ref_axis',(1.,0.,0.));
#1658=DIRECTION('',(1.,-8.39745896980855E-17,0.));
#1659=DIRECTION('',(0.,1.,0.));
#1660=DIRECTION('',(-1.,0.,0.));
#1661=DIRECTION('',(0.,-1.,0.));
#1662=DIRECTION('center_axis',(0.,0.,1.));
#1663=DIRECTION('ref_axis',(1.,0.,0.));
#1664=DIRECTION('',(0.,-1.,0.));
#1665=DIRECTION('',(1.,0.,0.));
#1666=DIRECTION('',(0.,1.,0.));
#1667=DIRECTION('',(-1.,0.,0.));
#1668=DIRECTION('center_axis',(0.,0.,1.));
#1669=DIRECTION('ref_axis',(1.,0.,0.));
#1670=DIRECTION('',(0.,-1.,0.));
#1671=DIRECTION('',(1.,0.,0.));
#1672=DIRECTION('',(0.,1.,0.));
#1673=DIRECTION('',(-1.,0.,0.));
#1674=DIRECTION('center_axis',(0.,0.,1.));
#1675=DIRECTION('ref_axis',(1.,0.,0.));
#1676=DIRECTION('',(0.,-1.,0.));
#1677=DIRECTION('',(1.,0.,0.));
#1678=DIRECTION('',(0.,1.,0.));
#1679=DIRECTION('',(-1.,0.,0.));
#1680=DIRECTION('center_axis',(0.408248290463867,0.408248290463836,-0.816496580927738));
#1681=DIRECTION('ref_axis',(0.577350269189655,0.577350269189611,0.577350269189611));
#1682=DIRECTION('center_axis',(1.,-6.3441315692866E-14,0.));
#1683=DIRECTION('ref_axis',(0.,0.,1.));
#1684=DIRECTION('center_axis',(0.,1.,0.));
#1685=DIRECTION('ref_axis',(1.,0.,0.));
#1686=DIRECTION('center_axis',(0.,0.,1.));
#1687=DIRECTION('ref_axis',(0.,1.,0.));
#1688=DIRECTION('center_axis',(0.408248290463864,-0.408248290463858,-0.816496580927728));
#1689=DIRECTION('ref_axis',(0.577350269189632,-0.577350269189623,0.577350269189623));
#1690=DIRECTION('center_axis',(0.,-1.,0.));
#1691=DIRECTION('ref_axis',(0.,0.,1.));
#1692=DIRECTION('center_axis',(1.,0.,0.));
#1693=DIRECTION('ref_axis',(0.,-1.,0.));
#1694=DIRECTION('center_axis',(0.,0.,1.));
#1695=DIRECTION('ref_axis',(1.,0.,0.));
#1696=DIRECTION('center_axis',(-0.408248290463864,0.408248290463858,-0.816496580927728));
#1697=DIRECTION('ref_axis',(-0.577350269189632,0.577350269189623,0.577350269189623));
#1698=DIRECTION('center_axis',(0.,1.,0.));
#1699=DIRECTION('ref_axis',(0.,0.,1.));
#1700=DIRECTION('center_axis',(-1.,0.,0.));
#1701=DIRECTION('ref_axis',(0.,1.,0.));
#1702=DIRECTION('center_axis',(0.,0.,1.));
#1703=DIRECTION('ref_axis',(-1.,0.,0.));
#1704=DIRECTION('center_axis',(-1.,0.,0.));
#1705=DIRECTION('ref_axis',(0.,0.707106781186548,0.707106781186548));
#1706=DIRECTION('',(1.,0.,0.));
#1707=DIRECTION('',(-1.,0.,0.));
#1708=DIRECTION('center_axis',(0.,0.,1.));
#1709=DIRECTION('ref_axis',(-0.707106781186576,0.707106781186519,0.));
#1710=DIRECTION('center_axis',(0.,-1.22464679914735E-16,1.));
#1711=DIRECTION('ref_axis',(-0.707106781186576,0.707106781186519,0.));
#1712=DIRECTION('',(0.,0.,1.));
#1713=DIRECTION('',(0.,0.,-1.));
#1714=DIRECTION('center_axis',(-0.40824829046387,-0.408248290463835,-0.816496580927737));
#1715=DIRECTION('ref_axis',(-0.577350269189657,-0.57735026918961,0.57735026918961));
#1716=DIRECTION('center_axis',(0.,0.,1.));
#1717=DIRECTION('ref_axis',(0.,-1.,0.));
#1718=DIRECTION('center_axis',(-1.,6.3441315692866E-14,0.));
#1719=DIRECTION('ref_axis',(0.,0.,1.));
#1720=DIRECTION('center_axis',(0.,-1.,0.));
#1721=DIRECTION('ref_axis',(-1.,0.,0.));
#1722=DIRECTION('center_axis',(1.,0.,0.));
#1723=DIRECTION('ref_axis',(0.,-0.707106781186548,0.707106781186548));
#1724=DIRECTION('',(-1.,0.,0.));
#1725=DIRECTION('',(1.,0.,0.));
#1726=DIRECTION('center_axis',(0.,-1.,0.));
#1727=DIRECTION('ref_axis',(-0.707106781186576,0.,0.707106781186519));
#1728=DIRECTION('',(0.,1.,0.));
#1729=DIRECTION('',(0.,-1.,0.));
#1730=DIRECTION('center_axis',(0.,0.,1.));
#1731=DIRECTION('ref_axis',(-0.707106781186531,-0.707106781186564,0.));
#1732=DIRECTION('center_axis',(0.,-1.22464679914735E-16,1.));
#1733=DIRECTION('ref_axis',(-0.707106781186531,-0.707106781186564,0.));
#1734=DIRECTION('',(0.,0.,1.));
#1735=DIRECTION('',(0.,0.,-1.));
#1736=DIRECTION('center_axis',(0.,0.,1.));
#1737=DIRECTION('ref_axis',(0.707106781186576,-0.707106781186519,0.));
#1738=DIRECTION('center_axis',(0.,-1.22464679914735E-16,1.));
#1739=DIRECTION('ref_axis',(0.707106781186576,-0.707106781186519,0.));
#1740=DIRECTION('',(0.,0.,1.));
#1741=DIRECTION('',(0.,0.,-1.));
#1742=DIRECTION('center_axis',(0.,1.,0.));
#1743=DIRECTION('ref_axis',(0.707106781186576,0.,0.707106781186519));
#1744=DIRECTION('',(0.,-1.,0.));
#1745=DIRECTION('',(0.,1.,0.));
#1746=DIRECTION('center_axis',(0.,0.,1.));
#1747=DIRECTION('ref_axis',(0.707106781186531,0.707106781186564,0.));
#1748=DIRECTION('center_axis',(0.,-1.22464679914735E-16,1.));
#1749=DIRECTION('ref_axis',(0.707106781186531,0.707106781186564,0.));
#1750=DIRECTION('',(0.,0.,1.));
#1751=DIRECTION('',(0.,0.,-1.));
#1752=DIRECTION('center_axis',(0.,1.,0.));
#1753=DIRECTION('ref_axis',(-1.,0.,0.));
#1754=DIRECTION('',(1.,0.,0.));
#1755=DIRECTION('center_axis',(1.,0.,0.));
#1756=DIRECTION('ref_axis',(0.,1.,0.));
#1757=DIRECTION('',(0.,-1.,-1.22464679914735E-16));
#1758=DIRECTION('center_axis',(0.,1.22464679914735E-16,-1.));
#1759=DIRECTION('ref_axis',(-1.,0.,0.));
#1760=DIRECTION('',(-1.,0.,0.));
#1761=DIRECTION('',(0.,1.,1.22464679914735E-16));
#1762=DIRECTION('center_axis',(0.,0.,1.));
#1763=DIRECTION('ref_axis',(1.,0.,0.));
#1764=DIRECTION('center_axis',(0.,-1.,0.));
#1765=DIRECTION('ref_axis',(1.,0.,0.));
#1766=DIRECTION('center_axis',(-1.,0.,0.));
#1767=DIRECTION('ref_axis',(0.,-1.,0.));
#1768=DIRECTION('center_axis',(-1.,0.,0.));
#1769=DIRECTION('ref_axis',(0.,-1.,0.));
#1770=DIRECTION('',(0.,1.,0.));
#1771=DIRECTION('',(0.,0.,1.));
#1772=DIRECTION('',(0.,-1.,0.));
#1773=DIRECTION('',(0.,0.,1.));
#1774=DIRECTION('center_axis',(0.,1.,0.));
#1775=DIRECTION('ref_axis',(-1.,0.,0.));
#1776=DIRECTION('',(1.,0.,0.));
#1777=DIRECTION('',(-1.,0.,0.));
#1778=DIRECTION('',(0.,0.,1.));
#1779=DIRECTION('center_axis',(1.,0.,0.));
#1780=DIRECTION('ref_axis',(0.,1.,0.));
#1781=DIRECTION('',(0.,-1.,0.));
#1782=DIRECTION('',(0.,1.,0.));
#1783=DIRECTION('',(0.,0.,1.));
#1784=DIRECTION('center_axis',(0.,-1.,0.));
#1785=DIRECTION('ref_axis',(1.,0.,0.));
#1786=DIRECTION('',(-1.,0.,0.));
#1787=DIRECTION('',(1.,0.,0.));
#1788=DIRECTION('center_axis',(0.,0.,1.));
#1789=DIRECTION('ref_axis',(1.,0.,0.));
#1790=DIRECTION('center_axis',(0.,0.,1.));
#1791=DIRECTION('ref_axis',(-1.,0.,0.));
#1792=DIRECTION('center_axis',(-1.,0.,0.));
#1793=DIRECTION('ref_axis',(0.,-1.,0.));
#1794=DIRECTION('',(0.,1.,0.));
#1795=DIRECTION('',(0.,0.,1.));
#1796=DIRECTION('',(0.,-1.,0.));
#1797=DIRECTION('',(0.,0.,1.));
#1798=DIRECTION('center_axis',(0.,1.,0.));
#1799=DIRECTION('ref_axis',(-1.,0.,0.));
#1800=DIRECTION('',(1.,0.,0.));
#1801=DIRECTION('',(-1.,0.,0.));
#1802=DIRECTION('',(0.,0.,1.));
#1803=DIRECTION('center_axis',(1.,0.,0.));
#1804=DIRECTION('ref_axis',(0.,1.,0.));
#1805=DIRECTION('',(0.,-1.,0.));
#1806=DIRECTION('',(0.,1.,0.));
#1807=DIRECTION('',(0.,0.,1.));
#1808=DIRECTION('center_axis',(0.,-1.,0.));
#1809=DIRECTION('ref_axis',(1.,0.,0.));
#1810=DIRECTION('',(-1.,0.,0.));
#1811=DIRECTION('',(1.,0.,0.));
#1812=DIRECTION('center_axis',(0.,0.,1.));
#1813=DIRECTION('ref_axis',(1.,0.,0.));
#1814=DIRECTION('center_axis',(0.,0.,1.));
#1815=DIRECTION('ref_axis',(-1.,0.,0.));
#1816=DIRECTION('center_axis',(-1.,0.,0.));
#1817=DIRECTION('ref_axis',(0.,-1.,0.));
#1818=DIRECTION('',(0.,1.,0.));
#1819=DIRECTION('',(0.,0.,1.));
#1820=DIRECTION('',(0.,-1.,0.));
#1821=DIRECTION('',(0.,0.,1.));
#1822=DIRECTION('center_axis',(0.,1.,0.));
#1823=DIRECTION('ref_axis',(-1.,0.,0.));
#1824=DIRECTION('',(1.,0.,0.));
#1825=DIRECTION('',(-1.,0.,0.));
#1826=DIRECTION('',(0.,0.,1.));
#1827=DIRECTION('center_axis',(1.,0.,0.));
#1828=DIRECTION('ref_axis',(0.,1.,0.));
#1829=DIRECTION('',(0.,-1.,0.));
#1830=DIRECTION('',(0.,1.,0.));
#1831=DIRECTION('',(0.,0.,1.));
#1832=DIRECTION('center_axis',(0.,-1.,0.));
#1833=DIRECTION('ref_axis',(1.,0.,0.));
#1834=DIRECTION('',(-1.,0.,0.));
#1835=DIRECTION('',(1.,0.,0.));
#1836=DIRECTION('center_axis',(0.,0.,1.));
#1837=DIRECTION('ref_axis',(1.,0.,0.));
#1838=DIRECTION('center_axis',(0.,0.,1.));
#1839=DIRECTION('ref_axis',(-1.,0.,0.));
#1840=DIRECTION('center_axis',(-1.,0.,0.));
#1841=DIRECTION('ref_axis',(0.,-1.,0.));
#1842=DIRECTION('',(0.,1.,0.));
#1843=DIRECTION('',(0.,0.,1.));
#1844=DIRECTION('',(0.,-1.,0.));
#1845=DIRECTION('',(0.,0.,1.));
#1846=DIRECTION('center_axis',(0.,1.,0.));
#1847=DIRECTION('ref_axis',(-1.,0.,0.));
#1848=DIRECTION('',(1.,0.,0.));
#1849=DIRECTION('',(-1.,0.,0.));
#1850=DIRECTION('',(0.,0.,1.));
#1851=DIRECTION('center_axis',(1.,0.,0.));
#1852=DIRECTION('ref_axis',(0.,1.,0.));
#1853=DIRECTION('',(0.,-1.,0.));
#1854=DIRECTION('',(0.,1.,0.));
#1855=DIRECTION('',(0.,0.,1.));
#1856=DIRECTION('center_axis',(0.,-1.,0.));
#1857=DIRECTION('ref_axis',(1.,0.,0.));
#1858=DIRECTION('',(-1.,0.,0.));
#1859=DIRECTION('',(1.,0.,0.));
#1860=DIRECTION('center_axis',(0.,0.,1.));
#1861=DIRECTION('ref_axis',(1.,0.,0.));
#1862=DIRECTION('center_axis',(0.,0.,1.));
#1863=DIRECTION('ref_axis',(-1.,0.,0.));
#1864=CARTESIAN_POINT('',(0.,0.,0.));
#1865=CARTESIAN_POINT('Origin',(0.617133091040805,-0.61309485642597,0.));
#1866=CARTESIAN_POINT('',(0.652133091040805,-0.61309485642597,0.25));
#1867=CARTESIAN_POINT('',(0.617133091040805,-0.64809485642597,0.25));
#1868=CARTESIAN_POINT('Origin',(0.617133091040805,-0.61309485642597,0.25));
#1869=CARTESIAN_POINT('',(0.617133091040805,-0.64809485642597,0.));
#1870=CARTESIAN_POINT('',(0.617133091040805,-0.64809485642597,0.));
#1871=CARTESIAN_POINT('',(0.652133091040805,-0.61309485642597,0.));
#1872=CARTESIAN_POINT('Origin',(0.617133091040805,-0.61309485642597,0.));
#1873=CARTESIAN_POINT('',(0.652133091040805,-0.61309485642597,0.));
#1874=CARTESIAN_POINT('Origin',(0.0021330910408035,0.00190514357402973,
0.25));
#1875=CARTESIAN_POINT('',(0.652133091040805,0.616905143574029,0.25));
#1876=CARTESIAN_POINT('',(0.652133091040805,-0.34809485642597,0.25));
#1877=CARTESIAN_POINT('',(0.617133091040807,0.65190514357403,0.25));
#1878=CARTESIAN_POINT('Origin',(0.617133091040807,0.61690514357403,0.25));
#1879=CARTESIAN_POINT('',(-0.612866908959198,0.65190514357403,0.25));
#1880=CARTESIAN_POINT('',(0.352133091040803,0.65190514357403,0.25));
#1881=CARTESIAN_POINT('',(-0.647866908959198,0.61690514357403,0.25));
#1882=CARTESIAN_POINT('Origin',(-0.612866908959198,0.61690514357403,0.25));
#1883=CARTESIAN_POINT('',(-0.647866908959198,-0.61309485642597,0.25));
#1884=CARTESIAN_POINT('',(-0.647866908959198,0.35190514357403,0.25));
#1885=CARTESIAN_POINT('',(-0.6128669089592,-0.64809485642597,0.25));
#1886=CARTESIAN_POINT('Origin',(-0.6128669089592,-0.61309485642597,0.25));
#1887=CARTESIAN_POINT('',(-0.347866908959196,-0.64809485642597,0.25));
#1888=CARTESIAN_POINT('Origin',(0.652133091040805,-0.69809485642597,0.));
#1889=CARTESIAN_POINT('',(0.652133091040805,0.616905143574029,0.));
#1890=CARTESIAN_POINT('',(0.652133091040805,-0.34809485642597,0.));
#1891=CARTESIAN_POINT('',(0.652133091040805,0.61690514357403,0.));
#1892=CARTESIAN_POINT('Origin',(0.617133091040807,0.61690514357403,0.));
#1893=CARTESIAN_POINT('',(0.617133091040807,0.65190514357403,0.));
#1894=CARTESIAN_POINT('Origin',(0.617133091040807,0.61690514357403,0.));
#1895=CARTESIAN_POINT('',(0.617133091040807,0.65190514357403,0.));
#1896=CARTESIAN_POINT('Origin',(-0.612866908959198,0.61690514357403,0.));
#1897=CARTESIAN_POINT('',(-0.612866908959198,0.65190514357403,0.));
#1898=CARTESIAN_POINT('',(-0.612866908959198,0.65190514357403,0.));
#1899=CARTESIAN_POINT('',(-0.647866908959198,0.61690514357403,0.));
#1900=CARTESIAN_POINT('Origin',(-0.612866908959198,0.61690514357403,0.));
#1901=CARTESIAN_POINT('',(-0.647866908959198,0.61690514357403,0.));
#1902=CARTESIAN_POINT('Origin',(-0.647866908959198,0.70190514357403,0.));
#1903=CARTESIAN_POINT('',(-0.647866908959198,-0.61309485642597,0.));
#1904=CARTESIAN_POINT('',(-0.647866908959198,0.35190514357403,0.));
#1905=CARTESIAN_POINT('',(-0.647866908959198,-0.61309485642597,0.));
#1906=CARTESIAN_POINT('Origin',(-0.6128669089592,-0.61309485642597,0.));
#1907=CARTESIAN_POINT('',(-0.6128669089592,-0.64809485642597,0.));
#1908=CARTESIAN_POINT('Origin',(-0.6128669089592,-0.61309485642597,0.));
#1909=CARTESIAN_POINT('',(-0.6128669089592,-0.64809485642597,0.));
#1910=CARTESIAN_POINT('Origin',(0.,0.0782175624057234,0.001));
#1911=CARTESIAN_POINT('',(0.250063818068458,-0.138344056608891,0.001));
#1912=CARTESIAN_POINT('',(0.,0.294779181420338,0.001));
#1913=CARTESIAN_POINT('',(0.171918874922066,-0.00299304472475751,0.001));
#1914=CARTESIAN_POINT('',(-0.250063818068458,-0.138344056608891,0.001));
#1915=CARTESIAN_POINT('',(-0.12503190903423,-0.138344056608891,0.001));
#1916=CARTESIAN_POINT('',(-0.0468869658878357,0.213568574289857,0.001));
#1917=CARTESIAN_POINT('Origin',(0.,0.294779181420338,0.));
#1918=CARTESIAN_POINT('',(-0.250063818068458,-0.138344056608891,0.));
#1919=CARTESIAN_POINT('',(-0.250063818068458,-0.138344056608891,0.));
#1920=CARTESIAN_POINT('',(0.,0.294779181420338,0.));
#1921=CARTESIAN_POINT('',(-0.0631424528408564,0.185413244985453,0.));
#1922=CARTESIAN_POINT('',(0.,0.294779181420338,0.));
#1923=CARTESIAN_POINT('Origin',(-0.250063818068458,-0.138344056608891,0.));
#1924=CARTESIAN_POINT('',(0.250063818068458,-0.138344056608891,0.));
#1925=CARTESIAN_POINT('',(0.250063818068458,-0.138344056608891,0.));
#1926=CARTESIAN_POINT('',(-0.123965363513827,-0.138344056608891,0.));
#1927=CARTESIAN_POINT('Origin',(0.250063818068458,-0.138344056608891,0.));
#1928=CARTESIAN_POINT('',(0.188707634635286,-0.0320720295441224,0.));
#1929=CARTESIAN_POINT('Origin',(-0.197866908959197,0.20190514357403,0.));
#1930=CARTESIAN_POINT('',(-0.597866908959197,0.20190514357403,0.));
#1931=CARTESIAN_POINT('',(-0.197866908959197,0.20190514357403,0.));
#1932=CARTESIAN_POINT('',(-0.0978669089591966,0.20190514357403,0.));
#1933=CARTESIAN_POINT('',(-0.597866908959197,0.20190514357403,-0.01));
#1934=CARTESIAN_POINT('',(-0.597866908959197,0.20190514357403,0.));
#1935=CARTESIAN_POINT('',(-0.197866908959197,0.20190514357403,-0.01));
#1936=CARTESIAN_POINT('',(-0.597866908959197,0.20190514357403,-0.01));
#1937=CARTESIAN_POINT('',(-0.197866908959197,0.20190514357403,0.));
#1938=CARTESIAN_POINT('Origin',(-0.197866908959197,0.60190514357403,0.));
#1939=CARTESIAN_POINT('',(-0.197866908959197,0.60190514357403,0.));
#1940=CARTESIAN_POINT('',(-0.197866908959197,0.30190514357403,0.));
#1941=CARTESIAN_POINT('',(-0.197866908959197,0.60190514357403,-0.01));
#1942=CARTESIAN_POINT('',(-0.197866908959197,0.20190514357403,-0.01));
#1943=CARTESIAN_POINT('',(-0.197866908959197,0.60190514357403,0.));
#1944=CARTESIAN_POINT('Origin',(-0.597866908959197,0.60190514357403,0.));
#1945=CARTESIAN_POINT('',(-0.597866908959197,0.60190514357403,0.));
#1946=CARTESIAN_POINT('',(-0.297866908959197,0.60190514357403,0.));
#1947=CARTESIAN_POINT('',(-0.597866908959197,0.60190514357403,-0.01));
#1948=CARTESIAN_POINT('',(-0.197866908959197,0.60190514357403,-0.01));
#1949=CARTESIAN_POINT('',(-0.597866908959197,0.60190514357403,0.));
#1950=CARTESIAN_POINT('Origin',(-0.597866908959197,0.20190514357403,0.));
#1951=CARTESIAN_POINT('',(-0.597866908959197,0.10190514357403,0.));
#1952=CARTESIAN_POINT('',(-0.597866908959197,0.60190514357403,-0.01));
#1953=CARTESIAN_POINT('Origin',(-0.397866908959197,0.40190514357403,-0.01));
#1954=CARTESIAN_POINT('Origin',(0.202133091040804,0.20190514357403,0.));
#1955=CARTESIAN_POINT('',(0.202133091040804,0.60190514357403,0.));
#1956=CARTESIAN_POINT('',(0.202133091040804,0.20190514357403,0.));
#1957=CARTESIAN_POINT('',(0.202133091040804,0.10190514357403,0.));
#1958=CARTESIAN_POINT('',(0.202133091040804,0.60190514357403,-0.01));
#1959=CARTESIAN_POINT('',(0.202133091040804,0.60190514357403,0.));
#1960=CARTESIAN_POINT('',(0.202133091040804,0.20190514357403,-0.01));
#1961=CARTESIAN_POINT('',(0.202133091040804,0.60190514357403,-0.01));
#1962=CARTESIAN_POINT('',(0.202133091040804,0.20190514357403,0.));
#1963=CARTESIAN_POINT('Origin',(0.602133091040804,0.20190514357403,0.));
#1964=CARTESIAN_POINT('',(0.602133091040804,0.20190514357403,0.));
#1965=CARTESIAN_POINT('',(0.302133091040804,0.20190514357403,0.));
#1966=CARTESIAN_POINT('',(0.602133091040804,0.20190514357403,-0.01));
#1967=CARTESIAN_POINT('',(0.202133091040804,0.20190514357403,-0.01));
#1968=CARTESIAN_POINT('',(0.602133091040804,0.20190514357403,0.));
#1969=CARTESIAN_POINT('Origin',(0.602133091040804,0.60190514357403,0.));
#1970=CARTESIAN_POINT('',(0.602133091040804,0.60190514357403,0.));
#1971=CARTESIAN_POINT('',(0.602133091040804,0.30190514357403,0.));
#1972=CARTESIAN_POINT('',(0.602133091040804,0.60190514357403,-0.01));
#1973=CARTESIAN_POINT('',(0.602133091040804,0.20190514357403,-0.01));
#1974=CARTESIAN_POINT('',(0.602133091040804,0.60190514357403,0.));
#1975=CARTESIAN_POINT('Origin',(0.202133091040804,0.60190514357403,0.));
#1976=CARTESIAN_POINT('',(0.102133091040804,0.60190514357403,0.));
#1977=CARTESIAN_POINT('',(0.602133091040804,0.60190514357403,-0.01));
#1978=CARTESIAN_POINT('Origin',(0.402133091040804,0.40190514357403,-0.01));
#1979=CARTESIAN_POINT('Origin',(-0.197866908959197,-0.19809485642597,0.));
#1980=CARTESIAN_POINT('',(-0.197866908959197,-0.59809485642597,0.));
#1981=CARTESIAN_POINT('',(-0.197866908959197,-0.19809485642597,0.));
#1982=CARTESIAN_POINT('',(-0.197866908959197,-0.0980948564259703,0.));
#1983=CARTESIAN_POINT('',(-0.197866908959197,-0.59809485642597,-0.01));
#1984=CARTESIAN_POINT('',(-0.197866908959197,-0.59809485642597,0.));
#1985=CARTESIAN_POINT('',(-0.197866908959197,-0.19809485642597,-0.01));
#1986=CARTESIAN_POINT('',(-0.197866908959197,-0.59809485642597,-0.01));
#1987=CARTESIAN_POINT('',(-0.197866908959197,-0.19809485642597,0.));
#1988=CARTESIAN_POINT('Origin',(-0.597866908959197,-0.19809485642597,0.));
#1989=CARTESIAN_POINT('',(-0.597866908959197,-0.19809485642597,0.));
#1990=CARTESIAN_POINT('',(-0.297866908959197,-0.19809485642597,0.));
#1991=CARTESIAN_POINT('',(-0.597866908959197,-0.19809485642597,-0.01));
#1992=CARTESIAN_POINT('',(-0.197866908959197,-0.19809485642597,-0.01));
#1993=CARTESIAN_POINT('',(-0.597866908959197,-0.19809485642597,0.));
#1994=CARTESIAN_POINT('Origin',(-0.597866908959197,-0.59809485642597,0.));
#1995=CARTESIAN_POINT('',(-0.597866908959197,-0.59809485642597,0.));
#1996=CARTESIAN_POINT('',(-0.597866908959197,-0.29809485642597,0.));
#1997=CARTESIAN_POINT('',(-0.597866908959197,-0.59809485642597,-0.01));
#1998=CARTESIAN_POINT('',(-0.597866908959197,-0.19809485642597,-0.01));
#1999=CARTESIAN_POINT('',(-0.597866908959197,-0.59809485642597,0.));
#2000=CARTESIAN_POINT('Origin',(-0.197866908959197,-0.59809485642597,0.));
#2001=CARTESIAN_POINT('',(-0.0978669089591966,-0.59809485642597,0.));
#2002=CARTESIAN_POINT('',(-0.597866908959197,-0.59809485642597,-0.01));
#2003=CARTESIAN_POINT('Origin',(-0.397866908959197,-0.39809485642597,-0.01));
#2004=CARTESIAN_POINT('Origin',(0.202133091040804,-0.19809485642597,0.));
#2005=CARTESIAN_POINT('',(0.602133091040804,-0.19809485642597,0.));
#2006=CARTESIAN_POINT('',(0.202133091040804,-0.19809485642597,0.));
#2007=CARTESIAN_POINT('',(0.102133091040804,-0.19809485642597,0.));
#2008=CARTESIAN_POINT('',(0.602133091040804,-0.19809485642597,-0.01));
#2009=CARTESIAN_POINT('',(0.602133091040804,-0.19809485642597,0.));
#2010=CARTESIAN_POINT('',(0.202133091040804,-0.19809485642597,-0.01));
#2011=CARTESIAN_POINT('',(0.602133091040804,-0.19809485642597,-0.01));
#2012=CARTESIAN_POINT('',(0.202133091040804,-0.19809485642597,0.));
#2013=CARTESIAN_POINT('Origin',(0.202133091040804,-0.59809485642597,0.));
#2014=CARTESIAN_POINT('',(0.202133091040804,-0.59809485642597,0.));
#2015=CARTESIAN_POINT('',(0.202133091040804,-0.29809485642597,0.));
#2016=CARTESIAN_POINT('',(0.202133091040804,-0.59809485642597,-0.01));
#2017=CARTESIAN_POINT('',(0.202133091040804,-0.19809485642597,-0.01));
#2018=CARTESIAN_POINT('',(0.202133091040804,-0.59809485642597,0.));
#2019=CARTESIAN_POINT('Origin',(0.602133091040804,-0.59809485642597,0.));
#2020=CARTESIAN_POINT('',(0.602133091040804,-0.59809485642597,0.));
#2021=CARTESIAN_POINT('',(0.302133091040804,-0.59809485642597,0.));
#2022=CARTESIAN_POINT('',(0.602133091040804,-0.59809485642597,-0.01));
#2023=CARTESIAN_POINT('',(0.202133091040804,-0.59809485642597,-0.01));
#2024=CARTESIAN_POINT('',(0.602133091040804,-0.59809485642597,0.));
#2025=CARTESIAN_POINT('Origin',(0.602133091040804,-0.19809485642597,0.));
#2026=CARTESIAN_POINT('',(0.602133091040804,-0.0980948564259703,0.));
#2027=CARTESIAN_POINT('',(0.602133091040804,-0.59809485642597,-0.01));
#2028=CARTESIAN_POINT('Origin',(0.402133091040804,-0.39809485642597,-0.01));
#2029=CARTESIAN_POINT('Origin',(-0.697866908959197,-0.64809485642597,0.));
#2030=CARTESIAN_POINT('',(-0.347866908959196,-0.64809485642597,0.));
#2031=CARTESIAN_POINT('Origin',(0.702133091040804,0.65190514357403,0.));
#2032=CARTESIAN_POINT('',(0.352133091040803,0.65190514357403,0.));
#2033=CARTESIAN_POINT('Origin',(0.0021330910408035,0.00190514357402971,
0.));
#2034=CARTESIAN_POINT('Origin',(0.0021330910408035,0.00190514357402971,
0.65));
#2035=CARTESIAN_POINT('',(0.10871858078402,0.306745749855258,0.65));
#2036=CARTESIAN_POINT('',(0.521872960510952,0.306745749855258,0.65));
#2037=CARTESIAN_POINT('',(0.262003025775878,0.306745749855258,0.65));
#2038=CARTESIAN_POINT('',(0.10871858078402,-0.298412716829669,0.65));
#2039=CARTESIAN_POINT('',(0.10871858078402,0.154325446714644,0.65));
#2040=CARTESIAN_POINT('',(0.521872960510952,-0.298412716829669,0.65));
#2041=CARTESIAN_POINT('',(0.0554258359124116,-0.298412716829669,0.65));
#2042=CARTESIAN_POINT('',(0.521872960510952,-0.148253786627819,0.65));
#2043=CARTESIAN_POINT('Origin',(0.0021330910408035,0.00190514357402971,
0.65));
#2044=CARTESIAN_POINT('',(0.0140091767812245,-0.278686038564349,0.65));
#2045=CARTESIAN_POINT('',(0.0140091767812245,-0.600916770654378,0.65));
#2046=CARTESIAN_POINT('',(0.0140091767812245,-0.299505813540174,0.65));
#2047=CARTESIAN_POINT('',(-0.430146697180707,-0.278686038564349,0.65));
#2048=CARTESIAN_POINT('',(0.00807113391101399,-0.278686038564349,0.65));
#2049=CARTESIAN_POINT('',(-0.430146697180707,-0.600916770654378,0.65));
#2050=CARTESIAN_POINT('',(-0.430146697180707,-0.13839044749516,0.65));
#2051=CARTESIAN_POINT('',(-0.214006803069952,-0.600916770654378,0.65));
#2052=CARTESIAN_POINT('Origin',(0.0021330910408035,0.00190514357402971,
0.65));
#2053=CARTESIAN_POINT('',(0.00820321764446685,0.563178036265456,0.65));
#2054=CARTESIAN_POINT('',(0.00820321764446685,0.246753263312184,0.65));
#2055=CARTESIAN_POINT('',(0.00820321764446685,0.124329203443107,0.65));
#2056=CARTESIAN_POINT('',(-0.444661595022597,0.563178036265456,0.65));
#2057=CARTESIAN_POINT('',(0.00516815434263518,0.563178036265456,0.65));
#2058=CARTESIAN_POINT('',(-0.444661595022597,0.246753263312184,0.65));
#2059=CARTESIAN_POINT('',(-0.444661595022597,0.282541589919743,0.65));
#2060=CARTESIAN_POINT('',(-0.221264251990897,0.246753263312184,0.65));
#2061=CARTESIAN_POINT('Origin',(0.0021330910408035,0.00190514357402971,
0.65));
#2062=CARTESIAN_POINT('',(-0.049856373723105,0.159663876260826,0.65));
#2063=CARTESIAN_POINT('',(-0.049856373723105,-0.159663876260826,0.65));
#2064=CARTESIAN_POINT('',(-0.049856373723105,-0.0788793663433979,0.65));
#2065=CARTESIAN_POINT('',(-0.494012247685036,0.159663876260826,0.65));
#2066=CARTESIAN_POINT('',(-0.0238616413411508,0.159663876260826,0.65));
#2067=CARTESIAN_POINT('',(-0.494012247685036,-0.159663876260826,0.65));
#2068=CARTESIAN_POINT('',(-0.494012247685036,0.0807845099174277,0.65));
#2069=CARTESIAN_POINT('',(-0.245939578322116,-0.159663876260826,0.65));
#2070=CARTESIAN_POINT('Origin',(0.617133091040805,0.616905143574029,0.615));
#2071=CARTESIAN_POINT('',(0.617133091040805,0.616905143574029,0.65));
#2072=CARTESIAN_POINT('',(0.617133091040807,0.65190514357403,0.615));
#2073=CARTESIAN_POINT('Origin',(0.617133091040805,0.61690514357403,0.615));
#2074=CARTESIAN_POINT('',(0.652133091040805,0.61690514357403,0.615));
#2075=CARTESIAN_POINT('Origin',(0.617133091040805,0.616905143574029,0.615));
#2076=CARTESIAN_POINT('Origin',(0.617133091040807,0.61690514357403,0.615));
#2077=CARTESIAN_POINT('Origin',(0.617133091040805,-0.61309485642597,0.615));
#2078=CARTESIAN_POINT('',(0.617133091040805,-0.61309485642597,0.65));
#2079=CARTESIAN_POINT('',(0.652133091040805,-0.61309485642597,0.615));
#2080=CARTESIAN_POINT('Origin',(0.617133091040805,-0.61309485642597,0.615));
#2081=CARTESIAN_POINT('',(0.617133091040805,-0.64809485642597,0.615));
#2082=CARTESIAN_POINT('Origin',(0.617133091040805,-0.61309485642597,0.615));
#2083=CARTESIAN_POINT('Origin',(0.617133091040805,-0.61309485642597,0.615));
#2084=CARTESIAN_POINT('Origin',(-0.612866908959198,0.61690514357403,0.615));
#2085=CARTESIAN_POINT('',(-0.612866908959198,0.61690514357403,0.65));
#2086=CARTESIAN_POINT('',(-0.647866908959198,0.61690514357403,0.615));
#2087=CARTESIAN_POINT('Origin',(-0.612866908959198,0.61690514357403,0.615));
#2088=CARTESIAN_POINT('',(-0.612866908959198,0.65190514357403,0.615));
#2089=CARTESIAN_POINT('Origin',(-0.612866908959198,0.61690514357403,0.615));
#2090=CARTESIAN_POINT('Origin',(-0.612866908959198,0.61690514357403,0.615));
#2091=CARTESIAN_POINT('Origin',(0.352133091040803,0.61690514357403,0.615));
#2092=CARTESIAN_POINT('',(0.352133091040803,0.61690514357403,0.65));
#2093=CARTESIAN_POINT('',(0.352133091040803,0.65190514357403,0.615));
#2094=CARTESIAN_POINT('Origin',(-0.612866908959198,0.61690514357403,0.));
#2095=CARTESIAN_POINT('',(-0.612866908959198,0.65190514357403,0.238));
#2096=CARTESIAN_POINT('',(-0.647866908959198,0.61690514357403,0.238));
#2097=CARTESIAN_POINT('Origin',(-0.612866908959198,0.61690514357403,0.238));
#2098=CARTESIAN_POINT('',(-0.647866908959198,0.61690514357403,0.));
#2099=CARTESIAN_POINT('',(-0.612866908959198,0.65190514357403,0.));
#2100=CARTESIAN_POINT('Origin',(-0.612866908959198,-0.61309485642597,0.615));
#2101=CARTESIAN_POINT('',(-0.6128669089592,-0.64809485642597,0.615));
#2102=CARTESIAN_POINT('',(-0.647866908959198,-0.61309485642597,0.615));
#2103=CARTESIAN_POINT('Origin',(-0.6128669089592,-0.61309485642597,0.615));
#2104=CARTESIAN_POINT('',(-0.612866908959198,-0.61309485642597,0.65));
#2105=CARTESIAN_POINT('Origin',(-0.612866908959198,-0.61309485642597,0.615));
#2106=CARTESIAN_POINT('Origin',(-0.612866908959198,-0.61309485642597,0.615));
#2107=CARTESIAN_POINT('Origin',(-0.347866908959196,-0.61309485642597,0.615));
#2108=CARTESIAN_POINT('',(-0.347866908959196,-0.61309485642597,0.65));
#2109=CARTESIAN_POINT('',(-0.347866908959196,-0.64809485642597,0.615));
#2110=CARTESIAN_POINT('Origin',(-0.612866908959198,0.35190514357403,0.615));
#2111=CARTESIAN_POINT('',(-0.612866908959198,0.35190514357403,0.65));
#2112=CARTESIAN_POINT('',(-0.647866908959198,0.35190514357403,0.615));
#2113=CARTESIAN_POINT('Origin',(-0.6128669089592,-0.61309485642597,0.));
#2114=CARTESIAN_POINT('',(-0.647866908959198,-0.61309485642597,0.238));
#2115=CARTESIAN_POINT('',(-0.6128669089592,-0.64809485642597,0.238));
#2116=CARTESIAN_POINT('Origin',(-0.6128669089592,-0.61309485642597,0.238));
#2117=CARTESIAN_POINT('',(-0.6128669089592,-0.64809485642597,0.));
#2118=CARTESIAN_POINT('',(-0.647866908959198,-0.61309485642597,0.));
#2119=CARTESIAN_POINT('Origin',(0.617133091040805,-0.61309485642597,0.));
#2120=CARTESIAN_POINT('',(0.617133091040805,-0.64809485642597,0.238));
#2121=CARTESIAN_POINT('',(0.652133091040805,-0.61309485642597,0.238));
#2122=CARTESIAN_POINT('Origin',(0.617133091040805,-0.61309485642597,0.238));
#2123=CARTESIAN_POINT('',(0.652133091040805,-0.61309485642597,0.));
#2124=CARTESIAN_POINT('',(0.617133091040805,-0.64809485642597,0.));
#2125=CARTESIAN_POINT('Origin',(0.617133091040805,-0.34809485642597,0.615));
#2126=CARTESIAN_POINT('',(0.617133091040805,-0.34809485642597,0.65));
#2127=CARTESIAN_POINT('',(0.652133091040805,-0.34809485642597,0.615));
#2128=CARTESIAN_POINT('Origin',(0.617133091040807,0.61690514357403,0.));
#2129=CARTESIAN_POINT('',(0.652133091040805,0.616905143574029,0.238));
#2130=CARTESIAN_POINT('',(0.617133091040807,0.65190514357403,0.238));
#2131=CARTESIAN_POINT('Origin',(0.617133091040807,0.61690514357403,0.238));
#2132=CARTESIAN_POINT('',(0.617133091040807,0.65190514357403,0.));
#2133=CARTESIAN_POINT('',(0.652133091040805,0.61690514357403,0.));
#2134=CARTESIAN_POINT('Origin',(0.702133091040804,0.65190514357403,0.));
#2135=CARTESIAN_POINT('',(0.352133091040803,0.65190514357403,0.238));
#2136=CARTESIAN_POINT('Origin',(0.652133091040805,-0.69809485642597,0.));
#2137=CARTESIAN_POINT('',(0.652133091040805,-0.34809485642597,0.238));
#2138=CARTESIAN_POINT('Origin',(0.0021330910408035,0.00190514357402973,
0.238));
#2139=CARTESIAN_POINT('',(-0.347866908959196,-0.64809485642597,0.238));
#2140=CARTESIAN_POINT('',(-0.647866908959198,0.35190514357403,0.238));
#2141=CARTESIAN_POINT('Origin',(0.0021330910408035,0.00190514357402971,
0.65));
#2142=CARTESIAN_POINT('Origin',(-0.697866908959197,-0.64809485642597,0.));
#2143=CARTESIAN_POINT('Origin',(-0.647866908959198,0.70190514357403,0.));
#2144=CARTESIAN_POINT('Origin',(-0.444661595022597,0.563178036265456,0.25));
#2145=CARTESIAN_POINT('',(-0.444661595022597,0.246753263312184,0.25));
#2146=CARTESIAN_POINT('',(-0.444661595022597,0.563178036265456,0.25));
#2147=CARTESIAN_POINT('',(-0.444661595022597,0.246753263312184,0.25));
#2148=CARTESIAN_POINT('',(-0.444661595022597,0.246753263312184,0.668));
#2149=CARTESIAN_POINT('',(-0.444661595022597,0.246753263312184,0.25));
#2150=CARTESIAN_POINT('',(-0.444661595022597,0.563178036265456,0.668));
#2151=CARTESIAN_POINT('',(-0.444661595022597,0.484071843027138,0.668));
#2152=CARTESIAN_POINT('',(-0.444661595022597,0.563178036265456,0.25));
#2153=CARTESIAN_POINT('Origin',(0.00820321764446685,0.563178036265456,0.25));
#2154=CARTESIAN_POINT('',(0.00820321764446685,0.563178036265456,0.25));
#2155=CARTESIAN_POINT('',(-0.444661595022597,0.563178036265456,0.25));
#2156=CARTESIAN_POINT('',(0.00820321764446685,0.563178036265456,0.668));
#2157=CARTESIAN_POINT('',(-0.105012985522299,0.563178036265456,0.668));
#2158=CARTESIAN_POINT('',(0.00820321764446685,0.563178036265456,0.25));
#2159=CARTESIAN_POINT('Origin',(0.00820321764446685,0.246753263312184,0.25));
#2160=CARTESIAN_POINT('',(0.00820321764446685,0.246753263312184,0.25));
#2161=CARTESIAN_POINT('',(0.00820321764446685,0.563178036265456,0.25));
#2162=CARTESIAN_POINT('',(0.00820321764446685,0.246753263312184,0.668));
#2163=CARTESIAN_POINT('',(0.00820321764446685,0.325859456550502,0.668));
#2164=CARTESIAN_POINT('',(0.00820321764446685,0.246753263312184,0.25));
#2165=CARTESIAN_POINT('Origin',(-0.444661595022597,0.246753263312184,0.25));
#2166=CARTESIAN_POINT('',(0.00820321764446685,0.246753263312184,0.25));
#2167=CARTESIAN_POINT('',(-0.331445391855831,0.246753263312184,0.668));
#2168=CARTESIAN_POINT('Origin',(-0.218229188689065,0.40496564978882,0.668));
#2169=CARTESIAN_POINT('Origin',(-0.218229188689065,0.40496564978882,0.25));
#2170=CARTESIAN_POINT('Origin',(-0.494012247685036,0.159663876260826,0.25));
#2171=CARTESIAN_POINT('',(-0.494012247685036,-0.159663876260826,0.25));
#2172=CARTESIAN_POINT('',(-0.494012247685036,0.159663876260826,0.25));
#2173=CARTESIAN_POINT('',(-0.494012247685036,-0.159663876260826,0.25));
#2174=CARTESIAN_POINT('',(-0.494012247685036,-0.159663876260826,0.668));
#2175=CARTESIAN_POINT('',(-0.494012247685036,-0.159663876260826,0.25));
#2176=CARTESIAN_POINT('',(-0.494012247685036,0.159663876260826,0.668));
#2177=CARTESIAN_POINT('',(-0.494012247685036,0.0798319381304128,0.668));
#2178=CARTESIAN_POINT('',(-0.494012247685036,0.159663876260826,0.25));
#2179=CARTESIAN_POINT('Origin',(-0.049856373723105,0.159663876260826,0.25));
#2180=CARTESIAN_POINT('',(-0.049856373723105,0.159663876260826,0.25));
#2181=CARTESIAN_POINT('',(-0.494012247685036,0.159663876260826,0.25));
#2182=CARTESIAN_POINT('',(-0.049856373723105,0.159663876260826,0.668));
#2183=CARTESIAN_POINT('',(-0.160895342213587,0.159663876260826,0.668));
#2184=CARTESIAN_POINT('',(-0.049856373723105,0.159663876260826,0.25));
#2185=CARTESIAN_POINT('Origin',(-0.049856373723105,-0.159663876260826,0.25));
#2186=CARTESIAN_POINT('',(-0.049856373723105,-0.159663876260826,0.25));
#2187=CARTESIAN_POINT('',(-0.049856373723105,0.159663876260826,0.25));
#2188=CARTESIAN_POINT('',(-0.049856373723105,-0.159663876260826,0.668));
#2189=CARTESIAN_POINT('',(-0.049856373723105,-0.0798319381304128,0.668));
#2190=CARTESIAN_POINT('',(-0.049856373723105,-0.159663876260826,0.25));
#2191=CARTESIAN_POINT('Origin',(-0.494012247685036,-0.159663876260826,0.25));
#2192=CARTESIAN_POINT('',(-0.049856373723105,-0.159663876260826,0.25));
#2193=CARTESIAN_POINT('',(-0.382973279194553,-0.159663876260826,0.668));
#2194=CARTESIAN_POINT('Origin',(-0.271934310704069,0.,0.668));
#2195=CARTESIAN_POINT('Origin',(-0.271934310704069,0.,0.25));
#2196=CARTESIAN_POINT('Origin',(-0.430146697180707,-0.278686038564349,0.25));
#2197=CARTESIAN_POINT('',(-0.430146697180707,-0.600916770654378,0.25));
#2198=CARTESIAN_POINT('',(-0.430146697180707,-0.278686038564349,0.25));
#2199=CARTESIAN_POINT('',(-0.430146697180707,-0.600916770654378,0.25));
#2200=CARTESIAN_POINT('',(-0.430146697180707,-0.600916770654378,0.668));
#2201=CARTESIAN_POINT('',(-0.430146697180707,-0.600916770654378,0.25));
#2202=CARTESIAN_POINT('',(-0.430146697180707,-0.278686038564349,0.668));
#2203=CARTESIAN_POINT('',(-0.430146697180707,-0.359243721586857,0.668));
#2204=CARTESIAN_POINT('',(-0.430146697180707,-0.278686038564349,0.25));
#2205=CARTESIAN_POINT('Origin',(0.0140091767812245,-0.278686038564349,0.25));
#2206=CARTESIAN_POINT('',(0.0140091767812245,-0.278686038564349,0.25));
#2207=CARTESIAN_POINT('',(-0.430146697180707,-0.278686038564349,0.25));
#2208=CARTESIAN_POINT('',(0.0140091767812245,-0.278686038564349,0.668));
#2209=CARTESIAN_POINT('',(-0.0970297917092589,-0.278686038564349,0.668));
#2210=CARTESIAN_POINT('',(0.0140091767812245,-0.278686038564349,0.25));
#2211=CARTESIAN_POINT('Origin',(0.0140091767812245,-0.600916770654378,0.25));
#2212=CARTESIAN_POINT('',(0.0140091767812245,-0.600916770654378,0.25));
#2213=CARTESIAN_POINT('',(0.0140091767812245,-0.278686038564349,0.25));
#2214=CARTESIAN_POINT('',(0.0140091767812245,-0.600916770654378,0.668));
#2215=CARTESIAN_POINT('',(0.0140091767812245,-0.520359087631871,0.668));
#2216=CARTESIAN_POINT('',(0.0140091767812245,-0.600916770654378,0.25));
#2217=CARTESIAN_POINT('Origin',(-0.430146697180707,-0.600916770654378,0.25));
#2218=CARTESIAN_POINT('',(0.0140091767812245,-0.600916770654378,0.25));
#2219=CARTESIAN_POINT('',(-0.319107728690224,-0.600916770654378,0.668));
#2220=CARTESIAN_POINT('Origin',(-0.208068760199742,-0.439801404609364,0.668));
#2221=CARTESIAN_POINT('Origin',(-0.208068760199742,-0.439801404609364,0.25));
#2222=CARTESIAN_POINT('Origin',(0.10871858078402,0.306745749855258,0.25));
#2223=CARTESIAN_POINT('',(0.10871858078402,-0.298412716829669,0.25));
#2224=CARTESIAN_POINT('',(0.10871858078402,0.306745749855258,0.25));
#2225=CARTESIAN_POINT('',(0.10871858078402,-0.298412716829669,0.25));
#2226=CARTESIAN_POINT('',(0.10871858078402,-0.298412716829669,0.65));
#2227=CARTESIAN_POINT('',(0.10871858078402,-0.298412716829669,0.25));
#2228=CARTESIAN_POINT('',(0.10871858078402,0.306745749855258,0.65));
#2229=CARTESIAN_POINT('',(0.10871858078402,0.155456133184027,0.65));
#2230=CARTESIAN_POINT('',(0.10871858078402,0.306745749855258,0.25));
#2231=CARTESIAN_POINT('Origin',(0.521872960510952,0.306745749855258,0.25));
#2232=CARTESIAN_POINT('',(0.521872960510952,0.306745749855258,0.25));
#2233=CARTESIAN_POINT('',(0.10871858078402,0.306745749855258,0.25));
#2234=CARTESIAN_POINT('',(0.521872960510952,0.306745749855258,0.65));
#2235=CARTESIAN_POINT('',(0.418584365579219,0.306745749855258,0.65));
#2236=CARTESIAN_POINT('',(0.521872960510952,0.306745749855258,0.25));
#2237=CARTESIAN_POINT('Origin',(0.521872960510952,-0.298412716829669,0.25));
#2238=CARTESIAN_POINT('',(0.521872960510952,-0.298412716829669,0.25));
#2239=CARTESIAN_POINT('',(0.521872960510952,0.306745749855258,0.25));
#2240=CARTESIAN_POINT('',(0.521872960510952,-0.298412716829669,0.65));
#2241=CARTESIAN_POINT('',(0.521872960510952,-0.147123100158437,0.65));
#2242=CARTESIAN_POINT('',(0.521872960510952,-0.298412716829669,0.25));
#2243=CARTESIAN_POINT('Origin',(0.10871858078402,-0.298412716829669,0.25));
#2244=CARTESIAN_POINT('',(0.521872960510952,-0.298412716829669,0.25));
#2245=CARTESIAN_POINT('',(0.212007175715753,-0.298412716829669,0.65));
#2246=CARTESIAN_POINT('Origin',(0.315295770647486,0.00416651651279479,0.65));
#2247=CARTESIAN_POINT('Origin',(0.315295770647486,0.00416651651279479,0.25));
#2248=UNCERTAINTY_MEASURE_WITH_UNIT(LENGTH_MEASURE(0.01),#2252,
'DISTANCE_ACCURACY_VALUE',
'Maximum model space distance between geometric entities at asserted c
onnectivities');
#2249=UNCERTAINTY_MEASURE_WITH_UNIT(LENGTH_MEASURE(0.01),#2252,
'DISTANCE_ACCURACY_VALUE',
'Maximum model space distance between geometric entities at asserted c
onnectivities');
#2250=(
GEOMETRIC_REPRESENTATION_CONTEXT(3)
GLOBAL_UNCERTAINTY_ASSIGNED_CONTEXT((#2248))
GLOBAL_UNIT_ASSIGNED_CONTEXT((#2252,#2253,#2254))
REPRESENTATION_CONTEXT('','3D')
);
#2251=(
GEOMETRIC_REPRESENTATION_CONTEXT(3)
GLOBAL_UNCERTAINTY_ASSIGNED_CONTEXT((#2249))
GLOBAL_UNIT_ASSIGNED_CONTEXT((#2252,#2253,#2254))
REPRESENTATION_CONTEXT('','3D')
);
#2252=(
LENGTH_UNIT()
NAMED_UNIT(*)
SI_UNIT(.MILLI.,.METRE.)
);
#2253=(
NAMED_UNIT(*)
PLANE_ANGLE_UNIT()
SI_UNIT($,.RADIAN.)
);
#2254=(
NAMED_UNIT(*)
SI_UNIT($,.STERADIAN.)
SOLID_ANGLE_UNIT()
);
#2255=SHAPE_DEFINITION_REPRESENTATION(#2256,#2257);
#2256=PRODUCT_DEFINITION_SHAPE('',$,#2259);
#2257=SHAPE_REPRESENTATION('',(#1392),#2250);
#2258=PRODUCT_DEFINITION_CONTEXT('part definition',#2263,'design');
#2259=PRODUCT_DEFINITION('WS2812-1313','WS2812-1313 v1',#2260,#2258);
#2260=PRODUCT_DEFINITION_FORMATION('',$,#2265);
#2261=PRODUCT_RELATED_PRODUCT_CATEGORY('WS2812-1313 v1',
'WS2812-1313 v1',(#2265));
#2262=APPLICATION_PROTOCOL_DEFINITION('international standard',
'automotive_design',2009,#2263);
#2263=APPLICATION_CONTEXT(
'Core Data for Automotive Mechanical Design Process');
#2264=PRODUCT_CONTEXT('part definition',#2263,'mechanical');
#2265=PRODUCT('WS2812-1313','WS2812-1313 v1',$,(#2264));
#2266=PRESENTATION_STYLE_ASSIGNMENT((#2275));
#2267=PRESENTATION_STYLE_ASSIGNMENT((#2276));
#2268=PRESENTATION_STYLE_ASSIGNMENT((#2277));
#2269=PRESENTATION_STYLE_ASSIGNMENT((#2278));
#2270=PRESENTATION_STYLE_ASSIGNMENT((#2279));
#2271=PRESENTATION_STYLE_ASSIGNMENT((#2280));
#2272=PRESENTATION_STYLE_ASSIGNMENT((#2281));
#2273=PRESENTATION_STYLE_ASSIGNMENT((#2282));
#2274=PRESENTATION_STYLE_ASSIGNMENT((#2283));
#2275=SURFACE_STYLE_USAGE(.BOTH.,#2284);
#2276=SURFACE_STYLE_USAGE(.BOTH.,#2285);
#2277=SURFACE_STYLE_USAGE(.BOTH.,#2286);
#2278=SURFACE_STYLE_USAGE(.BOTH.,#2287);
#2279=SURFACE_STYLE_USAGE(.BOTH.,#2288);
#2280=SURFACE_STYLE_USAGE(.BOTH.,#2289);
#2281=SURFACE_STYLE_USAGE(.BOTH.,#2290);
#2282=SURFACE_STYLE_USAGE(.BOTH.,#2291);
#2283=SURFACE_STYLE_USAGE(.BOTH.,#2292);
#2284=SURFACE_SIDE_STYLE('',(#2293));
#2285=SURFACE_SIDE_STYLE('',(#2294));
#2286=SURFACE_SIDE_STYLE('',(#2295));
#2287=SURFACE_SIDE_STYLE('',(#2296));
#2288=SURFACE_SIDE_STYLE('',(#2297));
#2289=SURFACE_SIDE_STYLE('',(#2298));
#2290=SURFACE_SIDE_STYLE('',(#2299));
#2291=SURFACE_SIDE_STYLE('',(#2300));
#2292=SURFACE_SIDE_STYLE('',(#2301));
#2293=SURFACE_STYLE_FILL_AREA(#2302);
#2294=SURFACE_STYLE_FILL_AREA(#2303);
#2295=SURFACE_STYLE_FILL_AREA(#2304);
#2296=SURFACE_STYLE_FILL_AREA(#2305);
#2297=SURFACE_STYLE_FILL_AREA(#2306);
#2298=SURFACE_STYLE_FILL_AREA(#2307);
#2299=SURFACE_STYLE_FILL_AREA(#2308);
#2300=SURFACE_STYLE_FILL_AREA(#2309);
#2301=SURFACE_STYLE_FILL_AREA(#2310);
#2302=FILL_AREA_STYLE('Steel - Satin',(#2311));
#2303=FILL_AREA_STYLE(
'HP 3D HR CB PA 12 (with HP Jet Fusion 580 Color 3D Printer)',(#2312));
#2304=FILL_AREA_STYLE('Paint - Enamel Glossy (Black)',(#2313));
#2305=FILL_AREA_STYLE('Lead - Satin',(#2314));
#2306=FILL_AREA_STYLE('Glass - Frosted Light',(#2315));
#2307=FILL_AREA_STYLE('LED (Green)',(#2316));
#2308=FILL_AREA_STYLE('LED (Red)',(#2317));
#2309=FILL_AREA_STYLE('LED (Blue)',(#2318));
#2310=FILL_AREA_STYLE('Base Material - Opaque',(#2319));
#2311=FILL_AREA_STYLE_COLOUR('Steel - Satin',#2320);
#2312=FILL_AREA_STYLE_COLOUR(
'HP 3D HR CB PA 12 (with HP Jet Fusion 580 Color 3D Printer)',#2321);
#2313=FILL_AREA_STYLE_COLOUR('Paint - Enamel Glossy (Black)',#2322);
#2314=FILL_AREA_STYLE_COLOUR('Lead - Satin',#2323);
#2315=FILL_AREA_STYLE_COLOUR('Glass - Frosted Light',#2324);
#2316=FILL_AREA_STYLE_COLOUR('LED (Green)',#2325);
#2317=FILL_AREA_STYLE_COLOUR('LED (Red)',#2326);
#2318=FILL_AREA_STYLE_COLOUR('LED (Blue)',#2327);
#2319=FILL_AREA_STYLE_COLOUR('Base Material - Opaque',#2328);
#2320=COLOUR_RGB('Steel - Satin',0.627450980392157,0.627450980392157,0.627450980392157);
#2321=COLOUR_RGB(
'HP 3D HR CB PA 12 (with HP Jet Fusion 580 Color 3D Printer)',0.964705882352941,
0.964705882352941,0.952941176470588);
#2322=COLOUR_RGB('Paint - Enamel Glossy (Black)',0.0980392156862745,0.0980392156862745,
0.0980392156862745);
#2323=COLOUR_RGB('Lead - Satin',0.815686274509804,0.815686274509804,0.815686274509804);
#2324=COLOUR_RGB('Glass - Frosted Light',0.588235294117647,0.588235294117647,
0.588235294117647);
#2325=COLOUR_RGB('LED (Green)',0.266666666666667,0.588235294117647,0.282352941176471);
#2326=COLOUR_RGB('LED (Red)',0.941176470588235,0.0784313725490196,0.);
#2327=COLOUR_RGB('LED (Blue)',0.,0.105882352941176,0.905882352941176);
#2328=COLOUR_RGB('Base Material - Opaque',0.52156862745098,0.501960784313725,
0.462745098039216);
ENDSEC;
END-ISO-10303-21;
